initial,signature,feedback,H1,H2,H3,H4,H5
1,1,0,512,512,512,512,512
1,1,1,512,512,512,512,512
1,1,2,512,512,512,512,512
1,1,3,512,512,512,512,512
1,1,4,512,512,512,512,512
1,1,5,512,512,512,512,512
1,1,6,512,512,512,512,512
1,1,7,512,512,512,512,512
1,1,8,512,512,512,512,512
1,1,9,2,2,2,2,2
1,1,10,2,2,2,2,2
1,1,11,2,2,2,2,2
1,1,12,2,2,2,2,2
1,1,13,2,2,2,2,2
1,1,14,2,2,2,2,2
1,1,15,2,2,2,2,2
1,1,16,2,2,2,2,2
1,1,17,2,2,2,2,2
1,1,18,514,514,514,514,514
1,1,19,514,514,514,514,514
1,1,20,514,514,514,514,514
1,1,21,514,514,514,514,514
1,1,22,514,514,514,514,514
1,1,23,514,514,514,514,514
1,1,24,514,514,514,514,514
1,1,25,514,514,514,514,514
1,1,26,514,514,514,514,514
1,1,27,512,512,512,512,512
1,1,28,512,512,512,512,512
1,1,29,512,512,512,512,512
1,1,30,512,512,512,512,512
1,1,31,512,512,512,512,512
1,1,32,512,512,512,512,512
1,1,33,512,512,512,512,512
1,1,34,512,512,512,512,512
1,1,35,512,512,512,512,512
1,1,36,2,2,2,2,2
1,1,37,2,2,2,2,2
1,1,38,2,2,2,2,2
1,1,39,2,2,2,2,2
1,1,40,2,2,2,2,2
1,1,41,2,2,2,2,2
1,1,42,2,2,2,2,2
1,1,43,2,2,2,2,2
1,1,44,2,2,2,2,2
1,1,45,514,514,514,514,514
1,1,46,514,514,514,514,514
1,1,47,514,514,514,514,514
1,1,48,514,514,514,514,514
1,1,49,514,514,514,514,514
1,1,50,514,514,514,514,514
1,1,51,514,514,514,514,514
1,1,52,514,514,514,514,514
1,1,53,514,514,514,514,514
1,1,54,512,512,512,512,512
1,1,55,512,512,512,512,512
1,1,56,512,512,512,512,512
1,1,57,512,512,512,512,512
1,1,58,512,512,512,512,512
1,1,59,512,512,512,512,512
1,1,60,512,512,512,512,512
1,1,61,512,512,512,512,512
1,1,62,512,512,512,512,512
1,1,63,2,2,2,2,2
1,1,64,2,2,2,2,2
1,1,65,2,2,2,2,2
1,1,66,2,2,2,2,2
1,1,67,2,2,2,2,2
1,1,68,2,2,2,2,2
1,1,69,2,2,2,2,2
1,1,70,2,2,2,2,2
1,1,71,2,2,2,2,2
1,1,72,514,514,514,514,514
1,1,73,514,514,514,514,514
1,1,74,514,514,514,514,514
1,1,75,514,514,514,514,514
1,1,76,514,514,514,514,514
1,1,77,514,514,514,514,514
1,1,78,514,514,514,514,514
1,1,79,514,514,514,514,514
1,1,80,514,514,514,514,514
1,2,0,512,512,512,512,512
1,2,1,512,512,512,512,512
1,2,2,512,512,512,512,512
1,2,3,512,512,512,512,512
1,2,4,512,512,512,512,512
1,2,5,512,512,512,512,512
1,2,6,512,512,512,512,512
1,2,7,512,512,512,512,512
1,2,8,512,512,512,512,512
1,2,9,2,2,2,2,2
1,2,10,2,2,2,2,2
1,2,11,2,2,2,2,2
1,2,12,2,2,2,2,2
1,2,13,2,2,2,2,2
1,2,14,2,2,2,2,2
1,2,15,2,2,2,2,2
1,2,16,2,2,2,2,2
1,2,17,2,2,2,2,2
1,2,18,514,514,514,514,514
1,2,19,514,514,514,514,514
1,2,20,514,514,514,514,514
1,2,21,514,514,514,514,514
1,2,22,514,514,514,514,514
1,2,23,514,514,514,514,514
1,2,24,514,514,514,514,514
1,2,25,514,514,514,514,514
1,2,26,514,514,514,514,514
1,2,27,512,512,512,512,512
1,2,28,512,512,512,512,512
1,2,29,512,512,512,512,512
1,2,30,512,512,512,512,512
1,2,31,512,512,512,512,512
1,2,32,512,512,512,512,512
1,2,33,512,512,512,512,512
1,2,34,512,512,512,512,512
1,2,35,512,512,512,512,512
1,2,36,2,2,2,2,2
1,2,37,2,2,2,2,2
1,2,38,2,2,2,2,2
1,2,39,2,2,2,2,2
1,2,40,2,2,2,2,2
1,2,41,2,2,2,2,2
1,2,42,2,2,2,2,2
1,2,43,2,2,2,2,2
1,2,44,2,2,2,2,2
1,2,45,514,514,514,514,514
1,2,46,514,514,514,514,514
1,2,47,514,514,514,514,514
1,2,48,514,514,514,514,514
1,2,49,514,514,514,514,514
1,2,50,514,514,514,514,514
1,2,51,514,514,514,514,514
1,2,52,514,514,514,514,514
1,2,53,514,514,514,514,514
1,2,54,512,512,512,512,512
1,2,55,512,512,512,512,512
1,2,56,512,512,512,512,512
1,2,57,512,512,512,512,512
1,2,58,512,512,512,512,512
1,2,59,512,512,512,512,512
1,2,60,512,512,512,512,512
1,2,61,512,512,512,512,512
1,2,62,512,512,512,512,512
1,2,63,2,2,2,2,2
1,2,64,2,2,2,2,2
1,2,65,2,2,2,2,2
1,2,66,2,2,2,2,2
1,2,67,2,2,2,2,2
1,2,68,2,2,2,2,2
1,2,69,2,2,2,2,2
1,2,70,2,2,2,2,2
1,2,71,2,2,2,2,2
1,2,72,514,514,514,514,514
1,2,73,514,514,514,514,514
1,2,74,514,514,514,514,514
1,2,75,514,514,514,514,514
1,2,76,514,514,514,514,514
1,2,77,514,514,514,514,514
1,2,78,514,514,514,514,514
1,2,79,514,514,514,514,514
1,2,80,514,514,514,514,514
1,3,0,512,512,512,512,512
1,3,1,512,512,512,512,512
1,3,2,512,512,512,512,512
1,3,3,512,512,512,512,512
1,3,4,512,512,512,512,512
1,3,5,512,512,512,512,512
1,3,6,512,512,512,512,512
1,3,7,512,512,512,512,512
1,3,8,512,512,512,512,512
1,3,9,2,2,2,2,2
1,3,10,2,2,2,2,2
1,3,11,2,2,2,2,2
1,3,12,2,2,2,2,2
1,3,13,2,2,2,2,2
1,3,14,2,2,2,2,2
1,3,15,2,2,2,2,2
1,3,16,2,2,2,2,2
1,3,17,2,2,2,2,2
1,3,18,514,514,514,514,514
1,3,19,514,514,514,514,514
1,3,20,514,514,514,514,514
1,3,21,514,514,514,514,514
1,3,22,514,514,514,514,514
1,3,23,514,514,514,514,514
1,3,24,514,514,514,514,514
1,3,25,514,514,514,514,514
1,3,26,514,514,514,514,514
1,3,27,512,512,512,512,512
1,3,28,512,512,512,512,512
1,3,29,512,512,512,512,512
1,3,30,512,512,512,512,512
1,3,31,512,512,512,512,512
1,3,32,512,512,512,512,512
1,3,33,512,512,512,512,512
1,3,34,512,512,512,512,512
1,3,35,512,512,512,512,512
1,3,36,2,2,2,2,2
1,3,37,2,2,2,2,2
1,3,38,2,2,2,2,2
1,3,39,2,2,2,2,2
1,3,40,2,2,2,2,2
1,3,41,2,2,2,2,2
1,3,42,2,2,2,2,2
1,3,43,2,2,2,2,2
1,3,44,2,2,2,2,2
1,3,45,514,514,514,514,514
1,3,46,514,514,514,514,514
1,3,47,514,514,514,514,514
1,3,48,514,514,514,514,514
1,3,49,514,514,514,514,514
1,3,50,514,514,514,514,514
1,3,51,514,514,514,514,514
1,3,52,514,514,514,514,514
1,3,53,514,514,514,514,514
1,3,54,512,512,512,512,512
1,3,55,512,512,512,512,512
1,3,56,512,512,512,512,512
1,3,57,512,512,512,512,512
1,3,58,512,512,512,512,512
1,3,59,512,512,512,512,512
1,3,60,512,512,512,512,512
1,3,61,512,512,512,512,512
1,3,62,512,512,512,512,512
1,3,63,2,2,2,2,2
1,3,64,2,2,2,2,2
1,3,65,2,2,2,2,2
1,3,66,2,2,2,2,2
1,3,67,2,2,2,2,2
1,3,68,2,2,2,2,2
1,3,69,2,2,2,2,2
1,3,70,2,2,2,2,2
1,3,71,2,2,2,2,2
1,3,72,514,514,514,514,514
1,3,73,514,514,514,514,514
1,3,74,514,514,514,514,514
1,3,75,514,514,514,514,514
1,3,76,514,514,514,514,514
1,3,77,514,514,514,514,514
1,3,78,514,514,514,514,514
1,3,79,514,514,514,514,514
1,3,80,514,514,514,514,514
1,4,0,2048,2048,2048,2048,2048
1,4,1,8,8,8,8,8
1,4,2,2056,2056,2056,2056,2056
1,4,3,2048,2048,2048,2048,2048
1,4,4,8,8,8,8,8
1,4,5,2056,2056,2056,2056,2056
1,4,6,2048,2048,2048,2048,2048
1,4,7,8,8,8,8,8
1,4,8,2056,2056,2056,2056,2056
1,4,9,2048,2048,2048,2048,2048
1,4,10,8,8,8,8,8
1,4,11,2056,2056,2056,2056,2056
1,4,12,2048,2048,2048,2048,2048
1,4,13,8,8,8,8,8
1,4,14,2056,2056,2056,2056,2056
1,4,15,2048,2048,2048,2048,2048
1,4,16,8,8,8,8,8
1,4,17,2056,2056,2056,2056,2056
1,4,18,2048,2048,2048,2048,2048
1,4,19,8,8,8,8,8
1,4,20,2056,2056,2056,2056,2056
1,4,21,2048,2048,2048,2048,2048
1,4,22,8,8,8,8,8
1,4,23,2056,2056,2056,2056,2056
1,4,24,2048,2048,2048,2048,2048
1,4,25,8,8,8,8,8
1,4,26,2056,2056,2056,2056,2056
1,4,27,2048,2048,2048,2048,2048
1,4,28,8,8,8,8,8
1,4,29,2056,2056,2056,2056,2056
1,4,30,2048,2048,2048,2048,2048
1,4,31,8,8,8,8,8
1,4,32,2056,2056,2056,2056,2056
1,4,33,2048,2048,2048,2048,2048
1,4,34,8,8,8,8,8
1,4,35,2056,2056,2056,2056,2056
1,4,36,2048,2048,2048,2048,2048
1,4,37,8,8,8,8,8
1,4,38,2056,2056,2056,2056,2056
1,4,39,2048,2048,2048,2048,2048
1,4,40,8,8,8,8,8
1,4,41,2056,2056,2056,2056,2056
1,4,42,2048,2048,2048,2048,2048
1,4,43,8,8,8,8,8
1,4,44,2056,2056,2056,2056,2056
1,4,45,2048,2048,2048,2048,2048
1,4,46,8,8,8,8,8
1,4,47,2056,2056,2056,2056,2056
1,4,48,2048,2048,2048,2048,2048
1,4,49,8,8,8,8,8
1,4,50,2056,2056,2056,2056,2056
1,4,51,2048,2048,2048,2048,2048
1,4,52,8,8,8,8,8
1,4,53,2056,2056,2056,2056,2056
1,4,54,2048,2048,2048,2048,2048
1,4,55,8,8,8,8,8
1,4,56,2056,2056,2056,2056,2056
1,4,57,2048,2048,2048,2048,2048
1,4,58,8,8,8,8,8
1,4,59,2056,2056,2056,2056,2056
1,4,60,2048,2048,2048,2048,2048
1,4,61,8,8,8,8,8
1,4,62,2056,2056,2056,2056,2056
1,4,63,2048,2048,2048,2048,2048
1,4,64,8,8,8,8,8
1,4,65,2056,2056,2056,2056,2056
1,4,66,2048,2048,2048,2048,2048
1,4,67,8,8,8,8,8
1,4,68,2056,2056,2056,2056,2056
1,4,69,2048,2048,2048,2048,2048
1,4,70,8,8,8,8,8
1,4,71,2056,2056,2056,2056,2056
1,4,72,2048,2048,2048,2048,2048
1,4,73,8,8,8,8,8
1,4,74,2056,2056,2056,2056,2056
1,4,75,2048,2048,2048,2048,2048
1,4,76,8,8,8,8,8
1,4,77,2056,2056,2056,2056,2056
1,4,78,2048,2048,2048,2048,2048
1,4,79,8,8,8,8,8
1,4,80,2056,2056,2056,2056,2056
1,5,0,2560,2560,2560,2560,2560
1,5,1,520,520,520,520,520
1,5,2,2568,2568,2568,2568,2568
1,5,3,2560,2560,2560,2560,2560
1,5,4,520,520,520,520,520
1,5,5,2568,2568,2568,2568,2568
1,5,6,2560,2560,2560,2560,2560
1,5,7,520,520,520,520,520
1,5,8,2568,2568,2568,2568,2568
1,5,9,2050,2050,2050,2050,2050
1,5,10,10,10,10,10,10
1,5,11,2058,2058,2058,2058,2058
1,5,12,2050,2050,2050,2050,2050
1,5,13,10,10,10,10,10
1,5,14,2058,2058,2058,2058,2058
1,5,15,2050,2050,2050,2050,2050
1,5,16,10,10,10,10,10
1,5,17,2058,2058,2058,2058,2058
1,5,18,2562,2562,2562,2562,2562
1,5,19,522,522,522,522,522
1,5,20,2570,2570,2570,2570,2570
1,5,21,2562,2562,2562,2562,2562
1,5,22,522,522,522,522,522
1,5,23,2570,2570,2570,2570,2570
1,5,24,2562,2562,2562,2562,2562
1,5,25,522,522,522,522,522
1,5,26,2570,2570,2570,2570,2570
1,5,27,2560,2560,2560,2560,2560
1,5,28,520,520,520,520,520
1,5,29,2568,2568,2568,2568,2568
1,5,30,2560,2560,2560,2560,2560
1,5,31,520,520,520,520,520
1,5,32,2568,2568,2568,2568,2568
1,5,33,2560,2560,2560,2560,2560
1,5,34,520,520,520,520,520
1,5,35,2568,2568,2568,2568,2568
1,5,36,2050,2050,2050,2050,2050
1,5,37,10,10,10,10,10
1,5,38,2058,2058,2058,2058,2058
1,5,39,2050,2050,2050,2050,2050
1,5,40,10,10,10,10,10
1,5,41,2058,2058,2058,2058,2058
1,5,42,2050,2050,2050,2050,2050
1,5,43,10,10,10,10,10
1,5,44,2058,2058,2058,2058,2058
1,5,45,2562,2562,2562,2562,2562
1,5,46,522,522,522,522,522
1,5,47,2570,2570,2570,2570,2570
1,5,48,2562,2562,2562,2562,2562
1,5,49,522,522,522,522,522
1,5,50,2570,2570,2570,2570,2570
1,5,51,2562,2562,2562,2562,2562
1,5,52,522,522,522,522,522
1,5,53,2570,2570,2570,2570,2570
1,5,54,2560,2560,2560,2560,2560
1,5,55,520,520,520,520,520
1,5,56,2568,2568,2568,2568,2568
1,5,57,2560,2560,2560,2560,2560
1,5,58,520,520,520,520,520
1,5,59,2568,2568,2568,2568,2568
1,5,60,2560,2560,2560,2560,2560
1,5,61,520,520,520,520,520
1,5,62,2568,2568,2568,2568,2568
1,5,63,2050,2050,2050,2050,2050
1,5,64,10,10,10,10,10
1,5,65,2058,2058,2058,2058,2058
1,5,66,2050,2050,2050,2050,2050
1,5,67,10,10,10,10,10
1,5,68,2058,2058,2058,2058,2058
1,5,69,2050,2050,2050,2050,2050
1,5,70,10,10,10,10,10
1,5,71,2058,2058,2058,2058,2058
1,5,72,2562,2562,2562,2562,2562
1,5,73,522,522,522,522,522
1,5,74,2570,2570,2570,2570,2570
1,5,75,2562,2562,2562,2562,2562
1,5,76,522,522,522,522,522
1,5,77,2570,2570,2570,2570,2570
1,5,78,2562,2562,2562,2562,2562
1,5,79,522,522,522,522,522
1,5,80,2570,2570,2570,2570,2570
1,6,0,2560,2560,2560,2560,2560
1,6,1,520,520,520,520,520
1,6,2,2568,2568,2568,2568,2568
1,6,3,2560,2560,2560,2560,2560
1,6,4,520,520,520,520,520
1,6,5,2568,2568,2568,2568,2568
1,6,6,2560,2560,2560,2560,2560
1,6,7,520,520,520,520,520
1,6,8,2568,2568,2568,2568,2568
1,6,9,2050,2050,2050,2050,2050
1,6,10,10,10,10,10,10
1,6,11,2058,2058,2058,2058,2058
1,6,12,2050,2050,2050,2050,2050
1,6,13,10,10,10,10,10
1,6,14,2058,2058,2058,2058,2058
1,6,15,2050,2050,2050,2050,2050
1,6,16,10,10,10,10,10
1,6,17,2058,2058,2058,2058,2058
1,6,18,2562,2562,2562,2562,2562
1,6,19,522,522,522,522,522
1,6,20,2570,2570,2570,2570,2570
1,6,21,2562,2562,2562,2562,2562
1,6,22,522,522,522,522,522
1,6,23,2570,2570,2570,2570,2570
1,6,24,2562,2562,2562,2562,2562
1,6,25,522,522,522,522,522
1,6,26,2570,2570,2570,2570,2570
1,6,27,2560,2560,2560,2560,2560
1,6,28,520,520,520,520,520
1,6,29,2568,2568,2568,2568,2568
1,6,30,2560,2560,2560,2560,2560
1,6,31,520,520,520,520,520
1,6,32,2568,2568,2568,2568,2568
1,6,33,2560,2560,2560,2560,2560
1,6,34,520,520,520,520,520
1,6,35,2568,2568,2568,2568,2568
1,6,36,2050,2050,2050,2050,2050
1,6,37,10,10,10,10,10
1,6,38,2058,2058,2058,2058,2058
1,6,39,2050,2050,2050,2050,2050
1,6,40,10,10,10,10,10
1,6,41,2058,2058,2058,2058,2058
1,6,42,2050,2050,2050,2050,2050
1,6,43,10,10,10,10,10
1,6,44,2058,2058,2058,2058,2058
1,6,45,2562,2562,2562,2562,2562
1,6,46,522,522,522,522,522
1,6,47,2570,2570,2570,2570,2570
1,6,48,2562,2562,2562,2562,2562
1,6,49,522,522,522,522,522
1,6,50,2570,2570,2570,2570,2570
1,6,51,2562,2562,2562,2562,2562
1,6,52,522,522,522,522,522
1,6,53,2570,2570,2570,2570,2570
1,6,54,2560,2560,2560,2560,2560
1,6,55,520,520,520,520,520
1,6,56,2568,2568,2568,2568,2568
1,6,57,2560,2560,2560,2560,2560
1,6,58,520,520,520,520,520
1,6,59,2568,2568,2568,2568,2568
1,6,60,2560,2560,2560,2560,2560
1,6,61,520,520,520,520,520
1,6,62,2568,2568,2568,2568,2568
1,6,63,2050,2050,2050,2050,2050
1,6,64,10,10,10,10,10
1,6,65,2058,2058,2058,2058,2058
1,6,66,2050,2050,2050,2050,2050
1,6,67,10,10,10,10,10
1,6,68,2058,2058,2058,2058,2058
1,6,69,2050,2050,2050,2050,2050
1,6,70,10,10,10,10,10
1,6,71,2058,2058,2058,2058,2058
1,6,72,2562,2562,2562,2562,2562
1,6,73,522,522,522,522,522
1,6,74,2570,2570,2570,2570,2570
1,6,75,2562,2562,2562,2562,2562
1,6,76,522,522,522,522,522
1,6,77,2570,2570,2570,2570,2570
1,6,78,2562,2562,2562,2562,2562
1,6,79,522,522,522,522,522
1,6,80,2570,2570,2570,2570,2570
1,7,0,2560,2560,2560,2560,2560
1,7,1,520,520,520,520,520
1,7,2,2568,2568,2568,2568,2568
1,7,3,2560,2560,2560,2560,2560
1,7,4,520,520,520,520,520
1,7,5,2568,2568,2568,2568,2568
1,7,6,2560,2560,2560,2560,2560
1,7,7,520,520,520,520,520
1,7,8,2568,2568,2568,2568,2568
1,7,9,2050,2050,2050,2050,2050
1,7,10,10,10,10,10,10
1,7,11,2058,2058,2058,2058,2058
1,7,12,2050,2050,2050,2050,2050
1,7,13,10,10,10,10,10
1,7,14,2058,2058,2058,2058,2058
1,7,15,2050,2050,2050,2050,2050
1,7,16,10,10,10,10,10
1,7,17,2058,2058,2058,2058,2058
1,7,18,2562,2562,2562,2562,2562
1,7,19,522,522,522,522,522
1,7,20,2570,2570,2570,2570,2570
1,7,21,2562,2562,2562,2562,2562
1,7,22,522,522,522,522,522
1,7,23,2570,2570,2570,2570,2570
1,7,24,2562,2562,2562,2562,2562
1,7,25,522,522,522,522,522
1,7,26,2570,2570,2570,2570,2570
1,7,27,2560,2560,2560,2560,2560
1,7,28,520,520,520,520,520
1,7,29,2568,2568,2568,2568,2568
1,7,30,2560,2560,2560,2560,2560
1,7,31,520,520,520,520,520
1,7,32,2568,2568,2568,2568,2568
1,7,33,2560,2560,2560,2560,2560
1,7,34,520,520,520,520,520
1,7,35,2568,2568,2568,2568,2568
1,7,36,2050,2050,2050,2050,2050
1,7,37,10,10,10,10,10
1,7,38,2058,2058,2058,2058,2058
1,7,39,2050,2050,2050,2050,2050
1,7,40,10,10,10,10,10
1,7,41,2058,2058,2058,2058,2058
1,7,42,2050,2050,2050,2050,2050
1,7,43,10,10,10,10,10
1,7,44,2058,2058,2058,2058,2058
1,7,45,2562,2562,2562,2562,2562
1,7,46,522,522,522,522,522
1,7,47,2570,2570,2570,2570,2570
1,7,48,2562,2562,2562,2562,2562
1,7,49,522,522,522,522,522
1,7,50,2570,2570,2570,2570,2570
1,7,51,2562,2562,2562,2562,2562
1,7,52,522,522,522,522,522
1,7,53,2570,2570,2570,2570,2570
1,7,54,2560,2560,2560,2560,2560
1,7,55,520,520,520,520,520
1,7,56,2568,2568,2568,2568,2568
1,7,57,2560,2560,2560,2560,2560
1,7,58,520,520,520,520,520
1,7,59,2568,2568,2568,2568,2568
1,7,60,2560,2560,2560,2560,2560
1,7,61,520,520,520,520,520
1,7,62,2568,2568,2568,2568,2568
1,7,63,2050,2050,2050,2050,2050
1,7,64,10,10,10,10,10
1,7,65,2058,2058,2058,2058,2058
1,7,66,2050,2050,2050,2050,2050
1,7,67,10,10,10,10,10
1,7,68,2058,2058,2058,2058,2058
1,7,69,2050,2050,2050,2050,2050
1,7,70,10,10,10,10,10
1,7,71,2058,2058,2058,2058,2058
1,7,72,2562,2562,2562,2562,2562
1,7,73,522,522,522,522,522
1,7,74,2570,2570,2570,2570,2570
1,7,75,2562,2562,2562,2562,2562
1,7,76,522,522,522,522,522
1,7,77,2570,2570,2570,2570,2570
1,7,78,2562,2562,2562,2562,2562
1,7,79,522,522,522,522,522
1,7,80,2570,2570,2570,2570,2570
1,8,0,2048,2048,2048,2048,2048
1,8,1,8,8,8,8,8
1,8,2,2056,2056,2056,2056,2056
1,8,3,2048,2048,2048,2048,2048
1,8,4,8,8,8,8,8
1,8,5,2056,2056,2056,2056,2056
1,8,6,2048,2048,2048,2048,2048
1,8,7,8,8,8,8,8
1,8,8,2056,2056,2056,2056,2056
1,8,9,2048,2048,2048,2048,2048
1,8,10,8,8,8,8,8
1,8,11,2056,2056,2056,2056,2056
1,8,12,2048,2048,2048,2048,2048
1,8,13,8,8,8,8,8
1,8,14,2056,2056,2056,2056,2056
1,8,15,2048,2048,2048,2048,2048
1,8,16,8,8,8,8,8
1,8,17,2056,2056,2056,2056,2056
1,8,18,2048,2048,2048,2048,2048
1,8,19,8,8,8,8,8
1,8,20,2056,2056,2056,2056,2056
1,8,21,2048,2048,2048,2048,2048
1,8,22,8,8,8,8,8
1,8,23,2056,2056,2056,2056,2056
1,8,24,2048,2048,2048,2048,2048
1,8,25,8,8,8,8,8
1,8,26,2056,2056,2056,2056,2056
1,8,27,2048,2048,2048,2048,2048
1,8,28,8,8,8,8,8
1,8,29,2056,2056,2056,2056,2056
1,8,30,2048,2048,2048,2048,2048
1,8,31,8,8,8,8,8
1,8,32,2056,2056,2056,2056,2056
1,8,33,2048,2048,2048,2048,2048
1,8,34,8,8,8,8,8
1,8,35,2056,2056,2056,2056,2056
1,8,36,2048,2048,2048,2048,2048
1,8,37,8,8,8,8,8
1,8,38,2056,2056,2056,2056,2056
1,8,39,2048,2048,2048,2048,2048
1,8,40,8,8,8,8,8
1,8,41,2056,2056,2056,2056,2056
1,8,42,2048,2048,2048,2048,2048
1,8,43,8,8,8,8,8
1,8,44,2056,2056,2056,2056,2056
1,8,45,2048,2048,2048,2048,2048
1,8,46,8,8,8,8,8
1,8,47,2056,2056,2056,2056,2056
1,8,48,2048,2048,2048,2048,2048
1,8,49,8,8,8,8,8
1,8,50,2056,2056,2056,2056,2056
1,8,51,2048,2048,2048,2048,2048
1,8,52,8,8,8,8,8
1,8,53,2056,2056,2056,2056,2056
1,8,54,2048,2048,2048,2048,2048
1,8,55,8,8,8,8,8
1,8,56,2056,2056,2056,2056,2056
1,8,57,2048,2048,2048,2048,2048
1,8,58,8,8,8,8,8
1,8,59,2056,2056,2056,2056,2056
1,8,60,2048,2048,2048,2048,2048
1,8,61,8,8,8,8,8
1,8,62,2056,2056,2056,2056,2056
1,8,63,2048,2048,2048,2048,2048
1,8,64,8,8,8,8,8
1,8,65,2056,2056,2056,2056,2056
1,8,66,2048,2048,2048,2048,2048
1,8,67,8,8,8,8,8
1,8,68,2056,2056,2056,2056,2056
1,8,69,2048,2048,2048,2048,2048
1,8,70,8,8,8,8,8
1,8,71,2056,2056,2056,2056,2056
1,8,72,2048,2048,2048,2048,2048
1,8,73,8,8,8,8,8
1,8,74,2056,2056,2056,2056,2056
1,8,75,2048,2048,2048,2048,2048
1,8,76,8,8,8,8,8
1,8,77,2056,2056,2056,2056,2056
1,8,78,2048,2048,2048,2048,2048
1,8,79,8,8,8,8,8
1,8,80,2056,2056,2056,2056,2056
1,9,0,2560,2560,2560,2560,2560
1,9,1,520,520,520,520,520
1,9,2,2568,2568,2568,2568,2568
1,9,3,2560,2560,2560,2560,2560
1,9,4,520,520,520,520,520
1,9,5,2568,2568,2568,2568,2568
1,9,6,2560,2560,2560,2560,2560
1,9,7,520,520,520,520,520
1,9,8,2568,2568,2568,2568,2568
1,9,9,2050,2050,2050,2050,2050
1,9,10,10,10,10,10,10
1,9,11,2058,2058,2058,2058,2058
1,9,12,2050,2050,2050,2050,2050
1,9,13,10,10,10,10,10
1,9,14,2058,2058,2058,2058,2058
1,9,15,2050,2050,2050,2050,2050
1,9,16,10,10,10,10,10
1,9,17,2058,2058,2058,2058,2058
1,9,18,2562,2562,2562,2562,2562
1,9,19,522,522,522,522,522
1,9,20,2570,2570,2570,2570,2570
1,9,21,2562,2562,2562,2562,2562
1,9,22,522,522,522,522,522
1,9,23,2570,2570,2570,2570,2570
1,9,24,2562,2562,2562,2562,2562
1,9,25,522,522,522,522,522
1,9,26,2570,2570,2570,2570,2570
1,9,27,2560,2560,2560,2560,2560
1,9,28,520,520,520,520,520
1,9,29,2568,2568,2568,2568,2568
1,9,30,2560,2560,2560,2560,2560
1,9,31,520,520,520,520,520
1,9,32,2568,2568,2568,2568,2568
1,9,33,2560,2560,2560,2560,2560
1,9,34,520,520,520,520,520
1,9,35,2568,2568,2568,2568,2568
1,9,36,2050,2050,2050,2050,2050
1,9,37,10,10,10,10,10
1,9,38,2058,2058,2058,2058,2058
1,9,39,2050,2050,2050,2050,2050
1,9,40,10,10,10,10,10
1,9,41,2058,2058,2058,2058,2058
1,9,42,2050,2050,2050,2050,2050
1,9,43,10,10,10,10,10
1,9,44,2058,2058,2058,2058,2058
1,9,45,2562,2562,2562,2562,2562
1,9,46,522,522,522,522,522
1,9,47,2570,2570,2570,2570,2570
1,9,48,2562,2562,2562,2562,2562
1,9,49,522,522,522,522,522
1,9,50,2570,2570,2570,2570,2570
1,9,51,2562,2562,2562,2562,2562
1,9,52,522,522,522,522,522
1,9,53,2570,2570,2570,2570,2570
1,9,54,2560,2560,2560,2560,2560
1,9,55,520,520,520,520,520
1,9,56,2568,2568,2568,2568,2568
1,9,57,2560,2560,2560,2560,2560
1,9,58,520,520,520,520,520
1,9,59,2568,2568,2568,2568,2568
1,9,60,2560,2560,2560,2560,2560
1,9,61,520,520,520,520,520
1,9,62,2568,2568,2568,2568,2568
1,9,63,2050,2050,2050,2050,2050
1,9,64,10,10,10,10,10
1,9,65,2058,2058,2058,2058,2058
1,9,66,2050,2050,2050,2050,2050
1,9,67,10,10,10,10,10
1,9,68,2058,2058,2058,2058,2058
1,9,69,2050,2050,2050,2050,2050
1,9,70,10,10,10,10,10
1,9,71,2058,2058,2058,2058,2058
1,9,72,2562,2562,2562,2562,2562
1,9,73,522,522,522,522,522
1,9,74,2570,2570,2570,2570,2570
1,9,75,2562,2562,2562,2562,2562
1,9,76,522,522,522,522,522
1,9,77,2570,2570,2570,2570,2570
1,9,78,2562,2562,2562,2562,2562
1,9,79,522,522,522,522,522
1,9,80,2570,2570,2570,2570,2570
1,10,0,2560,2560,2560,2560,2560
1,10,1,520,520,520,520,520
1,10,2,2568,2568,2568,2568,2568
1,10,3,2560,2560,2560,2560,2560
1,10,4,520,520,520,520,520
1,10,5,2568,2568,2568,2568,2568
1,10,6,2560,2560,2560,2560,2560
1,10,7,520,520,520,520,520
1,10,8,2568,2568,2568,2568,2568
1,10,9,2050,2050,2050,2050,2050
1,10,10,10,10,10,10,10
1,10,11,2058,2058,2058,2058,2058
1,10,12,2050,2050,2050,2050,2050
1,10,13,10,10,10,10,10
1,10,14,2058,2058,2058,2058,2058
1,10,15,2050,2050,2050,2050,2050
1,10,16,10,10,10,10,10
1,10,17,2058,2058,2058,2058,2058
1,10,18,2562,2562,2562,2562,2562
1,10,19,522,522,522,522,522
1,10,20,2570,2570,2570,2570,2570
1,10,21,2562,2562,2562,2562,2562
1,10,22,522,522,522,522,522
1,10,23,2570,2570,2570,2570,2570
1,10,24,2562,2562,2562,2562,2562
1,10,25,522,522,522,522,522
1,10,26,2570,2570,2570,2570,2570
1,10,27,2560,2560,2560,2560,2560
1,10,28,520,520,520,520,520
1,10,29,2568,2568,2568,2568,2568
1,10,30,2560,2560,2560,2560,2560
1,10,31,520,520,520,520,520
1,10,32,2568,2568,2568,2568,2568
1,10,33,2560,2560,2560,2560,2560
1,10,34,520,520,520,520,520
1,10,35,2568,2568,2568,2568,2568
1,10,36,2050,2050,2050,2050,2050
1,10,37,10,10,10,10,10
1,10,38,2058,2058,2058,2058,2058
1,10,39,2050,2050,2050,2050,2050
1,10,40,10,10,10,10,10
1,10,41,2058,2058,2058,2058,2058
1,10,42,2050,2050,2050,2050,2050
1,10,43,10,10,10,10,10
1,10,44,2058,2058,2058,2058,2058
1,10,45,2562,2562,2562,2562,2562
1,10,46,522,522,522,522,522
1,10,47,2570,2570,2570,2570,2570
1,10,48,2562,2562,2562,2562,2562
1,10,49,522,522,522,522,522
1,10,50,2570,2570,2570,2570,2570
1,10,51,2562,2562,2562,2562,2562
1,10,52,522,522,522,522,522
1,10,53,2570,2570,2570,2570,2570
1,10,54,2560,2560,2560,2560,2560
1,10,55,520,520,520,520,520
1,10,56,2568,2568,2568,2568,2568
1,10,57,2560,2560,2560,2560,2560
1,10,58,520,520,520,520,520
1,10,59,2568,2568,2568,2568,2568
1,10,60,2560,2560,2560,2560,2560
1,10,61,520,520,520,520,520
1,10,62,2568,2568,2568,2568,2568
1,10,63,2050,2050,2050,2050,2050
1,10,64,10,10,10,10,10
1,10,65,2058,2058,2058,2058,2058
1,10,66,2050,2050,2050,2050,2050
1,10,67,10,10,10,10,10
1,10,68,2058,2058,2058,2058,2058
1,10,69,2050,2050,2050,2050,2050
1,10,70,10,10,10,10,10
1,10,71,2058,2058,2058,2058,2058
1,10,72,2562,2562,2562,2562,2562
1,10,73,522,522,522,522,522
1,10,74,2570,2570,2570,2570,2570
1,10,75,2562,2562,2562,2562,2562
1,10,76,522,522,522,522,522
1,10,77,2570,2570,2570,2570,2570
1,10,78,2562,2562,2562,2562,2562
1,10,79,522,522,522,522,522
1,10,80,2570,2570,2570,2570,2570
1,11,0,2560,2560,2560,2560,2560
1,11,1,520,520,520,520,520
1,11,2,2568,2568,2568,2568,2568
1,11,3,2560,2560,2560,2560,2560
1,11,4,520,520,520,520,520
1,11,5,2568,2568,2568,2568,2568
1,11,6,2560,2560,2560,2560,2560
1,11,7,520,520,520,520,520
1,11,8,2568,2568,2568,2568,2568
1,11,9,2050,2050,2050,2050,2050
1,11,10,10,10,10,10,10
1,11,11,2058,2058,2058,2058,2058
1,11,12,2050,2050,2050,2050,2050
1,11,13,10,10,10,10,10
1,11,14,2058,2058,2058,2058,2058
1,11,15,2050,2050,2050,2050,2050
1,11,16,10,10,10,10,10
1,11,17,2058,2058,2058,2058,2058
1,11,18,2562,2562,2562,2562,2562
1,11,19,522,522,522,522,522
1,11,20,2570,2570,2570,2570,2570
1,11,21,2562,2562,2562,2562,2562
1,11,22,522,522,522,522,522
1,11,23,2570,2570,2570,2570,2570
1,11,24,2562,2562,2562,2562,2562
1,11,25,522,522,522,522,522
1,11,26,2570,2570,2570,2570,2570
1,11,27,2560,2560,2560,2560,2560
1,11,28,520,520,520,520,520
1,11,29,2568,2568,2568,2568,2568
1,11,30,2560,2560,2560,2560,2560
1,11,31,520,520,520,520,520
1,11,32,2568,2568,2568,2568,2568
1,11,33,2560,2560,2560,2560,2560
1,11,34,520,520,520,520,520
1,11,35,2568,2568,2568,2568,2568
1,11,36,2050,2050,2050,2050,2050
1,11,37,10,10,10,10,10
1,11,38,2058,2058,2058,2058,2058
1,11,39,2050,2050,2050,2050,2050
1,11,40,10,10,10,10,10
1,11,41,2058,2058,2058,2058,2058
1,11,42,2050,2050,2050,2050,2050
1,11,43,10,10,10,10,10
1,11,44,2058,2058,2058,2058,2058
1,11,45,2562,2562,2562,2562,2562
1,11,46,522,522,522,522,522
1,11,47,2570,2570,2570,2570,2570
1,11,48,2562,2562,2562,2562,2562
1,11,49,522,522,522,522,522
1,11,50,2570,2570,2570,2570,2570
1,11,51,2562,2562,2562,2562,2562
1,11,52,522,522,522,522,522
1,11,53,2570,2570,2570,2570,2570
1,11,54,2560,2560,2560,2560,2560
1,11,55,520,520,520,520,520
1,11,56,2568,2568,2568,2568,2568
1,11,57,2560,2560,2560,2560,2560
1,11,58,520,520,520,520,520
1,11,59,2568,2568,2568,2568,2568
1,11,60,2560,2560,2560,2560,2560
1,11,61,520,520,520,520,520
1,11,62,2568,2568,2568,2568,2568
1,11,63,2050,2050,2050,2050,2050
1,11,64,10,10,10,10,10
1,11,65,2058,2058,2058,2058,2058
1,11,66,2050,2050,2050,2050,2050
1,11,67,10,10,10,10,10
1,11,68,2058,2058,2058,2058,2058
1,11,69,2050,2050,2050,2050,2050
1,11,70,10,10,10,10,10
1,11,71,2058,2058,2058,2058,2058
1,11,72,2562,2562,2562,2562,2562
1,11,73,522,522,522,522,522
1,11,74,2570,2570,2570,2570,2570
1,11,75,2562,2562,2562,2562,2562
1,11,76,522,522,522,522,522
1,11,77,2570,2570,2570,2570,2570
1,11,78,2562,2562,2562,2562,2562
1,11,79,522,522,522,522,522
1,11,80,2570,2570,2570,2570,2570
1,12,0,2048,2048,2048,2048,2048
1,12,1,8,8,8,8,8
1,12,2,2056,2056,2056,2056,2056
1,12,3,2048,2048,2048,2048,2048
1,12,4,8,8,8,8,8
1,12,5,2056,2056,2056,2056,2056
1,12,6,2048,2048,2048,2048,2048
1,12,7,8,8,8,8,8
1,12,8,2056,2056,2056,2056,2056
1,12,9,2048,2048,2048,2048,2048
1,12,10,8,8,8,8,8
1,12,11,2056,2056,2056,2056,2056
1,12,12,2048,2048,2048,2048,2048
1,12,13,8,8,8,8,8
1,12,14,2056,2056,2056,2056,2056
1,12,15,2048,2048,2048,2048,2048
1,12,16,8,8,8,8,8
1,12,17,2056,2056,2056,2056,2056
1,12,18,2048,2048,2048,2048,2048
1,12,19,8,8,8,8,8
1,12,20,2056,2056,2056,2056,2056
1,12,21,2048,2048,2048,2048,2048
1,12,22,8,8,8,8,8
1,12,23,2056,2056,2056,2056,2056
1,12,24,2048,2048,2048,2048,2048
1,12,25,8,8,8,8,8
1,12,26,2056,2056,2056,2056,2056
1,12,27,2048,2048,2048,2048,2048
1,12,28,8,8,8,8,8
1,12,29,2056,2056,2056,2056,2056
1,12,30,2048,2048,2048,2048,2048
1,12,31,8,8,8,8,8
1,12,32,2056,2056,2056,2056,2056
1,12,33,2048,2048,2048,2048,2048
1,12,34,8,8,8,8,8
1,12,35,2056,2056,2056,2056,2056
1,12,36,2048,2048,2048,2048,2048
1,12,37,8,8,8,8,8
1,12,38,2056,2056,2056,2056,2056
1,12,39,2048,2048,2048,2048,2048
1,12,40,8,8,8,8,8
1,12,41,2056,2056,2056,2056,2056
1,12,42,2048,2048,2048,2048,2048
1,12,43,8,8,8,8,8
1,12,44,2056,2056,2056,2056,2056
1,12,45,2048,2048,2048,2048,2048
1,12,46,8,8,8,8,8
1,12,47,2056,2056,2056,2056,2056
1,12,48,2048,2048,2048,2048,2048
1,12,49,8,8,8,8,8
1,12,50,2056,2056,2056,2056,2056
1,12,51,2048,2048,2048,2048,2048
1,12,52,8,8,8,8,8
1,12,53,2056,2056,2056,2056,2056
1,12,54,2048,2048,2048,2048,2048
1,12,55,8,8,8,8,8
1,12,56,2056,2056,2056,2056,2056
1,12,57,2048,2048,2048,2048,2048
1,12,58,8,8,8,8,8
1,12,59,2056,2056,2056,2056,2056
1,12,60,2048,2048,2048,2048,2048
1,12,61,8,8,8,8,8
1,12,62,2056,2056,2056,2056,2056
1,12,63,2048,2048,2048,2048,2048
1,12,64,8,8,8,8,8
1,12,65,2056,2056,2056,2056,2056
1,12,66,2048,2048,2048,2048,2048
1,12,67,8,8,8,8,8
1,12,68,2056,2056,2056,2056,2056
1,12,69,2048,2048,2048,2048,2048
1,12,70,8,8,8,8,8
1,12,71,2056,2056,2056,2056,2056
1,12,72,2048,2048,2048,2048,2048
1,12,73,8,8,8,8,8
1,12,74,2056,2056,2056,2056,2056
1,12,75,2048,2048,2048,2048,2048
1,12,76,8,8,8,8,8
1,12,77,2056,2056,2056,2056,2056
1,12,78,2048,2048,2048,2048,2048
1,12,79,8,8,8,8,8
1,12,80,2056,2056,2056,2056,2056
1,13,0,2560,2560,2560,2560,2560
1,13,1,520,520,520,520,520
1,13,2,2568,2568,2568,2568,2568
1,13,3,2560,2560,2560,2560,2560
1,13,4,520,520,520,520,520
1,13,5,2568,2568,2568,2568,2568
1,13,6,2560,2560,2560,2560,2560
1,13,7,520,520,520,520,520
1,13,8,2568,2568,2568,2568,2568
1,13,9,2050,2050,2050,2050,2050
1,13,10,10,10,10,10,10
1,13,11,2058,2058,2058,2058,2058
1,13,12,2050,2050,2050,2050,2050
1,13,13,10,10,10,10,10
1,13,14,2058,2058,2058,2058,2058
1,13,15,2050,2050,2050,2050,2050
1,13,16,10,10,10,10,10
1,13,17,2058,2058,2058,2058,2058
1,13,18,2562,2562,2562,2562,2562
1,13,19,522,522,522,522,522
1,13,20,2570,2570,2570,2570,2570
1,13,21,2562,2562,2562,2562,2562
1,13,22,522,522,522,522,522
1,13,23,2570,2570,2570,2570,2570
1,13,24,2562,2562,2562,2562,2562
1,13,25,522,522,522,522,522
1,13,26,2570,2570,2570,2570,2570
1,13,27,2560,2560,2560,2560,2560
1,13,28,520,520,520,520,520
1,13,29,2568,2568,2568,2568,2568
1,13,30,2560,2560,2560,2560,2560
1,13,31,520,520,520,520,520
1,13,32,2568,2568,2568,2568,2568
1,13,33,2560,2560,2560,2560,2560
1,13,34,520,520,520,520,520
1,13,35,2568,2568,2568,2568,2568
1,13,36,2050,2050,2050,2050,2050
1,13,37,10,10,10,10,10
1,13,38,2058,2058,2058,2058,2058
1,13,39,2050,2050,2050,2050,2050
1,13,40,10,10,10,10,10
1,13,41,2058,2058,2058,2058,2058
1,13,42,2050,2050,2050,2050,2050
1,13,43,10,10,10,10,10
1,13,44,2058,2058,2058,2058,2058
1,13,45,2562,2562,2562,2562,2562
1,13,46,522,522,522,522,522
1,13,47,2570,2570,2570,2570,2570
1,13,48,2562,2562,2562,2562,2562
1,13,49,522,522,522,522,522
1,13,50,2570,2570,2570,2570,2570
1,13,51,2562,2562,2562,2562,2562
1,13,52,522,522,522,522,522
1,13,53,2570,2570,2570,2570,2570
1,13,54,2560,2560,2560,2560,2560
1,13,55,520,520,520,520,520
1,13,56,2568,2568,2568,2568,2568
1,13,57,2560,2560,2560,2560,2560
1,13,58,520,520,520,520,520
1,13,59,2568,2568,2568,2568,2568
1,13,60,2560,2560,2560,2560,2560
1,13,61,520,520,520,520,520
1,13,62,2568,2568,2568,2568,2568
1,13,63,2050,2050,2050,2050,2050
1,13,64,10,10,10,10,10
1,13,65,2058,2058,2058,2058,2058
1,13,66,2050,2050,2050,2050,2050
1,13,67,10,10,10,10,10
1,13,68,2058,2058,2058,2058,2058
1,13,69,2050,2050,2050,2050,2050
1,13,70,10,10,10,10,10
1,13,71,2058,2058,2058,2058,2058
1,13,72,2562,2562,2562,2562,2562
1,13,73,522,522,522,522,522
1,13,74,2570,2570,2570,2570,2570
1,13,75,2562,2562,2562,2562,2562
1,13,76,522,522,522,522,522
1,13,77,2570,2570,2570,2570,2570
1,13,78,2562,2562,2562,2562,2562
1,13,79,522,522,522,522,522
1,13,80,2570,2570,2570,2570,2570
1,14,0,2560,2560,2560,2560,2560
1,14,1,520,520,520,520,520
1,14,2,2568,2568,2568,2568,2568
1,14,3,2560,2560,2560,2560,2560
1,14,4,520,520,520,520,520
1,14,5,2568,2568,2568,2568,2568
1,14,6,2560,2560,2560,2560,2560
1,14,7,520,520,520,520,520
1,14,8,2568,2568,2568,2568,2568
1,14,9,2050,2050,2050,2050,2050
1,14,10,10,10,10,10,10
1,14,11,2058,2058,2058,2058,2058
1,14,12,2050,2050,2050,2050,2050
1,14,13,10,10,10,10,10
1,14,14,2058,2058,2058,2058,2058
1,14,15,2050,2050,2050,2050,2050
1,14,16,10,10,10,10,10
1,14,17,2058,2058,2058,2058,2058
1,14,18,2562,2562,2562,2562,2562
1,14,19,522,522,522,522,522
1,14,20,2570,2570,2570,2570,2570
1,14,21,2562,2562,2562,2562,2562
1,14,22,522,522,522,522,522
1,14,23,2570,2570,2570,2570,2570
1,14,24,2562,2562,2562,2562,2562
1,14,25,522,522,522,522,522
1,14,26,2570,2570,2570,2570,2570
1,14,27,2560,2560,2560,2560,2560
1,14,28,520,520,520,520,520
1,14,29,2568,2568,2568,2568,2568
1,14,30,2560,2560,2560,2560,2560
1,14,31,520,520,520,520,520
1,14,32,2568,2568,2568,2568,2568
1,14,33,2560,2560,2560,2560,2560
1,14,34,520,520,520,520,520
1,14,35,2568,2568,2568,2568,2568
1,14,36,2050,2050,2050,2050,2050
1,14,37,10,10,10,10,10
1,14,38,2058,2058,2058,2058,2058
1,14,39,2050,2050,2050,2050,2050
1,14,40,10,10,10,10,10
1,14,41,2058,2058,2058,2058,2058
1,14,42,2050,2050,2050,2050,2050
1,14,43,10,10,10,10,10
1,14,44,2058,2058,2058,2058,2058
1,14,45,2562,2562,2562,2562,2562
1,14,46,522,522,522,522,522
1,14,47,2570,2570,2570,2570,2570
1,14,48,2562,2562,2562,2562,2562
1,14,49,522,522,522,522,522
1,14,50,2570,2570,2570,2570,2570
1,14,51,2562,2562,2562,2562,2562
1,14,52,522,522,522,522,522
1,14,53,2570,2570,2570,2570,2570
1,14,54,2560,2560,2560,2560,2560
1,14,55,520,520,520,520,520
1,14,56,2568,2568,2568,2568,2568
1,14,57,2560,2560,2560,2560,2560
1,14,58,520,520,520,520,520
1,14,59,2568,2568,2568,2568,2568
1,14,60,2560,2560,2560,2560,2560
1,14,61,520,520,520,520,520
1,14,62,2568,2568,2568,2568,2568
1,14,63,2050,2050,2050,2050,2050
1,14,64,10,10,10,10,10
1,14,65,2058,2058,2058,2058,2058
1,14,66,2050,2050,2050,2050,2050
1,14,67,10,10,10,10,10
1,14,68,2058,2058,2058,2058,2058
1,14,69,2050,2050,2050,2050,2050
1,14,70,10,10,10,10,10
1,14,71,2058,2058,2058,2058,2058
1,14,72,2562,2562,2562,2562,2562
1,14,73,522,522,522,522,522
1,14,74,2570,2570,2570,2570,2570
1,14,75,2562,2562,2562,2562,2562
1,14,76,522,522,522,522,522
1,14,77,2570,2570,2570,2570,2570
1,14,78,2562,2562,2562,2562,2562
1,14,79,522,522,522,522,522
1,14,80,2570,2570,2570,2570,2570
1,15,0,2560,2560,2560,2560,2560
1,15,1,520,520,520,520,520
1,15,2,2568,2568,2568,2568,2568
1,15,3,2560,2560,2560,2560,2560
1,15,4,520,520,520,520,520
1,15,5,2568,2568,2568,2568,2568
1,15,6,2560,2560,2560,2560,2560
1,15,7,520,520,520,520,520
1,15,8,2568,2568,2568,2568,2568
1,15,9,2050,2050,2050,2050,2050
1,15,10,10,10,10,10,10
1,15,11,2058,2058,2058,2058,2058
1,15,12,2050,2050,2050,2050,2050
1,15,13,10,10,10,10,10
1,15,14,2058,2058,2058,2058,2058
1,15,15,2050,2050,2050,2050,2050
1,15,16,10,10,10,10,10
1,15,17,2058,2058,2058,2058,2058
1,15,18,2562,2562,2562,2562,2562
1,15,19,522,522,522,522,522
1,15,20,2570,2570,2570,2570,2570
1,15,21,2562,2562,2562,2562,2562
1,15,22,522,522,522,522,522
1,15,23,2570,2570,2570,2570,2570
1,15,24,2562,2562,2562,2562,2562
1,15,25,522,522,522,522,522
1,15,26,2570,2570,2570,2570,2570
1,15,27,2560,2560,2560,2560,2560
1,15,28,520,520,520,520,520
1,15,29,2568,2568,2568,2568,2568
1,15,30,2560,2560,2560,2560,2560
1,15,31,520,520,520,520,520
1,15,32,2568,2568,2568,2568,2568
1,15,33,2560,2560,2560,2560,2560
1,15,34,520,520,520,520,520
1,15,35,2568,2568,2568,2568,2568
1,15,36,2050,2050,2050,2050,2050
1,15,37,10,10,10,10,10
1,15,38,2058,2058,2058,2058,2058
1,15,39,2050,2050,2050,2050,2050
1,15,40,10,10,10,10,10
1,15,41,2058,2058,2058,2058,2058
1,15,42,2050,2050,2050,2050,2050
1,15,43,10,10,10,10,10
1,15,44,2058,2058,2058,2058,2058
1,15,45,2562,2562,2562,2562,2562
1,15,46,522,522,522,522,522
1,15,47,2570,2570,2570,2570,2570
1,15,48,2562,2562,2562,2562,2562
1,15,49,522,522,522,522,522
1,15,50,2570,2570,2570,2570,2570
1,15,51,2562,2562,2562,2562,2562
1,15,52,522,522,522,522,522
1,15,53,2570,2570,2570,2570,2570
1,15,54,2560,2560,2560,2560,2560
1,15,55,520,520,520,520,520
1,15,56,2568,2568,2568,2568,2568
1,15,57,2560,2560,2560,2560,2560
1,15,58,520,520,520,520,520
1,15,59,2568,2568,2568,2568,2568
1,15,60,2560,2560,2560,2560,2560
1,15,61,520,520,520,520,520
1,15,62,2568,2568,2568,2568,2568
1,15,63,2050,2050,2050,2050,2050
1,15,64,10,10,10,10,10
1,15,65,2058,2058,2058,2058,2058
1,15,66,2050,2050,2050,2050,2050
1,15,67,10,10,10,10,10
1,15,68,2058,2058,2058,2058,2058
1,15,69,2050,2050,2050,2050,2050
1,15,70,10,10,10,10,10
1,15,71,2058,2058,2058,2058,2058
1,15,72,2562,2562,2562,2562,2562
1,15,73,522,522,522,522,522
1,15,74,2570,2570,2570,2570,2570
1,15,75,2562,2562,2562,2562,2562
1,15,76,522,522,522,522,522
1,15,77,2570,2570,2570,2570,2570
1,15,78,2562,2562,2562,2562,2562
1,15,79,522,522,522,522,522
1,15,80,2570,2570,2570,2570,2570
1,16,0,32,32,32,32,32
1,16,1,32,32,32,32,32
1,16,2,32,32,32,32,32
1,16,3,32,32,32,32,32
1,16,4,32,32,32,32,32
1,16,5,32,32,32,32,32
1,16,6,32,32,32,32,32
1,16,7,32,32,32,32,32
1,16,8,32,32,32,32,32
1,16,9,32,32,32,32,32
1,16,10,32,32,32,32,32
1,16,11,32,32,32,32,32
1,16,12,32,32,32,32,32
1,16,13,32,32,32,32,32
1,16,14,32,32,32,32,32
1,16,15,32,32,32,32,32
1,16,16,32,32,32,32,32
1,16,17,32,32,32,32,32
1,16,18,32,32,32,32,32
1,16,19,32,32,32,32,32
1,16,20,32,32,32,32,32
1,16,21,32,32,32,32,32
1,16,22,32,32,32,32,32
1,16,23,32,32,32,32,32
1,16,24,32,32,32,32,32
1,16,25,32,32,32,32,32
1,16,26,32,32,32,32,32
1,16,27,32,32,32,32,32
1,16,28,32,32,32,32,32
1,16,29,32,32,32,32,32
1,16,30,32,32,32,32,32
1,16,31,32,32,32,32,32
1,16,32,32,32,32,32,32
1,16,33,32,32,32,32,32
1,16,34,32,32,32,32,32
1,16,35,32,32,32,32,32
1,16,36,32,32,32,32,32
1,16,37,32,32,32,32,32
1,16,38,32,32,32,32,32
1,16,39,32,32,32,32,32
1,16,40,32,32,32,32,32
1,16,41,32,32,32,32,32
1,16,42,32,32,32,32,32
1,16,43,32,32,32,32,32
1,16,44,32,32,32,32,32
1,16,45,32,32,32,32,32
1,16,46,32,32,32,32,32
1,16,47,32,32,32,32,32
1,16,48,32,32,32,32,32
1,16,49,32,32,32,32,32
1,16,50,32,32,32,32,32
1,16,51,32,32,32,32,32
1,16,52,32,32,32,32,32
1,16,53,32,32,32,32,32
1,16,54,32,32,32,32,32
1,16,55,32,32,32,32,32
1,16,56,32,32,32,32,32
1,16,57,32,32,32,32,32
1,16,58,32,32,32,32,32
1,16,59,32,32,32,32,32
1,16,60,32,32,32,32,32
1,16,61,32,32,32,32,32
1,16,62,32,32,32,32,32
1,16,63,32,32,32,32,32
1,16,64,32,32,32,32,32
1,16,65,32,32,32,32,32
1,16,66,32,32,32,32,32
1,16,67,32,32,32,32,32
1,16,68,32,32,32,32,32
1,16,69,32,32,32,32,32
1,16,70,32,32,32,32,32
1,16,71,32,32,32,32,32
1,16,72,32,32,32,32,32
1,16,73,32,32,32,32,32
1,16,74,32,32,32,32,32
1,16,75,32,32,32,32,32
1,16,76,32,32,32,32,32
1,16,77,32,32,32,32,32
1,16,78,32,32,32,32,32
1,16,79,32,32,32,32,32
1,16,80,32,32,32,32,32
1,17,0,544,544,544,544,544
1,17,1,544,544,544,544,544
1,17,2,544,544,544,544,544
1,17,3,544,544,544,544,544
1,17,4,544,544,544,544,544
1,17,5,544,544,544,544,544
1,17,6,544,544,544,544,544
1,17,7,544,544,544,544,544
1,17,8,544,544,544,544,544
1,17,9,34,34,34,34,34
1,17,10,34,34,34,34,34
1,17,11,34,34,34,34,34
1,17,12,34,34,34,34,34
1,17,13,34,34,34,34,34
1,17,14,34,34,34,34,34
1,17,15,34,34,34,34,34
1,17,16,34,34,34,34,34
1,17,17,34,34,34,34,34
1,17,18,546,546,546,546,546
1,17,19,546,546,546,546,546
1,17,20,546,546,546,546,546
1,17,21,546,546,546,546,546
1,17,22,546,546,546,546,546
1,17,23,546,546,546,546,546
1,17,24,546,546,546,546,546
1,17,25,546,546,546,546,546
1,17,26,546,546,546,546,546
1,17,27,544,544,544,544,544
1,17,28,544,544,544,544,544
1,17,29,544,544,544,544,544
1,17,30,544,544,544,544,544
1,17,31,544,544,544,544,544
1,17,32,544,544,544,544,544
1,17,33,544,544,544,544,544
1,17,34,544,544,544,544,544
1,17,35,544,544,544,544,544
1,17,36,34,34,34,34,34
1,17,37,34,34,34,34,34
1,17,38,34,34,34,34,34
1,17,39,34,34,34,34,34
1,17,40,34,34,34,34,34
1,17,41,34,34,34,34,34
1,17,42,34,34,34,34,34
1,17,43,34,34,34,34,34
1,17,44,34,34,34,34,34
1,17,45,546,546,546,546,546
1,17,46,546,546,546,546,546
1,17,47,546,546,546,546,546
1,17,48,546,546,546,546,546
1,17,49,546,546,546,546,546
1,17,50,546,546,546,546,546
1,17,51,546,546,546,546,546
1,17,52,546,546,546,546,546
1,17,53,546,546,546,546,546
1,17,54,544,544,544,544,544
1,17,55,544,544,544,544,544
1,17,56,544,544,544,544,544
1,17,57,544,544,544,544,544
1,17,58,544,544,544,544,544
1,17,59,544,544,544,544,544
1,17,60,544,544,544,544,544
1,17,61,544,544,544,544,544
1,17,62,544,544,544,544,544
1,17,63,34,34,34,34,34
1,17,64,34,34,34,34,34
1,17,65,34,34,34,34,34
1,17,66,34,34,34,34,34
1,17,67,34,34,34,34,34
1,17,68,34,34,34,34,34
1,17,69,34,34,34,34,34
1,17,70,34,34,34,34,34
1,17,71,34,34,34,34,34
1,17,72,546,546,546,546,546
1,17,73,546,546,546,546,546
1,17,74,546,546,546,546,546
1,17,75,546,546,546,546,546
1,17,76,546,546,546,546,546
1,17,77,546,546,546,546,546
1,17,78,546,546,546,546,546
1,17,79,546,546,546,546,546
1,17,80,546,546,546,546,546
1,18,0,544,544,544,544,544
1,18,1,544,544,544,544,544
1,18,2,544,544,544,544,544
1,18,3,544,544,544,544,544
1,18,4,544,544,544,544,544
1,18,5,544,544,544,544,544
1,18,6,544,544,544,544,544
1,18,7,544,544,544,544,544
1,18,8,544,544,544,544,544
1,18,9,34,34,34,34,34
1,18,10,34,34,34,34,34
1,18,11,34,34,34,34,34
1,18,12,34,34,34,34,34
1,18,13,34,34,34,34,34
1,18,14,34,34,34,34,34
1,18,15,34,34,34,34,34
1,18,16,34,34,34,34,34
1,18,17,34,34,34,34,34
1,18,18,546,546,546,546,546
1,18,19,546,546,546,546,546
1,18,20,546,546,546,546,546
1,18,21,546,546,546,546,546
1,18,22,546,546,546,546,546
1,18,23,546,546,546,546,546
1,18,24,546,546,546,546,546
1,18,25,546,546,546,546,546
1,18,26,546,546,546,546,546
1,18,27,544,544,544,544,544
1,18,28,544,544,544,544,544
1,18,29,544,544,544,544,544
1,18,30,544,544,544,544,544
1,18,31,544,544,544,544,544
1,18,32,544,544,544,544,544
1,18,33,544,544,544,544,544
1,18,34,544,544,544,544,544
1,18,35,544,544,544,544,544
1,18,36,34,34,34,34,34
1,18,37,34,34,34,34,34
1,18,38,34,34,34,34,34
1,18,39,34,34,34,34,34
1,18,40,34,34,34,34,34
1,18,41,34,34,34,34,34
1,18,42,34,34,34,34,34
1,18,43,34,34,34,34,34
1,18,44,34,34,34,34,34
1,18,45,546,546,546,546,546
1,18,46,546,546,546,546,546
1,18,47,546,546,546,546,546
1,18,48,546,546,546,546,546
1,18,49,546,546,546,546,546
1,18,50,546,546,546,546,546
1,18,51,546,546,546,546,546
1,18,52,546,546,546,546,546
1,18,53,546,546,546,546,546
1,18,54,544,544,544,544,544
1,18,55,544,544,544,544,544
1,18,56,544,544,544,544,544
1,18,57,544,544,544,544,544
1,18,58,544,544,544,544,544
1,18,59,544,544,544,544,544
1,18,60,544,544,544,544,544
1,18,61,544,544,544,544,544
1,18,62,544,544,544,544,544
1,18,63,34,34,34,34,34
1,18,64,34,34,34,34,34
1,18,65,34,34,34,34,34
1,18,66,34,34,34,34,34
1,18,67,34,34,34,34,34
1,18,68,34,34,34,34,34
1,18,69,34,34,34,34,34
1,18,70,34,34,34,34,34
1,18,71,34,34,34,34,34
1,18,72,546,546,546,546,546
1,18,73,546,546,546,546,546
1,18,74,546,546,546,546,546
1,18,75,546,546,546,546,546
1,18,76,546,546,546,546,546
1,18,77,546,546,546,546,546
1,18,78,546,546,546,546,546
1,18,79,546,546,546,546,546
1,18,80,546,546,546,546,546
1,19,0,544,544,544,544,544
1,19,1,544,544,544,544,544
1,19,2,544,544,544,544,544
1,19,3,544,544,544,544,544
1,19,4,544,544,544,544,544
1,19,5,544,544,544,544,544
1,19,6,544,544,544,544,544
1,19,7,544,544,544,544,544
1,19,8,544,544,544,544,544
1,19,9,34,34,34,34,34
1,19,10,34,34,34,34,34
1,19,11,34,34,34,34,34
1,19,12,34,34,34,34,34
1,19,13,34,34,34,34,34
1,19,14,34,34,34,34,34
1,19,15,34,34,34,34,34
1,19,16,34,34,34,34,34
1,19,17,34,34,34,34,34
1,19,18,546,546,546,546,546
1,19,19,546,546,546,546,546
1,19,20,546,546,546,546,546
1,19,21,546,546,546,546,546
1,19,22,546,546,546,546,546
1,19,23,546,546,546,546,546
1,19,24,546,546,546,546,546
1,19,25,546,546,546,546,546
1,19,26,546,546,546,546,546
1,19,27,544,544,544,544,544
1,19,28,544,544,544,544,544
1,19,29,544,544,544,544,544
1,19,30,544,544,544,544,544
1,19,31,544,544,544,544,544
1,19,32,544,544,544,544,544
1,19,33,544,544,544,544,544
1,19,34,544,544,544,544,544
1,19,35,544,544,544,544,544
1,19,36,34,34,34,34,34
1,19,37,34,34,34,34,34
1,19,38,34,34,34,34,34
1,19,39,34,34,34,34,34
1,19,40,34,34,34,34,34
1,19,41,34,34,34,34,34
1,19,42,34,34,34,34,34
1,19,43,34,34,34,34,34
1,19,44,34,34,34,34,34
1,19,45,546,546,546,546,546
1,19,46,546,546,546,546,546
1,19,47,546,546,546,546,546
1,19,48,546,546,546,546,546
1,19,49,546,546,546,546,546
1,19,50,546,546,546,546,546
1,19,51,546,546,546,546,546
1,19,52,546,546,546,546,546
1,19,53,546,546,546,546,546
1,19,54,544,544,544,544,544
1,19,55,544,544,544,544,544
1,19,56,544,544,544,544,544
1,19,57,544,544,544,544,544
1,19,58,544,544,544,544,544
1,19,59,544,544,544,544,544
1,19,60,544,544,544,544,544
1,19,61,544,544,544,544,544
1,19,62,544,544,544,544,544
1,19,63,34,34,34,34,34
1,19,64,34,34,34,34,34
1,19,65,34,34,34,34,34
1,19,66,34,34,34,34,34
1,19,67,34,34,34,34,34
1,19,68,34,34,34,34,34
1,19,69,34,34,34,34,34
1,19,70,34,34,34,34,34
1,19,71,34,34,34,34,34
1,19,72,546,546,546,546,546
1,19,73,546,546,546,546,546
1,19,74,546,546,546,546,546
1,19,75,546,546,546,546,546
1,19,76,546,546,546,546,546
1,19,77,546,546,546,546,546
1,19,78,546,546,546,546,546
1,19,79,546,546,546,546,546
1,19,80,546,546,546,546,546
1,20,0,2080,2208,2208,2208,2208
1,20,1,40,40,40,40,40
1,20,2,2088,2216,2216,2216,2216
1,20,3,2080,2208,2208,2208,2208
1,20,4,40,40,40,40,40
1,20,5,2088,2216,2216,2216,2216
1,20,6,2080,2208,2208,2208,2208
1,20,7,40,40,40,40,40
1,20,8,2088,2216,2216,2216,2216
1,20,9,2080,2208,2208,2208,2208
1,20,10,40,40,40,40,40
1,20,11,2088,2216,2216,2216,2216
1,20,12,2080,2208,2208,2208,2208
1,20,13,40,40,40,40,40
1,20,14,2088,2216,2216,2216,2216
1,20,15,2080,2208,2208,2208,2208
1,20,16,40,40,40,40,40
1,20,17,2088,2216,2216,2216,2216
1,20,18,2080,2208,2208,2208,2208
1,20,19,40,40,40,40,40
1,20,20,2088,2216,2216,2216,2216
1,20,21,2080,2208,2208,2208,2208
1,20,22,40,40,40,40,40
1,20,23,2088,2216,2216,2216,2216
1,20,24,2080,2208,2208,2208,2208
1,20,25,40,40,40,40,40
1,20,26,2088,2216,2216,2216,2216
1,20,27,2080,2208,2208,2208,2208
1,20,28,40,40,40,40,40
1,20,29,2088,2216,2216,2216,2216
1,20,30,2080,2208,2208,2208,2208
1,20,31,40,40,40,40,40
1,20,32,2088,2216,2216,2216,2216
1,20,33,2080,2208,2208,2208,2208
1,20,34,40,40,40,40,40
1,20,35,2088,2216,2216,2216,2216
1,20,36,2080,2208,2208,2208,2208
1,20,37,40,40,40,40,40
1,20,38,2088,2216,2216,2216,2216
1,20,39,2080,2208,2208,2208,2208
1,20,40,40,40,40,40,40
1,20,41,2088,2216,2216,2216,2216
1,20,42,2080,2208,2208,2208,2208
1,20,43,40,40,40,40,40
1,20,44,2088,2216,2216,2216,2216
1,20,45,2080,2208,2208,2208,2208
1,20,46,40,40,40,40,40
1,20,47,2088,2216,2216,2216,2216
1,20,48,2080,2208,2208,2208,2208
1,20,49,40,40,40,40,40
1,20,50,2088,2216,2216,2216,2216
1,20,51,2080,2208,2208,2208,2208
1,20,52,40,40,40,40,40
1,20,53,2088,2216,2216,2216,2216
1,20,54,2080,2208,2208,2208,2208
1,20,55,40,40,40,40,40
1,20,56,2088,2216,2216,2216,2216
1,20,57,2080,2208,2208,2208,2208
1,20,58,40,40,40,40,40
1,20,59,2088,2216,2216,2216,2216
1,20,60,2080,2208,2208,2208,2208
1,20,61,40,40,40,40,40
1,20,62,2088,2216,2216,2216,2216
1,20,63,2080,2208,2208,2208,2208
1,20,64,40,40,40,40,40
1,20,65,2088,2216,2216,2216,2216
1,20,66,2080,2208,2208,2208,2208
1,20,67,40,40,40,40,40
1,20,68,2088,2216,2216,2216,2216
1,20,69,2080,2208,2208,2208,2208
1,20,70,40,40,40,40,40
1,20,71,2088,2216,2216,2216,2216
1,20,72,2080,2208,2208,2208,2208
1,20,73,40,40,40,40,40
1,20,74,2088,2216,2216,2216,2216
1,20,75,2080,2208,2208,2208,2208
1,20,76,40,40,40,40,40
1,20,77,2088,2216,2216,2216,2216
1,20,78,2080,2208,2208,2208,2208
1,20,79,40,40,40,40,40
1,20,80,2088,2216,2216,2216,2216
1,21,0,2592,2720,2720,2720,2720
1,21,1,552,552,552,552,552
1,21,2,2600,2728,2728,2728,2728
1,21,3,2592,2720,2720,2720,2720
1,21,4,552,552,552,552,552
1,21,5,2600,2728,2728,2728,2728
1,21,6,2592,2720,2720,2720,2720
1,21,7,552,552,552,552,552
1,21,8,2600,2728,2728,2728,2728
1,21,9,2082,2210,2210,2210,2210
1,21,10,42,42,42,42,42
1,21,11,2090,2218,2218,2218,2218
1,21,12,2082,2210,2210,2210,2210
1,21,13,42,42,42,42,42
1,21,14,2090,2218,2218,2218,2218
1,21,15,2082,2210,2210,2210,2210
1,21,16,42,42,42,42,42
1,21,17,2090,2218,2218,2218,2218
1,21,18,2594,2722,2722,2722,2722
1,21,19,554,554,554,554,554
1,21,20,2602,2730,2730,2730,2730
1,21,21,2594,2722,2722,2722,2722
1,21,22,554,554,554,554,554
1,21,23,2602,2730,2730,2730,2730
1,21,24,2594,2722,2722,2722,2722
1,21,25,554,554,554,554,554
1,21,26,2602,2730,2730,2730,2730
1,21,27,2592,2720,2720,2720,2720
1,21,28,552,552,552,552,552
1,21,29,2600,2728,2728,2728,2728
1,21,30,2592,2720,2720,2720,2720
1,21,31,552,552,552,552,552
1,21,32,2600,2728,2728,2728,2728
1,21,33,2592,2720,2720,2720,2720
1,21,34,552,552,552,552,552
1,21,35,2600,2728,2728,2728,2728
1,21,36,2082,2210,2210,2210,2210
1,21,37,42,42,42,42,42
1,21,38,2090,2218,2218,2218,2218
1,21,39,2082,2210,2210,2210,2210
1,21,40,42,42,42,42,42
1,21,41,2090,2218,2218,2218,2218
1,21,42,2082,2210,2210,2210,2210
1,21,43,42,42,42,42,42
1,21,44,2090,2218,2218,2218,2218
1,21,45,2594,2722,2722,2722,2722
1,21,46,554,554,554,554,554
1,21,47,2602,2730,2730,2730,2730
1,21,48,2594,2722,2722,2722,2722
1,21,49,554,554,554,554,554
1,21,50,2602,2730,2730,2730,2730
1,21,51,2594,2722,2722,2722,2722
1,21,52,554,554,554,554,554
1,21,53,2602,2730,2730,2730,2730
1,21,54,2592,2720,2720,2720,2720
1,21,55,552,552,552,552,552
1,21,56,2600,2728,2728,2728,2728
1,21,57,2592,2720,2720,2720,2720
1,21,58,552,552,552,552,552
1,21,59,2600,2728,2728,2728,2728
1,21,60,2592,2720,2720,2720,2720
1,21,61,552,552,552,552,552
1,21,62,2600,2728,2728,2728,2728
1,21,63,2082,2210,2210,2210,2210
1,21,64,42,42,42,42,42
1,21,65,2090,2218,2218,2218,2218
1,21,66,2082,2210,2210,2210,2210
1,21,67,42,42,42,42,42
1,21,68,2090,2218,2218,2218,2218
1,21,69,2082,2210,2210,2210,2210
1,21,70,42,42,42,42,42
1,21,71,2090,2218,2218,2218,2218
1,21,72,2594,2722,2722,2722,2722
1,21,73,554,554,554,554,554
1,21,74,2602,2730,2730,2730,2730
1,21,75,2594,2722,2722,2722,2722
1,21,76,554,554,554,554,554
1,21,77,2602,2730,2730,2730,2730
1,21,78,2594,2722,2722,2722,2722
1,21,79,554,554,554,554,554
1,21,80,2602,2730,2730,2730,2730
1,22,0,2592,2720,2720,2720,2720
1,22,1,552,552,552,552,552
1,22,2,2600,2728,2728,2728,2728
1,22,3,2592,2720,2720,2720,2720
1,22,4,552,552,552,552,552
1,22,5,2600,2728,2728,2728,2728
1,22,6,2592,2720,2720,2720,2720
1,22,7,552,552,552,552,552
1,22,8,2600,2728,2728,2728,2728
1,22,9,2082,2210,2210,2210,2210
1,22,10,42,42,42,42,42
1,22,11,2090,2218,2218,2218,2218
1,22,12,2082,2210,2210,2210,2210
1,22,13,42,42,42,42,42
1,22,14,2090,2218,2218,2218,2218
1,22,15,2082,2210,2210,2210,2210
1,22,16,42,42,42,42,42
1,22,17,2090,2218,2218,2218,2218
1,22,18,2594,2722,2722,2722,2722
1,22,19,554,554,554,554,554
1,22,20,2602,2730,2730,2730,2730
1,22,21,2594,2722,2722,2722,2722
1,22,22,554,554,554,554,554
1,22,23,2602,2730,2730,2730,2730
1,22,24,2594,2722,2722,2722,2722
1,22,25,554,554,554,554,554
1,22,26,2602,2730,2730,2730,2730
1,22,27,2592,2720,2720,2720,2720
1,22,28,552,552,552,552,552
1,22,29,2600,2728,2728,2728,2728
1,22,30,2592,2720,2720,2720,2720
1,22,31,552,552,552,552,552
1,22,32,2600,2728,2728,2728,2728
1,22,33,2592,2720,2720,2720,2720
1,22,34,552,552,552,552,552
1,22,35,2600,2728,2728,2728,2728
1,22,36,2082,2210,2210,2210,2210
1,22,37,42,42,42,42,42
1,22,38,2090,2218,2218,2218,2218
1,22,39,2082,2210,2210,2210,2210
1,22,40,42,42,42,42,42
1,22,41,2090,2218,2218,2218,2218
1,22,42,2082,2210,2210,2210,2210
1,22,43,42,42,42,42,42
1,22,44,2090,2218,2218,2218,2218
1,22,45,2594,2722,2722,2722,2722
1,22,46,554,554,554,554,554
1,22,47,2602,2730,2730,2730,2730
1,22,48,2594,2722,2722,2722,2722
1,22,49,554,554,554,554,554
1,22,50,2602,2730,2730,2730,2730
1,22,51,2594,2722,2722,2722,2722
1,22,52,554,554,554,554,554
1,22,53,2602,2730,2730,2730,2730
1,22,54,2592,2720,2720,2720,2720
1,22,55,552,552,552,552,552
1,22,56,2600,2728,2728,2728,2728
1,22,57,2592,2720,2720,2720,2720
1,22,58,552,552,552,552,552
1,22,59,2600,2728,2728,2728,2728
1,22,60,2592,2720,2720,2720,2720
1,22,61,552,552,552,552,552
1,22,62,2600,2728,2728,2728,2728
1,22,63,2082,2210,2210,2210,2210
1,22,64,42,42,42,42,42
1,22,65,2090,2218,2218,2218,2218
1,22,66,2082,2210,2210,2210,2210
1,22,67,42,42,42,42,42
1,22,68,2090,2218,2218,2218,2218
1,22,69,2082,2210,2210,2210,2210
1,22,70,42,42,42,42,42
1,22,71,2090,2218,2218,2218,2218
1,22,72,2594,2722,2722,2722,2722
1,22,73,554,554,554,554,554
1,22,74,2602,2730,2730,2730,2730
1,22,75,2594,2722,2722,2722,2722
1,22,76,554,554,554,554,554
1,22,77,2602,2730,2730,2730,2730
1,22,78,2594,2722,2722,2722,2722
1,22,79,554,554,554,554,554
1,22,80,2602,2730,2730,2730,2730
1,23,0,2592,2720,2720,2720,2720
1,23,1,552,552,552,552,552
1,23,2,2600,2728,2728,2728,2728
1,23,3,2592,2720,2720,2720,2720
1,23,4,552,552,552,552,552
1,23,5,2600,2728,2728,2728,2728
1,23,6,2592,2720,2720,2720,2720
1,23,7,552,552,552,552,552
1,23,8,2600,2728,2728,2728,2728
1,23,9,2082,2210,2210,2210,2210
1,23,10,42,42,42,42,42
1,23,11,2090,2218,2218,2218,2218
1,23,12,2082,2210,2210,2210,2210
1,23,13,42,42,42,42,42
1,23,14,2090,2218,2218,2218,2218
1,23,15,2082,2210,2210,2210,2210
1,23,16,42,42,42,42,42
1,23,17,2090,2218,2218,2218,2218
1,23,18,2594,2722,2722,2722,2722
1,23,19,554,554,554,554,554
1,23,20,2602,2730,2730,2730,2730
1,23,21,2594,2722,2722,2722,2722
1,23,22,554,554,554,554,554
1,23,23,2602,2730,2730,2730,2730
1,23,24,2594,2722,2722,2722,2722
1,23,25,554,554,554,554,554
1,23,26,2602,2730,2730,2730,2730
1,23,27,2592,2720,2720,2720,2720
1,23,28,552,552,552,552,552
1,23,29,2600,2728,2728,2728,2728
1,23,30,2592,2720,2720,2720,2720
1,23,31,552,552,552,552,552
1,23,32,2600,2728,2728,2728,2728
1,23,33,2592,2720,2720,2720,2720
1,23,34,552,552,552,552,552
1,23,35,2600,2728,2728,2728,2728
1,23,36,2082,2210,2210,2210,2210
1,23,37,42,42,42,42,42
1,23,38,2090,2218,2218,2218,2218
1,23,39,2082,2210,2210,2210,2210
1,23,40,42,42,42,42,42
1,23,41,2090,2218,2218,2218,2218
1,23,42,2082,2210,2210,2210,2210
1,23,43,42,42,42,42,42
1,23,44,2090,2218,2218,2218,2218
1,23,45,2594,2722,2722,2722,2722
1,23,46,554,554,554,554,554
1,23,47,2602,2730,2730,2730,2730
1,23,48,2594,2722,2722,2722,2722
1,23,49,554,554,554,554,554
1,23,50,2602,2730,2730,2730,2730
1,23,51,2594,2722,2722,2722,2722
1,23,52,554,554,554,554,554
1,23,53,2602,2730,2730,2730,2730
1,23,54,2592,2720,2720,2720,2720
1,23,55,552,552,552,552,552
1,23,56,2600,2728,2728,2728,2728
1,23,57,2592,2720,2720,2720,2720
1,23,58,552,552,552,552,552
1,23,59,2600,2728,2728,2728,2728
1,23,60,2592,2720,2720,2720,2720
1,23,61,552,552,552,552,552
1,23,62,2600,2728,2728,2728,2728
1,23,63,2082,2210,2210,2210,2210
1,23,64,42,42,42,42,42
1,23,65,2090,2218,2218,2218,2218
1,23,66,2082,2210,2210,2210,2210
1,23,67,42,42,42,42,42
1,23,68,2090,2218,2218,2218,2218
1,23,69,2082,2210,2210,2210,2210
1,23,70,42,42,42,42,42
1,23,71,2090,2218,2218,2218,2218
1,23,72,2594,2722,2722,2722,2722
1,23,73,554,554,554,554,554
1,23,74,2602,2730,2730,2730,2730
1,23,75,2594,2722,2722,2722,2722
1,23,76,554,554,554,554,554
1,23,77,2602,2730,2730,2730,2730
1,23,78,2594,2722,2722,2722,2722
1,23,79,554,554,554,554,554
1,23,80,2602,2730,2730,2730,2730
1,24,0,2080,2208,2208,2208,2208
1,24,1,40,40,40,40,40
1,24,2,2088,2216,2216,2216,2216
1,24,3,2080,2208,2208,2208,2208
1,24,4,40,40,40,40,40
1,24,5,2088,2216,2216,2216,2216
1,24,6,2080,2208,2208,2208,2208
1,24,7,40,40,40,40,40
1,24,8,2088,2216,2216,2216,2216
1,24,9,2080,2208,2208,2208,2208
1,24,10,40,40,40,40,40
1,24,11,2088,2216,2216,2216,2216
1,24,12,2080,2208,2208,2208,2208
1,24,13,40,40,40,40,40
1,24,14,2088,2216,2216,2216,2216
1,24,15,2080,2208,2208,2208,2208
1,24,16,40,40,40,40,40
1,24,17,2088,2216,2216,2216,2216
1,24,18,2080,2208,2208,2208,2208
1,24,19,40,40,40,40,40
1,24,20,2088,2216,2216,2216,2216
1,24,21,2080,2208,2208,2208,2208
1,24,22,40,40,40,40,40
1,24,23,2088,2216,2216,2216,2216
1,24,24,2080,2208,2208,2208,2208
1,24,25,40,40,40,40,40
1,24,26,2088,2216,2216,2216,2216
1,24,27,2080,2208,2208,2208,2208
1,24,28,40,40,40,40,40
1,24,29,2088,2216,2216,2216,2216
1,24,30,2080,2208,2208,2208,2208
1,24,31,40,40,40,40,40
1,24,32,2088,2216,2216,2216,2216
1,24,33,2080,2208,2208,2208,2208
1,24,34,40,40,40,40,40
1,24,35,2088,2216,2216,2216,2216
1,24,36,2080,2208,2208,2208,2208
1,24,37,40,40,40,40,40
1,24,38,2088,2216,2216,2216,2216
1,24,39,2080,2208,2208,2208,2208
1,24,40,40,40,40,40,40
1,24,41,2088,2216,2216,2216,2216
1,24,42,2080,2208,2208,2208,2208
1,24,43,40,40,40,40,40
1,24,44,2088,2216,2216,2216,2216
1,24,45,2080,2208,2208,2208,2208
1,24,46,40,40,40,40,40
1,24,47,2088,2216,2216,2216,2216
1,24,48,2080,2208,2208,2208,2208
1,24,49,40,40,40,40,40
1,24,50,2088,2216,2216,2216,2216
1,24,51,2080,2208,2208,2208,2208
1,24,52,40,40,40,40,40
1,24,53,2088,2216,2216,2216,2216
1,24,54,2080,2208,2208,2208,2208
1,24,55,40,40,40,40,40
1,24,56,2088,2216,2216,2216,2216
1,24,57,2080,2208,2208,2208,2208
1,24,58,40,40,40,40,40
1,24,59,2088,2216,2216,2216,2216
1,24,60,2080,2208,2208,2208,2208
1,24,61,40,40,40,40,40
1,24,62,2088,2216,2216,2216,2216
1,24,63,2080,2208,2208,2208,2208
1,24,64,40,40,40,40,40
1,24,65,2088,2216,2216,2216,2216
1,24,66,2080,2208,2208,2208,2208
1,24,67,40,40,40,40,40
1,24,68,2088,2216,2216,2216,2216
1,24,69,2080,2208,2208,2208,2208
1,24,70,40,40,40,40,40
1,24,71,2088,2216,2216,2216,2216
1,24,72,2080,2208,2208,2208,2208
1,24,73,40,40,40,40,40
1,24,74,2088,2216,2216,2216,2216
1,24,75,2080,2208,2208,2208,2208
1,24,76,40,40,40,40,40
1,24,77,2088,2216,2216,2216,2216
1,24,78,2080,2208,2208,2208,2208
1,24,79,40,40,40,40,40
1,24,80,2088,2216,2216,2216,2216
1,25,0,2592,2720,2720,2720,2720
1,25,1,552,552,552,552,552
1,25,2,2600,2728,2728,2728,2728
1,25,3,2592,2720,2720,2720,2720
1,25,4,552,552,552,552,552
1,25,5,2600,2728,2728,2728,2728
1,25,6,2592,2720,2720,2720,2720
1,25,7,552,552,552,552,552
1,25,8,2600,2728,2728,2728,2728
1,25,9,2082,2210,2210,2210,2210
1,25,10,42,42,42,42,42
1,25,11,2090,2218,2218,2218,2218
1,25,12,2082,2210,2210,2210,2210
1,25,13,42,42,42,42,42
1,25,14,2090,2218,2218,2218,2218
1,25,15,2082,2210,2210,2210,2210
1,25,16,42,42,42,42,42
1,25,17,2090,2218,2218,2218,2218
1,25,18,2594,2722,2722,2722,2722
1,25,19,554,554,554,554,554
1,25,20,2602,2730,2730,2730,2730
1,25,21,2594,2722,2722,2722,2722
1,25,22,554,554,554,554,554
1,25,23,2602,2730,2730,2730,2730
1,25,24,2594,2722,2722,2722,2722
1,25,25,554,554,554,554,554
1,25,26,2602,2730,2730,2730,2730
1,25,27,2592,2720,2720,2720,2720
1,25,28,552,552,552,552,552
1,25,29,2600,2728,2728,2728,2728
1,25,30,2592,2720,2720,2720,2720
1,25,31,552,552,552,552,552
1,25,32,2600,2728,2728,2728,2728
1,25,33,2592,2720,2720,2720,2720
1,25,34,552,552,552,552,552
1,25,35,2600,2728,2728,2728,2728
1,25,36,2082,2210,2210,2210,2210
1,25,37,42,42,42,42,42
1,25,38,2090,2218,2218,2218,2218
1,25,39,2082,2210,2210,2210,2210
1,25,40,42,42,42,42,42
1,25,41,2090,2218,2218,2218,2218
1,25,42,2082,2210,2210,2210,2210
1,25,43,42,42,42,42,42
1,25,44,2090,2218,2218,2218,2218
1,25,45,2594,2722,2722,2722,2722
1,25,46,554,554,554,554,554
1,25,47,2602,2730,2730,2730,2730
1,25,48,2594,2722,2722,2722,2722
1,25,49,554,554,554,554,554
1,25,50,2602,2730,2730,2730,2730
1,25,51,2594,2722,2722,2722,2722
1,25,52,554,554,554,554,554
1,25,53,2602,2730,2730,2730,2730
1,25,54,2592,2720,2720,2720,2720
1,25,55,552,552,552,552,552
1,25,56,2600,2728,2728,2728,2728
1,25,57,2592,2720,2720,2720,2720
1,25,58,552,552,552,552,552
1,25,59,2600,2728,2728,2728,2728
1,25,60,2592,2720,2720,2720,2720
1,25,61,552,552,552,552,552
1,25,62,2600,2728,2728,2728,2728
1,25,63,2082,2210,2210,2210,2210
1,25,64,42,42,42,42,42
1,25,65,2090,2218,2218,2218,2218
1,25,66,2082,2210,2210,2210,2210
1,25,67,42,42,42,42,42
1,25,68,2090,2218,2218,2218,2218
1,25,69,2082,2210,2210,2210,2210
1,25,70,42,42,42,42,42
1,25,71,2090,2218,2218,2218,2218
1,25,72,2594,2722,2722,2722,2722
1,25,73,554,554,554,554,554
1,25,74,2602,2730,2730,2730,2730
1,25,75,2594,2722,2722,2722,2722
1,25,76,554,554,554,554,554
1,25,77,2602,2730,2730,2730,2730
1,25,78,2594,2722,2722,2722,2722
1,25,79,554,554,554,554,554
1,25,80,2602,2730,2730,2730,2730
1,26,0,2592,2720,2720,2720,2720
1,26,1,552,552,552,552,552
1,26,2,2600,2728,2728,2728,2728
1,26,3,2592,2720,2720,2720,2720
1,26,4,552,552,552,552,552
1,26,5,2600,2728,2728,2728,2728
1,26,6,2592,2720,2720,2720,2720
1,26,7,552,552,552,552,552
1,26,8,2600,2728,2728,2728,2728
1,26,9,2082,2210,2210,2210,2210
1,26,10,42,42,42,42,42
1,26,11,2090,2218,2218,2218,2218
1,26,12,2082,2210,2210,2210,2210
1,26,13,42,42,42,42,42
1,26,14,2090,2218,2218,2218,2218
1,26,15,2082,2210,2210,2210,2210
1,26,16,42,42,42,42,42
1,26,17,2090,2218,2218,2218,2218
1,26,18,2594,2722,2722,2722,2722
1,26,19,554,554,554,554,554
1,26,20,2602,2730,2730,2730,2730
1,26,21,2594,2722,2722,2722,2722
1,26,22,554,554,554,554,554
1,26,23,2602,2730,2730,2730,2730
1,26,24,2594,2722,2722,2722,2722
1,26,25,554,554,554,554,554
1,26,26,2602,2730,2730,2730,2730
1,26,27,2592,2720,2720,2720,2720
1,26,28,552,552,552,552,552
1,26,29,2600,2728,2728,2728,2728
1,26,30,2592,2720,2720,2720,2720
1,26,31,552,552,552,552,552
1,26,32,2600,2728,2728,2728,2728
1,26,33,2592,2720,2720,2720,2720
1,26,34,552,552,552,552,552
1,26,35,2600,2728,2728,2728,2728
1,26,36,2082,2210,2210,2210,2210
1,26,37,42,42,42,42,42
1,26,38,2090,2218,2218,2218,2218
1,26,39,2082,2210,2210,2210,2210
1,26,40,42,42,42,42,42
1,26,41,2090,2218,2218,2218,2218
1,26,42,2082,2210,2210,2210,2210
1,26,43,42,42,42,42,42
1,26,44,2090,2218,2218,2218,2218
1,26,45,2594,2722,2722,2722,2722
1,26,46,554,554,554,554,554
1,26,47,2602,2730,2730,2730,2730
1,26,48,2594,2722,2722,2722,2722
1,26,49,554,554,554,554,554
1,26,50,2602,2730,2730,2730,2730
1,26,51,2594,2722,2722,2722,2722
1,26,52,554,554,554,554,554
1,26,53,2602,2730,2730,2730,2730
1,26,54,2592,2720,2720,2720,2720
1,26,55,552,552,552,552,552
1,26,56,2600,2728,2728,2728,2728
1,26,57,2592,2720,2720,2720,2720
1,26,58,552,552,552,552,552
1,26,59,2600,2728,2728,2728,2728
1,26,60,2592,2720,2720,2720,2720
1,26,61,552,552,552,552,552
1,26,62,2600,2728,2728,2728,2728
1,26,63,2082,2210,2210,2210,2210
1,26,64,42,42,42,42,42
1,26,65,2090,2218,2218,2218,2218
1,26,66,2082,2210,2210,2210,2210
1,26,67,42,42,42,42,42
1,26,68,2090,2218,2218,2218,2218
1,26,69,2082,2210,2210,2210,2210
1,26,70,42,42,42,42,42
1,26,71,2090,2218,2218,2218,2218
1,26,72,2594,2722,2722,2722,2722
1,26,73,554,554,554,554,554
1,26,74,2602,2730,2730,2730,2730
1,26,75,2594,2722,2722,2722,2722
1,26,76,554,554,554,554,554
1,26,77,2602,2730,2730,2730,2730
1,26,78,2594,2722,2722,2722,2722
1,26,79,554,554,554,554,554
1,26,80,2602,2730,2730,2730,2730
1,27,0,2592,2720,2720,2720,2720
1,27,1,552,552,552,552,552
1,27,2,2600,2728,2728,2728,2728
1,27,3,2592,2720,2720,2720,2720
1,27,4,552,552,552,552,552
1,27,5,2600,2728,2728,2728,2728
1,27,6,2592,2720,2720,2720,2720
1,27,7,552,552,552,552,552
1,27,8,2600,2728,2728,2728,2728
1,27,9,2082,2210,2210,2210,2210
1,27,10,42,42,42,42,42
1,27,11,2090,2218,2218,2218,2218
1,27,12,2082,2210,2210,2210,2210
1,27,13,42,42,42,42,42
1,27,14,2090,2218,2218,2218,2218
1,27,15,2082,2210,2210,2210,2210
1,27,16,42,42,42,42,42
1,27,17,2090,2218,2218,2218,2218
1,27,18,2594,2722,2722,2722,2722
1,27,19,554,554,554,554,554
1,27,20,2602,2730,2730,2730,2730
1,27,21,2594,2722,2722,2722,2722
1,27,22,554,554,554,554,554
1,27,23,2602,2730,2730,2730,2730
1,27,24,2594,2722,2722,2722,2722
1,27,25,554,554,554,554,554
1,27,26,2602,2730,2730,2730,2730
1,27,27,2592,2720,2720,2720,2720
1,27,28,552,552,552,552,552
1,27,29,2600,2728,2728,2728,2728
1,27,30,2592,2720,2720,2720,2720
1,27,31,552,552,552,552,552
1,27,32,2600,2728,2728,2728,2728
1,27,33,2592,2720,2720,2720,2720
1,27,34,552,552,552,552,552
1,27,35,2600,2728,2728,2728,2728
1,27,36,2082,2210,2210,2210,2210
1,27,37,42,42,42,42,42
1,27,38,2090,2218,2218,2218,2218
1,27,39,2082,2210,2210,2210,2210
1,27,40,42,42,42,42,42
1,27,41,2090,2218,2218,2218,2218
1,27,42,2082,2210,2210,2210,2210
1,27,43,42,42,42,42,42
1,27,44,2090,2218,2218,2218,2218
1,27,45,2594,2722,2722,2722,2722
1,27,46,554,554,554,554,554
1,27,47,2602,2730,2730,2730,2730
1,27,48,2594,2722,2722,2722,2722
1,27,49,554,554,554,554,554
1,27,50,2602,2730,2730,2730,2730
1,27,51,2594,2722,2722,2722,2722
1,27,52,554,554,554,554,554
1,27,53,2602,2730,2730,2730,2730
1,27,54,2592,2720,2720,2720,2720
1,27,55,552,552,552,552,552
1,27,56,2600,2728,2728,2728,2728
1,27,57,2592,2720,2720,2720,2720
1,27,58,552,552,552,552,552
1,27,59,2600,2728,2728,2728,2728
1,27,60,2592,2720,2720,2720,2720
1,27,61,552,552,552,552,552
1,27,62,2600,2728,2728,2728,2728
1,27,63,2082,2210,2210,2210,2210
1,27,64,42,42,42,42,42
1,27,65,2090,2218,2218,2218,2218
1,27,66,2082,2210,2210,2210,2210
1,27,67,42,42,42,42,42
1,27,68,2090,2218,2218,2218,2218
1,27,69,2082,2210,2210,2210,2210
1,27,70,42,42,42,42,42
1,27,71,2090,2218,2218,2218,2218
1,27,72,2594,2722,2722,2722,2722
1,27,73,554,554,554,554,554
1,27,74,2602,2730,2730,2730,2730
1,27,75,2594,2722,2722,2722,2722
1,27,76,554,554,554,554,554
1,27,77,2602,2730,2730,2730,2730
1,27,78,2594,2722,2722,2722,2722
1,27,79,554,554,554,554,554
1,27,80,2602,2730,2730,2730,2730
1,28,0,2080,2208,2208,2208,2208
1,28,1,40,40,40,40,40
1,28,2,2088,2216,2216,2216,2216
1,28,3,2080,2208,2208,2208,2208
1,28,4,40,40,40,40,40
1,28,5,2088,2216,2216,2216,2216
1,28,6,2080,2208,2208,2208,2208
1,28,7,40,40,40,40,40
1,28,8,2088,2216,2216,2216,2216
1,28,9,2080,2208,2208,2208,2208
1,28,10,40,40,40,40,40
1,28,11,2088,2216,2216,2216,2216
1,28,12,2080,2208,2208,2208,2208
1,28,13,40,40,40,40,40
1,28,14,2088,2216,2216,2216,2216
1,28,15,2080,2208,2208,2208,2208
1,28,16,40,40,40,40,40
1,28,17,2088,2216,2216,2216,2216
1,28,18,2080,2208,2208,2208,2208
1,28,19,40,40,40,40,40
1,28,20,2088,2216,2216,2216,2216
1,28,21,2080,2208,2208,2208,2208
1,28,22,40,40,40,40,40
1,28,23,2088,2216,2216,2216,2216
1,28,24,2080,2208,2208,2208,2208
1,28,25,40,40,40,40,40
1,28,26,2088,2216,2216,2216,2216
1,28,27,2080,2208,2208,2208,2208
1,28,28,40,40,40,40,40
1,28,29,2088,2216,2216,2216,2216
1,28,30,2080,2208,2208,2208,2208
1,28,31,40,40,40,40,40
1,28,32,2088,2216,2216,2216,2216
1,28,33,2080,2208,2208,2208,2208
1,28,34,40,40,40,40,40
1,28,35,2088,2216,2216,2216,2216
1,28,36,2080,2208,2208,2208,2208
1,28,37,40,40,40,40,40
1,28,38,2088,2216,2216,2216,2216
1,28,39,2080,2208,2208,2208,2208
1,28,40,40,40,40,40,40
1,28,41,2088,2216,2216,2216,2216
1,28,42,2080,2208,2208,2208,2208
1,28,43,40,40,40,40,40
1,28,44,2088,2216,2216,2216,2216
1,28,45,2080,2208,2208,2208,2208
1,28,46,40,40,40,40,40
1,28,47,2088,2216,2216,2216,2216
1,28,48,2080,2208,2208,2208,2208
1,28,49,40,40,40,40,40
1,28,50,2088,2216,2216,2216,2216
1,28,51,2080,2208,2208,2208,2208
1,28,52,40,40,40,40,40
1,28,53,2088,2216,2216,2216,2216
1,28,54,2080,2208,2208,2208,2208
1,28,55,40,40,40,40,40
1,28,56,2088,2216,2216,2216,2216
1,28,57,2080,2208,2208,2208,2208
1,28,58,40,40,40,40,40
1,28,59,2088,2216,2216,2216,2216
1,28,60,2080,2208,2208,2208,2208
1,28,61,40,40,40,40,40
1,28,62,2088,2216,2216,2216,2216
1,28,63,2080,2208,2208,2208,2208
1,28,64,40,40,40,40,40
1,28,65,2088,2216,2216,2216,2216
1,28,66,2080,2208,2208,2208,2208
1,28,67,40,40,40,40,40
1,28,68,2088,2216,2216,2216,2216
1,28,69,2080,2208,2208,2208,2208
1,28,70,40,40,40,40,40
1,28,71,2088,2216,2216,2216,2216
1,28,72,2080,2208,2208,2208,2208
1,28,73,40,40,40,40,40
1,28,74,2088,2216,2216,2216,2216
1,28,75,2080,2208,2208,2208,2208
1,28,76,40,40,40,40,40
1,28,77,2088,2216,2216,2216,2216
1,28,78,2080,2208,2208,2208,2208
1,28,79,40,40,40,40,40
1,28,80,2088,2216,2216,2216,2216
1,29,0,2592,2720,2720,2720,2720
1,29,1,552,552,552,552,552
1,29,2,2600,2728,2728,2728,2728
1,29,3,2592,2720,2720,2720,2720
1,29,4,552,552,552,552,552
1,29,5,2600,2728,2728,2728,2728
1,29,6,2592,2720,2720,2720,2720
1,29,7,552,552,552,552,552
1,29,8,2600,2728,2728,2728,2728
1,29,9,2082,2210,2210,2210,2210
1,29,10,42,42,42,42,42
1,29,11,2090,2218,2218,2218,2218
1,29,12,2082,2210,2210,2210,2210
1,29,13,42,42,42,42,42
1,29,14,2090,2218,2218,2218,2218
1,29,15,2082,2210,2210,2210,2210
1,29,16,42,42,42,42,42
1,29,17,2090,2218,2218,2218,2218
1,29,18,2594,2722,2722,2722,2722
1,29,19,554,554,554,554,554
1,29,20,2602,2730,2730,2730,2730
1,29,21,2594,2722,2722,2722,2722
1,29,22,554,554,554,554,554
1,29,23,2602,2730,2730,2730,2730
1,29,24,2594,2722,2722,2722,2722
1,29,25,554,554,554,554,554
1,29,26,2602,2730,2730,2730,2730
1,29,27,2592,2720,2720,2720,2720
1,29,28,552,552,552,552,552
1,29,29,2600,2728,2728,2728,2728
1,29,30,2592,2720,2720,2720,2720
1,29,31,552,552,552,552,552
1,29,32,2600,2728,2728,2728,2728
1,29,33,2592,2720,2720,2720,2720
1,29,34,552,552,552,552,552
1,29,35,2600,2728,2728,2728,2728
1,29,36,2082,2210,2210,2210,2210
1,29,37,42,42,42,42,42
1,29,38,2090,2218,2218,2218,2218
1,29,39,2082,2210,2210,2210,2210
1,29,40,42,42,42,42,42
1,29,41,2090,2218,2218,2218,2218
1,29,42,2082,2210,2210,2210,2210
1,29,43,42,42,42,42,42
1,29,44,2090,2218,2218,2218,2218
1,29,45,2594,2722,2722,2722,2722
1,29,46,554,554,554,554,554
1,29,47,2602,2730,2730,2730,2730
1,29,48,2594,2722,2722,2722,2722
1,29,49,554,554,554,554,554
1,29,50,2602,2730,2730,2730,2730
1,29,51,2594,2722,2722,2722,2722
1,29,52,554,554,554,554,554
1,29,53,2602,2730,2730,2730,2730
1,29,54,2592,2720,2720,2720,2720
1,29,55,552,552,552,552,552
1,29,56,2600,2728,2728,2728,2728
1,29,57,2592,2720,2720,2720,2720
1,29,58,552,552,552,552,552
1,29,59,2600,2728,2728,2728,2728
1,29,60,2592,2720,2720,2720,2720
1,29,61,552,552,552,552,552
1,29,62,2600,2728,2728,2728,2728
1,29,63,2082,2210,2210,2210,2210
1,29,64,42,42,42,42,42
1,29,65,2090,2218,2218,2218,2218
1,29,66,2082,2210,2210,2210,2210
1,29,67,42,42,42,42,42
1,29,68,2090,2218,2218,2218,2218
1,29,69,2082,2210,2210,2210,2210
1,29,70,42,42,42,42,42
1,29,71,2090,2218,2218,2218,2218
1,29,72,2594,2722,2722,2722,2722
1,29,73,554,554,554,554,554
1,29,74,2602,2730,2730,2730,2730
1,29,75,2594,2722,2722,2722,2722
1,29,76,554,554,554,554,554
1,29,77,2602,2730,2730,2730,2730
1,29,78,2594,2722,2722,2722,2722
1,29,79,554,554,554,554,554
1,29,80,2602,2730,2730,2730,2730
1,30,0,2592,2720,2720,2720,2720
1,30,1,552,552,552,552,552
1,30,2,2600,2728,2728,2728,2728
1,30,3,2592,2720,2720,2720,2720
1,30,4,552,552,552,552,552
1,30,5,2600,2728,2728,2728,2728
1,30,6,2592,2720,2720,2720,2720
1,30,7,552,552,552,552,552
1,30,8,2600,2728,2728,2728,2728
1,30,9,2082,2210,2210,2210,2210
1,30,10,42,42,42,42,42
1,30,11,2090,2218,2218,2218,2218
1,30,12,2082,2210,2210,2210,2210
1,30,13,42,42,42,42,42
1,30,14,2090,2218,2218,2218,2218
1,30,15,2082,2210,2210,2210,2210
1,30,16,42,42,42,42,42
1,30,17,2090,2218,2218,2218,2218
1,30,18,2594,2722,2722,2722,2722
1,30,19,554,554,554,554,554
1,30,20,2602,2730,2730,2730,2730
1,30,21,2594,2722,2722,2722,2722
1,30,22,554,554,554,554,554
1,30,23,2602,2730,2730,2730,2730
1,30,24,2594,2722,2722,2722,2722
1,30,25,554,554,554,554,554
1,30,26,2602,2730,2730,2730,2730
1,30,27,2592,2720,2720,2720,2720
1,30,28,552,552,552,552,552
1,30,29,2600,2728,2728,2728,2728
1,30,30,2592,2720,2720,2720,2720
1,30,31,552,552,552,552,552
1,30,32,2600,2728,2728,2728,2728
1,30,33,2592,2720,2720,2720,2720
1,30,34,552,552,552,552,552
1,30,35,2600,2728,2728,2728,2728
1,30,36,2082,2210,2210,2210,2210
1,30,37,42,42,42,42,42
1,30,38,2090,2218,2218,2218,2218
1,30,39,2082,2210,2210,2210,2210
1,30,40,42,42,42,42,42
1,30,41,2090,2218,2218,2218,2218
1,30,42,2082,2210,2210,2210,2210
1,30,43,42,42,42,42,42
1,30,44,2090,2218,2218,2218,2218
1,30,45,2594,2722,2722,2722,2722
1,30,46,554,554,554,554,554
1,30,47,2602,2730,2730,2730,2730
1,30,48,2594,2722,2722,2722,2722
1,30,49,554,554,554,554,554
1,30,50,2602,2730,2730,2730,2730
1,30,51,2594,2722,2722,2722,2722
1,30,52,554,554,554,554,554
1,30,53,2602,2730,2730,2730,2730
1,30,54,2592,2720,2720,2720,2720
1,30,55,552,552,552,552,552
1,30,56,2600,2728,2728,2728,2728
1,30,57,2592,2720,2720,2720,2720
1,30,58,552,552,552,552,552
1,30,59,2600,2728,2728,2728,2728
1,30,60,2592,2720,2720,2720,2720
1,30,61,552,552,552,552,552
1,30,62,2600,2728,2728,2728,2728
1,30,63,2082,2210,2210,2210,2210
1,30,64,42,42,42,42,42
1,30,65,2090,2218,2218,2218,2218
1,30,66,2082,2210,2210,2210,2210
1,30,67,42,42,42,42,42
1,30,68,2090,2218,2218,2218,2218
1,30,69,2082,2210,2210,2210,2210
1,30,70,42,42,42,42,42
1,30,71,2090,2218,2218,2218,2218
1,30,72,2594,2722,2722,2722,2722
1,30,73,554,554,554,554,554
1,30,74,2602,2730,2730,2730,2730
1,30,75,2594,2722,2722,2722,2722
1,30,76,554,554,554,554,554
1,30,77,2602,2730,2730,2730,2730
1,30,78,2594,2722,2722,2722,2722
1,30,79,554,554,554,554,554
1,30,80,2602,2730,2730,2730,2730
1,31,0,2592,2720,2720,2720,2720
1,31,1,552,552,552,552,552
1,31,2,2600,2728,2728,2728,2728
1,31,3,2592,2720,2720,2720,2720
1,31,4,552,552,552,552,552
1,31,5,2600,2728,2728,2728,2728
1,31,6,2592,2720,2720,2720,2720
1,31,7,552,552,552,552,552
1,31,8,2600,2728,2728,2728,2728
1,31,9,2082,2210,2210,2210,2210
1,31,10,42,42,42,42,42
1,31,11,2090,2218,2218,2218,2218
1,31,12,2082,2210,2210,2210,2210
1,31,13,42,42,42,42,42
1,31,14,2090,2218,2218,2218,2218
1,31,15,2082,2210,2210,2210,2210
1,31,16,42,42,42,42,42
1,31,17,2090,2218,2218,2218,2218
1,31,18,2594,2722,2722,2722,2722
1,31,19,554,554,554,554,554
1,31,20,2602,2730,2730,2730,2730
1,31,21,2594,2722,2722,2722,2722
1,31,22,554,554,554,554,554
1,31,23,2602,2730,2730,2730,2730
1,31,24,2594,2722,2722,2722,2722
1,31,25,554,554,554,554,554
1,31,26,2602,2730,2730,2730,2730
1,31,27,2592,2720,2720,2720,2720
1,31,28,552,552,552,552,552
1,31,29,2600,2728,2728,2728,2728
1,31,30,2592,2720,2720,2720,2720
1,31,31,552,552,552,552,552
1,31,32,2600,2728,2728,2728,2728
1,31,33,2592,2720,2720,2720,2720
1,31,34,552,552,552,552,552
1,31,35,2600,2728,2728,2728,2728
1,31,36,2082,2210,2210,2210,2210
1,31,37,42,42,42,42,42
1,31,38,2090,2218,2218,2218,2218
1,31,39,2082,2210,2210,2210,2210
1,31,40,42,42,42,42,42
1,31,41,2090,2218,2218,2218,2218
1,31,42,2082,2210,2210,2210,2210
1,31,43,42,42,42,42,42
1,31,44,2090,2218,2218,2218,2218
1,31,45,2594,2722,2722,2722,2722
1,31,46,554,554,554,554,554
1,31,47,2602,2730,2730,2730,2730
1,31,48,2594,2722,2722,2722,2722
1,31,49,554,554,554,554,554
1,31,50,2602,2730,2730,2730,2730
1,31,51,2594,2722,2722,2722,2722
1,31,52,554,554,554,554,554
1,31,53,2602,2730,2730,2730,2730
1,31,54,2592,2720,2720,2720,2720
1,31,55,552,552,552,552,552
1,31,56,2600,2728,2728,2728,2728
1,31,57,2592,2720,2720,2720,2720
1,31,58,552,552,552,552,552
1,31,59,2600,2728,2728,2728,2728
1,31,60,2592,2720,2720,2720,2720
1,31,61,552,552,552,552,552
1,31,62,2600,2728,2728,2728,2728
1,31,63,2082,2210,2210,2210,2210
1,31,64,42,42,42,42,42
1,31,65,2090,2218,2218,2218,2218
1,31,66,2082,2210,2210,2210,2210
1,31,67,42,42,42,42,42
1,31,68,2090,2218,2218,2218,2218
1,31,69,2082,2210,2210,2210,2210
1,31,70,42,42,42,42,42
1,31,71,2090,2218,2218,2218,2218
1,31,72,2594,2722,2722,2722,2722
1,31,73,554,554,554,554,554
1,31,74,2602,2730,2730,2730,2730
1,31,75,2594,2722,2722,2722,2722
1,31,76,554,554,554,554,554
1,31,77,2602,2730,2730,2730,2730
1,31,78,2594,2722,2722,2722,2722
1,31,79,554,554,554,554,554
1,31,80,2602,2730,2730,2730,2730
1,32,0,32,32,32,32,32
1,32,1,32,32,32,32,32
1,32,2,32,32,32,32,32
1,32,3,32,32,32,32,32
1,32,4,32,32,32,32,32
1,32,5,32,32,32,32,32
1,32,6,32,32,32,32,32
1,32,7,32,32,32,32,32
1,32,8,32,32,32,32,32
1,32,9,32,32,32,32,32
1,32,10,32,32,32,32,32
1,32,11,32,32,32,32,32
1,32,12,32,32,32,32,32
1,32,13,32,32,32,32,32
1,32,14,32,32,32,32,32
1,32,15,32,32,32,32,32
1,32,16,32,32,32,32,32
1,32,17,32,32,32,32,32
1,32,18,32,32,32,32,32
1,32,19,32,32,32,32,32
1,32,20,32,32,32,32,32
1,32,21,32,32,32,32,32
1,32,22,32,32,32,32,32
1,32,23,32,32,32,32,32
1,32,24,32,32,32,32,32
1,32,25,32,32,32,32,32
1,32,26,32,32,32,32,32
1,32,27,32,32,32,32,32
1,32,28,32,32,32,32,32
1,32,29,32,32,32,32,32
1,32,30,32,32,32,32,32
1,32,31,32,32,32,32,32
1,32,32,32,32,32,32,32
1,32,33,32,32,32,32,32
1,32,34,32,32,32,32,32
1,32,35,32,32,32,32,32
1,32,36,32,32,32,32,32
1,32,37,32,32,32,32,32
1,32,38,32,32,32,32,32
1,32,39,32,32,32,32,32
1,32,40,32,32,32,32,32
1,32,41,32,32,32,32,32
1,32,42,32,32,32,32,32
1,32,43,32,32,32,32,32
1,32,44,32,32,32,32,32
1,32,45,32,32,32,32,32
1,32,46,32,32,32,32,32
1,32,47,32,32,32,32,32
1,32,48,32,32,32,32,32
1,32,49,32,32,32,32,32
1,32,50,32,32,32,32,32
1,32,51,32,32,32,32,32
1,32,52,32,32,32,32,32
1,32,53,32,32,32,32,32
1,32,54,32,32,32,32,32
1,32,55,32,32,32,32,32
1,32,56,32,32,32,32,32
1,32,57,32,32,32,32,32
1,32,58,32,32,32,32,32
1,32,59,32,32,32,32,32
1,32,60,32,32,32,32,32
1,32,61,32,32,32,32,32
1,32,62,32,32,32,32,32
1,32,63,32,32,32,32,32
1,32,64,32,32,32,32,32
1,32,65,32,32,32,32,32
1,32,66,32,32,32,32,32
1,32,67,32,32,32,32,32
1,32,68,32,32,32,32,32
1,32,69,32,32,32,32,32
1,32,70,32,32,32,32,32
1,32,71,32,32,32,32,32
1,32,72,32,32,32,32,32
1,32,73,32,32,32,32,32
1,32,74,32,32,32,32,32
1,32,75,32,32,32,32,32
1,32,76,32,32,32,32,32
1,32,77,32,32,32,32,32
1,32,78,32,32,32,32,32
1,32,79,32,32,32,32,32
1,32,80,32,32,32,32,32
1,33,0,544,544,544,544,544
1,33,1,544,544,544,544,544
1,33,2,544,544,544,544,544
1,33,3,544,544,544,544,544
1,33,4,544,544,544,544,544
1,33,5,544,544,544,544,544
1,33,6,544,544,544,544,544
1,33,7,544,544,544,544,544
1,33,8,544,544,544,544,544
1,33,9,34,34,34,34,34
1,33,10,34,34,34,34,34
1,33,11,34,34,34,34,34
1,33,12,34,34,34,34,34
1,33,13,34,34,34,34,34
1,33,14,34,34,34,34,34
1,33,15,34,34,34,34,34
1,33,16,34,34,34,34,34
1,33,17,34,34,34,34,34
1,33,18,546,546,546,546,546
1,33,19,546,546,546,546,546
1,33,20,546,546,546,546,546
1,33,21,546,546,546,546,546
1,33,22,546,546,546,546,546
1,33,23,546,546,546,546,546
1,33,24,546,546,546,546,546
1,33,25,546,546,546,546,546
1,33,26,546,546,546,546,546
1,33,27,544,544,544,544,544
1,33,28,544,544,544,544,544
1,33,29,544,544,544,544,544
1,33,30,544,544,544,544,544
1,33,31,544,544,544,544,544
1,33,32,544,544,544,544,544
1,33,33,544,544,544,544,544
1,33,34,544,544,544,544,544
1,33,35,544,544,544,544,544
1,33,36,34,34,34,34,34
1,33,37,34,34,34,34,34
1,33,38,34,34,34,34,34
1,33,39,34,34,34,34,34
1,33,40,34,34,34,34,34
1,33,41,34,34,34,34,34
1,33,42,34,34,34,34,34
1,33,43,34,34,34,34,34
1,33,44,34,34,34,34,34
1,33,45,546,546,546,546,546
1,33,46,546,546,546,546,546
1,33,47,546,546,546,546,546
1,33,48,546,546,546,546,546
1,33,49,546,546,546,546,546
1,33,50,546,546,546,546,546
1,33,51,546,546,546,546,546
1,33,52,546,546,546,546,546
1,33,53,546,546,546,546,546
1,33,54,544,544,544,544,544
1,33,55,544,544,544,544,544
1,33,56,544,544,544,544,544
1,33,57,544,544,544,544,544
1,33,58,544,544,544,544,544
1,33,59,544,544,544,544,544
1,33,60,544,544,544,544,544
1,33,61,544,544,544,544,544
1,33,62,544,544,544,544,544
1,33,63,34,34,34,34,34
1,33,64,34,34,34,34,34
1,33,65,34,34,34,34,34
1,33,66,34,34,34,34,34
1,33,67,34,34,34,34,34
1,33,68,34,34,34,34,34
1,33,69,34,34,34,34,34
1,33,70,34,34,34,34,34
1,33,71,34,34,34,34,34
1,33,72,546,546,546,546,546
1,33,73,546,546,546,546,546
1,33,74,546,546,546,546,546
1,33,75,546,546,546,546,546
1,33,76,546,546,546,546,546
1,33,77,546,546,546,546,546
1,33,78,546,546,546,546,546
1,33,79,546,546,546,546,546
1,33,80,546,546,546,546,546
1,34,0,544,544,544,544,544
1,34,1,544,544,544,544,544
1,34,2,544,544,544,544,544
1,34,3,544,544,544,544,544
1,34,4,544,544,544,544,544
1,34,5,544,544,544,544,544
1,34,6,544,544,544,544,544
1,34,7,544,544,544,544,544
1,34,8,544,544,544,544,544
1,34,9,34,34,34,34,34
1,34,10,34,34,34,34,34
1,34,11,34,34,34,34,34
1,34,12,34,34,34,34,34
1,34,13,34,34,34,34,34
1,34,14,34,34,34,34,34
1,34,15,34,34,34,34,34
1,34,16,34,34,34,34,34
1,34,17,34,34,34,34,34
1,34,18,546,546,546,546,546
1,34,19,546,546,546,546,546
1,34,20,546,546,546,546,546
1,34,21,546,546,546,546,546
1,34,22,546,546,546,546,546
1,34,23,546,546,546,546,546
1,34,24,546,546,546,546,546
1,34,25,546,546,546,546,546
1,34,26,546,546,546,546,546
1,34,27,544,544,544,544,544
1,34,28,544,544,544,544,544
1,34,29,544,544,544,544,544
1,34,30,544,544,544,544,544
1,34,31,544,544,544,544,544
1,34,32,544,544,544,544,544
1,34,33,544,544,544,544,544
1,34,34,544,544,544,544,544
1,34,35,544,544,544,544,544
1,34,36,34,34,34,34,34
1,34,37,34,34,34,34,34
1,34,38,34,34,34,34,34
1,34,39,34,34,34,34,34
1,34,40,34,34,34,34,34
1,34,41,34,34,34,34,34
1,34,42,34,34,34,34,34
1,34,43,34,34,34,34,34
1,34,44,34,34,34,34,34
1,34,45,546,546,546,546,546
1,34,46,546,546,546,546,546
1,34,47,546,546,546,546,546
1,34,48,546,546,546,546,546
1,34,49,546,546,546,546,546
1,34,50,546,546,546,546,546
1,34,51,546,546,546,546,546
1,34,52,546,546,546,546,546
1,34,53,546,546,546,546,546
1,34,54,544,544,544,544,544
1,34,55,544,544,544,544,544
1,34,56,544,544,544,544,544
1,34,57,544,544,544,544,544
1,34,58,544,544,544,544,544
1,34,59,544,544,544,544,544
1,34,60,544,544,544,544,544
1,34,61,544,544,544,544,544
1,34,62,544,544,544,544,544
1,34,63,34,34,34,34,34
1,34,64,34,34,34,34,34
1,34,65,34,34,34,34,34
1,34,66,34,34,34,34,34
1,34,67,34,34,34,34,34
1,34,68,34,34,34,34,34
1,34,69,34,34,34,34,34
1,34,70,34,34,34,34,34
1,34,71,34,34,34,34,34
1,34,72,546,546,546,546,546
1,34,73,546,546,546,546,546
1,34,74,546,546,546,546,546
1,34,75,546,546,546,546,546
1,34,76,546,546,546,546,546
1,34,77,546,546,546,546,546
1,34,78,546,546,546,546,546
1,34,79,546,546,546,546,546
1,34,80,546,546,546,546,546
1,35,0,544,544,544,544,544
1,35,1,544,544,544,544,544
1,35,2,544,544,544,544,544
1,35,3,544,544,544,544,544
1,35,4,544,544,544,544,544
1,35,5,544,544,544,544,544
1,35,6,544,544,544,544,544
1,35,7,544,544,544,544,544
1,35,8,544,544,544,544,544
1,35,9,34,34,34,34,34
1,35,10,34,34,34,34,34
1,35,11,34,34,34,34,34
1,35,12,34,34,34,34,34
1,35,13,34,34,34,34,34
1,35,14,34,34,34,34,34
1,35,15,34,34,34,34,34
1,35,16,34,34,34,34,34
1,35,17,34,34,34,34,34
1,35,18,546,546,546,546,546
1,35,19,546,546,546,546,546
1,35,20,546,546,546,546,546
1,35,21,546,546,546,546,546
1,35,22,546,546,546,546,546
1,35,23,546,546,546,546,546
1,35,24,546,546,546,546,546
1,35,25,546,546,546,546,546
1,35,26,546,546,546,546,546
1,35,27,544,544,544,544,544
1,35,28,544,544,544,544,544
1,35,29,544,544,544,544,544
1,35,30,544,544,544,544,544
1,35,31,544,544,544,544,544
1,35,32,544,544,544,544,544
1,35,33,544,544,544,544,544
1,35,34,544,544,544,544,544
1,35,35,544,544,544,544,544
1,35,36,34,34,34,34,34
1,35,37,34,34,34,34,34
1,35,38,34,34,34,34,34
1,35,39,34,34,34,34,34
1,35,40,34,34,34,34,34
1,35,41,34,34,34,34,34
1,35,42,34,34,34,34,34
1,35,43,34,34,34,34,34
1,35,44,34,34,34,34,34
1,35,45,546,546,546,546,546
1,35,46,546,546,546,546,546
1,35,47,546,546,546,546,546
1,35,48,546,546,546,546,546
1,35,49,546,546,546,546,546
1,35,50,546,546,546,546,546
1,35,51,546,546,546,546,546
1,35,52,546,546,546,546,546
1,35,53,546,546,546,546,546
1,35,54,544,544,544,544,544
1,35,55,544,544,544,544,544
1,35,56,544,544,544,544,544
1,35,57,544,544,544,544,544
1,35,58,544,544,544,544,544
1,35,59,544,544,544,544,544
1,35,60,544,544,544,544,544
1,35,61,544,544,544,544,544
1,35,62,544,544,544,544,544
1,35,63,34,34,34,34,34
1,35,64,34,34,34,34,34
1,35,65,34,34,34,34,34
1,35,66,34,34,34,34,34
1,35,67,34,34,34,34,34
1,35,68,34,34,34,34,34
1,35,69,34,34,34,34,34
1,35,70,34,34,34,34,34
1,35,71,34,34,34,34,34
1,35,72,546,546,546,546,546
1,35,73,546,546,546,546,546
1,35,74,546,546,546,546,546
1,35,75,546,546,546,546,546
1,35,76,546,546,546,546,546
1,35,77,546,546,546,546,546
1,35,78,546,546,546,546,546
1,35,79,546,546,546,546,546
1,35,80,546,546,546,546,546
1,36,0,2080,2208,2208,2208,2208
1,36,1,40,40,40,40,40
1,36,2,2088,2216,2216,2216,2216
1,36,3,2080,2208,2208,2208,2208
1,36,4,40,40,40,40,40
1,36,5,2088,2216,2216,2216,2216
1,36,6,2080,2208,2208,2208,2208
1,36,7,40,40,40,40,40
1,36,8,2088,2216,2216,2216,2216
1,36,9,2080,2208,2208,2208,2208
1,36,10,40,40,40,40,40
1,36,11,2088,2216,2216,2216,2216
1,36,12,2080,2208,2208,2208,2208
1,36,13,40,40,40,40,40
1,36,14,2088,2216,2216,2216,2216
1,36,15,2080,2208,2208,2208,2208
1,36,16,40,40,40,40,40
1,36,17,2088,2216,2216,2216,2216
1,36,18,2080,2208,2208,2208,2208
1,36,19,40,40,40,40,40
1,36,20,2088,2216,2216,2216,2216
1,36,21,2080,2208,2208,2208,2208
1,36,22,40,40,40,40,40
1,36,23,2088,2216,2216,2216,2216
1,36,24,2080,2208,2208,2208,2208
1,36,25,40,40,40,40,40
1,36,26,2088,2216,2216,2216,2216
1,36,27,2080,2208,2208,2208,2208
1,36,28,40,40,40,40,40
1,36,29,2088,2216,2216,2216,2216
1,36,30,2080,2208,2208,2208,2208
1,36,31,40,40,40,40,40
1,36,32,2088,2216,2216,2216,2216
1,36,33,2080,2208,2208,2208,2208
1,36,34,40,40,40,40,40
1,36,35,2088,2216,2216,2216,2216
1,36,36,2080,2208,2208,2208,2208
1,36,37,40,40,40,40,40
1,36,38,2088,2216,2216,2216,2216
1,36,39,2080,2208,2208,2208,2208
1,36,40,40,40,40,40,40
1,36,41,2088,2216,2216,2216,2216
1,36,42,2080,2208,2208,2208,2208
1,36,43,40,40,40,40,40
1,36,44,2088,2216,2216,2216,2216
1,36,45,2080,2208,2208,2208,2208
1,36,46,40,40,40,40,40
1,36,47,2088,2216,2216,2216,2216
1,36,48,2080,2208,2208,2208,2208
1,36,49,40,40,40,40,40
1,36,50,2088,2216,2216,2216,2216
1,36,51,2080,2208,2208,2208,2208
1,36,52,40,40,40,40,40
1,36,53,2088,2216,2216,2216,2216
1,36,54,2080,2208,2208,2208,2208
1,36,55,40,40,40,40,40
1,36,56,2088,2216,2216,2216,2216
1,36,57,2080,2208,2208,2208,2208
1,36,58,40,40,40,40,40
1,36,59,2088,2216,2216,2216,2216
1,36,60,2080,2208,2208,2208,2208
1,36,61,40,40,40,40,40
1,36,62,2088,2216,2216,2216,2216
1,36,63,2080,2208,2208,2208,2208
1,36,64,40,40,40,40,40
1,36,65,2088,2216,2216,2216,2216
1,36,66,2080,2208,2208,2208,2208
1,36,67,40,40,40,40,40
1,36,68,2088,2216,2216,2216,2216
1,36,69,2080,2208,2208,2208,2208
1,36,70,40,40,40,40,40
1,36,71,2088,2216,2216,2216,2216
1,36,72,2080,2208,2208,2208,2208
1,36,73,40,40,40,40,40
1,36,74,2088,2216,2216,2216,2216
1,36,75,2080,2208,2208,2208,2208
1,36,76,40,40,40,40,40
1,36,77,2088,2216,2216,2216,2216
1,36,78,2080,2208,2208,2208,2208
1,36,79,40,40,40,40,40
1,36,80,2088,2216,2216,2216,2216
1,37,0,2592,2720,2720,2720,2720
1,37,1,552,552,552,552,552
1,37,2,2600,2728,2728,2728,2728
1,37,3,2592,2720,2720,2720,2720
1,37,4,552,552,552,552,552
1,37,5,2600,2728,2728,2728,2728
1,37,6,2592,2720,2720,2720,2720
1,37,7,552,552,552,552,552
1,37,8,2600,2728,2728,2728,2728
1,37,9,2082,2210,2210,2210,2210
1,37,10,42,42,42,42,42
1,37,11,2090,2218,2218,2218,2218
1,37,12,2082,2210,2210,2210,2210
1,37,13,42,42,42,42,42
1,37,14,2090,2218,2218,2218,2218
1,37,15,2082,2210,2210,2210,2210
1,37,16,42,42,42,42,42
1,37,17,2090,2218,2218,2218,2218
1,37,18,2594,2722,2722,2722,2722
1,37,19,554,554,554,554,554
1,37,20,2602,2730,2730,2730,2730
1,37,21,2594,2722,2722,2722,2722
1,37,22,554,554,554,554,554
1,37,23,2602,2730,2730,2730,2730
1,37,24,2594,2722,2722,2722,2722
1,37,25,554,554,554,554,554
1,37,26,2602,2730,2730,2730,2730
1,37,27,2592,2720,2720,2720,2720
1,37,28,552,552,552,552,552
1,37,29,2600,2728,2728,2728,2728
1,37,30,2592,2720,2720,2720,2720
1,37,31,552,552,552,552,552
1,37,32,2600,2728,2728,2728,2728
1,37,33,2592,2720,2720,2720,2720
1,37,34,552,552,552,552,552
1,37,35,2600,2728,2728,2728,2728
1,37,36,2082,2210,2210,2210,2210
1,37,37,42,42,42,42,42
1,37,38,2090,2218,2218,2218,2218
1,37,39,2082,2210,2210,2210,2210
1,37,40,42,42,42,42,42
1,37,41,2090,2218,2218,2218,2218
1,37,42,2082,2210,2210,2210,2210
1,37,43,42,42,42,42,42
1,37,44,2090,2218,2218,2218,2218
1,37,45,2594,2722,2722,2722,2722
1,37,46,554,554,554,554,554
1,37,47,2602,2730,2730,2730,2730
1,37,48,2594,2722,2722,2722,2722
1,37,49,554,554,554,554,554
1,37,50,2602,2730,2730,2730,2730
1,37,51,2594,2722,2722,2722,2722
1,37,52,554,554,554,554,554
1,37,53,2602,2730,2730,2730,2730
1,37,54,2592,2720,2720,2720,2720
1,37,55,552,552,552,552,552
1,37,56,2600,2728,2728,2728,2728
1,37,57,2592,2720,2720,2720,2720
1,37,58,552,552,552,552,552
1,37,59,2600,2728,2728,2728,2728
1,37,60,2592,2720,2720,2720,2720
1,37,61,552,552,552,552,552
1,37,62,2600,2728,2728,2728,2728
1,37,63,2082,2210,2210,2210,2210
1,37,64,42,42,42,42,42
1,37,65,2090,2218,2218,2218,2218
1,37,66,2082,2210,2210,2210,2210
1,37,67,42,42,42,42,42
1,37,68,2090,2218,2218,2218,2218
1,37,69,2082,2210,2210,2210,2210
1,37,70,42,42,42,42,42
1,37,71,2090,2218,2218,2218,2218
1,37,72,2594,2722,2722,2722,2722
1,37,73,554,554,554,554,554
1,37,74,2602,2730,2730,2730,2730
1,37,75,2594,2722,2722,2722,2722
1,37,76,554,554,554,554,554
1,37,77,2602,2730,2730,2730,2730
1,37,78,2594,2722,2722,2722,2722
1,37,79,554,554,554,554,554
1,37,80,2602,2730,2730,2730,2730
1,38,0,2592,2720,2720,2720,2720
1,38,1,552,552,552,552,552
1,38,2,2600,2728,2728,2728,2728
1,38,3,2592,2720,2720,2720,2720
1,38,4,552,552,552,552,552
1,38,5,2600,2728,2728,2728,2728
1,38,6,2592,2720,2720,2720,2720
1,38,7,552,552,552,552,552
1,38,8,2600,2728,2728,2728,2728
1,38,9,2082,2210,2210,2210,2210
1,38,10,42,42,42,42,42
1,38,11,2090,2218,2218,2218,2218
1,38,12,2082,2210,2210,2210,2210
1,38,13,42,42,42,42,42
1,38,14,2090,2218,2218,2218,2218
1,38,15,2082,2210,2210,2210,2210
1,38,16,42,42,42,42,42
1,38,17,2090,2218,2218,2218,2218
1,38,18,2594,2722,2722,2722,2722
1,38,19,554,554,554,554,554
1,38,20,2602,2730,2730,2730,2730
1,38,21,2594,2722,2722,2722,2722
1,38,22,554,554,554,554,554
1,38,23,2602,2730,2730,2730,2730
1,38,24,2594,2722,2722,2722,2722
1,38,25,554,554,554,554,554
1,38,26,2602,2730,2730,2730,2730
1,38,27,2592,2720,2720,2720,2720
1,38,28,552,552,552,552,552
1,38,29,2600,2728,2728,2728,2728
1,38,30,2592,2720,2720,2720,2720
1,38,31,552,552,552,552,552
1,38,32,2600,2728,2728,2728,2728
1,38,33,2592,2720,2720,2720,2720
1,38,34,552,552,552,552,552
1,38,35,2600,2728,2728,2728,2728
1,38,36,2082,2210,2210,2210,2210
1,38,37,42,42,42,42,42
1,38,38,2090,2218,2218,2218,2218
1,38,39,2082,2210,2210,2210,2210
1,38,40,42,42,42,42,42
1,38,41,2090,2218,2218,2218,2218
1,38,42,2082,2210,2210,2210,2210
1,38,43,42,42,42,42,42
1,38,44,2090,2218,2218,2218,2218
1,38,45,2594,2722,2722,2722,2722
1,38,46,554,554,554,554,554
1,38,47,2602,2730,2730,2730,2730
1,38,48,2594,2722,2722,2722,2722
1,38,49,554,554,554,554,554
1,38,50,2602,2730,2730,2730,2730
1,38,51,2594,2722,2722,2722,2722
1,38,52,554,554,554,554,554
1,38,53,2602,2730,2730,2730,2730
1,38,54,2592,2720,2720,2720,2720
1,38,55,552,552,552,552,552
1,38,56,2600,2728,2728,2728,2728
1,38,57,2592,2720,2720,2720,2720
1,38,58,552,552,552,552,552
1,38,59,2600,2728,2728,2728,2728
1,38,60,2592,2720,2720,2720,2720
1,38,61,552,552,552,552,552
1,38,62,2600,2728,2728,2728,2728
1,38,63,2082,2210,2210,2210,2210
1,38,64,42,42,42,42,42
1,38,65,2090,2218,2218,2218,2218
1,38,66,2082,2210,2210,2210,2210
1,38,67,42,42,42,42,42
1,38,68,2090,2218,2218,2218,2218
1,38,69,2082,2210,2210,2210,2210
1,38,70,42,42,42,42,42
1,38,71,2090,2218,2218,2218,2218
1,38,72,2594,2722,2722,2722,2722
1,38,73,554,554,554,554,554
1,38,74,2602,2730,2730,2730,2730
1,38,75,2594,2722,2722,2722,2722
1,38,76,554,554,554,554,554
1,38,77,2602,2730,2730,2730,2730
1,38,78,2594,2722,2722,2722,2722
1,38,79,554,554,554,554,554
1,38,80,2602,2730,2730,2730,2730
1,39,0,2592,2720,2720,2720,2720
1,39,1,552,552,552,552,552
1,39,2,2600,2728,2728,2728,2728
1,39,3,2592,2720,2720,2720,2720
1,39,4,552,552,552,552,552
1,39,5,2600,2728,2728,2728,2728
1,39,6,2592,2720,2720,2720,2720
1,39,7,552,552,552,552,552
1,39,8,2600,2728,2728,2728,2728
1,39,9,2082,2210,2210,2210,2210
1,39,10,42,42,42,42,42
1,39,11,2090,2218,2218,2218,2218
1,39,12,2082,2210,2210,2210,2210
1,39,13,42,42,42,42,42
1,39,14,2090,2218,2218,2218,2218
1,39,15,2082,2210,2210,2210,2210
1,39,16,42,42,42,42,42
1,39,17,2090,2218,2218,2218,2218
1,39,18,2594,2722,2722,2722,2722
1,39,19,554,554,554,554,554
1,39,20,2602,2730,2730,2730,2730
1,39,21,2594,2722,2722,2722,2722
1,39,22,554,554,554,554,554
1,39,23,2602,2730,2730,2730,2730
1,39,24,2594,2722,2722,2722,2722
1,39,25,554,554,554,554,554
1,39,26,2602,2730,2730,2730,2730
1,39,27,2592,2720,2720,2720,2720
1,39,28,552,552,552,552,552
1,39,29,2600,2728,2728,2728,2728
1,39,30,2592,2720,2720,2720,2720
1,39,31,552,552,552,552,552
1,39,32,2600,2728,2728,2728,2728
1,39,33,2592,2720,2720,2720,2720
1,39,34,552,552,552,552,552
1,39,35,2600,2728,2728,2728,2728
1,39,36,2082,2210,2210,2210,2210
1,39,37,42,42,42,42,42
1,39,38,2090,2218,2218,2218,2218
1,39,39,2082,2210,2210,2210,2210
1,39,40,42,42,42,42,42
1,39,41,2090,2218,2218,2218,2218
1,39,42,2082,2210,2210,2210,2210
1,39,43,42,42,42,42,42
1,39,44,2090,2218,2218,2218,2218
1,39,45,2594,2722,2722,2722,2722
1,39,46,554,554,554,554,554
1,39,47,2602,2730,2730,2730,2730
1,39,48,2594,2722,2722,2722,2722
1,39,49,554,554,554,554,554
1,39,50,2602,2730,2730,2730,2730
1,39,51,2594,2722,2722,2722,2722
1,39,52,554,554,554,554,554
1,39,53,2602,2730,2730,2730,2730
1,39,54,2592,2720,2720,2720,2720
1,39,55,552,552,552,552,552
1,39,56,2600,2728,2728,2728,2728
1,39,57,2592,2720,2720,2720,2720
1,39,58,552,552,552,552,552
1,39,59,2600,2728,2728,2728,2728
1,39,60,2592,2720,2720,2720,2720
1,39,61,552,552,552,552,552
1,39,62,2600,2728,2728,2728,2728
1,39,63,2082,2210,2210,2210,2210
1,39,64,42,42,42,42,42
1,39,65,2090,2218,2218,2218,2218
1,39,66,2082,2210,2210,2210,2210
1,39,67,42,42,42,42,42
1,39,68,2090,2218,2218,2218,2218
1,39,69,2082,2210,2210,2210,2210
1,39,70,42,42,42,42,42
1,39,71,2090,2218,2218,2218,2218
1,39,72,2594,2722,2722,2722,2722
1,39,73,554,554,554,554,554
1,39,74,2602,2730,2730,2730,2730
1,39,75,2594,2722,2722,2722,2722
1,39,76,554,554,554,554,554
1,39,77,2602,2730,2730,2730,2730
1,39,78,2594,2722,2722,2722,2722
1,39,79,554,554,554,554,554
1,39,80,2602,2730,2730,2730,2730
1,40,0,2080,2208,2208,2208,2208
1,40,1,40,40,40,40,40
1,40,2,2088,2216,2216,2216,2216
1,40,3,2080,2208,2208,2208,2208
1,40,4,40,40,40,40,40
1,40,5,2088,2216,2216,2216,2216
1,40,6,2080,2208,2208,2208,2208
1,40,7,40,40,40,40,40
1,40,8,2088,2216,2216,2216,2216
1,40,9,2080,2208,2208,2208,2208
1,40,10,40,40,40,40,40
1,40,11,2088,2216,2216,2216,2216
1,40,12,2080,2208,2208,2208,2208
1,40,13,40,40,40,40,40
1,40,14,2088,2216,2216,2216,2216
1,40,15,2080,2208,2208,2208,2208
1,40,16,40,40,40,40,40
1,40,17,2088,2216,2216,2216,2216
1,40,18,2080,2208,2208,2208,2208
1,40,19,40,40,40,40,40
1,40,20,2088,2216,2216,2216,2216
1,40,21,2080,2208,2208,2208,2208
1,40,22,40,40,40,40,40
1,40,23,2088,2216,2216,2216,2216
1,40,24,2080,2208,2208,2208,2208
1,40,25,40,40,40,40,40
1,40,26,2088,2216,2216,2216,2216
1,40,27,2080,2208,2208,2208,2208
1,40,28,40,40,40,40,40
1,40,29,2088,2216,2216,2216,2216
1,40,30,2080,2208,2208,2208,2208
1,40,31,40,40,40,40,40
1,40,32,2088,2216,2216,2216,2216
1,40,33,2080,2208,2208,2208,2208
1,40,34,40,40,40,40,40
1,40,35,2088,2216,2216,2216,2216
1,40,36,2080,2208,2208,2208,2208
1,40,37,40,40,40,40,40
1,40,38,2088,2216,2216,2216,2216
1,40,39,2080,2208,2208,2208,2208
1,40,40,40,40,40,40,40
1,40,41,2088,2216,2216,2216,2216
1,40,42,2080,2208,2208,2208,2208
1,40,43,40,40,40,40,40
1,40,44,2088,2216,2216,2216,2216
1,40,45,2080,2208,2208,2208,2208
1,40,46,40,40,40,40,40
1,40,47,2088,2216,2216,2216,2216
1,40,48,2080,2208,2208,2208,2208
1,40,49,40,40,40,40,40
1,40,50,2088,2216,2216,2216,2216
1,40,51,2080,2208,2208,2208,2208
1,40,52,40,40,40,40,40
1,40,53,2088,2216,2216,2216,2216
1,40,54,2080,2208,2208,2208,2208
1,40,55,40,40,40,40,40
1,40,56,2088,2216,2216,2216,2216
1,40,57,2080,2208,2208,2208,2208
1,40,58,40,40,40,40,40
1,40,59,2088,2216,2216,2216,2216
1,40,60,2080,2208,2208,2208,2208
1,40,61,40,40,40,40,40
1,40,62,2088,2216,2216,2216,2216
1,40,63,2080,2208,2208,2208,2208
1,40,64,40,40,40,40,40
1,40,65,2088,2216,2216,2216,2216
1,40,66,2080,2208,2208,2208,2208
1,40,67,40,40,40,40,40
1,40,68,2088,2216,2216,2216,2216
1,40,69,2080,2208,2208,2208,2208
1,40,70,40,40,40,40,40
1,40,71,2088,2216,2216,2216,2216
1,40,72,2080,2208,2208,2208,2208
1,40,73,40,40,40,40,40
1,40,74,2088,2216,2216,2216,2216
1,40,75,2080,2208,2208,2208,2208
1,40,76,40,40,40,40,40
1,40,77,2088,2216,2216,2216,2216
1,40,78,2080,2208,2208,2208,2208
1,40,79,40,40,40,40,40
1,40,80,2088,2216,2216,2216,2216
1,41,0,2592,2720,2720,2720,2720
1,41,1,552,552,552,552,552
1,41,2,2600,2728,2728,2728,2728
1,41,3,2592,2720,2720,2720,2720
1,41,4,552,552,552,552,552
1,41,5,2600,2728,2728,2728,2728
1,41,6,2592,2720,2720,2720,2720
1,41,7,552,552,552,552,552
1,41,8,2600,2728,2728,2728,2728
1,41,9,2082,2210,2210,2210,2210
1,41,10,42,42,42,42,42
1,41,11,2090,2218,2218,2218,2218
1,41,12,2082,2210,2210,2210,2210
1,41,13,42,42,42,42,42
1,41,14,2090,2218,2218,2218,2218
1,41,15,2082,2210,2210,2210,2210
1,41,16,42,42,42,42,42
1,41,17,2090,2218,2218,2218,2218
1,41,18,2594,2722,2722,2722,2722
1,41,19,554,554,554,554,554
1,41,20,2602,2730,2730,2730,2730
1,41,21,2594,2722,2722,2722,2722
1,41,22,554,554,554,554,554
1,41,23,2602,2730,2730,2730,2730
1,41,24,2594,2722,2722,2722,2722
1,41,25,554,554,554,554,554
1,41,26,2602,2730,2730,2730,2730
1,41,27,2592,2720,2720,2720,2720
1,41,28,552,552,552,552,552
1,41,29,2600,2728,2728,2728,2728
1,41,30,2592,2720,2720,2720,2720
1,41,31,552,552,552,552,552
1,41,32,2600,2728,2728,2728,2728
1,41,33,2592,2720,2720,2720,2720
1,41,34,552,552,552,552,552
1,41,35,2600,2728,2728,2728,2728
1,41,36,2082,2210,2210,2210,2210
1,41,37,42,42,42,42,42
1,41,38,2090,2218,2218,2218,2218
1,41,39,2082,2210,2210,2210,2210
1,41,40,42,42,42,42,42
1,41,41,2090,2218,2218,2218,2218
1,41,42,2082,2210,2210,2210,2210
1,41,43,42,42,42,42,42
1,41,44,2090,2218,2218,2218,2218
1,41,45,2594,2722,2722,2722,2722
1,41,46,554,554,554,554,554
1,41,47,2602,2730,2730,2730,2730
1,41,48,2594,2722,2722,2722,2722
1,41,49,554,554,554,554,554
1,41,50,2602,2730,2730,2730,2730
1,41,51,2594,2722,2722,2722,2722
1,41,52,554,554,554,554,554
1,41,53,2602,2730,2730,2730,2730
1,41,54,2592,2720,2720,2720,2720
1,41,55,552,552,552,552,552
1,41,56,2600,2728,2728,2728,2728
1,41,57,2592,2720,2720,2720,2720
1,41,58,552,552,552,552,552
1,41,59,2600,2728,2728,2728,2728
1,41,60,2592,2720,2720,2720,2720
1,41,61,552,552,552,552,552
1,41,62,2600,2728,2728,2728,2728
1,41,63,2082,2210,2210,2210,2210
1,41,64,42,42,42,42,42
1,41,65,2090,2218,2218,2218,2218
1,41,66,2082,2210,2210,2210,2210
1,41,67,42,42,42,42,42
1,41,68,2090,2218,2218,2218,2218
1,41,69,2082,2210,2210,2210,2210
1,41,70,42,42,42,42,42
1,41,71,2090,2218,2218,2218,2218
1,41,72,2594,2722,2722,2722,2722
1,41,73,554,554,554,554,554
1,41,74,2602,2730,2730,2730,2730
1,41,75,2594,2722,2722,2722,2722
1,41,76,554,554,554,554,554
1,41,77,2602,2730,2730,2730,2730
1,41,78,2594,2722,2722,2722,2722
1,41,79,554,554,554,554,554
1,41,80,2602,2730,2730,2730,2730
1,42,0,2592,2720,2720,2720,2720
1,42,1,552,552,552,552,552
1,42,2,2600,2728,2728,2728,2728
1,42,3,2592,2720,2720,2720,2720
1,42,4,552,552,552,552,552
1,42,5,2600,2728,2728,2728,2728
1,42,6,2592,2720,2720,2720,2720
1,42,7,552,552,552,552,552
1,42,8,2600,2728,2728,2728,2728
1,42,9,2082,2210,2210,2210,2210
1,42,10,42,42,42,42,42
1,42,11,2090,2218,2218,2218,2218
1,42,12,2082,2210,2210,2210,2210
1,42,13,42,42,42,42,42
1,42,14,2090,2218,2218,2218,2218
1,42,15,2082,2210,2210,2210,2210
1,42,16,42,42,42,42,42
1,42,17,2090,2218,2218,2218,2218
1,42,18,2594,2722,2722,2722,2722
1,42,19,554,554,554,554,554
1,42,20,2602,2730,2730,2730,2730
1,42,21,2594,2722,2722,2722,2722
1,42,22,554,554,554,554,554
1,42,23,2602,2730,2730,2730,2730
1,42,24,2594,2722,2722,2722,2722
1,42,25,554,554,554,554,554
1,42,26,2602,2730,2730,2730,2730
1,42,27,2592,2720,2720,2720,2720
1,42,28,552,552,552,552,552
1,42,29,2600,2728,2728,2728,2728
1,42,30,2592,2720,2720,2720,2720
1,42,31,552,552,552,552,552
1,42,32,2600,2728,2728,2728,2728
1,42,33,2592,2720,2720,2720,2720
1,42,34,552,552,552,552,552
1,42,35,2600,2728,2728,2728,2728
1,42,36,2082,2210,2210,2210,2210
1,42,37,42,42,42,42,42
1,42,38,2090,2218,2218,2218,2218
1,42,39,2082,2210,2210,2210,2210
1,42,40,42,42,42,42,42
1,42,41,2090,2218,2218,2218,2218
1,42,42,2082,2210,2210,2210,2210
1,42,43,42,42,42,42,42
1,42,44,2090,2218,2218,2218,2218
1,42,45,2594,2722,2722,2722,2722
1,42,46,554,554,554,554,554
1,42,47,2602,2730,2730,2730,2730
1,42,48,2594,2722,2722,2722,2722
1,42,49,554,554,554,554,554
1,42,50,2602,2730,2730,2730,2730
1,42,51,2594,2722,2722,2722,2722
1,42,52,554,554,554,554,554
1,42,53,2602,2730,2730,2730,2730
1,42,54,2592,2720,2720,2720,2720
1,42,55,552,552,552,552,552
1,42,56,2600,2728,2728,2728,2728
1,42,57,2592,2720,2720,2720,2720
1,42,58,552,552,552,552,552
1,42,59,2600,2728,2728,2728,2728
1,42,60,2592,2720,2720,2720,2720
1,42,61,552,552,552,552,552
1,42,62,2600,2728,2728,2728,2728
1,42,63,2082,2210,2210,2210,2210
1,42,64,42,42,42,42,42
1,42,65,2090,2218,2218,2218,2218
1,42,66,2082,2210,2210,2210,2210
1,42,67,42,42,42,42,42
1,42,68,2090,2218,2218,2218,2218
1,42,69,2082,2210,2210,2210,2210
1,42,70,42,42,42,42,42
1,42,71,2090,2218,2218,2218,2218
1,42,72,2594,2722,2722,2722,2722
1,42,73,554,554,554,554,554
1,42,74,2602,2730,2730,2730,2730
1,42,75,2594,2722,2722,2722,2722
1,42,76,554,554,554,554,554
1,42,77,2602,2730,2730,2730,2730
1,42,78,2594,2722,2722,2722,2722
1,42,79,554,554,554,554,554
1,42,80,2602,2730,2730,2730,2730
1,43,0,2592,2720,2720,2720,2720
1,43,1,552,552,552,552,552
1,43,2,2600,2728,2728,2728,2728
1,43,3,2592,2720,2720,2720,2720
1,43,4,552,552,552,552,552
1,43,5,2600,2728,2728,2728,2728
1,43,6,2592,2720,2720,2720,2720
1,43,7,552,552,552,552,552
1,43,8,2600,2728,2728,2728,2728
1,43,9,2082,2210,2210,2210,2210
1,43,10,42,42,42,42,42
1,43,11,2090,2218,2218,2218,2218
1,43,12,2082,2210,2210,2210,2210
1,43,13,42,42,42,42,42
1,43,14,2090,2218,2218,2218,2218
1,43,15,2082,2210,2210,2210,2210
1,43,16,42,42,42,42,42
1,43,17,2090,2218,2218,2218,2218
1,43,18,2594,2722,2722,2722,2722
1,43,19,554,554,554,554,554
1,43,20,2602,2730,2730,2730,2730
1,43,21,2594,2722,2722,2722,2722
1,43,22,554,554,554,554,554
1,43,23,2602,2730,2730,2730,2730
1,43,24,2594,2722,2722,2722,2722
1,43,25,554,554,554,554,554
1,43,26,2602,2730,2730,2730,2730
1,43,27,2592,2720,2720,2720,2720
1,43,28,552,552,552,552,552
1,43,29,2600,2728,2728,2728,2728
1,43,30,2592,2720,2720,2720,2720
1,43,31,552,552,552,552,552
1,43,32,2600,2728,2728,2728,2728
1,43,33,2592,2720,2720,2720,2720
1,43,34,552,552,552,552,552
1,43,35,2600,2728,2728,2728,2728
1,43,36,2082,2210,2210,2210,2210
1,43,37,42,42,42,42,42
1,43,38,2090,2218,2218,2218,2218
1,43,39,2082,2210,2210,2210,2210
1,43,40,42,42,42,42,42
1,43,41,2090,2218,2218,2218,2218
1,43,42,2082,2210,2210,2210,2210
1,43,43,42,42,42,42,42
1,43,44,2090,2218,2218,2218,2218
1,43,45,2594,2722,2722,2722,2722
1,43,46,554,554,554,554,554
1,43,47,2602,2730,2730,2730,2730
1,43,48,2594,2722,2722,2722,2722
1,43,49,554,554,554,554,554
1,43,50,2602,2730,2730,2730,2730
1,43,51,2594,2722,2722,2722,2722
1,43,52,554,554,554,554,554
1,43,53,2602,2730,2730,2730,2730
1,43,54,2592,2720,2720,2720,2720
1,43,55,552,552,552,552,552
1,43,56,2600,2728,2728,2728,2728
1,43,57,2592,2720,2720,2720,2720
1,43,58,552,552,552,552,552
1,43,59,2600,2728,2728,2728,2728
1,43,60,2592,2720,2720,2720,2720
1,43,61,552,552,552,552,552
1,43,62,2600,2728,2728,2728,2728
1,43,63,2082,2210,2210,2210,2210
1,43,64,42,42,42,42,42
1,43,65,2090,2218,2218,2218,2218
1,43,66,2082,2210,2210,2210,2210
1,43,67,42,42,42,42,42
1,43,68,2090,2218,2218,2218,2218
1,43,69,2082,2210,2210,2210,2210
1,43,70,42,42,42,42,42
1,43,71,2090,2218,2218,2218,2218
1,43,72,2594,2722,2722,2722,2722
1,43,73,554,554,554,554,554
1,43,74,2602,2730,2730,2730,2730
1,43,75,2594,2722,2722,2722,2722
1,43,76,554,554,554,554,554
1,43,77,2602,2730,2730,2730,2730
1,43,78,2594,2722,2722,2722,2722
1,43,79,554,554,554,554,554
1,43,80,2602,2730,2730,2730,2730
1,44,0,2080,2208,2208,2208,2208
1,44,1,40,40,40,40,40
1,44,2,2088,2216,2216,2216,2216
1,44,3,2080,2208,2208,2208,2208
1,44,4,40,40,40,40,40
1,44,5,2088,2216,2216,2216,2216
1,44,6,2080,2208,2208,2208,2208
1,44,7,40,40,40,40,40
1,44,8,2088,2216,2216,2216,2216
1,44,9,2080,2208,2208,2208,2208
1,44,10,40,40,40,40,40
1,44,11,2088,2216,2216,2216,2216
1,44,12,2080,2208,2208,2208,2208
1,44,13,40,40,40,40,40
1,44,14,2088,2216,2216,2216,2216
1,44,15,2080,2208,2208,2208,2208
1,44,16,40,40,40,40,40
1,44,17,2088,2216,2216,2216,2216
1,44,18,2080,2208,2208,2208,2208
1,44,19,40,40,40,40,40
1,44,20,2088,2216,2216,2216,2216
1,44,21,2080,2208,2208,2208,2208
1,44,22,40,40,40,40,40
1,44,23,2088,2216,2216,2216,2216
1,44,24,2080,2208,2208,2208,2208
1,44,25,40,40,40,40,40
1,44,26,2088,2216,2216,2216,2216
1,44,27,2080,2208,2208,2208,2208
1,44,28,40,40,40,40,40
1,44,29,2088,2216,2216,2216,2216
1,44,30,2080,2208,2208,2208,2208
1,44,31,40,40,40,40,40
1,44,32,2088,2216,2216,2216,2216
1,44,33,2080,2208,2208,2208,2208
1,44,34,40,40,40,40,40
1,44,35,2088,2216,2216,2216,2216
1,44,36,2080,2208,2208,2208,2208
1,44,37,40,40,40,40,40
1,44,38,2088,2216,2216,2216,2216
1,44,39,2080,2208,2208,2208,2208
1,44,40,40,40,40,40,40
1,44,41,2088,2216,2216,2216,2216
1,44,42,2080,2208,2208,2208,2208
1,44,43,40,40,40,40,40
1,44,44,2088,2216,2216,2216,2216
1,44,45,2080,2208,2208,2208,2208
1,44,46,40,40,40,40,40
1,44,47,2088,2216,2216,2216,2216
1,44,48,2080,2208,2208,2208,2208
1,44,49,40,40,40,40,40
1,44,50,2088,2216,2216,2216,2216
1,44,51,2080,2208,2208,2208,2208
1,44,52,40,40,40,40,40
1,44,53,2088,2216,2216,2216,2216
1,44,54,2080,2208,2208,2208,2208
1,44,55,40,40,40,40,40
1,44,56,2088,2216,2216,2216,2216
1,44,57,2080,2208,2208,2208,2208
1,44,58,40,40,40,40,40
1,44,59,2088,2216,2216,2216,2216
1,44,60,2080,2208,2208,2208,2208
1,44,61,40,40,40,40,40
1,44,62,2088,2216,2216,2216,2216
1,44,63,2080,2208,2208,2208,2208
1,44,64,40,40,40,40,40
1,44,65,2088,2216,2216,2216,2216
1,44,66,2080,2208,2208,2208,2208
1,44,67,40,40,40,40,40
1,44,68,2088,2216,2216,2216,2216
1,44,69,2080,2208,2208,2208,2208
1,44,70,40,40,40,40,40
1,44,71,2088,2216,2216,2216,2216
1,44,72,2080,2208,2208,2208,2208
1,44,73,40,40,40,40,40
1,44,74,2088,2216,2216,2216,2216
1,44,75,2080,2208,2208,2208,2208
1,44,76,40,40,40,40,40
1,44,77,2088,2216,2216,2216,2216
1,44,78,2080,2208,2208,2208,2208
1,44,79,40,40,40,40,40
1,44,80,2088,2216,2216,2216,2216
1,45,0,2592,2720,2720,2720,2720
1,45,1,552,552,552,552,552
1,45,2,2600,2728,2728,2728,2728
1,45,3,2592,2720,2720,2720,2720
1,45,4,552,552,552,552,552
1,45,5,2600,2728,2728,2728,2728
1,45,6,2592,2720,2720,2720,2720
1,45,7,552,552,552,552,552
1,45,8,2600,2728,2728,2728,2728
1,45,9,2082,2210,2210,2210,2210
1,45,10,42,42,42,42,42
1,45,11,2090,2218,2218,2218,2218
1,45,12,2082,2210,2210,2210,2210
1,45,13,42,42,42,42,42
1,45,14,2090,2218,2218,2218,2218
1,45,15,2082,2210,2210,2210,2210
1,45,16,42,42,42,42,42
1,45,17,2090,2218,2218,2218,2218
1,45,18,2594,2722,2722,2722,2722
1,45,19,554,554,554,554,554
1,45,20,2602,2730,2730,2730,2730
1,45,21,2594,2722,2722,2722,2722
1,45,22,554,554,554,554,554
1,45,23,2602,2730,2730,2730,2730
1,45,24,2594,2722,2722,2722,2722
1,45,25,554,554,554,554,554
1,45,26,2602,2730,2730,2730,2730
1,45,27,2592,2720,2720,2720,2720
1,45,28,552,552,552,552,552
1,45,29,2600,2728,2728,2728,2728
1,45,30,2592,2720,2720,2720,2720
1,45,31,552,552,552,552,552
1,45,32,2600,2728,2728,2728,2728
1,45,33,2592,2720,2720,2720,2720
1,45,34,552,552,552,552,552
1,45,35,2600,2728,2728,2728,2728
1,45,36,2082,2210,2210,2210,2210
1,45,37,42,42,42,42,42
1,45,38,2090,2218,2218,2218,2218
1,45,39,2082,2210,2210,2210,2210
1,45,40,42,42,42,42,42
1,45,41,2090,2218,2218,2218,2218
1,45,42,2082,2210,2210,2210,2210
1,45,43,42,42,42,42,42
1,45,44,2090,2218,2218,2218,2218
1,45,45,2594,2722,2722,2722,2722
1,45,46,554,554,554,554,554
1,45,47,2602,2730,2730,2730,2730
1,45,48,2594,2722,2722,2722,2722
1,45,49,554,554,554,554,554
1,45,50,2602,2730,2730,2730,2730
1,45,51,2594,2722,2722,2722,2722
1,45,52,554,554,554,554,554
1,45,53,2602,2730,2730,2730,2730
1,45,54,2592,2720,2720,2720,2720
1,45,55,552,552,552,552,552
1,45,56,2600,2728,2728,2728,2728
1,45,57,2592,2720,2720,2720,2720
1,45,58,552,552,552,552,552
1,45,59,2600,2728,2728,2728,2728
1,45,60,2592,2720,2720,2720,2720
1,45,61,552,552,552,552,552
1,45,62,2600,2728,2728,2728,2728
1,45,63,2082,2210,2210,2210,2210
1,45,64,42,42,42,42,42
1,45,65,2090,2218,2218,2218,2218
1,45,66,2082,2210,2210,2210,2210
1,45,67,42,42,42,42,42
1,45,68,2090,2218,2218,2218,2218
1,45,69,2082,2210,2210,2210,2210
1,45,70,42,42,42,42,42
1,45,71,2090,2218,2218,2218,2218
1,45,72,2594,2722,2722,2722,2722
1,45,73,554,554,554,554,554
1,45,74,2602,2730,2730,2730,2730
1,45,75,2594,2722,2722,2722,2722
1,45,76,554,554,554,554,554
1,45,77,2602,2730,2730,2730,2730
1,45,78,2594,2722,2722,2722,2722
1,45,79,554,554,554,554,554
1,45,80,2602,2730,2730,2730,2730
1,46,0,2592,2720,2720,2720,2720
1,46,1,552,552,552,552,552
1,46,2,2600,2728,2728,2728,2728
1,46,3,2592,2720,2720,2720,2720
1,46,4,552,552,552,552,552
1,46,5,2600,2728,2728,2728,2728
1,46,6,2592,2720,2720,2720,2720
1,46,7,552,552,552,552,552
1,46,8,2600,2728,2728,2728,2728
1,46,9,2082,2210,2210,2210,2210
1,46,10,42,42,42,42,42
1,46,11,2090,2218,2218,2218,2218
1,46,12,2082,2210,2210,2210,2210
1,46,13,42,42,42,42,42
1,46,14,2090,2218,2218,2218,2218
1,46,15,2082,2210,2210,2210,2210
1,46,16,42,42,42,42,42
1,46,17,2090,2218,2218,2218,2218
1,46,18,2594,2722,2722,2722,2722
1,46,19,554,554,554,554,554
1,46,20,2602,2730,2730,2730,2730
1,46,21,2594,2722,2722,2722,2722
1,46,22,554,554,554,554,554
1,46,23,2602,2730,2730,2730,2730
1,46,24,2594,2722,2722,2722,2722
1,46,25,554,554,554,554,554
1,46,26,2602,2730,2730,2730,2730
1,46,27,2592,2720,2720,2720,2720
1,46,28,552,552,552,552,552
1,46,29,2600,2728,2728,2728,2728
1,46,30,2592,2720,2720,2720,2720
1,46,31,552,552,552,552,552
1,46,32,2600,2728,2728,2728,2728
1,46,33,2592,2720,2720,2720,2720
1,46,34,552,552,552,552,552
1,46,35,2600,2728,2728,2728,2728
1,46,36,2082,2210,2210,2210,2210
1,46,37,42,42,42,42,42
1,46,38,2090,2218,2218,2218,2218
1,46,39,2082,2210,2210,2210,2210
1,46,40,42,42,42,42,42
1,46,41,2090,2218,2218,2218,2218
1,46,42,2082,2210,2210,2210,2210
1,46,43,42,42,42,42,42
1,46,44,2090,2218,2218,2218,2218
1,46,45,2594,2722,2722,2722,2722
1,46,46,554,554,554,554,554
1,46,47,2602,2730,2730,2730,2730
1,46,48,2594,2722,2722,2722,2722
1,46,49,554,554,554,554,554
1,46,50,2602,2730,2730,2730,2730
1,46,51,2594,2722,2722,2722,2722
1,46,52,554,554,554,554,554
1,46,53,2602,2730,2730,2730,2730
1,46,54,2592,2720,2720,2720,2720
1,46,55,552,552,552,552,552
1,46,56,2600,2728,2728,2728,2728
1,46,57,2592,2720,2720,2720,2720
1,46,58,552,552,552,552,552
1,46,59,2600,2728,2728,2728,2728
1,46,60,2592,2720,2720,2720,2720
1,46,61,552,552,552,552,552
1,46,62,2600,2728,2728,2728,2728
1,46,63,2082,2210,2210,2210,2210
1,46,64,42,42,42,42,42
1,46,65,2090,2218,2218,2218,2218
1,46,66,2082,2210,2210,2210,2210
1,46,67,42,42,42,42,42
1,46,68,2090,2218,2218,2218,2218
1,46,69,2082,2210,2210,2210,2210
1,46,70,42,42,42,42,42
1,46,71,2090,2218,2218,2218,2218
1,46,72,2594,2722,2722,2722,2722
1,46,73,554,554,554,554,554
1,46,74,2602,2730,2730,2730,2730
1,46,75,2594,2722,2722,2722,2722
1,46,76,554,554,554,554,554
1,46,77,2602,2730,2730,2730,2730
1,46,78,2594,2722,2722,2722,2722
1,46,79,554,554,554,554,554
1,46,80,2602,2730,2730,2730,2730
1,47,0,2592,2720,2720,2720,2720
1,47,1,552,552,552,552,552
1,47,2,2600,2728,2728,2728,2728
1,47,3,2592,2720,2720,2720,2720
1,47,4,552,552,552,552,552
1,47,5,2600,2728,2728,2728,2728
1,47,6,2592,2720,2720,2720,2720
1,47,7,552,552,552,552,552
1,47,8,2600,2728,2728,2728,2728
1,47,9,2082,2210,2210,2210,2210
1,47,10,42,42,42,42,42
1,47,11,2090,2218,2218,2218,2218
1,47,12,2082,2210,2210,2210,2210
1,47,13,42,42,42,42,42
1,47,14,2090,2218,2218,2218,2218
1,47,15,2082,2210,2210,2210,2210
1,47,16,42,42,42,42,42
1,47,17,2090,2218,2218,2218,2218
1,47,18,2594,2722,2722,2722,2722
1,47,19,554,554,554,554,554
1,47,20,2602,2730,2730,2730,2730
1,47,21,2594,2722,2722,2722,2722
1,47,22,554,554,554,554,554
1,47,23,2602,2730,2730,2730,2730
1,47,24,2594,2722,2722,2722,2722
1,47,25,554,554,554,554,554
1,47,26,2602,2730,2730,2730,2730
1,47,27,2592,2720,2720,2720,2720
1,47,28,552,552,552,552,552
1,47,29,2600,2728,2728,2728,2728
1,47,30,2592,2720,2720,2720,2720
1,47,31,552,552,552,552,552
1,47,32,2600,2728,2728,2728,2728
1,47,33,2592,2720,2720,2720,2720
1,47,34,552,552,552,552,552
1,47,35,2600,2728,2728,2728,2728
1,47,36,2082,2210,2210,2210,2210
1,47,37,42,42,42,42,42
1,47,38,2090,2218,2218,2218,2218
1,47,39,2082,2210,2210,2210,2210
1,47,40,42,42,42,42,42
1,47,41,2090,2218,2218,2218,2218
1,47,42,2082,2210,2210,2210,2210
1,47,43,42,42,42,42,42
1,47,44,2090,2218,2218,2218,2218
1,47,45,2594,2722,2722,2722,2722
1,47,46,554,554,554,554,554
1,47,47,2602,2730,2730,2730,2730
1,47,48,2594,2722,2722,2722,2722
1,47,49,554,554,554,554,554
1,47,50,2602,2730,2730,2730,2730
1,47,51,2594,2722,2722,2722,2722
1,47,52,554,554,554,554,554
1,47,53,2602,2730,2730,2730,2730
1,47,54,2592,2720,2720,2720,2720
1,47,55,552,552,552,552,552
1,47,56,2600,2728,2728,2728,2728
1,47,57,2592,2720,2720,2720,2720
1,47,58,552,552,552,552,552
1,47,59,2600,2728,2728,2728,2728
1,47,60,2592,2720,2720,2720,2720
1,47,61,552,552,552,552,552
1,47,62,2600,2728,2728,2728,2728
1,47,63,2082,2210,2210,2210,2210
1,47,64,42,42,42,42,42
1,47,65,2090,2218,2218,2218,2218
1,47,66,2082,2210,2210,2210,2210
1,47,67,42,42,42,42,42
1,47,68,2090,2218,2218,2218,2218
1,47,69,2082,2210,2210,2210,2210
1,47,70,42,42,42,42,42
1,47,71,2090,2218,2218,2218,2218
1,47,72,2594,2722,2722,2722,2722
1,47,73,554,554,554,554,554
1,47,74,2602,2730,2730,2730,2730
1,47,75,2594,2722,2722,2722,2722
1,47,76,554,554,554,554,554
1,47,77,2602,2730,2730,2730,2730
1,47,78,2594,2722,2722,2722,2722
1,47,79,554,554,554,554,554
1,47,80,2602,2730,2730,2730,2730
1,48,0,32,32,32,32,32
1,48,1,32,32,32,32,32
1,48,2,32,32,32,32,32
1,48,3,32,32,32,32,32
1,48,4,32,32,32,32,32
1,48,5,32,32,32,32,32
1,48,6,32,32,32,32,32
1,48,7,32,32,32,32,32
1,48,8,32,32,32,32,32
1,48,9,32,32,32,32,32
1,48,10,32,32,32,32,32
1,48,11,32,32,32,32,32
1,48,12,32,32,32,32,32
1,48,13,32,32,32,32,32
1,48,14,32,32,32,32,32
1,48,15,32,32,32,32,32
1,48,16,32,32,32,32,32
1,48,17,32,32,32,32,32
1,48,18,32,32,32,32,32
1,48,19,32,32,32,32,32
1,48,20,32,32,32,32,32
1,48,21,32,32,32,32,32
1,48,22,32,32,32,32,32
1,48,23,32,32,32,32,32
1,48,24,32,32,32,32,32
1,48,25,32,32,32,32,32
1,48,26,32,32,32,32,32
1,48,27,32,32,32,32,32
1,48,28,32,32,32,32,32
1,48,29,32,32,32,32,32
1,48,30,32,32,32,32,32
1,48,31,32,32,32,32,32
1,48,32,32,32,32,32,32
1,48,33,32,32,32,32,32
1,48,34,32,32,32,32,32
1,48,35,32,32,32,32,32
1,48,36,32,32,32,32,32
1,48,37,32,32,32,32,32
1,48,38,32,32,32,32,32
1,48,39,32,32,32,32,32
1,48,40,32,32,32,32,32
1,48,41,32,32,32,32,32
1,48,42,32,32,32,32,32
1,48,43,32,32,32,32,32
1,48,44,32,32,32,32,32
1,48,45,32,32,32,32,32
1,48,46,32,32,32,32,32
1,48,47,32,32,32,32,32
1,48,48,32,32,32,32,32
1,48,49,32,32,32,32,32
1,48,50,32,32,32,32,32
1,48,51,32,32,32,32,32
1,48,52,32,32,32,32,32
1,48,53,32,32,32,32,32
1,48,54,32,32,32,32,32
1,48,55,32,32,32,32,32
1,48,56,32,32,32,32,32
1,48,57,32,32,32,32,32
1,48,58,32,32,32,32,32
1,48,59,32,32,32,32,32
1,48,60,32,32,32,32,32
1,48,61,32,32,32,32,32
1,48,62,32,32,32,32,32
1,48,63,32,32,32,32,32
1,48,64,32,32,32,32,32
1,48,65,32,32,32,32,32
1,48,66,32,32,32,32,32
1,48,67,32,32,32,32,32
1,48,68,32,32,32,32,32
1,48,69,32,32,32,32,32
1,48,70,32,32,32,32,32
1,48,71,32,32,32,32,32
1,48,72,32,32,32,32,32
1,48,73,32,32,32,32,32
1,48,74,32,32,32,32,32
1,48,75,32,32,32,32,32
1,48,76,32,32,32,32,32
1,48,77,32,32,32,32,32
1,48,78,32,32,32,32,32
1,48,79,32,32,32,32,32
1,48,80,32,32,32,32,32
1,49,0,544,544,544,544,544
1,49,1,544,544,544,544,544
1,49,2,544,544,544,544,544
1,49,3,544,544,544,544,544
1,49,4,544,544,544,544,544
1,49,5,544,544,544,544,544
1,49,6,544,544,544,544,544
1,49,7,544,544,544,544,544
1,49,8,544,544,544,544,544
1,49,9,34,34,34,34,34
1,49,10,34,34,34,34,34
1,49,11,34,34,34,34,34
1,49,12,34,34,34,34,34
1,49,13,34,34,34,34,34
1,49,14,34,34,34,34,34
1,49,15,34,34,34,34,34
1,49,16,34,34,34,34,34
1,49,17,34,34,34,34,34
1,49,18,546,546,546,546,546
1,49,19,546,546,546,546,546
1,49,20,546,546,546,546,546
1,49,21,546,546,546,546,546
1,49,22,546,546,546,546,546
1,49,23,546,546,546,546,546
1,49,24,546,546,546,546,546
1,49,25,546,546,546,546,546
1,49,26,546,546,546,546,546
1,49,27,544,544,544,544,544
1,49,28,544,544,544,544,544
1,49,29,544,544,544,544,544
1,49,30,544,544,544,544,544
1,49,31,544,544,544,544,544
1,49,32,544,544,544,544,544
1,49,33,544,544,544,544,544
1,49,34,544,544,544,544,544
1,49,35,544,544,544,544,544
1,49,36,34,34,34,34,34
1,49,37,34,34,34,34,34
1,49,38,34,34,34,34,34
1,49,39,34,34,34,34,34
1,49,40,34,34,34,34,34
1,49,41,34,34,34,34,34
1,49,42,34,34,34,34,34
1,49,43,34,34,34,34,34
1,49,44,34,34,34,34,34
1,49,45,546,546,546,546,546
1,49,46,546,546,546,546,546
1,49,47,546,546,546,546,546
1,49,48,546,546,546,546,546
1,49,49,546,546,546,546,546
1,49,50,546,546,546,546,546
1,49,51,546,546,546,546,546
1,49,52,546,546,546,546,546
1,49,53,546,546,546,546,546
1,49,54,544,544,544,544,544
1,49,55,544,544,544,544,544
1,49,56,544,544,544,544,544
1,49,57,544,544,544,544,544
1,49,58,544,544,544,544,544
1,49,59,544,544,544,544,544
1,49,60,544,544,544,544,544
1,49,61,544,544,544,544,544
1,49,62,544,544,544,544,544
1,49,63,34,34,34,34,34
1,49,64,34,34,34,34,34
1,49,65,34,34,34,34,34
1,49,66,34,34,34,34,34
1,49,67,34,34,34,34,34
1,49,68,34,34,34,34,34
1,49,69,34,34,34,34,34
1,49,70,34,34,34,34,34
1,49,71,34,34,34,34,34
1,49,72,546,546,546,546,546
1,49,73,546,546,546,546,546
1,49,74,546,546,546,546,546
1,49,75,546,546,546,546,546
1,49,76,546,546,546,546,546
1,49,77,546,546,546,546,546
1,49,78,546,546,546,546,546
1,49,79,546,546,546,546,546
1,49,80,546,546,546,546,546
1,50,0,544,544,544,544,544
1,50,1,544,544,544,544,544
1,50,2,544,544,544,544,544
1,50,3,544,544,544,544,544
1,50,4,544,544,544,544,544
1,50,5,544,544,544,544,544
1,50,6,544,544,544,544,544
1,50,7,544,544,544,544,544
1,50,8,544,544,544,544,544
1,50,9,34,34,34,34,34
1,50,10,34,34,34,34,34
1,50,11,34,34,34,34,34
1,50,12,34,34,34,34,34
1,50,13,34,34,34,34,34
1,50,14,34,34,34,34,34
1,50,15,34,34,34,34,34
1,50,16,34,34,34,34,34
1,50,17,34,34,34,34,34
1,50,18,546,546,546,546,546
1,50,19,546,546,546,546,546
1,50,20,546,546,546,546,546
1,50,21,546,546,546,546,546
1,50,22,546,546,546,546,546
1,50,23,546,546,546,546,546
1,50,24,546,546,546,546,546
1,50,25,546,546,546,546,546
1,50,26,546,546,546,546,546
1,50,27,544,544,544,544,544
1,50,28,544,544,544,544,544
1,50,29,544,544,544,544,544
1,50,30,544,544,544,544,544
1,50,31,544,544,544,544,544
1,50,32,544,544,544,544,544
1,50,33,544,544,544,544,544
1,50,34,544,544,544,544,544
1,50,35,544,544,544,544,544
1,50,36,34,34,34,34,34
1,50,37,34,34,34,34,34
1,50,38,34,34,34,34,34
1,50,39,34,34,34,34,34
1,50,40,34,34,34,34,34
1,50,41,34,34,34,34,34
1,50,42,34,34,34,34,34
1,50,43,34,34,34,34,34
1,50,44,34,34,34,34,34
1,50,45,546,546,546,546,546
1,50,46,546,546,546,546,546
1,50,47,546,546,546,546,546
1,50,48,546,546,546,546,546
1,50,49,546,546,546,546,546
1,50,50,546,546,546,546,546
1,50,51,546,546,546,546,546
1,50,52,546,546,546,546,546
1,50,53,546,546,546,546,546
1,50,54,544,544,544,544,544
1,50,55,544,544,544,544,544
1,50,56,544,544,544,544,544
1,50,57,544,544,544,544,544
1,50,58,544,544,544,544,544
1,50,59,544,544,544,544,544
1,50,60,544,544,544,544,544
1,50,61,544,544,544,544,544
1,50,62,544,544,544,544,544
1,50,63,34,34,34,34,34
1,50,64,34,34,34,34,34
1,50,65,34,34,34,34,34
1,50,66,34,34,34,34,34
1,50,67,34,34,34,34,34
1,50,68,34,34,34,34,34
1,50,69,34,34,34,34,34
1,50,70,34,34,34,34,34
1,50,71,34,34,34,34,34
1,50,72,546,546,546,546,546
1,50,73,546,546,546,546,546
1,50,74,546,546,546,546,546
1,50,75,546,546,546,546,546
1,50,76,546,546,546,546,546
1,50,77,546,546,546,546,546
1,50,78,546,546,546,546,546
1,50,79,546,546,546,546,546
1,50,80,546,546,546,546,546
1,51,0,544,544,544,544,544
1,51,1,544,544,544,544,544
1,51,2,544,544,544,544,544
1,51,3,544,544,544,544,544
1,51,4,544,544,544,544,544
1,51,5,544,544,544,544,544
1,51,6,544,544,544,544,544
1,51,7,544,544,544,544,544
1,51,8,544,544,544,544,544
1,51,9,34,34,34,34,34
1,51,10,34,34,34,34,34
1,51,11,34,34,34,34,34
1,51,12,34,34,34,34,34
1,51,13,34,34,34,34,34
1,51,14,34,34,34,34,34
1,51,15,34,34,34,34,34
1,51,16,34,34,34,34,34
1,51,17,34,34,34,34,34
1,51,18,546,546,546,546,546
1,51,19,546,546,546,546,546
1,51,20,546,546,546,546,546
1,51,21,546,546,546,546,546
1,51,22,546,546,546,546,546
1,51,23,546,546,546,546,546
1,51,24,546,546,546,546,546
1,51,25,546,546,546,546,546
1,51,26,546,546,546,546,546
1,51,27,544,544,544,544,544
1,51,28,544,544,544,544,544
1,51,29,544,544,544,544,544
1,51,30,544,544,544,544,544
1,51,31,544,544,544,544,544
1,51,32,544,544,544,544,544
1,51,33,544,544,544,544,544
1,51,34,544,544,544,544,544
1,51,35,544,544,544,544,544
1,51,36,34,34,34,34,34
1,51,37,34,34,34,34,34
1,51,38,34,34,34,34,34
1,51,39,34,34,34,34,34
1,51,40,34,34,34,34,34
1,51,41,34,34,34,34,34
1,51,42,34,34,34,34,34
1,51,43,34,34,34,34,34
1,51,44,34,34,34,34,34
1,51,45,546,546,546,546,546
1,51,46,546,546,546,546,546
1,51,47,546,546,546,546,546
1,51,48,546,546,546,546,546
1,51,49,546,546,546,546,546
1,51,50,546,546,546,546,546
1,51,51,546,546,546,546,546
1,51,52,546,546,546,546,546
1,51,53,546,546,546,546,546
1,51,54,544,544,544,544,544
1,51,55,544,544,544,544,544
1,51,56,544,544,544,544,544
1,51,57,544,544,544,544,544
1,51,58,544,544,544,544,544
1,51,59,544,544,544,544,544
1,51,60,544,544,544,544,544
1,51,61,544,544,544,544,544
1,51,62,544,544,544,544,544
1,51,63,34,34,34,34,34
1,51,64,34,34,34,34,34
1,51,65,34,34,34,34,34
1,51,66,34,34,34,34,34
1,51,67,34,34,34,34,34
1,51,68,34,34,34,34,34
1,51,69,34,34,34,34,34
1,51,70,34,34,34,34,34
1,51,71,34,34,34,34,34
1,51,72,546,546,546,546,546
1,51,73,546,546,546,546,546
1,51,74,546,546,546,546,546
1,51,75,546,546,546,546,546
1,51,76,546,546,546,546,546
1,51,77,546,546,546,546,546
1,51,78,546,546,546,546,546
1,51,79,546,546,546,546,546
1,51,80,546,546,546,546,546
1,52,0,2080,2208,2208,2208,2208
1,52,1,40,40,40,40,40
1,52,2,2088,2216,2216,2216,2216
1,52,3,2080,2208,2208,2208,2208
1,52,4,40,40,40,40,40
1,52,5,2088,2216,2216,2216,2216
1,52,6,2080,2208,2208,2208,2208
1,52,7,40,40,40,40,40
1,52,8,2088,2216,2216,2216,2216
1,52,9,2080,2208,2208,2208,2208
1,52,10,40,40,40,40,40
1,52,11,2088,2216,2216,2216,2216
1,52,12,2080,2208,2208,2208,2208
1,52,13,40,40,40,40,40
1,52,14,2088,2216,2216,2216,2216
1,52,15,2080,2208,2208,2208,2208
1,52,16,40,40,40,40,40
1,52,17,2088,2216,2216,2216,2216
1,52,18,2080,2208,2208,2208,2208
1,52,19,40,40,40,40,40
1,52,20,2088,2216,2216,2216,2216
1,52,21,2080,2208,2208,2208,2208
1,52,22,40,40,40,40,40
1,52,23,2088,2216,2216,2216,2216
1,52,24,2080,2208,2208,2208,2208
1,52,25,40,40,40,40,40
1,52,26,2088,2216,2216,2216,2216
1,52,27,2080,2208,2208,2208,2208
1,52,28,40,40,40,40,40
1,52,29,2088,2216,2216,2216,2216
1,52,30,2080,2208,2208,2208,2208
1,52,31,40,40,40,40,40
1,52,32,2088,2216,2216,2216,2216
1,52,33,2080,2208,2208,2208,2208
1,52,34,40,40,40,40,40
1,52,35,2088,2216,2216,2216,2216
1,52,36,2080,2208,2208,2208,2208
1,52,37,40,40,40,40,40
1,52,38,2088,2216,2216,2216,2216
1,52,39,2080,2208,2208,2208,2208
1,52,40,40,40,40,40,40
1,52,41,2088,2216,2216,2216,2216
1,52,42,2080,2208,2208,2208,2208
1,52,43,40,40,40,40,40
1,52,44,2088,2216,2216,2216,2216
1,52,45,2080,2208,2208,2208,2208
1,52,46,40,40,40,40,40
1,52,47,2088,2216,2216,2216,2216
1,52,48,2080,2208,2208,2208,2208
1,52,49,40,40,40,40,40
1,52,50,2088,2216,2216,2216,2216
1,52,51,2080,2208,2208,2208,2208
1,52,52,40,40,40,40,40
1,52,53,2088,2216,2216,2216,2216
1,52,54,2080,2208,2208,2208,2208
1,52,55,40,40,40,40,40
1,52,56,2088,2216,2216,2216,2216
1,52,57,2080,2208,2208,2208,2208
1,52,58,40,40,40,40,40
1,52,59,2088,2216,2216,2216,2216
1,52,60,2080,2208,2208,2208,2208
1,52,61,40,40,40,40,40
1,52,62,2088,2216,2216,2216,2216
1,52,63,2080,2208,2208,2208,2208
1,52,64,40,40,40,40,40
1,52,65,2088,2216,2216,2216,2216
1,52,66,2080,2208,2208,2208,2208
1,52,67,40,40,40,40,40
1,52,68,2088,2216,2216,2216,2216
1,52,69,2080,2208,2208,2208,2208
1,52,70,40,40,40,40,40
1,52,71,2088,2216,2216,2216,2216
1,52,72,2080,2208,2208,2208,2208
1,52,73,40,40,40,40,40
1,52,74,2088,2216,2216,2216,2216
1,52,75,2080,2208,2208,2208,2208
1,52,76,40,40,40,40,40
1,52,77,2088,2216,2216,2216,2216
1,52,78,2080,2208,2208,2208,2208
1,52,79,40,40,40,40,40
1,52,80,2088,2216,2216,2216,2216
1,53,0,2592,2720,2720,2720,2720
1,53,1,552,552,552,552,552
1,53,2,2600,2728,2728,2728,2728
1,53,3,2592,2720,2720,2720,2720
1,53,4,552,552,552,552,552
1,53,5,2600,2728,2728,2728,2728
1,53,6,2592,2720,2720,2720,2720
1,53,7,552,552,552,552,552
1,53,8,2600,2728,2728,2728,2728
1,53,9,2082,2210,2210,2210,2210
1,53,10,42,42,42,42,42
1,53,11,2090,2218,2218,2218,2218
1,53,12,2082,2210,2210,2210,2210
1,53,13,42,42,42,42,42
1,53,14,2090,2218,2218,2218,2218
1,53,15,2082,2210,2210,2210,2210
1,53,16,42,42,42,42,42
1,53,17,2090,2218,2218,2218,2218
1,53,18,2594,2722,2722,2722,2722
1,53,19,554,554,554,554,554
1,53,20,2602,2730,2730,2730,2730
1,53,21,2594,2722,2722,2722,2722
1,53,22,554,554,554,554,554
1,53,23,2602,2730,2730,2730,2730
1,53,24,2594,2722,2722,2722,2722
1,53,25,554,554,554,554,554
1,53,26,2602,2730,2730,2730,2730
1,53,27,2592,2720,2720,2720,2720
1,53,28,552,552,552,552,552
1,53,29,2600,2728,2728,2728,2728
1,53,30,2592,2720,2720,2720,2720
1,53,31,552,552,552,552,552
1,53,32,2600,2728,2728,2728,2728
1,53,33,2592,2720,2720,2720,2720
1,53,34,552,552,552,552,552
1,53,35,2600,2728,2728,2728,2728
1,53,36,2082,2210,2210,2210,2210
1,53,37,42,42,42,42,42
1,53,38,2090,2218,2218,2218,2218
1,53,39,2082,2210,2210,2210,2210
1,53,40,42,42,42,42,42
1,53,41,2090,2218,2218,2218,2218
1,53,42,2082,2210,2210,2210,2210
1,53,43,42,42,42,42,42
1,53,44,2090,2218,2218,2218,2218
1,53,45,2594,2722,2722,2722,2722
1,53,46,554,554,554,554,554
1,53,47,2602,2730,2730,2730,2730
1,53,48,2594,2722,2722,2722,2722
1,53,49,554,554,554,554,554
1,53,50,2602,2730,2730,2730,2730
1,53,51,2594,2722,2722,2722,2722
1,53,52,554,554,554,554,554
1,53,53,2602,2730,2730,2730,2730
1,53,54,2592,2720,2720,2720,2720
1,53,55,552,552,552,552,552
1,53,56,2600,2728,2728,2728,2728
1,53,57,2592,2720,2720,2720,2720
1,53,58,552,552,552,552,552
1,53,59,2600,2728,2728,2728,2728
1,53,60,2592,2720,2720,2720,2720
1,53,61,552,552,552,552,552
1,53,62,2600,2728,2728,2728,2728
1,53,63,2082,2210,2210,2210,2210
1,53,64,42,42,42,42,42
1,53,65,2090,2218,2218,2218,2218
1,53,66,2082,2210,2210,2210,2210
1,53,67,42,42,42,42,42
1,53,68,2090,2218,2218,2218,2218
1,53,69,2082,2210,2210,2210,2210
1,53,70,42,42,42,42,42
1,53,71,2090,2218,2218,2218,2218
1,53,72,2594,2722,2722,2722,2722
1,53,73,554,554,554,554,554
1,53,74,2602,2730,2730,2730,2730
1,53,75,2594,2722,2722,2722,2722
1,53,76,554,554,554,554,554
1,53,77,2602,2730,2730,2730,2730
1,53,78,2594,2722,2722,2722,2722
1,53,79,554,554,554,554,554
1,53,80,2602,2730,2730,2730,2730
1,54,0,2592,2720,2720,2720,2720
1,54,1,552,552,552,552,552
1,54,2,2600,2728,2728,2728,2728
1,54,3,2592,2720,2720,2720,2720
1,54,4,552,552,552,552,552
1,54,5,2600,2728,2728,2728,2728
1,54,6,2592,2720,2720,2720,2720
1,54,7,552,552,552,552,552
1,54,8,2600,2728,2728,2728,2728
1,54,9,2082,2210,2210,2210,2210
1,54,10,42,42,42,42,42
1,54,11,2090,2218,2218,2218,2218
1,54,12,2082,2210,2210,2210,2210
1,54,13,42,42,42,42,42
1,54,14,2090,2218,2218,2218,2218
1,54,15,2082,2210,2210,2210,2210
1,54,16,42,42,42,42,42
1,54,17,2090,2218,2218,2218,2218
1,54,18,2594,2722,2722,2722,2722
1,54,19,554,554,554,554,554
1,54,20,2602,2730,2730,2730,2730
1,54,21,2594,2722,2722,2722,2722
1,54,22,554,554,554,554,554
1,54,23,2602,2730,2730,2730,2730
1,54,24,2594,2722,2722,2722,2722
1,54,25,554,554,554,554,554
1,54,26,2602,2730,2730,2730,2730
1,54,27,2592,2720,2720,2720,2720
1,54,28,552,552,552,552,552
1,54,29,2600,2728,2728,2728,2728
1,54,30,2592,2720,2720,2720,2720
1,54,31,552,552,552,552,552
1,54,32,2600,2728,2728,2728,2728
1,54,33,2592,2720,2720,2720,2720
1,54,34,552,552,552,552,552
1,54,35,2600,2728,2728,2728,2728
1,54,36,2082,2210,2210,2210,2210
1,54,37,42,42,42,42,42
1,54,38,2090,2218,2218,2218,2218
1,54,39,2082,2210,2210,2210,2210
1,54,40,42,42,42,42,42
1,54,41,2090,2218,2218,2218,2218
1,54,42,2082,2210,2210,2210,2210
1,54,43,42,42,42,42,42
1,54,44,2090,2218,2218,2218,2218
1,54,45,2594,2722,2722,2722,2722
1,54,46,554,554,554,554,554
1,54,47,2602,2730,2730,2730,2730
1,54,48,2594,2722,2722,2722,2722
1,54,49,554,554,554,554,554
1,54,50,2602,2730,2730,2730,2730
1,54,51,2594,2722,2722,2722,2722
1,54,52,554,554,554,554,554
1,54,53,2602,2730,2730,2730,2730
1,54,54,2592,2720,2720,2720,2720
1,54,55,552,552,552,552,552
1,54,56,2600,2728,2728,2728,2728
1,54,57,2592,2720,2720,2720,2720
1,54,58,552,552,552,552,552
1,54,59,2600,2728,2728,2728,2728
1,54,60,2592,2720,2720,2720,2720
1,54,61,552,552,552,552,552
1,54,62,2600,2728,2728,2728,2728
1,54,63,2082,2210,2210,2210,2210
1,54,64,42,42,42,42,42
1,54,65,2090,2218,2218,2218,2218
1,54,66,2082,2210,2210,2210,2210
1,54,67,42,42,42,42,42
1,54,68,2090,2218,2218,2218,2218
1,54,69,2082,2210,2210,2210,2210
1,54,70,42,42,42,42,42
1,54,71,2090,2218,2218,2218,2218
1,54,72,2594,2722,2722,2722,2722
1,54,73,554,554,554,554,554
1,54,74,2602,2730,2730,2730,2730
1,54,75,2594,2722,2722,2722,2722
1,54,76,554,554,554,554,554
1,54,77,2602,2730,2730,2730,2730
1,54,78,2594,2722,2722,2722,2722
1,54,79,554,554,554,554,554
1,54,80,2602,2730,2730,2730,2730
1,55,0,2592,2720,2720,2720,2720
1,55,1,552,552,552,552,552
1,55,2,2600,2728,2728,2728,2728
1,55,3,2592,2720,2720,2720,2720
1,55,4,552,552,552,552,552
1,55,5,2600,2728,2728,2728,2728
1,55,6,2592,2720,2720,2720,2720
1,55,7,552,552,552,552,552
1,55,8,2600,2728,2728,2728,2728
1,55,9,2082,2210,2210,2210,2210
1,55,10,42,42,42,42,42
1,55,11,2090,2218,2218,2218,2218
1,55,12,2082,2210,2210,2210,2210
1,55,13,42,42,42,42,42
1,55,14,2090,2218,2218,2218,2218
1,55,15,2082,2210,2210,2210,2210
1,55,16,42,42,42,42,42
1,55,17,2090,2218,2218,2218,2218
1,55,18,2594,2722,2722,2722,2722
1,55,19,554,554,554,554,554
1,55,20,2602,2730,2730,2730,2730
1,55,21,2594,2722,2722,2722,2722
1,55,22,554,554,554,554,554
1,55,23,2602,2730,2730,2730,2730
1,55,24,2594,2722,2722,2722,2722
1,55,25,554,554,554,554,554
1,55,26,2602,2730,2730,2730,2730
1,55,27,2592,2720,2720,2720,2720
1,55,28,552,552,552,552,552
1,55,29,2600,2728,2728,2728,2728
1,55,30,2592,2720,2720,2720,2720
1,55,31,552,552,552,552,552
1,55,32,2600,2728,2728,2728,2728
1,55,33,2592,2720,2720,2720,2720
1,55,34,552,552,552,552,552
1,55,35,2600,2728,2728,2728,2728
1,55,36,2082,2210,2210,2210,2210
1,55,37,42,42,42,42,42
1,55,38,2090,2218,2218,2218,2218
1,55,39,2082,2210,2210,2210,2210
1,55,40,42,42,42,42,42
1,55,41,2090,2218,2218,2218,2218
1,55,42,2082,2210,2210,2210,2210
1,55,43,42,42,42,42,42
1,55,44,2090,2218,2218,2218,2218
1,55,45,2594,2722,2722,2722,2722
1,55,46,554,554,554,554,554
1,55,47,2602,2730,2730,2730,2730
1,55,48,2594,2722,2722,2722,2722
1,55,49,554,554,554,554,554
1,55,50,2602,2730,2730,2730,2730
1,55,51,2594,2722,2722,2722,2722
1,55,52,554,554,554,554,554
1,55,53,2602,2730,2730,2730,2730
1,55,54,2592,2720,2720,2720,2720
1,55,55,552,552,552,552,552
1,55,56,2600,2728,2728,2728,2728
1,55,57,2592,2720,2720,2720,2720
1,55,58,552,552,552,552,552
1,55,59,2600,2728,2728,2728,2728
1,55,60,2592,2720,2720,2720,2720
1,55,61,552,552,552,552,552
1,55,62,2600,2728,2728,2728,2728
1,55,63,2082,2210,2210,2210,2210
1,55,64,42,42,42,42,42
1,55,65,2090,2218,2218,2218,2218
1,55,66,2082,2210,2210,2210,2210
1,55,67,42,42,42,42,42
1,55,68,2090,2218,2218,2218,2218
1,55,69,2082,2210,2210,2210,2210
1,55,70,42,42,42,42,42
1,55,71,2090,2218,2218,2218,2218
1,55,72,2594,2722,2722,2722,2722
1,55,73,554,554,554,554,554
1,55,74,2602,2730,2730,2730,2730
1,55,75,2594,2722,2722,2722,2722
1,55,76,554,554,554,554,554
1,55,77,2602,2730,2730,2730,2730
1,55,78,2594,2722,2722,2722,2722
1,55,79,554,554,554,554,554
1,55,80,2602,2730,2730,2730,2730
1,56,0,2080,2208,2208,2208,2208
1,56,1,40,40,40,40,40
1,56,2,2088,2216,2216,2216,2216
1,56,3,2080,2208,2208,2208,2208
1,56,4,40,40,40,40,40
1,56,5,2088,2216,2216,2216,2216
1,56,6,2080,2208,2208,2208,2208
1,56,7,40,40,40,40,40
1,56,8,2088,2216,2216,2216,2216
1,56,9,2080,2208,2208,2208,2208
1,56,10,40,40,40,40,40
1,56,11,2088,2216,2216,2216,2216
1,56,12,2080,2208,2208,2208,2208
1,56,13,40,40,40,40,40
1,56,14,2088,2216,2216,2216,2216
1,56,15,2080,2208,2208,2208,2208
1,56,16,40,40,40,40,40
1,56,17,2088,2216,2216,2216,2216
1,56,18,2080,2208,2208,2208,2208
1,56,19,40,40,40,40,40
1,56,20,2088,2216,2216,2216,2216
1,56,21,2080,2208,2208,2208,2208
1,56,22,40,40,40,40,40
1,56,23,2088,2216,2216,2216,2216
1,56,24,2080,2208,2208,2208,2208
1,56,25,40,40,40,40,40
1,56,26,2088,2216,2216,2216,2216
1,56,27,2080,2208,2208,2208,2208
1,56,28,40,40,40,40,40
1,56,29,2088,2216,2216,2216,2216
1,56,30,2080,2208,2208,2208,2208
1,56,31,40,40,40,40,40
1,56,32,2088,2216,2216,2216,2216
1,56,33,2080,2208,2208,2208,2208
1,56,34,40,40,40,40,40
1,56,35,2088,2216,2216,2216,2216
1,56,36,2080,2208,2208,2208,2208
1,56,37,40,40,40,40,40
1,56,38,2088,2216,2216,2216,2216
1,56,39,2080,2208,2208,2208,2208
1,56,40,40,40,40,40,40
1,56,41,2088,2216,2216,2216,2216
1,56,42,2080,2208,2208,2208,2208
1,56,43,40,40,40,40,40
1,56,44,2088,2216,2216,2216,2216
1,56,45,2080,2208,2208,2208,2208
1,56,46,40,40,40,40,40
1,56,47,2088,2216,2216,2216,2216
1,56,48,2080,2208,2208,2208,2208
1,56,49,40,40,40,40,40
1,56,50,2088,2216,2216,2216,2216
1,56,51,2080,2208,2208,2208,2208
1,56,52,40,40,40,40,40
1,56,53,2088,2216,2216,2216,2216
1,56,54,2080,2208,2208,2208,2208
1,56,55,40,40,40,40,40
1,56,56,2088,2216,2216,2216,2216
1,56,57,2080,2208,2208,2208,2208
1,56,58,40,40,40,40,40
1,56,59,2088,2216,2216,2216,2216
1,56,60,2080,2208,2208,2208,2208
1,56,61,40,40,40,40,40
1,56,62,2088,2216,2216,2216,2216
1,56,63,2080,2208,2208,2208,2208
1,56,64,40,40,40,40,40
1,56,65,2088,2216,2216,2216,2216
1,56,66,2080,2208,2208,2208,2208
1,56,67,40,40,40,40,40
1,56,68,2088,2216,2216,2216,2216
1,56,69,2080,2208,2208,2208,2208
1,56,70,40,40,40,40,40
1,56,71,2088,2216,2216,2216,2216
1,56,72,2080,2208,2208,2208,2208
1,56,73,40,40,40,40,40
1,56,74,2088,2216,2216,2216,2216
1,56,75,2080,2208,2208,2208,2208
1,56,76,40,40,40,40,40
1,56,77,2088,2216,2216,2216,2216
1,56,78,2080,2208,2208,2208,2208
1,56,79,40,40,40,40,40
1,56,80,2088,2216,2216,2216,2216
1,57,0,2592,2720,2720,2720,2720
1,57,1,552,552,552,552,552
1,57,2,2600,2728,2728,2728,2728
1,57,3,2592,2720,2720,2720,2720
1,57,4,552,552,552,552,552
1,57,5,2600,2728,2728,2728,2728
1,57,6,2592,2720,2720,2720,2720
1,57,7,552,552,552,552,552
1,57,8,2600,2728,2728,2728,2728
1,57,9,2082,2210,2210,2210,2210
1,57,10,42,42,42,42,42
1,57,11,2090,2218,2218,2218,2218
1,57,12,2082,2210,2210,2210,2210
1,57,13,42,42,42,42,42
1,57,14,2090,2218,2218,2218,2218
1,57,15,2082,2210,2210,2210,2210
1,57,16,42,42,42,42,42
1,57,17,2090,2218,2218,2218,2218
1,57,18,2594,2722,2722,2722,2722
1,57,19,554,554,554,554,554
1,57,20,2602,2730,2730,2730,2730
1,57,21,2594,2722,2722,2722,2722
1,57,22,554,554,554,554,554
1,57,23,2602,2730,2730,2730,2730
1,57,24,2594,2722,2722,2722,2722
1,57,25,554,554,554,554,554
1,57,26,2602,2730,2730,2730,2730
1,57,27,2592,2720,2720,2720,2720
1,57,28,552,552,552,552,552
1,57,29,2600,2728,2728,2728,2728
1,57,30,2592,2720,2720,2720,2720
1,57,31,552,552,552,552,552
1,57,32,2600,2728,2728,2728,2728
1,57,33,2592,2720,2720,2720,2720
1,57,34,552,552,552,552,552
1,57,35,2600,2728,2728,2728,2728
1,57,36,2082,2210,2210,2210,2210
1,57,37,42,42,42,42,42
1,57,38,2090,2218,2218,2218,2218
1,57,39,2082,2210,2210,2210,2210
1,57,40,42,42,42,42,42
1,57,41,2090,2218,2218,2218,2218
1,57,42,2082,2210,2210,2210,2210
1,57,43,42,42,42,42,42
1,57,44,2090,2218,2218,2218,2218
1,57,45,2594,2722,2722,2722,2722
1,57,46,554,554,554,554,554
1,57,47,2602,2730,2730,2730,2730
1,57,48,2594,2722,2722,2722,2722
1,57,49,554,554,554,554,554
1,57,50,2602,2730,2730,2730,2730
1,57,51,2594,2722,2722,2722,2722
1,57,52,554,554,554,554,554
1,57,53,2602,2730,2730,2730,2730
1,57,54,2592,2720,2720,2720,2720
1,57,55,552,552,552,552,552
1,57,56,2600,2728,2728,2728,2728
1,57,57,2592,2720,2720,2720,2720
1,57,58,552,552,552,552,552
1,57,59,2600,2728,2728,2728,2728
1,57,60,2592,2720,2720,2720,2720
1,57,61,552,552,552,552,552
1,57,62,2600,2728,2728,2728,2728
1,57,63,2082,2210,2210,2210,2210
1,57,64,42,42,42,42,42
1,57,65,2090,2218,2218,2218,2218
1,57,66,2082,2210,2210,2210,2210
1,57,67,42,42,42,42,42
1,57,68,2090,2218,2218,2218,2218
1,57,69,2082,2210,2210,2210,2210
1,57,70,42,42,42,42,42
1,57,71,2090,2218,2218,2218,2218
1,57,72,2594,2722,2722,2722,2722
1,57,73,554,554,554,554,554
1,57,74,2602,2730,2730,2730,2730
1,57,75,2594,2722,2722,2722,2722
1,57,76,554,554,554,554,554
1,57,77,2602,2730,2730,2730,2730
1,57,78,2594,2722,2722,2722,2722
1,57,79,554,554,554,554,554
1,57,80,2602,2730,2730,2730,2730
1,58,0,2592,2720,2720,2720,2720
1,58,1,552,552,552,552,552
1,58,2,2600,2728,2728,2728,2728
1,58,3,2592,2720,2720,2720,2720
1,58,4,552,552,552,552,552
1,58,5,2600,2728,2728,2728,2728
1,58,6,2592,2720,2720,2720,2720
1,58,7,552,552,552,552,552
1,58,8,2600,2728,2728,2728,2728
1,58,9,2082,2210,2210,2210,2210
1,58,10,42,42,42,42,42
1,58,11,2090,2218,2218,2218,2218
1,58,12,2082,2210,2210,2210,2210
1,58,13,42,42,42,42,42
1,58,14,2090,2218,2218,2218,2218
1,58,15,2082,2210,2210,2210,2210
1,58,16,42,42,42,42,42
1,58,17,2090,2218,2218,2218,2218
1,58,18,2594,2722,2722,2722,2722
1,58,19,554,554,554,554,554
1,58,20,2602,2730,2730,2730,2730
1,58,21,2594,2722,2722,2722,2722
1,58,22,554,554,554,554,554
1,58,23,2602,2730,2730,2730,2730
1,58,24,2594,2722,2722,2722,2722
1,58,25,554,554,554,554,554
1,58,26,2602,2730,2730,2730,2730
1,58,27,2592,2720,2720,2720,2720
1,58,28,552,552,552,552,552
1,58,29,2600,2728,2728,2728,2728
1,58,30,2592,2720,2720,2720,2720
1,58,31,552,552,552,552,552
1,58,32,2600,2728,2728,2728,2728
1,58,33,2592,2720,2720,2720,2720
1,58,34,552,552,552,552,552
1,58,35,2600,2728,2728,2728,2728
1,58,36,2082,2210,2210,2210,2210
1,58,37,42,42,42,42,42
1,58,38,2090,2218,2218,2218,2218
1,58,39,2082,2210,2210,2210,2210
1,58,40,42,42,42,42,42
1,58,41,2090,2218,2218,2218,2218
1,58,42,2082,2210,2210,2210,2210
1,58,43,42,42,42,42,42
1,58,44,2090,2218,2218,2218,2218
1,58,45,2594,2722,2722,2722,2722
1,58,46,554,554,554,554,554
1,58,47,2602,2730,2730,2730,2730
1,58,48,2594,2722,2722,2722,2722
1,58,49,554,554,554,554,554
1,58,50,2602,2730,2730,2730,2730
1,58,51,2594,2722,2722,2722,2722
1,58,52,554,554,554,554,554
1,58,53,2602,2730,2730,2730,2730
1,58,54,2592,2720,2720,2720,2720
1,58,55,552,552,552,552,552
1,58,56,2600,2728,2728,2728,2728
1,58,57,2592,2720,2720,2720,2720
1,58,58,552,552,552,552,552
1,58,59,2600,2728,2728,2728,2728
1,58,60,2592,2720,2720,2720,2720
1,58,61,552,552,552,552,552
1,58,62,2600,2728,2728,2728,2728
1,58,63,2082,2210,2210,2210,2210
1,58,64,42,42,42,42,42
1,58,65,2090,2218,2218,2218,2218
1,58,66,2082,2210,2210,2210,2210
1,58,67,42,42,42,42,42
1,58,68,2090,2218,2218,2218,2218
1,58,69,2082,2210,2210,2210,2210
1,58,70,42,42,42,42,42
1,58,71,2090,2218,2218,2218,2218
1,58,72,2594,2722,2722,2722,2722
1,58,73,554,554,554,554,554
1,58,74,2602,2730,2730,2730,2730
1,58,75,2594,2722,2722,2722,2722
1,58,76,554,554,554,554,554
1,58,77,2602,2730,2730,2730,2730
1,58,78,2594,2722,2722,2722,2722
1,58,79,554,554,554,554,554
1,58,80,2602,2730,2730,2730,2730
1,59,0,2592,2720,2720,2720,2720
1,59,1,552,552,552,552,552
1,59,2,2600,2728,2728,2728,2728
1,59,3,2592,2720,2720,2720,2720
1,59,4,552,552,552,552,552
1,59,5,2600,2728,2728,2728,2728
1,59,6,2592,2720,2720,2720,2720
1,59,7,552,552,552,552,552
1,59,8,2600,2728,2728,2728,2728
1,59,9,2082,2210,2210,2210,2210
1,59,10,42,42,42,42,42
1,59,11,2090,2218,2218,2218,2218
1,59,12,2082,2210,2210,2210,2210
1,59,13,42,42,42,42,42
1,59,14,2090,2218,2218,2218,2218
1,59,15,2082,2210,2210,2210,2210
1,59,16,42,42,42,42,42
1,59,17,2090,2218,2218,2218,2218
1,59,18,2594,2722,2722,2722,2722
1,59,19,554,554,554,554,554
1,59,20,2602,2730,2730,2730,2730
1,59,21,2594,2722,2722,2722,2722
1,59,22,554,554,554,554,554
1,59,23,2602,2730,2730,2730,2730
1,59,24,2594,2722,2722,2722,2722
1,59,25,554,554,554,554,554
1,59,26,2602,2730,2730,2730,2730
1,59,27,2592,2720,2720,2720,2720
1,59,28,552,552,552,552,552
1,59,29,2600,2728,2728,2728,2728
1,59,30,2592,2720,2720,2720,2720
1,59,31,552,552,552,552,552
1,59,32,2600,2728,2728,2728,2728
1,59,33,2592,2720,2720,2720,2720
1,59,34,552,552,552,552,552
1,59,35,2600,2728,2728,2728,2728
1,59,36,2082,2210,2210,2210,2210
1,59,37,42,42,42,42,42
1,59,38,2090,2218,2218,2218,2218
1,59,39,2082,2210,2210,2210,2210
1,59,40,42,42,42,42,42
1,59,41,2090,2218,2218,2218,2218
1,59,42,2082,2210,2210,2210,2210
1,59,43,42,42,42,42,42
1,59,44,2090,2218,2218,2218,2218
1,59,45,2594,2722,2722,2722,2722
1,59,46,554,554,554,554,554
1,59,47,2602,2730,2730,2730,2730
1,59,48,2594,2722,2722,2722,2722
1,59,49,554,554,554,554,554
1,59,50,2602,2730,2730,2730,2730
1,59,51,2594,2722,2722,2722,2722
1,59,52,554,554,554,554,554
1,59,53,2602,2730,2730,2730,2730
1,59,54,2592,2720,2720,2720,2720
1,59,55,552,552,552,552,552
1,59,56,2600,2728,2728,2728,2728
1,59,57,2592,2720,2720,2720,2720
1,59,58,552,552,552,552,552
1,59,59,2600,2728,2728,2728,2728
1,59,60,2592,2720,2720,2720,2720
1,59,61,552,552,552,552,552
1,59,62,2600,2728,2728,2728,2728
1,59,63,2082,2210,2210,2210,2210
1,59,64,42,42,42,42,42
1,59,65,2090,2218,2218,2218,2218
1,59,66,2082,2210,2210,2210,2210
1,59,67,42,42,42,42,42
1,59,68,2090,2218,2218,2218,2218
1,59,69,2082,2210,2210,2210,2210
1,59,70,42,42,42,42,42
1,59,71,2090,2218,2218,2218,2218
1,59,72,2594,2722,2722,2722,2722
1,59,73,554,554,554,554,554
1,59,74,2602,2730,2730,2730,2730
1,59,75,2594,2722,2722,2722,2722
1,59,76,554,554,554,554,554
1,59,77,2602,2730,2730,2730,2730
1,59,78,2594,2722,2722,2722,2722
1,59,79,554,554,554,554,554
1,59,80,2602,2730,2730,2730,2730
1,60,0,2080,2208,2208,2208,2208
1,60,1,40,40,40,40,40
1,60,2,2088,2216,2216,2216,2216
1,60,3,2080,2208,2208,2208,2208
1,60,4,40,40,40,40,40
1,60,5,2088,2216,2216,2216,2216
1,60,6,2080,2208,2208,2208,2208
1,60,7,40,40,40,40,40
1,60,8,2088,2216,2216,2216,2216
1,60,9,2080,2208,2208,2208,2208
1,60,10,40,40,40,40,40
1,60,11,2088,2216,2216,2216,2216
1,60,12,2080,2208,2208,2208,2208
1,60,13,40,40,40,40,40
1,60,14,2088,2216,2216,2216,2216
1,60,15,2080,2208,2208,2208,2208
1,60,16,40,40,40,40,40
1,60,17,2088,2216,2216,2216,2216
1,60,18,2080,2208,2208,2208,2208
1,60,19,40,40,40,40,40
1,60,20,2088,2216,2216,2216,2216
1,60,21,2080,2208,2208,2208,2208
1,60,22,40,40,40,40,40
1,60,23,2088,2216,2216,2216,2216
1,60,24,2080,2208,2208,2208,2208
1,60,25,40,40,40,40,40
1,60,26,2088,2216,2216,2216,2216
1,60,27,2080,2208,2208,2208,2208
1,60,28,40,40,40,40,40
1,60,29,2088,2216,2216,2216,2216
1,60,30,2080,2208,2208,2208,2208
1,60,31,40,40,40,40,40
1,60,32,2088,2216,2216,2216,2216
1,60,33,2080,2208,2208,2208,2208
1,60,34,40,40,40,40,40
1,60,35,2088,2216,2216,2216,2216
1,60,36,2080,2208,2208,2208,2208
1,60,37,40,40,40,40,40
1,60,38,2088,2216,2216,2216,2216
1,60,39,2080,2208,2208,2208,2208
1,60,40,40,40,40,40,40
1,60,41,2088,2216,2216,2216,2216
1,60,42,2080,2208,2208,2208,2208
1,60,43,40,40,40,40,40
1,60,44,2088,2216,2216,2216,2216
1,60,45,2080,2208,2208,2208,2208
1,60,46,40,40,40,40,40
1,60,47,2088,2216,2216,2216,2216
1,60,48,2080,2208,2208,2208,2208
1,60,49,40,40,40,40,40
1,60,50,2088,2216,2216,2216,2216
1,60,51,2080,2208,2208,2208,2208
1,60,52,40,40,40,40,40
1,60,53,2088,2216,2216,2216,2216
1,60,54,2080,2208,2208,2208,2208
1,60,55,40,40,40,40,40
1,60,56,2088,2216,2216,2216,2216
1,60,57,2080,2208,2208,2208,2208
1,60,58,40,40,40,40,40
1,60,59,2088,2216,2216,2216,2216
1,60,60,2080,2208,2208,2208,2208
1,60,61,40,40,40,40,40
1,60,62,2088,2216,2216,2216,2216
1,60,63,2080,2208,2208,2208,2208
1,60,64,40,40,40,40,40
1,60,65,2088,2216,2216,2216,2216
1,60,66,2080,2208,2208,2208,2208
1,60,67,40,40,40,40,40
1,60,68,2088,2216,2216,2216,2216
1,60,69,2080,2208,2208,2208,2208
1,60,70,40,40,40,40,40
1,60,71,2088,2216,2216,2216,2216
1,60,72,2080,2208,2208,2208,2208
1,60,73,40,40,40,40,40
1,60,74,2088,2216,2216,2216,2216
1,60,75,2080,2208,2208,2208,2208
1,60,76,40,40,40,40,40
1,60,77,2088,2216,2216,2216,2216
1,60,78,2080,2208,2208,2208,2208
1,60,79,40,40,40,40,40
1,60,80,2088,2216,2216,2216,2216
1,61,0,2592,2720,2720,2720,2720
1,61,1,552,552,552,552,552
1,61,2,2600,2728,2728,2728,2728
1,61,3,2592,2720,2720,2720,2720
1,61,4,552,552,552,552,552
1,61,5,2600,2728,2728,2728,2728
1,61,6,2592,2720,2720,2720,2720
1,61,7,552,552,552,552,552
1,61,8,2600,2728,2728,2728,2728
1,61,9,2082,2210,2210,2210,2210
1,61,10,42,42,42,42,42
1,61,11,2090,2218,2218,2218,2218
1,61,12,2082,2210,2210,2210,2210
1,61,13,42,42,42,42,42
1,61,14,2090,2218,2218,2218,2218
1,61,15,2082,2210,2210,2210,2210
1,61,16,42,42,42,42,42
1,61,17,2090,2218,2218,2218,2218
1,61,18,2594,2722,2722,2722,2722
1,61,19,554,554,554,554,554
1,61,20,2602,2730,2730,2730,2730
1,61,21,2594,2722,2722,2722,2722
1,61,22,554,554,554,554,554
1,61,23,2602,2730,2730,2730,2730
1,61,24,2594,2722,2722,2722,2722
1,61,25,554,554,554,554,554
1,61,26,2602,2730,2730,2730,2730
1,61,27,2592,2720,2720,2720,2720
1,61,28,552,552,552,552,552
1,61,29,2600,2728,2728,2728,2728
1,61,30,2592,2720,2720,2720,2720
1,61,31,552,552,552,552,552
1,61,32,2600,2728,2728,2728,2728
1,61,33,2592,2720,2720,2720,2720
1,61,34,552,552,552,552,552
1,61,35,2600,2728,2728,2728,2728
1,61,36,2082,2210,2210,2210,2210
1,61,37,42,42,42,42,42
1,61,38,2090,2218,2218,2218,2218
1,61,39,2082,2210,2210,2210,2210
1,61,40,42,42,42,42,42
1,61,41,2090,2218,2218,2218,2218
1,61,42,2082,2210,2210,2210,2210
1,61,43,42,42,42,42,42
1,61,44,2090,2218,2218,2218,2218
1,61,45,2594,2722,2722,2722,2722
1,61,46,554,554,554,554,554
1,61,47,2602,2730,2730,2730,2730
1,61,48,2594,2722,2722,2722,2722
1,61,49,554,554,554,554,554
1,61,50,2602,2730,2730,2730,2730
1,61,51,2594,2722,2722,2722,2722
1,61,52,554,554,554,554,554
1,61,53,2602,2730,2730,2730,2730
1,61,54,2592,2720,2720,2720,2720
1,61,55,552,552,552,552,552
1,61,56,2600,2728,2728,2728,2728
1,61,57,2592,2720,2720,2720,2720
1,61,58,552,552,552,552,552
1,61,59,2600,2728,2728,2728,2728
1,61,60,2592,2720,2720,2720,2720
1,61,61,552,552,552,552,552
1,61,62,2600,2728,2728,2728,2728
1,61,63,2082,2210,2210,2210,2210
1,61,64,42,42,42,42,42
1,61,65,2090,2218,2218,2218,2218
1,61,66,2082,2210,2210,2210,2210
1,61,67,42,42,42,42,42
1,61,68,2090,2218,2218,2218,2218
1,61,69,2082,2210,2210,2210,2210
1,61,70,42,42,42,42,42
1,61,71,2090,2218,2218,2218,2218
1,61,72,2594,2722,2722,2722,2722
1,61,73,554,554,554,554,554
1,61,74,2602,2730,2730,2730,2730
1,61,75,2594,2722,2722,2722,2722
1,61,76,554,554,554,554,554
1,61,77,2602,2730,2730,2730,2730
1,61,78,2594,2722,2722,2722,2722
1,61,79,554,554,554,554,554
1,61,80,2602,2730,2730,2730,2730
1,62,0,2592,2720,2720,2720,2720
1,62,1,552,552,552,552,552
1,62,2,2600,2728,2728,2728,2728
1,62,3,2592,2720,2720,2720,2720
1,62,4,552,552,552,552,552
1,62,5,2600,2728,2728,2728,2728
1,62,6,2592,2720,2720,2720,2720
1,62,7,552,552,552,552,552
1,62,8,2600,2728,2728,2728,2728
1,62,9,2082,2210,2210,2210,2210
1,62,10,42,42,42,42,42
1,62,11,2090,2218,2218,2218,2218
1,62,12,2082,2210,2210,2210,2210
1,62,13,42,42,42,42,42
1,62,14,2090,2218,2218,2218,2218
1,62,15,2082,2210,2210,2210,2210
1,62,16,42,42,42,42,42
1,62,17,2090,2218,2218,2218,2218
1,62,18,2594,2722,2722,2722,2722
1,62,19,554,554,554,554,554
1,62,20,2602,2730,2730,2730,2730
1,62,21,2594,2722,2722,2722,2722
1,62,22,554,554,554,554,554
1,62,23,2602,2730,2730,2730,2730
1,62,24,2594,2722,2722,2722,2722
1,62,25,554,554,554,554,554
1,62,26,2602,2730,2730,2730,2730
1,62,27,2592,2720,2720,2720,2720
1,62,28,552,552,552,552,552
1,62,29,2600,2728,2728,2728,2728
1,62,30,2592,2720,2720,2720,2720
1,62,31,552,552,552,552,552
1,62,32,2600,2728,2728,2728,2728
1,62,33,2592,2720,2720,2720,2720
1,62,34,552,552,552,552,552
1,62,35,2600,2728,2728,2728,2728
1,62,36,2082,2210,2210,2210,2210
1,62,37,42,42,42,42,42
1,62,38,2090,2218,2218,2218,2218
1,62,39,2082,2210,2210,2210,2210
1,62,40,42,42,42,42,42
1,62,41,2090,2218,2218,2218,2218
1,62,42,2082,2210,2210,2210,2210
1,62,43,42,42,42,42,42
1,62,44,2090,2218,2218,2218,2218
1,62,45,2594,2722,2722,2722,2722
1,62,46,554,554,554,554,554
1,62,47,2602,2730,2730,2730,2730
1,62,48,2594,2722,2722,2722,2722
1,62,49,554,554,554,554,554
1,62,50,2602,2730,2730,2730,2730
1,62,51,2594,2722,2722,2722,2722
1,62,52,554,554,554,554,554
1,62,53,2602,2730,2730,2730,2730
1,62,54,2592,2720,2720,2720,2720
1,62,55,552,552,552,552,552
1,62,56,2600,2728,2728,2728,2728
1,62,57,2592,2720,2720,2720,2720
1,62,58,552,552,552,552,552
1,62,59,2600,2728,2728,2728,2728
1,62,60,2592,2720,2720,2720,2720
1,62,61,552,552,552,552,552
1,62,62,2600,2728,2728,2728,2728
1,62,63,2082,2210,2210,2210,2210
1,62,64,42,42,42,42,42
1,62,65,2090,2218,2218,2218,2218
1,62,66,2082,2210,2210,2210,2210
1,62,67,42,42,42,42,42
1,62,68,2090,2218,2218,2218,2218
1,62,69,2082,2210,2210,2210,2210
1,62,70,42,42,42,42,42
1,62,71,2090,2218,2218,2218,2218
1,62,72,2594,2722,2722,2722,2722
1,62,73,554,554,554,554,554
1,62,74,2602,2730,2730,2730,2730
1,62,75,2594,2722,2722,2722,2722
1,62,76,554,554,554,554,554
1,62,77,2602,2730,2730,2730,2730
1,62,78,2594,2722,2722,2722,2722
1,62,79,554,554,554,554,554
1,62,80,2602,2730,2730,2730,2730
1,63,0,2592,2720,2720,2720,2720
1,63,1,552,552,552,552,552
1,63,2,2600,2728,2728,2728,2728
1,63,3,2592,2720,2720,2720,2720
1,63,4,552,552,552,552,552
1,63,5,2600,2728,2728,2728,2728
1,63,6,2592,2720,2720,2720,2720
1,63,7,552,552,552,552,552
1,63,8,2600,2728,2728,2728,2728
1,63,9,2082,2210,2210,2210,2210
1,63,10,42,42,42,42,42
1,63,11,2090,2218,2218,2218,2218
1,63,12,2082,2210,2210,2210,2210
1,63,13,42,42,42,42,42
1,63,14,2090,2218,2218,2218,2218
1,63,15,2082,2210,2210,2210,2210
1,63,16,42,42,42,42,42
1,63,17,2090,2218,2218,2218,2218
1,63,18,2594,2722,2722,2722,2722
1,63,19,554,554,554,554,554
1,63,20,2602,2730,2730,2730,2730
1,63,21,2594,2722,2722,2722,2722
1,63,22,554,554,554,554,554
1,63,23,2602,2730,2730,2730,2730
1,63,24,2594,2722,2722,2722,2722
1,63,25,554,554,554,554,554
1,63,26,2602,2730,2730,2730,2730
1,63,27,2592,2720,2720,2720,2720
1,63,28,552,552,552,552,552
1,63,29,2600,2728,2728,2728,2728
1,63,30,2592,2720,2720,2720,2720
1,63,31,552,552,552,552,552
1,63,32,2600,2728,2728,2728,2728
1,63,33,2592,2720,2720,2720,2720
1,63,34,552,552,552,552,552
1,63,35,2600,2728,2728,2728,2728
1,63,36,2082,2210,2210,2210,2210
1,63,37,42,42,42,42,42
1,63,38,2090,2218,2218,2218,2218
1,63,39,2082,2210,2210,2210,2210
1,63,40,42,42,42,42,42
1,63,41,2090,2218,2218,2218,2218
1,63,42,2082,2210,2210,2210,2210
1,63,43,42,42,42,42,42
1,63,44,2090,2218,2218,2218,2218
1,63,45,2594,2722,2722,2722,2722
1,63,46,554,554,554,554,554
1,63,47,2602,2730,2730,2730,2730
1,63,48,2594,2722,2722,2722,2722
1,63,49,554,554,554,554,554
1,63,50,2602,2730,2730,2730,2730
1,63,51,2594,2722,2722,2722,2722
1,63,52,554,554,554,554,554
1,63,53,2602,2730,2730,2730,2730
1,63,54,2592,2720,2720,2720,2720
1,63,55,552,552,552,552,552
1,63,56,2600,2728,2728,2728,2728
1,63,57,2592,2720,2720,2720,2720
1,63,58,552,552,552,552,552
1,63,59,2600,2728,2728,2728,2728
1,63,60,2592,2720,2720,2720,2720
1,63,61,552,552,552,552,552
1,63,62,2600,2728,2728,2728,2728
1,63,63,2082,2210,2210,2210,2210
1,63,64,42,42,42,42,42
1,63,65,2090,2218,2218,2218,2218
1,63,66,2082,2210,2210,2210,2210
1,63,67,42,42,42,42,42
1,63,68,2090,2218,2218,2218,2218
1,63,69,2082,2210,2210,2210,2210
1,63,70,42,42,42,42,42
1,63,71,2090,2218,2218,2218,2218
1,63,72,2594,2722,2722,2722,2722
1,63,73,554,554,554,554,554
1,63,74,2602,2730,2730,2730,2730
1,63,75,2594,2722,2722,2722,2722
1,63,76,554,554,554,554,554
1,63,77,2602,2730,2730,2730,2730
1,63,78,2594,2722,2722,2722,2722
1,63,79,554,554,554,554,554
1,63,80,2602,2730,2730,2730,2730
1,64,0,128,128,128,128,128
1,64,1,128,128,128,128,128
1,64,2,128,128,128,128,128
1,64,3,128,128,128,128,128
1,64,4,128,128,128,128,128
1,64,5,128,128,128,128,128
1,64,6,128,128,128,128,128
1,64,7,128,128,128,128,128
1,64,8,128,128,128,128,128
1,64,9,128,128,128,128,128
1,64,10,128,128,128,128,128
1,64,11,128,128,128,128,128
1,64,12,128,128,128,128,128
1,64,13,128,128,128,128,128
1,64,14,128,128,128,128,128
1,64,15,128,128,128,128,128
1,64,16,128,128,128,128,128
1,64,17,128,128,128,128,128
1,64,18,128,128,128,128,128
1,64,19,128,128,128,128,128
1,64,20,128,128,128,128,128
1,64,21,128,128,128,128,128
1,64,22,128,128,128,128,128
1,64,23,128,128,128,128,128
1,64,24,128,128,128,128,128
1,64,25,128,128,128,128,128
1,64,26,128,128,128,128,128
1,64,27,128,128,128,128,128
1,64,28,128,128,128,128,128
1,64,29,128,128,128,128,128
1,64,30,128,128,128,128,128
1,64,31,128,128,128,128,128
1,64,32,128,128,128,128,128
1,64,33,128,128,128,128,128
1,64,34,128,128,128,128,128
1,64,35,128,128,128,128,128
1,64,36,128,128,128,128,128
1,64,37,128,128,128,128,128
1,64,38,128,128,128,128,128
1,64,39,128,128,128,128,128
1,64,40,128,128,128,128,128
1,64,41,128,128,128,128,128
1,64,42,128,128,128,128,128
1,64,43,128,128,128,128,128
1,64,44,128,128,128,128,128
1,64,45,128,128,128,128,128
1,64,46,128,128,128,128,128
1,64,47,128,128,128,128,128
1,64,48,128,128,128,128,128
1,64,49,128,128,128,128,128
1,64,50,128,128,128,128,128
1,64,51,128,128,128,128,128
1,64,52,128,128,128,128,128
1,64,53,128,128,128,128,128
1,64,54,128,128,128,128,128
1,64,55,128,128,128,128,128
1,64,56,128,128,128,128,128
1,64,57,128,128,128,128,128
1,64,58,128,128,128,128,128
1,64,59,128,128,128,128,128
1,64,60,128,128,128,128,128
1,64,61,128,128,128,128,128
1,64,62,128,128,128,128,128
1,64,63,128,128,128,128,128
1,64,64,128,128,128,128,128
1,64,65,128,128,128,128,128
1,64,66,128,128,128,128,128
1,64,67,128,128,128,128,128
1,64,68,128,128,128,128,128
1,64,69,128,128,128,128,128
1,64,70,128,128,128,128,128
1,64,71,128,128,128,128,128
1,64,72,128,128,128,128,128
1,64,73,128,128,128,128,128
1,64,74,128,128,128,128,128
1,64,75,128,128,128,128,128
1,64,76,128,128,128,128,128
1,64,77,128,128,128,128,128
1,64,78,128,128,128,128,128
1,64,79,128,128,128,128,128
1,64,80,128,128,128,128,128
1,65,0,640,640,640,640,640
1,65,1,640,640,640,640,640
1,65,2,640,640,640,640,640
1,65,3,640,640,640,640,640
1,65,4,640,640,640,640,640
1,65,5,640,640,640,640,640
1,65,6,640,640,640,640,640
1,65,7,640,640,640,640,640
1,65,8,640,640,640,640,640
1,65,9,130,130,130,130,130
1,65,10,130,130,130,130,130
1,65,11,130,130,130,130,130
1,65,12,130,130,130,130,130
1,65,13,130,130,130,130,130
1,65,14,130,130,130,130,130
1,65,15,130,130,130,130,130
1,65,16,130,130,130,130,130
1,65,17,130,130,130,130,130
1,65,18,642,642,642,642,642
1,65,19,642,642,642,642,642
1,65,20,642,642,642,642,642
1,65,21,642,642,642,642,642
1,65,22,642,642,642,642,642
1,65,23,642,642,642,642,642
1,65,24,642,642,642,642,642
1,65,25,642,642,642,642,642
1,65,26,642,642,642,642,642
1,65,27,640,640,640,640,640
1,65,28,640,640,640,640,640
1,65,29,640,640,640,640,640
1,65,30,640,640,640,640,640
1,65,31,640,640,640,640,640
1,65,32,640,640,640,640,640
1,65,33,640,640,640,640,640
1,65,34,640,640,640,640,640
1,65,35,640,640,640,640,640
1,65,36,130,130,130,130,130
1,65,37,130,130,130,130,130
1,65,38,130,130,130,130,130
1,65,39,130,130,130,130,130
1,65,40,130,130,130,130,130
1,65,41,130,130,130,130,130
1,65,42,130,130,130,130,130
1,65,43,130,130,130,130,130
1,65,44,130,130,130,130,130
1,65,45,642,642,642,642,642
1,65,46,642,642,642,642,642
1,65,47,642,642,642,642,642
1,65,48,642,642,642,642,642
1,65,49,642,642,642,642,642
1,65,50,642,642,642,642,642
1,65,51,642,642,642,642,642
1,65,52,642,642,642,642,642
1,65,53,642,642,642,642,642
1,65,54,640,640,640,640,640
1,65,55,640,640,640,640,640
1,65,56,640,640,640,640,640
1,65,57,640,640,640,640,640
1,65,58,640,640,640,640,640
1,65,59,640,640,640,640,640
1,65,60,640,640,640,640,640
1,65,61,640,640,640,640,640
1,65,62,640,640,640,640,640
1,65,63,130,130,130,130,130
1,65,64,130,130,130,130,130
1,65,65,130,130,130,130,130
1,65,66,130,130,130,130,130
1,65,67,130,130,130,130,130
1,65,68,130,130,130,130,130
1,65,69,130,130,130,130,130
1,65,70,130,130,130,130,130
1,65,71,130,130,130,130,130
1,65,72,642,642,642,642,642
1,65,73,642,642,642,642,642
1,65,74,642,642,642,642,642
1,65,75,642,642,642,642,642
1,65,76,642,642,642,642,642
1,65,77,642,642,642,642,642
1,65,78,642,642,642,642,642
1,65,79,642,642,642,642,642
1,65,80,642,642,642,642,642
1,66,0,640,640,640,640,640
1,66,1,640,640,640,640,640
1,66,2,640,640,640,640,640
1,66,3,640,640,640,640,640
1,66,4,640,640,640,640,640
1,66,5,640,640,640,640,640
1,66,6,640,640,640,640,640
1,66,7,640,640,640,640,640
1,66,8,640,640,640,640,640
1,66,9,130,130,130,130,130
1,66,10,130,130,130,130,130
1,66,11,130,130,130,130,130
1,66,12,130,130,130,130,130
1,66,13,130,130,130,130,130
1,66,14,130,130,130,130,130
1,66,15,130,130,130,130,130
1,66,16,130,130,130,130,130
1,66,17,130,130,130,130,130
1,66,18,642,642,642,642,642
1,66,19,642,642,642,642,642
1,66,20,642,642,642,642,642
1,66,21,642,642,642,642,642
1,66,22,642,642,642,642,642
1,66,23,642,642,642,642,642
1,66,24,642,642,642,642,642
1,66,25,642,642,642,642,642
1,66,26,642,642,642,642,642
1,66,27,640,640,640,640,640
1,66,28,640,640,640,640,640
1,66,29,640,640,640,640,640
1,66,30,640,640,640,640,640
1,66,31,640,640,640,640,640
1,66,32,640,640,640,640,640
1,66,33,640,640,640,640,640
1,66,34,640,640,640,640,640
1,66,35,640,640,640,640,640
1,66,36,130,130,130,130,130
1,66,37,130,130,130,130,130
1,66,38,130,130,130,130,130
1,66,39,130,130,130,130,130
1,66,40,130,130,130,130,130
1,66,41,130,130,130,130,130
1,66,42,130,130,130,130,130
1,66,43,130,130,130,130,130
1,66,44,130,130,130,130,130
1,66,45,642,642,642,642,642
1,66,46,642,642,642,642,642
1,66,47,642,642,642,642,642
1,66,48,642,642,642,642,642
1,66,49,642,642,642,642,642
1,66,50,642,642,642,642,642
1,66,51,642,642,642,642,642
1,66,52,642,642,642,642,642
1,66,53,642,642,642,642,642
1,66,54,640,640,640,640,640
1,66,55,640,640,640,640,640
1,66,56,640,640,640,640,640
1,66,57,640,640,640,640,640
1,66,58,640,640,640,640,640
1,66,59,640,640,640,640,640
1,66,60,640,640,640,640,640
1,66,61,640,640,640,640,640
1,66,62,640,640,640,640,640
1,66,63,130,130,130,130,130
1,66,64,130,130,130,130,130
1,66,65,130,130,130,130,130
1,66,66,130,130,130,130,130
1,66,67,130,130,130,130,130
1,66,68,130,130,130,130,130
1,66,69,130,130,130,130,130
1,66,70,130,130,130,130,130
1,66,71,130,130,130,130,130
1,66,72,642,642,642,642,642
1,66,73,642,642,642,642,642
1,66,74,642,642,642,642,642
1,66,75,642,642,642,642,642
1,66,76,642,642,642,642,642
1,66,77,642,642,642,642,642
1,66,78,642,642,642,642,642
1,66,79,642,642,642,642,642
1,66,80,642,642,642,642,642
1,67,0,640,640,640,640,640
1,67,1,640,640,640,640,640
1,67,2,640,640,640,640,640
1,67,3,640,640,640,640,640
1,67,4,640,640,640,640,640
1,67,5,640,640,640,640,640
1,67,6,640,640,640,640,640
1,67,7,640,640,640,640,640
1,67,8,640,640,640,640,640
1,67,9,130,130,130,130,130
1,67,10,130,130,130,130,130
1,67,11,130,130,130,130,130
1,67,12,130,130,130,130,130
1,67,13,130,130,130,130,130
1,67,14,130,130,130,130,130
1,67,15,130,130,130,130,130
1,67,16,130,130,130,130,130
1,67,17,130,130,130,130,130
1,67,18,642,642,642,642,642
1,67,19,642,642,642,642,642
1,67,20,642,642,642,642,642
1,67,21,642,642,642,642,642
1,67,22,642,642,642,642,642
1,67,23,642,642,642,642,642
1,67,24,642,642,642,642,642
1,67,25,642,642,642,642,642
1,67,26,642,642,642,642,642
1,67,27,640,640,640,640,640
1,67,28,640,640,640,640,640
1,67,29,640,640,640,640,640
1,67,30,640,640,640,640,640
1,67,31,640,640,640,640,640
1,67,32,640,640,640,640,640
1,67,33,640,640,640,640,640
1,67,34,640,640,640,640,640
1,67,35,640,640,640,640,640
1,67,36,130,130,130,130,130
1,67,37,130,130,130,130,130
1,67,38,130,130,130,130,130
1,67,39,130,130,130,130,130
1,67,40,130,130,130,130,130
1,67,41,130,130,130,130,130
1,67,42,130,130,130,130,130
1,67,43,130,130,130,130,130
1,67,44,130,130,130,130,130
1,67,45,642,642,642,642,642
1,67,46,642,642,642,642,642
1,67,47,642,642,642,642,642
1,67,48,642,642,642,642,642
1,67,49,642,642,642,642,642
1,67,50,642,642,642,642,642
1,67,51,642,642,642,642,642
1,67,52,642,642,642,642,642
1,67,53,642,642,642,642,642
1,67,54,640,640,640,640,640
1,67,55,640,640,640,640,640
1,67,56,640,640,640,640,640
1,67,57,640,640,640,640,640
1,67,58,640,640,640,640,640
1,67,59,640,640,640,640,640
1,67,60,640,640,640,640,640
1,67,61,640,640,640,640,640
1,67,62,640,640,640,640,640
1,67,63,130,130,130,130,130
1,67,64,130,130,130,130,130
1,67,65,130,130,130,130,130
1,67,66,130,130,130,130,130
1,67,67,130,130,130,130,130
1,67,68,130,130,130,130,130
1,67,69,130,130,130,130,130
1,67,70,130,130,130,130,130
1,67,71,130,130,130,130,130
1,67,72,642,642,642,642,642
1,67,73,642,642,642,642,642
1,67,74,642,642,642,642,642
1,67,75,642,642,642,642,642
1,67,76,642,642,642,642,642
1,67,77,642,642,642,642,642
1,67,78,642,642,642,642,642
1,67,79,642,642,642,642,642
1,67,80,642,642,642,642,642
1,68,0,2176,2176,2176,2176,2176
1,68,1,136,136,136,136,136
1,68,2,2184,2184,2184,2184,2184
1,68,3,2176,2176,2176,2176,2176
1,68,4,136,136,136,136,136
1,68,5,2184,2184,2184,2184,2184
1,68,6,2176,2176,2176,2176,2176
1,68,7,136,136,136,136,136
1,68,8,2184,2184,2184,2184,2184
1,68,9,2176,2176,2176,2176,2176
1,68,10,136,136,136,136,136
1,68,11,2184,2184,2184,2184,2184
1,68,12,2176,2176,2176,2176,2176
1,68,13,136,136,136,136,136
1,68,14,2184,2184,2184,2184,2184
1,68,15,2176,2176,2176,2176,2176
1,68,16,136,136,136,136,136
1,68,17,2184,2184,2184,2184,2184
1,68,18,2176,2176,2176,2176,2176
1,68,19,136,136,136,136,136
1,68,20,2184,2184,2184,2184,2184
1,68,21,2176,2176,2176,2176,2176
1,68,22,136,136,136,136,136
1,68,23,2184,2184,2184,2184,2184
1,68,24,2176,2176,2176,2176,2176
1,68,25,136,136,136,136,136
1,68,26,2184,2184,2184,2184,2184
1,68,27,2176,2176,2176,2176,2176
1,68,28,136,136,136,136,136
1,68,29,2184,2184,2184,2184,2184
1,68,30,2176,2176,2176,2176,2176
1,68,31,136,136,136,136,136
1,68,32,2184,2184,2184,2184,2184
1,68,33,2176,2176,2176,2176,2176
1,68,34,136,136,136,136,136
1,68,35,2184,2184,2184,2184,2184
1,68,36,2176,2176,2176,2176,2176
1,68,37,136,136,136,136,136
1,68,38,2184,2184,2184,2184,2184
1,68,39,2176,2176,2176,2176,2176
1,68,40,136,136,136,136,136
1,68,41,2184,2184,2184,2184,2184
1,68,42,2176,2176,2176,2176,2176
1,68,43,136,136,136,136,136
1,68,44,2184,2184,2184,2184,2184
1,68,45,2176,2176,2176,2176,2176
1,68,46,136,136,136,136,136
1,68,47,2184,2184,2184,2184,2184
1,68,48,2176,2176,2176,2176,2176
1,68,49,136,136,136,136,136
1,68,50,2184,2184,2184,2184,2184
1,68,51,2176,2176,2176,2176,2176
1,68,52,136,136,136,136,136
1,68,53,2184,2184,2184,2184,2184
1,68,54,2176,2176,2176,2176,2176
1,68,55,136,136,136,136,136
1,68,56,2184,2184,2184,2184,2184
1,68,57,2176,2176,2176,2176,2176
1,68,58,136,136,136,136,136
1,68,59,2184,2184,2184,2184,2184
1,68,60,2176,2176,2176,2176,2176
1,68,61,136,136,136,136,136
1,68,62,2184,2184,2184,2184,2184
1,68,63,2176,2176,2176,2176,2176
1,68,64,136,136,136,136,136
1,68,65,2184,2184,2184,2184,2184
1,68,66,2176,2176,2176,2176,2176
1,68,67,136,136,136,136,136
1,68,68,2184,2184,2184,2184,2184
1,68,69,2176,2176,2176,2176,2176
1,68,70,136,136,136,136,136
1,68,71,2184,2184,2184,2184,2184
1,68,72,2176,2176,2176,2176,2176
1,68,73,136,136,136,136,136
1,68,74,2184,2184,2184,2184,2184
1,68,75,2176,2176,2176,2176,2176
1,68,76,136,136,136,136,136
1,68,77,2184,2184,2184,2184,2184
1,68,78,2176,2176,2176,2176,2176
1,68,79,136,136,136,136,136
1,68,80,2184,2184,2184,2184,2184
1,69,0,2688,2688,2688,2688,2688
1,69,1,648,648,648,648,648
1,69,2,2696,2696,2696,2696,2696
1,69,3,2688,2688,2688,2688,2688
1,69,4,648,648,648,648,648
1,69,5,2696,2696,2696,2696,2696
1,69,6,2688,2688,2688,2688,2688
1,69,7,648,648,648,648,648
1,69,8,2696,2696,2696,2696,2696
1,69,9,2178,2178,2178,2178,2178
1,69,10,138,138,138,138,138
1,69,11,2186,2186,2186,2186,2186
1,69,12,2178,2178,2178,2178,2178
1,69,13,138,138,138,138,138
1,69,14,2186,2186,2186,2186,2186
1,69,15,2178,2178,2178,2178,2178
1,69,16,138,138,138,138,138
1,69,17,2186,2186,2186,2186,2186
1,69,18,2690,2690,2690,2690,2690
1,69,19,650,650,650,650,650
1,69,20,2698,2698,2698,2698,2698
1,69,21,2690,2690,2690,2690,2690
1,69,22,650,650,650,650,650
1,69,23,2698,2698,2698,2698,2698
1,69,24,2690,2690,2690,2690,2690
1,69,25,650,650,650,650,650
1,69,26,2698,2698,2698,2698,2698
1,69,27,2688,2688,2688,2688,2688
1,69,28,648,648,648,648,648
1,69,29,2696,2696,2696,2696,2696
1,69,30,2688,2688,2688,2688,2688
1,69,31,648,648,648,648,648
1,69,32,2696,2696,2696,2696,2696
1,69,33,2688,2688,2688,2688,2688
1,69,34,648,648,648,648,648
1,69,35,2696,2696,2696,2696,2696
1,69,36,2178,2178,2178,2178,2178
1,69,37,138,138,138,138,138
1,69,38,2186,2186,2186,2186,2186
1,69,39,2178,2178,2178,2178,2178
1,69,40,138,138,138,138,138
1,69,41,2186,2186,2186,2186,2186
1,69,42,2178,2178,2178,2178,2178
1,69,43,138,138,138,138,138
1,69,44,2186,2186,2186,2186,2186
1,69,45,2690,2690,2690,2690,2690
1,69,46,650,650,650,650,650
1,69,47,2698,2698,2698,2698,2698
1,69,48,2690,2690,2690,2690,2690
1,69,49,650,650,650,650,650
1,69,50,2698,2698,2698,2698,2698
1,69,51,2690,2690,2690,2690,2690
1,69,52,650,650,650,650,650
1,69,53,2698,2698,2698,2698,2698
1,69,54,2688,2688,2688,2688,2688
1,69,55,648,648,648,648,648
1,69,56,2696,2696,2696,2696,2696
1,69,57,2688,2688,2688,2688,2688
1,69,58,648,648,648,648,648
1,69,59,2696,2696,2696,2696,2696
1,69,60,2688,2688,2688,2688,2688
1,69,61,648,648,648,648,648
1,69,62,2696,2696,2696,2696,2696
1,69,63,2178,2178,2178,2178,2178
1,69,64,138,138,138,138,138
1,69,65,2186,2186,2186,2186,2186
1,69,66,2178,2178,2178,2178,2178
1,69,67,138,138,138,138,138
1,69,68,2186,2186,2186,2186,2186
1,69,69,2178,2178,2178,2178,2178
1,69,70,138,138,138,138,138
1,69,71,2186,2186,2186,2186,2186
1,69,72,2690,2690,2690,2690,2690
1,69,73,650,650,650,650,650
1,69,74,2698,2698,2698,2698,2698
1,69,75,2690,2690,2690,2690,2690
1,69,76,650,650,650,650,650
1,69,77,2698,2698,2698,2698,2698
1,69,78,2690,2690,2690,2690,2690
1,69,79,650,650,650,650,650
1,69,80,2698,2698,2698,2698,2698
1,70,0,2688,2688,2688,2688,2688
1,70,1,648,648,648,648,648
1,70,2,2696,2696,2696,2696,2696
1,70,3,2688,2688,2688,2688,2688
1,70,4,648,648,648,648,648
1,70,5,2696,2696,2696,2696,2696
1,70,6,2688,2688,2688,2688,2688
1,70,7,648,648,648,648,648
1,70,8,2696,2696,2696,2696,2696
1,70,9,2178,2178,2178,2178,2178
1,70,10,138,138,138,138,138
1,70,11,2186,2186,2186,2186,2186
1,70,12,2178,2178,2178,2178,2178
1,70,13,138,138,138,138,138
1,70,14,2186,2186,2186,2186,2186
1,70,15,2178,2178,2178,2178,2178
1,70,16,138,138,138,138,138
1,70,17,2186,2186,2186,2186,2186
1,70,18,2690,2690,2690,2690,2690
1,70,19,650,650,650,650,650
1,70,20,2698,2698,2698,2698,2698
1,70,21,2690,2690,2690,2690,2690
1,70,22,650,650,650,650,650
1,70,23,2698,2698,2698,2698,2698
1,70,24,2690,2690,2690,2690,2690
1,70,25,650,650,650,650,650
1,70,26,2698,2698,2698,2698,2698
1,70,27,2688,2688,2688,2688,2688
1,70,28,648,648,648,648,648
1,70,29,2696,2696,2696,2696,2696
1,70,30,2688,2688,2688,2688,2688
1,70,31,648,648,648,648,648
1,70,32,2696,2696,2696,2696,2696
1,70,33,2688,2688,2688,2688,2688
1,70,34,648,648,648,648,648
1,70,35,2696,2696,2696,2696,2696
1,70,36,2178,2178,2178,2178,2178
1,70,37,138,138,138,138,138
1,70,38,2186,2186,2186,2186,2186
1,70,39,2178,2178,2178,2178,2178
1,70,40,138,138,138,138,138
1,70,41,2186,2186,2186,2186,2186
1,70,42,2178,2178,2178,2178,2178
1,70,43,138,138,138,138,138
1,70,44,2186,2186,2186,2186,2186
1,70,45,2690,2690,2690,2690,2690
1,70,46,650,650,650,650,650
1,70,47,2698,2698,2698,2698,2698
1,70,48,2690,2690,2690,2690,2690
1,70,49,650,650,650,650,650
1,70,50,2698,2698,2698,2698,2698
1,70,51,2690,2690,2690,2690,2690
1,70,52,650,650,650,650,650
1,70,53,2698,2698,2698,2698,2698
1,70,54,2688,2688,2688,2688,2688
1,70,55,648,648,648,648,648
1,70,56,2696,2696,2696,2696,2696
1,70,57,2688,2688,2688,2688,2688
1,70,58,648,648,648,648,648
1,70,59,2696,2696,2696,2696,2696
1,70,60,2688,2688,2688,2688,2688
1,70,61,648,648,648,648,648
1,70,62,2696,2696,2696,2696,2696
1,70,63,2178,2178,2178,2178,2178
1,70,64,138,138,138,138,138
1,70,65,2186,2186,2186,2186,2186
1,70,66,2178,2178,2178,2178,2178
1,70,67,138,138,138,138,138
1,70,68,2186,2186,2186,2186,2186
1,70,69,2178,2178,2178,2178,2178
1,70,70,138,138,138,138,138
1,70,71,2186,2186,2186,2186,2186
1,70,72,2690,2690,2690,2690,2690
1,70,73,650,650,650,650,650
1,70,74,2698,2698,2698,2698,2698
1,70,75,2690,2690,2690,2690,2690
1,70,76,650,650,650,650,650
1,70,77,2698,2698,2698,2698,2698
1,70,78,2690,2690,2690,2690,2690
1,70,79,650,650,650,650,650
1,70,80,2698,2698,2698,2698,2698
1,71,0,2688,2688,2688,2688,2688
1,71,1,648,648,648,648,648
1,71,2,2696,2696,2696,2696,2696
1,71,3,2688,2688,2688,2688,2688
1,71,4,648,648,648,648,648
1,71,5,2696,2696,2696,2696,2696
1,71,6,2688,2688,2688,2688,2688
1,71,7,648,648,648,648,648
1,71,8,2696,2696,2696,2696,2696
1,71,9,2178,2178,2178,2178,2178
1,71,10,138,138,138,138,138
1,71,11,2186,2186,2186,2186,2186
1,71,12,2178,2178,2178,2178,2178
1,71,13,138,138,138,138,138
1,71,14,2186,2186,2186,2186,2186
1,71,15,2178,2178,2178,2178,2178
1,71,16,138,138,138,138,138
1,71,17,2186,2186,2186,2186,2186
1,71,18,2690,2690,2690,2690,2690
1,71,19,650,650,650,650,650
1,71,20,2698,2698,2698,2698,2698
1,71,21,2690,2690,2690,2690,2690
1,71,22,650,650,650,650,650
1,71,23,2698,2698,2698,2698,2698
1,71,24,2690,2690,2690,2690,2690
1,71,25,650,650,650,650,650
1,71,26,2698,2698,2698,2698,2698
1,71,27,2688,2688,2688,2688,2688
1,71,28,648,648,648,648,648
1,71,29,2696,2696,2696,2696,2696
1,71,30,2688,2688,2688,2688,2688
1,71,31,648,648,648,648,648
1,71,32,2696,2696,2696,2696,2696
1,71,33,2688,2688,2688,2688,2688
1,71,34,648,648,648,648,648
1,71,35,2696,2696,2696,2696,2696
1,71,36,2178,2178,2178,2178,2178
1,71,37,138,138,138,138,138
1,71,38,2186,2186,2186,2186,2186
1,71,39,2178,2178,2178,2178,2178
1,71,40,138,138,138,138,138
1,71,41,2186,2186,2186,2186,2186
1,71,42,2178,2178,2178,2178,2178
1,71,43,138,138,138,138,138
1,71,44,2186,2186,2186,2186,2186
1,71,45,2690,2690,2690,2690,2690
1,71,46,650,650,650,650,650
1,71,47,2698,2698,2698,2698,2698
1,71,48,2690,2690,2690,2690,2690
1,71,49,650,650,650,650,650
1,71,50,2698,2698,2698,2698,2698
1,71,51,2690,2690,2690,2690,2690
1,71,52,650,650,650,650,650
1,71,53,2698,2698,2698,2698,2698
1,71,54,2688,2688,2688,2688,2688
1,71,55,648,648,648,648,648
1,71,56,2696,2696,2696,2696,2696
1,71,57,2688,2688,2688,2688,2688
1,71,58,648,648,648,648,648
1,71,59,2696,2696,2696,2696,2696
1,71,60,2688,2688,2688,2688,2688
1,71,61,648,648,648,648,648
1,71,62,2696,2696,2696,2696,2696
1,71,63,2178,2178,2178,2178,2178
1,71,64,138,138,138,138,138
1,71,65,2186,2186,2186,2186,2186
1,71,66,2178,2178,2178,2178,2178
1,71,67,138,138,138,138,138
1,71,68,2186,2186,2186,2186,2186
1,71,69,2178,2178,2178,2178,2178
1,71,70,138,138,138,138,138
1,71,71,2186,2186,2186,2186,2186
1,71,72,2690,2690,2690,2690,2690
1,71,73,650,650,650,650,650
1,71,74,2698,2698,2698,2698,2698
1,71,75,2690,2690,2690,2690,2690
1,71,76,650,650,650,650,650
1,71,77,2698,2698,2698,2698,2698
1,71,78,2690,2690,2690,2690,2690
1,71,79,650,650,650,650,650
1,71,80,2698,2698,2698,2698,2698
1,72,0,2176,2176,2176,2176,2176
1,72,1,136,136,136,136,136
1,72,2,2184,2184,2184,2184,2184
1,72,3,2176,2176,2176,2176,2176
1,72,4,136,136,136,136,136
1,72,5,2184,2184,2184,2184,2184
1,72,6,2176,2176,2176,2176,2176
1,72,7,136,136,136,136,136
1,72,8,2184,2184,2184,2184,2184
1,72,9,2176,2176,2176,2176,2176
1,72,10,136,136,136,136,136
1,72,11,2184,2184,2184,2184,2184
1,72,12,2176,2176,2176,2176,2176
1,72,13,136,136,136,136,136
1,72,14,2184,2184,2184,2184,2184
1,72,15,2176,2176,2176,2176,2176
1,72,16,136,136,136,136,136
1,72,17,2184,2184,2184,2184,2184
1,72,18,2176,2176,2176,2176,2176
1,72,19,136,136,136,136,136
1,72,20,2184,2184,2184,2184,2184
1,72,21,2176,2176,2176,2176,2176
1,72,22,136,136,136,136,136
1,72,23,2184,2184,2184,2184,2184
1,72,24,2176,2176,2176,2176,2176
1,72,25,136,136,136,136,136
1,72,26,2184,2184,2184,2184,2184
1,72,27,2176,2176,2176,2176,2176
1,72,28,136,136,136,136,136
1,72,29,2184,2184,2184,2184,2184
1,72,30,2176,2176,2176,2176,2176
1,72,31,136,136,136,136,136
1,72,32,2184,2184,2184,2184,2184
1,72,33,2176,2176,2176,2176,2176
1,72,34,136,136,136,136,136
1,72,35,2184,2184,2184,2184,2184
1,72,36,2176,2176,2176,2176,2176
1,72,37,136,136,136,136,136
1,72,38,2184,2184,2184,2184,2184
1,72,39,2176,2176,2176,2176,2176
1,72,40,136,136,136,136,136
1,72,41,2184,2184,2184,2184,2184
1,72,42,2176,2176,2176,2176,2176
1,72,43,136,136,136,136,136
1,72,44,2184,2184,2184,2184,2184
1,72,45,2176,2176,2176,2176,2176
1,72,46,136,136,136,136,136
1,72,47,2184,2184,2184,2184,2184
1,72,48,2176,2176,2176,2176,2176
1,72,49,136,136,136,136,136
1,72,50,2184,2184,2184,2184,2184
1,72,51,2176,2176,2176,2176,2176
1,72,52,136,136,136,136,136
1,72,53,2184,2184,2184,2184,2184
1,72,54,2176,2176,2176,2176,2176
1,72,55,136,136,136,136,136
1,72,56,2184,2184,2184,2184,2184
1,72,57,2176,2176,2176,2176,2176
1,72,58,136,136,136,136,136
1,72,59,2184,2184,2184,2184,2184
1,72,60,2176,2176,2176,2176,2176
1,72,61,136,136,136,136,136
1,72,62,2184,2184,2184,2184,2184
1,72,63,2176,2176,2176,2176,2176
1,72,64,136,136,136,136,136
1,72,65,2184,2184,2184,2184,2184
1,72,66,2176,2176,2176,2176,2176
1,72,67,136,136,136,136,136
1,72,68,2184,2184,2184,2184,2184
1,72,69,2176,2176,2176,2176,2176
1,72,70,136,136,136,136,136
1,72,71,2184,2184,2184,2184,2184
1,72,72,2176,2176,2176,2176,2176
1,72,73,136,136,136,136,136
1,72,74,2184,2184,2184,2184,2184
1,72,75,2176,2176,2176,2176,2176
1,72,76,136,136,136,136,136
1,72,77,2184,2184,2184,2184,2184
1,72,78,2176,2176,2176,2176,2176
1,72,79,136,136,136,136,136
1,72,80,2184,2184,2184,2184,2184
1,73,0,2688,2688,2688,2688,2688
1,73,1,648,648,648,648,648
1,73,2,2696,2696,2696,2696,2696
1,73,3,2688,2688,2688,2688,2688
1,73,4,648,648,648,648,648
1,73,5,2696,2696,2696,2696,2696
1,73,6,2688,2688,2688,2688,2688
1,73,7,648,648,648,648,648
1,73,8,2696,2696,2696,2696,2696
1,73,9,2178,2178,2178,2178,2178
1,73,10,138,138,138,138,138
1,73,11,2186,2186,2186,2186,2186
1,73,12,2178,2178,2178,2178,2178
1,73,13,138,138,138,138,138
1,73,14,2186,2186,2186,2186,2186
1,73,15,2178,2178,2178,2178,2178
1,73,16,138,138,138,138,138
1,73,17,2186,2186,2186,2186,2186
1,73,18,2690,2690,2690,2690,2690
1,73,19,650,650,650,650,650
1,73,20,2698,2698,2698,2698,2698
1,73,21,2690,2690,2690,2690,2690
1,73,22,650,650,650,650,650
1,73,23,2698,2698,2698,2698,2698
1,73,24,2690,2690,2690,2690,2690
1,73,25,650,650,650,650,650
1,73,26,2698,2698,2698,2698,2698
1,73,27,2688,2688,2688,2688,2688
1,73,28,648,648,648,648,648
1,73,29,2696,2696,2696,2696,2696
1,73,30,2688,2688,2688,2688,2688
1,73,31,648,648,648,648,648
1,73,32,2696,2696,2696,2696,2696
1,73,33,2688,2688,2688,2688,2688
1,73,34,648,648,648,648,648
1,73,35,2696,2696,2696,2696,2696
1,73,36,2178,2178,2178,2178,2178
1,73,37,138,138,138,138,138
1,73,38,2186,2186,2186,2186,2186
1,73,39,2178,2178,2178,2178,2178
1,73,40,138,138,138,138,138
1,73,41,2186,2186,2186,2186,2186
1,73,42,2178,2178,2178,2178,2178
1,73,43,138,138,138,138,138
1,73,44,2186,2186,2186,2186,2186
1,73,45,2690,2690,2690,2690,2690
1,73,46,650,650,650,650,650
1,73,47,2698,2698,2698,2698,2698
1,73,48,2690,2690,2690,2690,2690
1,73,49,650,650,650,650,650
1,73,50,2698,2698,2698,2698,2698
1,73,51,2690,2690,2690,2690,2690
1,73,52,650,650,650,650,650
1,73,53,2698,2698,2698,2698,2698
1,73,54,2688,2688,2688,2688,2688
1,73,55,648,648,648,648,648
1,73,56,2696,2696,2696,2696,2696
1,73,57,2688,2688,2688,2688,2688
1,73,58,648,648,648,648,648
1,73,59,2696,2696,2696,2696,2696
1,73,60,2688,2688,2688,2688,2688
1,73,61,648,648,648,648,648
1,73,62,2696,2696,2696,2696,2696
1,73,63,2178,2178,2178,2178,2178
1,73,64,138,138,138,138,138
1,73,65,2186,2186,2186,2186,2186
1,73,66,2178,2178,2178,2178,2178
1,73,67,138,138,138,138,138
1,73,68,2186,2186,2186,2186,2186
1,73,69,2178,2178,2178,2178,2178
1,73,70,138,138,138,138,138
1,73,71,2186,2186,2186,2186,2186
1,73,72,2690,2690,2690,2690,2690
1,73,73,650,650,650,650,650
1,73,74,2698,2698,2698,2698,2698
1,73,75,2690,2690,2690,2690,2690
1,73,76,650,650,650,650,650
1,73,77,2698,2698,2698,2698,2698
1,73,78,2690,2690,2690,2690,2690
1,73,79,650,650,650,650,650
1,73,80,2698,2698,2698,2698,2698
1,74,0,2688,2688,2688,2688,2688
1,74,1,648,648,648,648,648
1,74,2,2696,2696,2696,2696,2696
1,74,3,2688,2688,2688,2688,2688
1,74,4,648,648,648,648,648
1,74,5,2696,2696,2696,2696,2696
1,74,6,2688,2688,2688,2688,2688
1,74,7,648,648,648,648,648
1,74,8,2696,2696,2696,2696,2696
1,74,9,2178,2178,2178,2178,2178
1,74,10,138,138,138,138,138
1,74,11,2186,2186,2186,2186,2186
1,74,12,2178,2178,2178,2178,2178
1,74,13,138,138,138,138,138
1,74,14,2186,2186,2186,2186,2186
1,74,15,2178,2178,2178,2178,2178
1,74,16,138,138,138,138,138
1,74,17,2186,2186,2186,2186,2186
1,74,18,2690,2690,2690,2690,2690
1,74,19,650,650,650,650,650
1,74,20,2698,2698,2698,2698,2698
1,74,21,2690,2690,2690,2690,2690
1,74,22,650,650,650,650,650
1,74,23,2698,2698,2698,2698,2698
1,74,24,2690,2690,2690,2690,2690
1,74,25,650,650,650,650,650
1,74,26,2698,2698,2698,2698,2698
1,74,27,2688,2688,2688,2688,2688
1,74,28,648,648,648,648,648
1,74,29,2696,2696,2696,2696,2696
1,74,30,2688,2688,2688,2688,2688
1,74,31,648,648,648,648,648
1,74,32,2696,2696,2696,2696,2696
1,74,33,2688,2688,2688,2688,2688
1,74,34,648,648,648,648,648
1,74,35,2696,2696,2696,2696,2696
1,74,36,2178,2178,2178,2178,2178
1,74,37,138,138,138,138,138
1,74,38,2186,2186,2186,2186,2186
1,74,39,2178,2178,2178,2178,2178
1,74,40,138,138,138,138,138
1,74,41,2186,2186,2186,2186,2186
1,74,42,2178,2178,2178,2178,2178
1,74,43,138,138,138,138,138
1,74,44,2186,2186,2186,2186,2186
1,74,45,2690,2690,2690,2690,2690
1,74,46,650,650,650,650,650
1,74,47,2698,2698,2698,2698,2698
1,74,48,2690,2690,2690,2690,2690
1,74,49,650,650,650,650,650
1,74,50,2698,2698,2698,2698,2698
1,74,51,2690,2690,2690,2690,2690
1,74,52,650,650,650,650,650
1,74,53,2698,2698,2698,2698,2698
1,74,54,2688,2688,2688,2688,2688
1,74,55,648,648,648,648,648
1,74,56,2696,2696,2696,2696,2696
1,74,57,2688,2688,2688,2688,2688
1,74,58,648,648,648,648,648
1,74,59,2696,2696,2696,2696,2696
1,74,60,2688,2688,2688,2688,2688
1,74,61,648,648,648,648,648
1,74,62,2696,2696,2696,2696,2696
1,74,63,2178,2178,2178,2178,2178
1,74,64,138,138,138,138,138
1,74,65,2186,2186,2186,2186,2186
1,74,66,2178,2178,2178,2178,2178
1,74,67,138,138,138,138,138
1,74,68,2186,2186,2186,2186,2186
1,74,69,2178,2178,2178,2178,2178
1,74,70,138,138,138,138,138
1,74,71,2186,2186,2186,2186,2186
1,74,72,2690,2690,2690,2690,2690
1,74,73,650,650,650,650,650
1,74,74,2698,2698,2698,2698,2698
1,74,75,2690,2690,2690,2690,2690
1,74,76,650,650,650,650,650
1,74,77,2698,2698,2698,2698,2698
1,74,78,2690,2690,2690,2690,2690
1,74,79,650,650,650,650,650
1,74,80,2698,2698,2698,2698,2698
1,75,0,2688,2688,2688,2688,2688
1,75,1,648,648,648,648,648
1,75,2,2696,2696,2696,2696,2696
1,75,3,2688,2688,2688,2688,2688
1,75,4,648,648,648,648,648
1,75,5,2696,2696,2696,2696,2696
1,75,6,2688,2688,2688,2688,2688
1,75,7,648,648,648,648,648
1,75,8,2696,2696,2696,2696,2696
1,75,9,2178,2178,2178,2178,2178
1,75,10,138,138,138,138,138
1,75,11,2186,2186,2186,2186,2186
1,75,12,2178,2178,2178,2178,2178
1,75,13,138,138,138,138,138
1,75,14,2186,2186,2186,2186,2186
1,75,15,2178,2178,2178,2178,2178
1,75,16,138,138,138,138,138
1,75,17,2186,2186,2186,2186,2186
1,75,18,2690,2690,2690,2690,2690
1,75,19,650,650,650,650,650
1,75,20,2698,2698,2698,2698,2698
1,75,21,2690,2690,2690,2690,2690
1,75,22,650,650,650,650,650
1,75,23,2698,2698,2698,2698,2698
1,75,24,2690,2690,2690,2690,2690
1,75,25,650,650,650,650,650
1,75,26,2698,2698,2698,2698,2698
1,75,27,2688,2688,2688,2688,2688
1,75,28,648,648,648,648,648
1,75,29,2696,2696,2696,2696,2696
1,75,30,2688,2688,2688,2688,2688
1,75,31,648,648,648,648,648
1,75,32,2696,2696,2696,2696,2696
1,75,33,2688,2688,2688,2688,2688
1,75,34,648,648,648,648,648
1,75,35,2696,2696,2696,2696,2696
1,75,36,2178,2178,2178,2178,2178
1,75,37,138,138,138,138,138
1,75,38,2186,2186,2186,2186,2186
1,75,39,2178,2178,2178,2178,2178
1,75,40,138,138,138,138,138
1,75,41,2186,2186,2186,2186,2186
1,75,42,2178,2178,2178,2178,2178
1,75,43,138,138,138,138,138
1,75,44,2186,2186,2186,2186,2186
1,75,45,2690,2690,2690,2690,2690
1,75,46,650,650,650,650,650
1,75,47,2698,2698,2698,2698,2698
1,75,48,2690,2690,2690,2690,2690
1,75,49,650,650,650,650,650
1,75,50,2698,2698,2698,2698,2698
1,75,51,2690,2690,2690,2690,2690
1,75,52,650,650,650,650,650
1,75,53,2698,2698,2698,2698,2698
1,75,54,2688,2688,2688,2688,2688
1,75,55,648,648,648,648,648
1,75,56,2696,2696,2696,2696,2696
1,75,57,2688,2688,2688,2688,2688
1,75,58,648,648,648,648,648
1,75,59,2696,2696,2696,2696,2696
1,75,60,2688,2688,2688,2688,2688
1,75,61,648,648,648,648,648
1,75,62,2696,2696,2696,2696,2696
1,75,63,2178,2178,2178,2178,2178
1,75,64,138,138,138,138,138
1,75,65,2186,2186,2186,2186,2186
1,75,66,2178,2178,2178,2178,2178
1,75,67,138,138,138,138,138
1,75,68,2186,2186,2186,2186,2186
1,75,69,2178,2178,2178,2178,2178
1,75,70,138,138,138,138,138
1,75,71,2186,2186,2186,2186,2186
1,75,72,2690,2690,2690,2690,2690
1,75,73,650,650,650,650,650
1,75,74,2698,2698,2698,2698,2698
1,75,75,2690,2690,2690,2690,2690
1,75,76,650,650,650,650,650
1,75,77,2698,2698,2698,2698,2698
1,75,78,2690,2690,2690,2690,2690
1,75,79,650,650,650,650,650
1,75,80,2698,2698,2698,2698,2698
1,76,0,2176,2176,2176,2176,2176
1,76,1,136,136,136,136,136
1,76,2,2184,2184,2184,2184,2184
1,76,3,2176,2176,2176,2176,2176
1,76,4,136,136,136,136,136
1,76,5,2184,2184,2184,2184,2184
1,76,6,2176,2176,2176,2176,2176
1,76,7,136,136,136,136,136
1,76,8,2184,2184,2184,2184,2184
1,76,9,2176,2176,2176,2176,2176
1,76,10,136,136,136,136,136
1,76,11,2184,2184,2184,2184,2184
1,76,12,2176,2176,2176,2176,2176
1,76,13,136,136,136,136,136
1,76,14,2184,2184,2184,2184,2184
1,76,15,2176,2176,2176,2176,2176
1,76,16,136,136,136,136,136
1,76,17,2184,2184,2184,2184,2184
1,76,18,2176,2176,2176,2176,2176
1,76,19,136,136,136,136,136
1,76,20,2184,2184,2184,2184,2184
1,76,21,2176,2176,2176,2176,2176
1,76,22,136,136,136,136,136
1,76,23,2184,2184,2184,2184,2184
1,76,24,2176,2176,2176,2176,2176
1,76,25,136,136,136,136,136
1,76,26,2184,2184,2184,2184,2184
1,76,27,2176,2176,2176,2176,2176
1,76,28,136,136,136,136,136
1,76,29,2184,2184,2184,2184,2184
1,76,30,2176,2176,2176,2176,2176
1,76,31,136,136,136,136,136
1,76,32,2184,2184,2184,2184,2184
1,76,33,2176,2176,2176,2176,2176
1,76,34,136,136,136,136,136
1,76,35,2184,2184,2184,2184,2184
1,76,36,2176,2176,2176,2176,2176
1,76,37,136,136,136,136,136
1,76,38,2184,2184,2184,2184,2184
1,76,39,2176,2176,2176,2176,2176
1,76,40,136,136,136,136,136
1,76,41,2184,2184,2184,2184,2184
1,76,42,2176,2176,2176,2176,2176
1,76,43,136,136,136,136,136
1,76,44,2184,2184,2184,2184,2184
1,76,45,2176,2176,2176,2176,2176
1,76,46,136,136,136,136,136
1,76,47,2184,2184,2184,2184,2184
1,76,48,2176,2176,2176,2176,2176
1,76,49,136,136,136,136,136
1,76,50,2184,2184,2184,2184,2184
1,76,51,2176,2176,2176,2176,2176
1,76,52,136,136,136,136,136
1,76,53,2184,2184,2184,2184,2184
1,76,54,2176,2176,2176,2176,2176
1,76,55,136,136,136,136,136
1,76,56,2184,2184,2184,2184,2184
1,76,57,2176,2176,2176,2176,2176
1,76,58,136,136,136,136,136
1,76,59,2184,2184,2184,2184,2184
1,76,60,2176,2176,2176,2176,2176
1,76,61,136,136,136,136,136
1,76,62,2184,2184,2184,2184,2184
1,76,63,2176,2176,2176,2176,2176
1,76,64,136,136,136,136,136
1,76,65,2184,2184,2184,2184,2184
1,76,66,2176,2176,2176,2176,2176
1,76,67,136,136,136,136,136
1,76,68,2184,2184,2184,2184,2184
1,76,69,2176,2176,2176,2176,2176
1,76,70,136,136,136,136,136
1,76,71,2184,2184,2184,2184,2184
1,76,72,2176,2176,2176,2176,2176
1,76,73,136,136,136,136,136
1,76,74,2184,2184,2184,2184,2184
1,76,75,2176,2176,2176,2176,2176
1,76,76,136,136,136,136,136
1,76,77,2184,2184,2184,2184,2184
1,76,78,2176,2176,2176,2176,2176
1,76,79,136,136,136,136,136
1,76,80,2184,2184,2184,2184,2184
1,77,0,2688,2688,2688,2688,2688
1,77,1,648,648,648,648,648
1,77,2,2696,2696,2696,2696,2696
1,77,3,2688,2688,2688,2688,2688
1,77,4,648,648,648,648,648
1,77,5,2696,2696,2696,2696,2696
1,77,6,2688,2688,2688,2688,2688
1,77,7,648,648,648,648,648
1,77,8,2696,2696,2696,2696,2696
1,77,9,2178,2178,2178,2178,2178
1,77,10,138,138,138,138,138
1,77,11,2186,2186,2186,2186,2186
1,77,12,2178,2178,2178,2178,2178
1,77,13,138,138,138,138,138
1,77,14,2186,2186,2186,2186,2186
1,77,15,2178,2178,2178,2178,2178
1,77,16,138,138,138,138,138
1,77,17,2186,2186,2186,2186,2186
1,77,18,2690,2690,2690,2690,2690
1,77,19,650,650,650,650,650
1,77,20,2698,2698,2698,2698,2698
1,77,21,2690,2690,2690,2690,2690
1,77,22,650,650,650,650,650
1,77,23,2698,2698,2698,2698,2698
1,77,24,2690,2690,2690,2690,2690
1,77,25,650,650,650,650,650
1,77,26,2698,2698,2698,2698,2698
1,77,27,2688,2688,2688,2688,2688
1,77,28,648,648,648,648,648
1,77,29,2696,2696,2696,2696,2696
1,77,30,2688,2688,2688,2688,2688
1,77,31,648,648,648,648,648
1,77,32,2696,2696,2696,2696,2696
1,77,33,2688,2688,2688,2688,2688
1,77,34,648,648,648,648,648
1,77,35,2696,2696,2696,2696,2696
1,77,36,2178,2178,2178,2178,2178
1,77,37,138,138,138,138,138
1,77,38,2186,2186,2186,2186,2186
1,77,39,2178,2178,2178,2178,2178
1,77,40,138,138,138,138,138
1,77,41,2186,2186,2186,2186,2186
1,77,42,2178,2178,2178,2178,2178
1,77,43,138,138,138,138,138
1,77,44,2186,2186,2186,2186,2186
1,77,45,2690,2690,2690,2690,2690
1,77,46,650,650,650,650,650
1,77,47,2698,2698,2698,2698,2698
1,77,48,2690,2690,2690,2690,2690
1,77,49,650,650,650,650,650
1,77,50,2698,2698,2698,2698,2698
1,77,51,2690,2690,2690,2690,2690
1,77,52,650,650,650,650,650
1,77,53,2698,2698,2698,2698,2698
1,77,54,2688,2688,2688,2688,2688
1,77,55,648,648,648,648,648
1,77,56,2696,2696,2696,2696,2696
1,77,57,2688,2688,2688,2688,2688
1,77,58,648,648,648,648,648
1,77,59,2696,2696,2696,2696,2696
1,77,60,2688,2688,2688,2688,2688
1,77,61,648,648,648,648,648
1,77,62,2696,2696,2696,2696,2696
1,77,63,2178,2178,2178,2178,2178
1,77,64,138,138,138,138,138
1,77,65,2186,2186,2186,2186,2186
1,77,66,2178,2178,2178,2178,2178
1,77,67,138,138,138,138,138
1,77,68,2186,2186,2186,2186,2186
1,77,69,2178,2178,2178,2178,2178
1,77,70,138,138,138,138,138
1,77,71,2186,2186,2186,2186,2186
1,77,72,2690,2690,2690,2690,2690
1,77,73,650,650,650,650,650
1,77,74,2698,2698,2698,2698,2698
1,77,75,2690,2690,2690,2690,2690
1,77,76,650,650,650,650,650
1,77,77,2698,2698,2698,2698,2698
1,77,78,2690,2690,2690,2690,2690
1,77,79,650,650,650,650,650
1,77,80,2698,2698,2698,2698,2698
1,78,0,2688,2688,2688,2688,2688
1,78,1,648,648,648,648,648
1,78,2,2696,2696,2696,2696,2696
1,78,3,2688,2688,2688,2688,2688
1,78,4,648,648,648,648,648
1,78,5,2696,2696,2696,2696,2696
1,78,6,2688,2688,2688,2688,2688
1,78,7,648,648,648,648,648
1,78,8,2696,2696,2696,2696,2696
1,78,9,2178,2178,2178,2178,2178
1,78,10,138,138,138,138,138
1,78,11,2186,2186,2186,2186,2186
1,78,12,2178,2178,2178,2178,2178
1,78,13,138,138,138,138,138
1,78,14,2186,2186,2186,2186,2186
1,78,15,2178,2178,2178,2178,2178
1,78,16,138,138,138,138,138
1,78,17,2186,2186,2186,2186,2186
1,78,18,2690,2690,2690,2690,2690
1,78,19,650,650,650,650,650
1,78,20,2698,2698,2698,2698,2698
1,78,21,2690,2690,2690,2690,2690
1,78,22,650,650,650,650,650
1,78,23,2698,2698,2698,2698,2698
1,78,24,2690,2690,2690,2690,2690
1,78,25,650,650,650,650,650
1,78,26,2698,2698,2698,2698,2698
1,78,27,2688,2688,2688,2688,2688
1,78,28,648,648,648,648,648
1,78,29,2696,2696,2696,2696,2696
1,78,30,2688,2688,2688,2688,2688
1,78,31,648,648,648,648,648
1,78,32,2696,2696,2696,2696,2696
1,78,33,2688,2688,2688,2688,2688
1,78,34,648,648,648,648,648
1,78,35,2696,2696,2696,2696,2696
1,78,36,2178,2178,2178,2178,2178
1,78,37,138,138,138,138,138
1,78,38,2186,2186,2186,2186,2186
1,78,39,2178,2178,2178,2178,2178
1,78,40,138,138,138,138,138
1,78,41,2186,2186,2186,2186,2186
1,78,42,2178,2178,2178,2178,2178
1,78,43,138,138,138,138,138
1,78,44,2186,2186,2186,2186,2186
1,78,45,2690,2690,2690,2690,2690
1,78,46,650,650,650,650,650
1,78,47,2698,2698,2698,2698,2698
1,78,48,2690,2690,2690,2690,2690
1,78,49,650,650,650,650,650
1,78,50,2698,2698,2698,2698,2698
1,78,51,2690,2690,2690,2690,2690
1,78,52,650,650,650,650,650
1,78,53,2698,2698,2698,2698,2698
1,78,54,2688,2688,2688,2688,2688
1,78,55,648,648,648,648,648
1,78,56,2696,2696,2696,2696,2696
1,78,57,2688,2688,2688,2688,2688
1,78,58,648,648,648,648,648
1,78,59,2696,2696,2696,2696,2696
1,78,60,2688,2688,2688,2688,2688
1,78,61,648,648,648,648,648
1,78,62,2696,2696,2696,2696,2696
1,78,63,2178,2178,2178,2178,2178
1,78,64,138,138,138,138,138
1,78,65,2186,2186,2186,2186,2186
1,78,66,2178,2178,2178,2178,2178
1,78,67,138,138,138,138,138
1,78,68,2186,2186,2186,2186,2186
1,78,69,2178,2178,2178,2178,2178
1,78,70,138,138,138,138,138
1,78,71,2186,2186,2186,2186,2186
1,78,72,2690,2690,2690,2690,2690
1,78,73,650,650,650,650,650
1,78,74,2698,2698,2698,2698,2698
1,78,75,2690,2690,2690,2690,2690
1,78,76,650,650,650,650,650
1,78,77,2698,2698,2698,2698,2698
1,78,78,2690,2690,2690,2690,2690
1,78,79,650,650,650,650,650
1,78,80,2698,2698,2698,2698,2698
1,79,0,2688,2688,2688,2688,2688
1,79,1,648,648,648,648,648
1,79,2,2696,2696,2696,2696,2696
1,79,3,2688,2688,2688,2688,2688
1,79,4,648,648,648,648,648
1,79,5,2696,2696,2696,2696,2696
1,79,6,2688,2688,2688,2688,2688
1,79,7,648,648,648,648,648
1,79,8,2696,2696,2696,2696,2696
1,79,9,2178,2178,2178,2178,2178
1,79,10,138,138,138,138,138
1,79,11,2186,2186,2186,2186,2186
1,79,12,2178,2178,2178,2178,2178
1,79,13,138,138,138,138,138
1,79,14,2186,2186,2186,2186,2186
1,79,15,2178,2178,2178,2178,2178
1,79,16,138,138,138,138,138
1,79,17,2186,2186,2186,2186,2186
1,79,18,2690,2690,2690,2690,2690
1,79,19,650,650,650,650,650
1,79,20,2698,2698,2698,2698,2698
1,79,21,2690,2690,2690,2690,2690
1,79,22,650,650,650,650,650
1,79,23,2698,2698,2698,2698,2698
1,79,24,2690,2690,2690,2690,2690
1,79,25,650,650,650,650,650
1,79,26,2698,2698,2698,2698,2698
1,79,27,2688,2688,2688,2688,2688
1,79,28,648,648,648,648,648
1,79,29,2696,2696,2696,2696,2696
1,79,30,2688,2688,2688,2688,2688
1,79,31,648,648,648,648,648
1,79,32,2696,2696,2696,2696,2696
1,79,33,2688,2688,2688,2688,2688
1,79,34,648,648,648,648,648
1,79,35,2696,2696,2696,2696,2696
1,79,36,2178,2178,2178,2178,2178
1,79,37,138,138,138,138,138
1,79,38,2186,2186,2186,2186,2186
1,79,39,2178,2178,2178,2178,2178
1,79,40,138,138,138,138,138
1,79,41,2186,2186,2186,2186,2186
1,79,42,2178,2178,2178,2178,2178
1,79,43,138,138,138,138,138
1,79,44,2186,2186,2186,2186,2186
1,79,45,2690,2690,2690,2690,2690
1,79,46,650,650,650,650,650
1,79,47,2698,2698,2698,2698,2698
1,79,48,2690,2690,2690,2690,2690
1,79,49,650,650,650,650,650
1,79,50,2698,2698,2698,2698,2698
1,79,51,2690,2690,2690,2690,2690
1,79,52,650,650,650,650,650
1,79,53,2698,2698,2698,2698,2698
1,79,54,2688,2688,2688,2688,2688
1,79,55,648,648,648,648,648
1,79,56,2696,2696,2696,2696,2696
1,79,57,2688,2688,2688,2688,2688
1,79,58,648,648,648,648,648
1,79,59,2696,2696,2696,2696,2696
1,79,60,2688,2688,2688,2688,2688
1,79,61,648,648,648,648,648
1,79,62,2696,2696,2696,2696,2696
1,79,63,2178,2178,2178,2178,2178
1,79,64,138,138,138,138,138
1,79,65,2186,2186,2186,2186,2186
1,79,66,2178,2178,2178,2178,2178
1,79,67,138,138,138,138,138
1,79,68,2186,2186,2186,2186,2186
1,79,69,2178,2178,2178,2178,2178
1,79,70,138,138,138,138,138
1,79,71,2186,2186,2186,2186,2186
1,79,72,2690,2690,2690,2690,2690
1,79,73,650,650,650,650,650
1,79,74,2698,2698,2698,2698,2698
1,79,75,2690,2690,2690,2690,2690
1,79,76,650,650,650,650,650
1,79,77,2698,2698,2698,2698,2698
1,79,78,2690,2690,2690,2690,2690
1,79,79,650,650,650,650,650
1,79,80,2698,2698,2698,2698,2698
1,80,0,160,160,160,160,160
1,80,1,160,160,160,160,160
1,80,2,160,160,160,160,160
1,80,3,160,160,160,160,160
1,80,4,160,160,160,160,160
1,80,5,160,160,160,160,160
1,80,6,160,160,160,160,160
1,80,7,160,160,160,160,160
1,80,8,160,160,160,160,160
1,80,9,160,160,160,160,160
1,80,10,160,160,160,160,160
1,80,11,160,160,160,160,160
1,80,12,160,160,160,160,160
1,80,13,160,160,160,160,160
1,80,14,160,160,160,160,160
1,80,15,160,160,160,160,160
1,80,16,160,160,160,160,160
1,80,17,160,160,160,160,160
1,80,18,160,160,160,160,160
1,80,19,160,160,160,160,160
1,80,20,160,160,160,160,160
1,80,21,160,160,160,160,160
1,80,22,160,160,160,160,160
1,80,23,160,160,160,160,160
1,80,24,160,160,160,160,160
1,80,25,160,160,160,160,160
1,80,26,160,160,160,160,160
1,80,27,160,160,160,160,160
1,80,28,160,160,160,160,160
1,80,29,160,160,160,160,160
1,80,30,160,160,160,160,160
1,80,31,160,160,160,160,160
1,80,32,160,160,160,160,160
1,80,33,160,160,160,160,160
1,80,34,160,160,160,160,160
1,80,35,160,160,160,160,160
1,80,36,160,160,160,160,160
1,80,37,160,160,160,160,160
1,80,38,160,160,160,160,160
1,80,39,160,160,160,160,160
1,80,40,160,160,160,160,160
1,80,41,160,160,160,160,160
1,80,42,160,160,160,160,160
1,80,43,160,160,160,160,160
1,80,44,160,160,160,160,160
1,80,45,160,160,160,160,160
1,80,46,160,160,160,160,160
1,80,47,160,160,160,160,160
1,80,48,160,160,160,160,160
1,80,49,160,160,160,160,160
1,80,50,160,160,160,160,160
1,80,51,160,160,160,160,160
1,80,52,160,160,160,160,160
1,80,53,160,160,160,160,160
1,80,54,160,160,160,160,160
1,80,55,160,160,160,160,160
1,80,56,160,160,160,160,160
1,80,57,160,160,160,160,160
1,80,58,160,160,160,160,160
1,80,59,160,160,160,160,160
1,80,60,160,160,160,160,160
1,80,61,160,160,160,160,160
1,80,62,160,160,160,160,160
1,80,63,160,160,160,160,160
1,80,64,160,160,160,160,160
1,80,65,160,160,160,160,160
1,80,66,160,160,160,160,160
1,80,67,160,160,160,160,160
1,80,68,160,160,160,160,160
1,80,69,160,160,160,160,160
1,80,70,160,160,160,160,160
1,80,71,160,160,160,160,160
1,80,72,160,160,160,160,160
1,80,73,160,160,160,160,160
1,80,74,160,160,160,160,160
1,80,75,160,160,160,160,160
1,80,76,160,160,160,160,160
1,80,77,160,160,160,160,160
1,80,78,160,160,160,160,160
1,80,79,160,160,160,160,160
1,80,80,160,160,160,160,160
1,81,0,672,672,672,672,672
1,81,1,672,672,672,672,672
1,81,2,672,672,672,672,672
1,81,3,672,672,672,672,672
1,81,4,672,672,672,672,672
1,81,5,672,672,672,672,672
1,81,6,672,672,672,672,672
1,81,7,672,672,672,672,672
1,81,8,672,672,672,672,672
1,81,9,162,162,162,162,162
1,81,10,162,162,162,162,162
1,81,11,162,162,162,162,162
1,81,12,162,162,162,162,162
1,81,13,162,162,162,162,162
1,81,14,162,162,162,162,162
1,81,15,162,162,162,162,162
1,81,16,162,162,162,162,162
1,81,17,162,162,162,162,162
1,81,18,674,674,674,674,674
1,81,19,674,674,674,674,674
1,81,20,674,674,674,674,674
1,81,21,674,674,674,674,674
1,81,22,674,674,674,674,674
1,81,23,674,674,674,674,674
1,81,24,674,674,674,674,674
1,81,25,674,674,674,674,674
1,81,26,674,674,674,674,674
1,81,27,672,672,672,672,672
1,81,28,672,672,672,672,672
1,81,29,672,672,672,672,672
1,81,30,672,672,672,672,672
1,81,31,672,672,672,672,672
1,81,32,672,672,672,672,672
1,81,33,672,672,672,672,672
1,81,34,672,672,672,672,672
1,81,35,672,672,672,672,672
1,81,36,162,162,162,162,162
1,81,37,162,162,162,162,162
1,81,38,162,162,162,162,162
1,81,39,162,162,162,162,162
1,81,40,162,162,162,162,162
1,81,41,162,162,162,162,162
1,81,42,162,162,162,162,162
1,81,43,162,162,162,162,162
1,81,44,162,162,162,162,162
1,81,45,674,674,674,674,674
1,81,46,674,674,674,674,674
1,81,47,674,674,674,674,674
1,81,48,674,674,674,674,674
1,81,49,674,674,674,674,674
1,81,50,674,674,674,674,674
1,81,51,674,674,674,674,674
1,81,52,674,674,674,674,674
1,81,53,674,674,674,674,674
1,81,54,672,672,672,672,672
1,81,55,672,672,672,672,672
1,81,56,672,672,672,672,672
1,81,57,672,672,672,672,672
1,81,58,672,672,672,672,672
1,81,59,672,672,672,672,672
1,81,60,672,672,672,672,672
1,81,61,672,672,672,672,672
1,81,62,672,672,672,672,672
1,81,63,162,162,162,162,162
1,81,64,162,162,162,162,162
1,81,65,162,162,162,162,162
1,81,66,162,162,162,162,162
1,81,67,162,162,162,162,162
1,81,68,162,162,162,162,162
1,81,69,162,162,162,162,162
1,81,70,162,162,162,162,162
1,81,71,162,162,162,162,162
1,81,72,674,674,674,674,674
1,81,73,674,674,674,674,674
1,81,74,674,674,674,674,674
1,81,75,674,674,674,674,674
1,81,76,674,674,674,674,674
1,81,77,674,674,674,674,674
1,81,78,674,674,674,674,674
1,81,79,674,674,674,674,674
1,81,80,674,674,674,674,674
1,82,0,672,672,672,672,672
1,82,1,672,672,672,672,672
1,82,2,672,672,672,672,672
1,82,3,672,672,672,672,672
1,82,4,672,672,672,672,672
1,82,5,672,672,672,672,672
1,82,6,672,672,672,672,672
1,82,7,672,672,672,672,672
1,82,8,672,672,672,672,672
1,82,9,162,162,162,162,162
1,82,10,162,162,162,162,162
1,82,11,162,162,162,162,162
1,82,12,162,162,162,162,162
1,82,13,162,162,162,162,162
1,82,14,162,162,162,162,162
1,82,15,162,162,162,162,162
1,82,16,162,162,162,162,162
1,82,17,162,162,162,162,162
1,82,18,674,674,674,674,674
1,82,19,674,674,674,674,674
1,82,20,674,674,674,674,674
1,82,21,674,674,674,674,674
1,82,22,674,674,674,674,674
1,82,23,674,674,674,674,674
1,82,24,674,674,674,674,674
1,82,25,674,674,674,674,674
1,82,26,674,674,674,674,674
1,82,27,672,672,672,672,672
1,82,28,672,672,672,672,672
1,82,29,672,672,672,672,672
1,82,30,672,672,672,672,672
1,82,31,672,672,672,672,672
1,82,32,672,672,672,672,672
1,82,33,672,672,672,672,672
1,82,34,672,672,672,672,672
1,82,35,672,672,672,672,672
1,82,36,162,162,162,162,162
1,82,37,162,162,162,162,162
1,82,38,162,162,162,162,162
1,82,39,162,162,162,162,162
1,82,40,162,162,162,162,162
1,82,41,162,162,162,162,162
1,82,42,162,162,162,162,162
1,82,43,162,162,162,162,162
1,82,44,162,162,162,162,162
1,82,45,674,674,674,674,674
1,82,46,674,674,674,674,674
1,82,47,674,674,674,674,674
1,82,48,674,674,674,674,674
1,82,49,674,674,674,674,674
1,82,50,674,674,674,674,674
1,82,51,674,674,674,674,674
1,82,52,674,674,674,674,674
1,82,53,674,674,674,674,674
1,82,54,672,672,672,672,672
1,82,55,672,672,672,672,672
1,82,56,672,672,672,672,672
1,82,57,672,672,672,672,672
1,82,58,672,672,672,672,672
1,82,59,672,672,672,672,672
1,82,60,672,672,672,672,672
1,82,61,672,672,672,672,672
1,82,62,672,672,672,672,672
1,82,63,162,162,162,162,162
1,82,64,162,162,162,162,162
1,82,65,162,162,162,162,162
1,82,66,162,162,162,162,162
1,82,67,162,162,162,162,162
1,82,68,162,162,162,162,162
1,82,69,162,162,162,162,162
1,82,70,162,162,162,162,162
1,82,71,162,162,162,162,162
1,82,72,674,674,674,674,674
1,82,73,674,674,674,674,674
1,82,74,674,674,674,674,674
1,82,75,674,674,674,674,674
1,82,76,674,674,674,674,674
1,82,77,674,674,674,674,674
1,82,78,674,674,674,674,674
1,82,79,674,674,674,674,674
1,82,80,674,674,674,674,674
1,83,0,672,672,672,672,672
1,83,1,672,672,672,672,672
1,83,2,672,672,672,672,672
1,83,3,672,672,672,672,672
1,83,4,672,672,672,672,672
1,83,5,672,672,672,672,672
1,83,6,672,672,672,672,672
1,83,7,672,672,672,672,672
1,83,8,672,672,672,672,672
1,83,9,162,162,162,162,162
1,83,10,162,162,162,162,162
1,83,11,162,162,162,162,162
1,83,12,162,162,162,162,162
1,83,13,162,162,162,162,162
1,83,14,162,162,162,162,162
1,83,15,162,162,162,162,162
1,83,16,162,162,162,162,162
1,83,17,162,162,162,162,162
1,83,18,674,674,674,674,674
1,83,19,674,674,674,674,674
1,83,20,674,674,674,674,674
1,83,21,674,674,674,674,674
1,83,22,674,674,674,674,674
1,83,23,674,674,674,674,674
1,83,24,674,674,674,674,674
1,83,25,674,674,674,674,674
1,83,26,674,674,674,674,674
1,83,27,672,672,672,672,672
1,83,28,672,672,672,672,672
1,83,29,672,672,672,672,672
1,83,30,672,672,672,672,672
1,83,31,672,672,672,672,672
1,83,32,672,672,672,672,672
1,83,33,672,672,672,672,672
1,83,34,672,672,672,672,672
1,83,35,672,672,672,672,672
1,83,36,162,162,162,162,162
1,83,37,162,162,162,162,162
1,83,38,162,162,162,162,162
1,83,39,162,162,162,162,162
1,83,40,162,162,162,162,162
1,83,41,162,162,162,162,162
1,83,42,162,162,162,162,162
1,83,43,162,162,162,162,162
1,83,44,162,162,162,162,162
1,83,45,674,674,674,674,674
1,83,46,674,674,674,674,674
1,83,47,674,674,674,674,674
1,83,48,674,674,674,674,674
1,83,49,674,674,674,674,674
1,83,50,674,674,674,674,674
1,83,51,674,674,674,674,674
1,83,52,674,674,674,674,674
1,83,53,674,674,674,674,674
1,83,54,672,672,672,672,672
1,83,55,672,672,672,672,672
1,83,56,672,672,672,672,672
1,83,57,672,672,672,672,672
1,83,58,672,672,672,672,672
1,83,59,672,672,672,672,672
1,83,60,672,672,672,672,672
1,83,61,672,672,672,672,672
1,83,62,672,672,672,672,672
1,83,63,162,162,162,162,162
1,83,64,162,162,162,162,162
1,83,65,162,162,162,162,162
1,83,66,162,162,162,162,162
1,83,67,162,162,162,162,162
1,83,68,162,162,162,162,162
1,83,69,162,162,162,162,162
1,83,70,162,162,162,162,162
1,83,71,162,162,162,162,162
1,83,72,674,674,674,674,674
1,83,73,674,674,674,674,674
1,83,74,674,674,674,674,674
1,83,75,674,674,674,674,674
1,83,76,674,674,674,674,674
1,83,77,674,674,674,674,674
1,83,78,674,674,674,674,674
1,83,79,674,674,674,674,674
1,83,80,674,674,674,674,674
1,84,0,2208,2208,2208,2208,2208
1,84,1,168,168,168,168,168
1,84,2,2216,2216,2216,2216,2216
1,84,3,2208,2208,2208,2208,2208
1,84,4,168,168,168,168,168
1,84,5,2216,2216,2216,2216,2216
1,84,6,2208,2208,2208,2208,2208
1,84,7,168,168,168,168,168
1,84,8,2216,2216,2216,2216,2216
1,84,9,2208,2208,2208,2208,2208
1,84,10,168,168,168,168,168
1,84,11,2216,2216,2216,2216,2216
1,84,12,2208,2208,2208,2208,2208
1,84,13,168,168,168,168,168
1,84,14,2216,2216,2216,2216,2216
1,84,15,2208,2208,2208,2208,2208
1,84,16,168,168,168,168,168
1,84,17,2216,2216,2216,2216,2216
1,84,18,2208,2208,2208,2208,2208
1,84,19,168,168,168,168,168
1,84,20,2216,2216,2216,2216,2216
1,84,21,2208,2208,2208,2208,2208
1,84,22,168,168,168,168,168
1,84,23,2216,2216,2216,2216,2216
1,84,24,2208,2208,2208,2208,2208
1,84,25,168,168,168,168,168
1,84,26,2216,2216,2216,2216,2216
1,84,27,2208,2208,2208,2208,2208
1,84,28,168,168,168,168,168
1,84,29,2216,2216,2216,2216,2216
1,84,30,2208,2208,2208,2208,2208
1,84,31,168,168,168,168,168
1,84,32,2216,2216,2216,2216,2216
1,84,33,2208,2208,2208,2208,2208
1,84,34,168,168,168,168,168
1,84,35,2216,2216,2216,2216,2216
1,84,36,2208,2208,2208,2208,2208
1,84,37,168,168,168,168,168
1,84,38,2216,2216,2216,2216,2216
1,84,39,2208,2208,2208,2208,2208
1,84,40,168,168,168,168,168
1,84,41,2216,2216,2216,2216,2216
1,84,42,2208,2208,2208,2208,2208
1,84,43,168,168,168,168,168
1,84,44,2216,2216,2216,2216,2216
1,84,45,2208,2208,2208,2208,2208
1,84,46,168,168,168,168,168
1,84,47,2216,2216,2216,2216,2216
1,84,48,2208,2208,2208,2208,2208
1,84,49,168,168,168,168,168
1,84,50,2216,2216,2216,2216,2216
1,84,51,2208,2208,2208,2208,2208
1,84,52,168,168,168,168,168
1,84,53,2216,2216,2216,2216,2216
1,84,54,2208,2208,2208,2208,2208
1,84,55,168,168,168,168,168
1,84,56,2216,2216,2216,2216,2216
1,84,57,2208,2208,2208,2208,2208
1,84,58,168,168,168,168,168
1,84,59,2216,2216,2216,2216,2216
1,84,60,2208,2208,2208,2208,2208
1,84,61,168,168,168,168,168
1,84,62,2216,2216,2216,2216,2216
1,84,63,2208,2208,2208,2208,2208
1,84,64,168,168,168,168,168
1,84,65,2216,2216,2216,2216,2216
1,84,66,2208,2208,2208,2208,2208
1,84,67,168,168,168,168,168
1,84,68,2216,2216,2216,2216,2216
1,84,69,2208,2208,2208,2208,2208
1,84,70,168,168,168,168,168
1,84,71,2216,2216,2216,2216,2216
1,84,72,2208,2208,2208,2208,2208
1,84,73,168,168,168,168,168
1,84,74,2216,2216,2216,2216,2216
1,84,75,2208,2208,2208,2208,2208
1,84,76,168,168,168,168,168
1,84,77,2216,2216,2216,2216,2216
1,84,78,2208,2208,2208,2208,2208
1,84,79,168,168,168,168,168
1,84,80,2216,2216,2216,2216,2216
1,85,0,2720,2720,2720,2720,2720
1,85,1,680,680,680,680,680
1,85,2,2728,2728,2728,2728,2728
1,85,3,2720,2720,2720,2720,2720
1,85,4,680,680,680,680,680
1,85,5,2728,2728,2728,2728,2728
1,85,6,2720,2720,2720,2720,2720
1,85,7,680,680,680,680,680
1,85,8,2728,2728,2728,2728,2728
1,85,9,2210,2210,2210,2210,2210
1,85,10,170,170,170,170,170
1,85,11,2218,2218,2218,2218,2218
1,85,12,2210,2210,2210,2210,2210
1,85,13,170,170,170,170,170
1,85,14,2218,2218,2218,2218,2218
1,85,15,2210,2210,2210,2210,2210
1,85,16,170,170,170,170,170
1,85,17,2218,2218,2218,2218,2218
1,85,18,2722,2722,2722,2722,2722
1,85,19,682,682,682,682,682
1,85,20,2730,2730,2730,2730,2730
1,85,21,2722,2722,2722,2722,2722
1,85,22,682,682,682,682,682
1,85,23,2730,2730,2730,2730,2730
1,85,24,2722,2722,2722,2722,2722
1,85,25,682,682,682,682,682
1,85,26,2730,2730,2730,2730,2730
1,85,27,2720,2720,2720,2720,2720
1,85,28,680,680,680,680,680
1,85,29,2728,2728,2728,2728,2728
1,85,30,2720,2720,2720,2720,2720
1,85,31,680,680,680,680,680
1,85,32,2728,2728,2728,2728,2728
1,85,33,2720,2720,2720,2720,2720
1,85,34,680,680,680,680,680
1,85,35,2728,2728,2728,2728,2728
1,85,36,2210,2210,2210,2210,2210
1,85,37,170,170,170,170,170
1,85,38,2218,2218,2218,2218,2218
1,85,39,2210,2210,2210,2210,2210
1,85,40,170,170,170,170,170
1,85,41,2218,2218,2218,2218,2218
1,85,42,2210,2210,2210,2210,2210
1,85,43,170,170,170,170,170
1,85,44,2218,2218,2218,2218,2218
1,85,45,2722,2722,2722,2722,2722
1,85,46,682,682,682,682,682
1,85,47,2730,2730,2730,2730,2730
1,85,48,2722,2722,2722,2722,2722
1,85,49,682,682,682,682,682
1,85,50,2730,2730,2730,2730,2730
1,85,51,2722,2722,2722,2722,2722
1,85,52,682,682,682,682,682
1,85,53,2730,2730,2730,2730,2730
1,85,54,2720,2720,2720,2720,2720
1,85,55,680,680,680,680,680
1,85,56,2728,2728,2728,2728,2728
1,85,57,2720,2720,2720,2720,2720
1,85,58,680,680,680,680,680
1,85,59,2728,2728,2728,2728,2728
1,85,60,2720,2720,2720,2720,2720
1,85,61,680,680,680,680,680
1,85,62,2728,2728,2728,2728,2728
1,85,63,2210,2210,2210,2210,2210
1,85,64,170,170,170,170,170
1,85,65,2218,2218,2218,2218,2218
1,85,66,2210,2210,2210,2210,2210
1,85,67,170,170,170,170,170
1,85,68,2218,2218,2218,2218,2218
1,85,69,2210,2210,2210,2210,2210
1,85,70,170,170,170,170,170
1,85,71,2218,2218,2218,2218,2218
1,85,72,2722,2722,2722,2722,2722
1,85,73,682,682,682,682,682
1,85,74,2730,2730,2730,2730,2730
1,85,75,2722,2722,2722,2722,2722
1,85,76,682,682,682,682,682
1,85,77,2730,2730,2730,2730,2730
1,85,78,2722,2722,2722,2722,2722
1,85,79,682,682,682,682,682
1,85,80,2730,2730,2730,2730,2730
1,86,0,2720,2720,2720,2720,2720
1,86,1,680,680,680,680,680
1,86,2,2728,2728,2728,2728,2728
1,86,3,2720,2720,2720,2720,2720
1,86,4,680,680,680,680,680
1,86,5,2728,2728,2728,2728,2728
1,86,6,2720,2720,2720,2720,2720
1,86,7,680,680,680,680,680
1,86,8,2728,2728,2728,2728,2728
1,86,9,2210,2210,2210,2210,2210
1,86,10,170,170,170,170,170
1,86,11,2218,2218,2218,2218,2218
1,86,12,2210,2210,2210,2210,2210
1,86,13,170,170,170,170,170
1,86,14,2218,2218,2218,2218,2218
1,86,15,2210,2210,2210,2210,2210
1,86,16,170,170,170,170,170
1,86,17,2218,2218,2218,2218,2218
1,86,18,2722,2722,2722,2722,2722
1,86,19,682,682,682,682,682
1,86,20,2730,2730,2730,2730,2730
1,86,21,2722,2722,2722,2722,2722
1,86,22,682,682,682,682,682
1,86,23,2730,2730,2730,2730,2730
1,86,24,2722,2722,2722,2722,2722
1,86,25,682,682,682,682,682
1,86,26,2730,2730,2730,2730,2730
1,86,27,2720,2720,2720,2720,2720
1,86,28,680,680,680,680,680
1,86,29,2728,2728,2728,2728,2728
1,86,30,2720,2720,2720,2720,2720
1,86,31,680,680,680,680,680
1,86,32,2728,2728,2728,2728,2728
1,86,33,2720,2720,2720,2720,2720
1,86,34,680,680,680,680,680
1,86,35,2728,2728,2728,2728,2728
1,86,36,2210,2210,2210,2210,2210
1,86,37,170,170,170,170,170
1,86,38,2218,2218,2218,2218,2218
1,86,39,2210,2210,2210,2210,2210
1,86,40,170,170,170,170,170
1,86,41,2218,2218,2218,2218,2218
1,86,42,2210,2210,2210,2210,2210
1,86,43,170,170,170,170,170
1,86,44,2218,2218,2218,2218,2218
1,86,45,2722,2722,2722,2722,2722
1,86,46,682,682,682,682,682
1,86,47,2730,2730,2730,2730,2730
1,86,48,2722,2722,2722,2722,2722
1,86,49,682,682,682,682,682
1,86,50,2730,2730,2730,2730,2730
1,86,51,2722,2722,2722,2722,2722
1,86,52,682,682,682,682,682
1,86,53,2730,2730,2730,2730,2730
1,86,54,2720,2720,2720,2720,2720
1,86,55,680,680,680,680,680
1,86,56,2728,2728,2728,2728,2728
1,86,57,2720,2720,2720,2720,2720
1,86,58,680,680,680,680,680
1,86,59,2728,2728,2728,2728,2728
1,86,60,2720,2720,2720,2720,2720
1,86,61,680,680,680,680,680
1,86,62,2728,2728,2728,2728,2728
1,86,63,2210,2210,2210,2210,2210
1,86,64,170,170,170,170,170
1,86,65,2218,2218,2218,2218,2218
1,86,66,2210,2210,2210,2210,2210
1,86,67,170,170,170,170,170
1,86,68,2218,2218,2218,2218,2218
1,86,69,2210,2210,2210,2210,2210
1,86,70,170,170,170,170,170
1,86,71,2218,2218,2218,2218,2218
1,86,72,2722,2722,2722,2722,2722
1,86,73,682,682,682,682,682
1,86,74,2730,2730,2730,2730,2730
1,86,75,2722,2722,2722,2722,2722
1,86,76,682,682,682,682,682
1,86,77,2730,2730,2730,2730,2730
1,86,78,2722,2722,2722,2722,2722
1,86,79,682,682,682,682,682
1,86,80,2730,2730,2730,2730,2730
1,87,0,2720,2720,2720,2720,2720
1,87,1,680,680,680,680,680
1,87,2,2728,2728,2728,2728,2728
1,87,3,2720,2720,2720,2720,2720
1,87,4,680,680,680,680,680
1,87,5,2728,2728,2728,2728,2728
1,87,6,2720,2720,2720,2720,2720
1,87,7,680,680,680,680,680
1,87,8,2728,2728,2728,2728,2728
1,87,9,2210,2210,2210,2210,2210
1,87,10,170,170,170,170,170
1,87,11,2218,2218,2218,2218,2218
1,87,12,2210,2210,2210,2210,2210
1,87,13,170,170,170,170,170
1,87,14,2218,2218,2218,2218,2218
1,87,15,2210,2210,2210,2210,2210
1,87,16,170,170,170,170,170
1,87,17,2218,2218,2218,2218,2218
1,87,18,2722,2722,2722,2722,2722
1,87,19,682,682,682,682,682
1,87,20,2730,2730,2730,2730,2730
1,87,21,2722,2722,2722,2722,2722
1,87,22,682,682,682,682,682
1,87,23,2730,2730,2730,2730,2730
1,87,24,2722,2722,2722,2722,2722
1,87,25,682,682,682,682,682
1,87,26,2730,2730,2730,2730,2730
1,87,27,2720,2720,2720,2720,2720
1,87,28,680,680,680,680,680
1,87,29,2728,2728,2728,2728,2728
1,87,30,2720,2720,2720,2720,2720
1,87,31,680,680,680,680,680
1,87,32,2728,2728,2728,2728,2728
1,87,33,2720,2720,2720,2720,2720
1,87,34,680,680,680,680,680
1,87,35,2728,2728,2728,2728,2728
1,87,36,2210,2210,2210,2210,2210
1,87,37,170,170,170,170,170
1,87,38,2218,2218,2218,2218,2218
1,87,39,2210,2210,2210,2210,2210
1,87,40,170,170,170,170,170
1,87,41,2218,2218,2218,2218,2218
1,87,42,2210,2210,2210,2210,2210
1,87,43,170,170,170,170,170
1,87,44,2218,2218,2218,2218,2218
1,87,45,2722,2722,2722,2722,2722
1,87,46,682,682,682,682,682
1,87,47,2730,2730,2730,2730,2730
1,87,48,2722,2722,2722,2722,2722
1,87,49,682,682,682,682,682
1,87,50,2730,2730,2730,2730,2730
1,87,51,2722,2722,2722,2722,2722
1,87,52,682,682,682,682,682
1,87,53,2730,2730,2730,2730,2730
1,87,54,2720,2720,2720,2720,2720
1,87,55,680,680,680,680,680
1,87,56,2728,2728,2728,2728,2728
1,87,57,2720,2720,2720,2720,2720
1,87,58,680,680,680,680,680
1,87,59,2728,2728,2728,2728,2728
1,87,60,2720,2720,2720,2720,2720
1,87,61,680,680,680,680,680
1,87,62,2728,2728,2728,2728,2728
1,87,63,2210,2210,2210,2210,2210
1,87,64,170,170,170,170,170
1,87,65,2218,2218,2218,2218,2218
1,87,66,2210,2210,2210,2210,2210
1,87,67,170,170,170,170,170
1,87,68,2218,2218,2218,2218,2218
1,87,69,2210,2210,2210,2210,2210
1,87,70,170,170,170,170,170
1,87,71,2218,2218,2218,2218,2218
1,87,72,2722,2722,2722,2722,2722
1,87,73,682,682,682,682,682
1,87,74,2730,2730,2730,2730,2730
1,87,75,2722,2722,2722,2722,2722
1,87,76,682,682,682,682,682
1,87,77,2730,2730,2730,2730,2730
1,87,78,2722,2722,2722,2722,2722
1,87,79,682,682,682,682,682
1,87,80,2730,2730,2730,2730,2730
1,88,0,2208,2208,2208,2208,2208
1,88,1,168,168,168,168,168
1,88,2,2216,2216,2216,2216,2216
1,88,3,2208,2208,2208,2208,2208
1,88,4,168,168,168,168,168
1,88,5,2216,2216,2216,2216,2216
1,88,6,2208,2208,2208,2208,2208
1,88,7,168,168,168,168,168
1,88,8,2216,2216,2216,2216,2216
1,88,9,2208,2208,2208,2208,2208
1,88,10,168,168,168,168,168
1,88,11,2216,2216,2216,2216,2216
1,88,12,2208,2208,2208,2208,2208
1,88,13,168,168,168,168,168
1,88,14,2216,2216,2216,2216,2216
1,88,15,2208,2208,2208,2208,2208
1,88,16,168,168,168,168,168
1,88,17,2216,2216,2216,2216,2216
1,88,18,2208,2208,2208,2208,2208
1,88,19,168,168,168,168,168
1,88,20,2216,2216,2216,2216,2216
1,88,21,2208,2208,2208,2208,2208
1,88,22,168,168,168,168,168
1,88,23,2216,2216,2216,2216,2216
1,88,24,2208,2208,2208,2208,2208
1,88,25,168,168,168,168,168
1,88,26,2216,2216,2216,2216,2216
1,88,27,2208,2208,2208,2208,2208
1,88,28,168,168,168,168,168
1,88,29,2216,2216,2216,2216,2216
1,88,30,2208,2208,2208,2208,2208
1,88,31,168,168,168,168,168
1,88,32,2216,2216,2216,2216,2216
1,88,33,2208,2208,2208,2208,2208
1,88,34,168,168,168,168,168
1,88,35,2216,2216,2216,2216,2216
1,88,36,2208,2208,2208,2208,2208
1,88,37,168,168,168,168,168
1,88,38,2216,2216,2216,2216,2216
1,88,39,2208,2208,2208,2208,2208
1,88,40,168,168,168,168,168
1,88,41,2216,2216,2216,2216,2216
1,88,42,2208,2208,2208,2208,2208
1,88,43,168,168,168,168,168
1,88,44,2216,2216,2216,2216,2216
1,88,45,2208,2208,2208,2208,2208
1,88,46,168,168,168,168,168
1,88,47,2216,2216,2216,2216,2216
1,88,48,2208,2208,2208,2208,2208
1,88,49,168,168,168,168,168
1,88,50,2216,2216,2216,2216,2216
1,88,51,2208,2208,2208,2208,2208
1,88,52,168,168,168,168,168
1,88,53,2216,2216,2216,2216,2216
1,88,54,2208,2208,2208,2208,2208
1,88,55,168,168,168,168,168
1,88,56,2216,2216,2216,2216,2216
1,88,57,2208,2208,2208,2208,2208
1,88,58,168,168,168,168,168
1,88,59,2216,2216,2216,2216,2216
1,88,60,2208,2208,2208,2208,2208
1,88,61,168,168,168,168,168
1,88,62,2216,2216,2216,2216,2216
1,88,63,2208,2208,2208,2208,2208
1,88,64,168,168,168,168,168
1,88,65,2216,2216,2216,2216,2216
1,88,66,2208,2208,2208,2208,2208
1,88,67,168,168,168,168,168
1,88,68,2216,2216,2216,2216,2216
1,88,69,2208,2208,2208,2208,2208
1,88,70,168,168,168,168,168
1,88,71,2216,2216,2216,2216,2216
1,88,72,2208,2208,2208,2208,2208
1,88,73,168,168,168,168,168
1,88,74,2216,2216,2216,2216,2216
1,88,75,2208,2208,2208,2208,2208
1,88,76,168,168,168,168,168
1,88,77,2216,2216,2216,2216,2216
1,88,78,2208,2208,2208,2208,2208
1,88,79,168,168,168,168,168
1,88,80,2216,2216,2216,2216,2216
1,89,0,2720,2720,2720,2720,2720
1,89,1,680,680,680,680,680
1,89,2,2728,2728,2728,2728,2728
1,89,3,2720,2720,2720,2720,2720
1,89,4,680,680,680,680,680
1,89,5,2728,2728,2728,2728,2728
1,89,6,2720,2720,2720,2720,2720
1,89,7,680,680,680,680,680
1,89,8,2728,2728,2728,2728,2728
1,89,9,2210,2210,2210,2210,2210
1,89,10,170,170,170,170,170
1,89,11,2218,2218,2218,2218,2218
1,89,12,2210,2210,2210,2210,2210
1,89,13,170,170,170,170,170
1,89,14,2218,2218,2218,2218,2218
1,89,15,2210,2210,2210,2210,2210
1,89,16,170,170,170,170,170
1,89,17,2218,2218,2218,2218,2218
1,89,18,2722,2722,2722,2722,2722
1,89,19,682,682,682,682,682
1,89,20,2730,2730,2730,2730,2730
1,89,21,2722,2722,2722,2722,2722
1,89,22,682,682,682,682,682
1,89,23,2730,2730,2730,2730,2730
1,89,24,2722,2722,2722,2722,2722
1,89,25,682,682,682,682,682
1,89,26,2730,2730,2730,2730,2730
1,89,27,2720,2720,2720,2720,2720
1,89,28,680,680,680,680,680
1,89,29,2728,2728,2728,2728,2728
1,89,30,2720,2720,2720,2720,2720
1,89,31,680,680,680,680,680
1,89,32,2728,2728,2728,2728,2728
1,89,33,2720,2720,2720,2720,2720
1,89,34,680,680,680,680,680
1,89,35,2728,2728,2728,2728,2728
1,89,36,2210,2210,2210,2210,2210
1,89,37,170,170,170,170,170
1,89,38,2218,2218,2218,2218,2218
1,89,39,2210,2210,2210,2210,2210
1,89,40,170,170,170,170,170
1,89,41,2218,2218,2218,2218,2218
1,89,42,2210,2210,2210,2210,2210
1,89,43,170,170,170,170,170
1,89,44,2218,2218,2218,2218,2218
1,89,45,2722,2722,2722,2722,2722
1,89,46,682,682,682,682,682
1,89,47,2730,2730,2730,2730,2730
1,89,48,2722,2722,2722,2722,2722
1,89,49,682,682,682,682,682
1,89,50,2730,2730,2730,2730,2730
1,89,51,2722,2722,2722,2722,2722
1,89,52,682,682,682,682,682
1,89,53,2730,2730,2730,2730,2730
1,89,54,2720,2720,2720,2720,2720
1,89,55,680,680,680,680,680
1,89,56,2728,2728,2728,2728,2728
1,89,57,2720,2720,2720,2720,2720
1,89,58,680,680,680,680,680
1,89,59,2728,2728,2728,2728,2728
1,89,60,2720,2720,2720,2720,2720
1,89,61,680,680,680,680,680
1,89,62,2728,2728,2728,2728,2728
1,89,63,2210,2210,2210,2210,2210
1,89,64,170,170,170,170,170
1,89,65,2218,2218,2218,2218,2218
1,89,66,2210,2210,2210,2210,2210
1,89,67,170,170,170,170,170
1,89,68,2218,2218,2218,2218,2218
1,89,69,2210,2210,2210,2210,2210
1,89,70,170,170,170,170,170
1,89,71,2218,2218,2218,2218,2218
1,89,72,2722,2722,2722,2722,2722
1,89,73,682,682,682,682,682
1,89,74,2730,2730,2730,2730,2730
1,89,75,2722,2722,2722,2722,2722
1,89,76,682,682,682,682,682
1,89,77,2730,2730,2730,2730,2730
1,89,78,2722,2722,2722,2722,2722
1,89,79,682,682,682,682,682
1,89,80,2730,2730,2730,2730,2730
1,90,0,2720,2720,2720,2720,2720
1,90,1,680,680,680,680,680
1,90,2,2728,2728,2728,2728,2728
1,90,3,2720,2720,2720,2720,2720
1,90,4,680,680,680,680,680
1,90,5,2728,2728,2728,2728,2728
1,90,6,2720,2720,2720,2720,2720
1,90,7,680,680,680,680,680
1,90,8,2728,2728,2728,2728,2728
1,90,9,2210,2210,2210,2210,2210
1,90,10,170,170,170,170,170
1,90,11,2218,2218,2218,2218,2218
1,90,12,2210,2210,2210,2210,2210
1,90,13,170,170,170,170,170
1,90,14,2218,2218,2218,2218,2218
1,90,15,2210,2210,2210,2210,2210
1,90,16,170,170,170,170,170
1,90,17,2218,2218,2218,2218,2218
1,90,18,2722,2722,2722,2722,2722
1,90,19,682,682,682,682,682
1,90,20,2730,2730,2730,2730,2730
1,90,21,2722,2722,2722,2722,2722
1,90,22,682,682,682,682,682
1,90,23,2730,2730,2730,2730,2730
1,90,24,2722,2722,2722,2722,2722
1,90,25,682,682,682,682,682
1,90,26,2730,2730,2730,2730,2730
1,90,27,2720,2720,2720,2720,2720
1,90,28,680,680,680,680,680
1,90,29,2728,2728,2728,2728,2728
1,90,30,2720,2720,2720,2720,2720
1,90,31,680,680,680,680,680
1,90,32,2728,2728,2728,2728,2728
1,90,33,2720,2720,2720,2720,2720
1,90,34,680,680,680,680,680
1,90,35,2728,2728,2728,2728,2728
1,90,36,2210,2210,2210,2210,2210
1,90,37,170,170,170,170,170
1,90,38,2218,2218,2218,2218,2218
1,90,39,2210,2210,2210,2210,2210
1,90,40,170,170,170,170,170
1,90,41,2218,2218,2218,2218,2218
1,90,42,2210,2210,2210,2210,2210
1,90,43,170,170,170,170,170
1,90,44,2218,2218,2218,2218,2218
1,90,45,2722,2722,2722,2722,2722
1,90,46,682,682,682,682,682
1,90,47,2730,2730,2730,2730,2730
1,90,48,2722,2722,2722,2722,2722
1,90,49,682,682,682,682,682
1,90,50,2730,2730,2730,2730,2730
1,90,51,2722,2722,2722,2722,2722
1,90,52,682,682,682,682,682
1,90,53,2730,2730,2730,2730,2730
1,90,54,2720,2720,2720,2720,2720
1,90,55,680,680,680,680,680
1,90,56,2728,2728,2728,2728,2728
1,90,57,2720,2720,2720,2720,2720
1,90,58,680,680,680,680,680
1,90,59,2728,2728,2728,2728,2728
1,90,60,2720,2720,2720,2720,2720
1,90,61,680,680,680,680,680
1,90,62,2728,2728,2728,2728,2728
1,90,63,2210,2210,2210,2210,2210
1,90,64,170,170,170,170,170
1,90,65,2218,2218,2218,2218,2218
1,90,66,2210,2210,2210,2210,2210
1,90,67,170,170,170,170,170
1,90,68,2218,2218,2218,2218,2218
1,90,69,2210,2210,2210,2210,2210
1,90,70,170,170,170,170,170
1,90,71,2218,2218,2218,2218,2218
1,90,72,2722,2722,2722,2722,2722
1,90,73,682,682,682,682,682
1,90,74,2730,2730,2730,2730,2730
1,90,75,2722,2722,2722,2722,2722
1,90,76,682,682,682,682,682
1,90,77,2730,2730,2730,2730,2730
1,90,78,2722,2722,2722,2722,2722
1,90,79,682,682,682,682,682
1,90,80,2730,2730,2730,2730,2730
1,91,0,2720,2720,2720,2720,2720
1,91,1,680,680,680,680,680
1,91,2,2728,2728,2728,2728,2728
1,91,3,2720,2720,2720,2720,2720
1,91,4,680,680,680,680,680
1,91,5,2728,2728,2728,2728,2728
1,91,6,2720,2720,2720,2720,2720
1,91,7,680,680,680,680,680
1,91,8,2728,2728,2728,2728,2728
1,91,9,2210,2210,2210,2210,2210
1,91,10,170,170,170,170,170
1,91,11,2218,2218,2218,2218,2218
1,91,12,2210,2210,2210,2210,2210
1,91,13,170,170,170,170,170
1,91,14,2218,2218,2218,2218,2218
1,91,15,2210,2210,2210,2210,2210
1,91,16,170,170,170,170,170
1,91,17,2218,2218,2218,2218,2218
1,91,18,2722,2722,2722,2722,2722
1,91,19,682,682,682,682,682
1,91,20,2730,2730,2730,2730,2730
1,91,21,2722,2722,2722,2722,2722
1,91,22,682,682,682,682,682
1,91,23,2730,2730,2730,2730,2730
1,91,24,2722,2722,2722,2722,2722
1,91,25,682,682,682,682,682
1,91,26,2730,2730,2730,2730,2730
1,91,27,2720,2720,2720,2720,2720
1,91,28,680,680,680,680,680
1,91,29,2728,2728,2728,2728,2728
1,91,30,2720,2720,2720,2720,2720
1,91,31,680,680,680,680,680
1,91,32,2728,2728,2728,2728,2728
1,91,33,2720,2720,2720,2720,2720
1,91,34,680,680,680,680,680
1,91,35,2728,2728,2728,2728,2728
1,91,36,2210,2210,2210,2210,2210
1,91,37,170,170,170,170,170
1,91,38,2218,2218,2218,2218,2218
1,91,39,2210,2210,2210,2210,2210
1,91,40,170,170,170,170,170
1,91,41,2218,2218,2218,2218,2218
1,91,42,2210,2210,2210,2210,2210
1,91,43,170,170,170,170,170
1,91,44,2218,2218,2218,2218,2218
1,91,45,2722,2722,2722,2722,2722
1,91,46,682,682,682,682,682
1,91,47,2730,2730,2730,2730,2730
1,91,48,2722,2722,2722,2722,2722
1,91,49,682,682,682,682,682
1,91,50,2730,2730,2730,2730,2730
1,91,51,2722,2722,2722,2722,2722
1,91,52,682,682,682,682,682
1,91,53,2730,2730,2730,2730,2730
1,91,54,2720,2720,2720,2720,2720
1,91,55,680,680,680,680,680
1,91,56,2728,2728,2728,2728,2728
1,91,57,2720,2720,2720,2720,2720
1,91,58,680,680,680,680,680
1,91,59,2728,2728,2728,2728,2728
1,91,60,2720,2720,2720,2720,2720
1,91,61,680,680,680,680,680
1,91,62,2728,2728,2728,2728,2728
1,91,63,2210,2210,2210,2210,2210
1,91,64,170,170,170,170,170
1,91,65,2218,2218,2218,2218,2218
1,91,66,2210,2210,2210,2210,2210
1,91,67,170,170,170,170,170
1,91,68,2218,2218,2218,2218,2218
1,91,69,2210,2210,2210,2210,2210
1,91,70,170,170,170,170,170
1,91,71,2218,2218,2218,2218,2218
1,91,72,2722,2722,2722,2722,2722
1,91,73,682,682,682,682,682
1,91,74,2730,2730,2730,2730,2730
1,91,75,2722,2722,2722,2722,2722
1,91,76,682,682,682,682,682
1,91,77,2730,2730,2730,2730,2730
1,91,78,2722,2722,2722,2722,2722
1,91,79,682,682,682,682,682
1,91,80,2730,2730,2730,2730,2730
1,92,0,2208,2208,2208,2208,2208
1,92,1,168,168,168,168,168
1,92,2,2216,2216,2216,2216,2216
1,92,3,2208,2208,2208,2208,2208
1,92,4,168,168,168,168,168
1,92,5,2216,2216,2216,2216,2216
1,92,6,2208,2208,2208,2208,2208
1,92,7,168,168,168,168,168
1,92,8,2216,2216,2216,2216,2216
1,92,9,2208,2208,2208,2208,2208
1,92,10,168,168,168,168,168
1,92,11,2216,2216,2216,2216,2216
1,92,12,2208,2208,2208,2208,2208
1,92,13,168,168,168,168,168
1,92,14,2216,2216,2216,2216,2216
1,92,15,2208,2208,2208,2208,2208
1,92,16,168,168,168,168,168
1,92,17,2216,2216,2216,2216,2216
1,92,18,2208,2208,2208,2208,2208
1,92,19,168,168,168,168,168
1,92,20,2216,2216,2216,2216,2216
1,92,21,2208,2208,2208,2208,2208
1,92,22,168,168,168,168,168
1,92,23,2216,2216,2216,2216,2216
1,92,24,2208,2208,2208,2208,2208
1,92,25,168,168,168,168,168
1,92,26,2216,2216,2216,2216,2216
1,92,27,2208,2208,2208,2208,2208
1,92,28,168,168,168,168,168
1,92,29,2216,2216,2216,2216,2216
1,92,30,2208,2208,2208,2208,2208
1,92,31,168,168,168,168,168
1,92,32,2216,2216,2216,2216,2216
1,92,33,2208,2208,2208,2208,2208
1,92,34,168,168,168,168,168
1,92,35,2216,2216,2216,2216,2216
1,92,36,2208,2208,2208,2208,2208
1,92,37,168,168,168,168,168
1,92,38,2216,2216,2216,2216,2216
1,92,39,2208,2208,2208,2208,2208
1,92,40,168,168,168,168,168
1,92,41,2216,2216,2216,2216,2216
1,92,42,2208,2208,2208,2208,2208
1,92,43,168,168,168,168,168
1,92,44,2216,2216,2216,2216,2216
1,92,45,2208,2208,2208,2208,2208
1,92,46,168,168,168,168,168
1,92,47,2216,2216,2216,2216,2216
1,92,48,2208,2208,2208,2208,2208
1,92,49,168,168,168,168,168
1,92,50,2216,2216,2216,2216,2216
1,92,51,2208,2208,2208,2208,2208
1,92,52,168,168,168,168,168
1,92,53,2216,2216,2216,2216,2216
1,92,54,2208,2208,2208,2208,2208
1,92,55,168,168,168,168,168
1,92,56,2216,2216,2216,2216,2216
1,92,57,2208,2208,2208,2208,2208
1,92,58,168,168,168,168,168
1,92,59,2216,2216,2216,2216,2216
1,92,60,2208,2208,2208,2208,2208
1,92,61,168,168,168,168,168
1,92,62,2216,2216,2216,2216,2216
1,92,63,2208,2208,2208,2208,2208
1,92,64,168,168,168,168,168
1,92,65,2216,2216,2216,2216,2216
1,92,66,2208,2208,2208,2208,2208
1,92,67,168,168,168,168,168
1,92,68,2216,2216,2216,2216,2216
1,92,69,2208,2208,2208,2208,2208
1,92,70,168,168,168,168,168
1,92,71,2216,2216,2216,2216,2216
1,92,72,2208,2208,2208,2208,2208
1,92,73,168,168,168,168,168
1,92,74,2216,2216,2216,2216,2216
1,92,75,2208,2208,2208,2208,2208
1,92,76,168,168,168,168,168
1,92,77,2216,2216,2216,2216,2216
1,92,78,2208,2208,2208,2208,2208
1,92,79,168,168,168,168,168
1,92,80,2216,2216,2216,2216,2216
1,93,0,2720,2720,2720,2720,2720
1,93,1,680,680,680,680,680
1,93,2,2728,2728,2728,2728,2728
1,93,3,2720,2720,2720,2720,2720
1,93,4,680,680,680,680,680
1,93,5,2728,2728,2728,2728,2728
1,93,6,2720,2720,2720,2720,2720
1,93,7,680,680,680,680,680
1,93,8,2728,2728,2728,2728,2728
1,93,9,2210,2210,2210,2210,2210
1,93,10,170,170,170,170,170
1,93,11,2218,2218,2218,2218,2218
1,93,12,2210,2210,2210,2210,2210
1,93,13,170,170,170,170,170
1,93,14,2218,2218,2218,2218,2218
1,93,15,2210,2210,2210,2210,2210
1,93,16,170,170,170,170,170
1,93,17,2218,2218,2218,2218,2218
1,93,18,2722,2722,2722,2722,2722
1,93,19,682,682,682,682,682
1,93,20,2730,2730,2730,2730,2730
1,93,21,2722,2722,2722,2722,2722
1,93,22,682,682,682,682,682
1,93,23,2730,2730,2730,2730,2730
1,93,24,2722,2722,2722,2722,2722
1,93,25,682,682,682,682,682
1,93,26,2730,2730,2730,2730,2730
1,93,27,2720,2720,2720,2720,2720
1,93,28,680,680,680,680,680
1,93,29,2728,2728,2728,2728,2728
1,93,30,2720,2720,2720,2720,2720
1,93,31,680,680,680,680,680
1,93,32,2728,2728,2728,2728,2728
1,93,33,2720,2720,2720,2720,2720
1,93,34,680,680,680,680,680
1,93,35,2728,2728,2728,2728,2728
1,93,36,2210,2210,2210,2210,2210
1,93,37,170,170,170,170,170
1,93,38,2218,2218,2218,2218,2218
1,93,39,2210,2210,2210,2210,2210
1,93,40,170,170,170,170,170
1,93,41,2218,2218,2218,2218,2218
1,93,42,2210,2210,2210,2210,2210
1,93,43,170,170,170,170,170
1,93,44,2218,2218,2218,2218,2218
1,93,45,2722,2722,2722,2722,2722
1,93,46,682,682,682,682,682
1,93,47,2730,2730,2730,2730,2730
1,93,48,2722,2722,2722,2722,2722
1,93,49,682,682,682,682,682
1,93,50,2730,2730,2730,2730,2730
1,93,51,2722,2722,2722,2722,2722
1,93,52,682,682,682,682,682
1,93,53,2730,2730,2730,2730,2730
1,93,54,2720,2720,2720,2720,2720
1,93,55,680,680,680,680,680
1,93,56,2728,2728,2728,2728,2728
1,93,57,2720,2720,2720,2720,2720
1,93,58,680,680,680,680,680
1,93,59,2728,2728,2728,2728,2728
1,93,60,2720,2720,2720,2720,2720
1,93,61,680,680,680,680,680
1,93,62,2728,2728,2728,2728,2728
1,93,63,2210,2210,2210,2210,2210
1,93,64,170,170,170,170,170
1,93,65,2218,2218,2218,2218,2218
1,93,66,2210,2210,2210,2210,2210
1,93,67,170,170,170,170,170
1,93,68,2218,2218,2218,2218,2218
1,93,69,2210,2210,2210,2210,2210
1,93,70,170,170,170,170,170
1,93,71,2218,2218,2218,2218,2218
1,93,72,2722,2722,2722,2722,2722
1,93,73,682,682,682,682,682
1,93,74,2730,2730,2730,2730,2730
1,93,75,2722,2722,2722,2722,2722
1,93,76,682,682,682,682,682
1,93,77,2730,2730,2730,2730,2730
1,93,78,2722,2722,2722,2722,2722
1,93,79,682,682,682,682,682
1,93,80,2730,2730,2730,2730,2730
1,94,0,2720,2720,2720,2720,2720
1,94,1,680,680,680,680,680
1,94,2,2728,2728,2728,2728,2728
1,94,3,2720,2720,2720,2720,2720
1,94,4,680,680,680,680,680
1,94,5,2728,2728,2728,2728,2728
1,94,6,2720,2720,2720,2720,2720
1,94,7,680,680,680,680,680
1,94,8,2728,2728,2728,2728,2728
1,94,9,2210,2210,2210,2210,2210
1,94,10,170,170,170,170,170
1,94,11,2218,2218,2218,2218,2218
1,94,12,2210,2210,2210,2210,2210
1,94,13,170,170,170,170,170
1,94,14,2218,2218,2218,2218,2218
1,94,15,2210,2210,2210,2210,2210
1,94,16,170,170,170,170,170
1,94,17,2218,2218,2218,2218,2218
1,94,18,2722,2722,2722,2722,2722
1,94,19,682,682,682,682,682
1,94,20,2730,2730,2730,2730,2730
1,94,21,2722,2722,2722,2722,2722
1,94,22,682,682,682,682,682
1,94,23,2730,2730,2730,2730,2730
1,94,24,2722,2722,2722,2722,2722
1,94,25,682,682,682,682,682
1,94,26,2730,2730,2730,2730,2730
1,94,27,2720,2720,2720,2720,2720
1,94,28,680,680,680,680,680
1,94,29,2728,2728,2728,2728,2728
1,94,30,2720,2720,2720,2720,2720
1,94,31,680,680,680,680,680
1,94,32,2728,2728,2728,2728,2728
1,94,33,2720,2720,2720,2720,2720
1,94,34,680,680,680,680,680
1,94,35,2728,2728,2728,2728,2728
1,94,36,2210,2210,2210,2210,2210
1,94,37,170,170,170,170,170
1,94,38,2218,2218,2218,2218,2218
1,94,39,2210,2210,2210,2210,2210
1,94,40,170,170,170,170,170
1,94,41,2218,2218,2218,2218,2218
1,94,42,2210,2210,2210,2210,2210
1,94,43,170,170,170,170,170
1,94,44,2218,2218,2218,2218,2218
1,94,45,2722,2722,2722,2722,2722
1,94,46,682,682,682,682,682
1,94,47,2730,2730,2730,2730,2730
1,94,48,2722,2722,2722,2722,2722
1,94,49,682,682,682,682,682
1,94,50,2730,2730,2730,2730,2730
1,94,51,2722,2722,2722,2722,2722
1,94,52,682,682,682,682,682
1,94,53,2730,2730,2730,2730,2730
1,94,54,2720,2720,2720,2720,2720
1,94,55,680,680,680,680,680
1,94,56,2728,2728,2728,2728,2728
1,94,57,2720,2720,2720,2720,2720
1,94,58,680,680,680,680,680
1,94,59,2728,2728,2728,2728,2728
1,94,60,2720,2720,2720,2720,2720
1,94,61,680,680,680,680,680
1,94,62,2728,2728,2728,2728,2728
1,94,63,2210,2210,2210,2210,2210
1,94,64,170,170,170,170,170
1,94,65,2218,2218,2218,2218,2218
1,94,66,2210,2210,2210,2210,2210
1,94,67,170,170,170,170,170
1,94,68,2218,2218,2218,2218,2218
1,94,69,2210,2210,2210,2210,2210
1,94,70,170,170,170,170,170
1,94,71,2218,2218,2218,2218,2218
1,94,72,2722,2722,2722,2722,2722
1,94,73,682,682,682,682,682
1,94,74,2730,2730,2730,2730,2730
1,94,75,2722,2722,2722,2722,2722
1,94,76,682,682,682,682,682
1,94,77,2730,2730,2730,2730,2730
1,94,78,2722,2722,2722,2722,2722
1,94,79,682,682,682,682,682
1,94,80,2730,2730,2730,2730,2730
1,95,0,2720,2720,2720,2720,2720
1,95,1,680,680,680,680,680
1,95,2,2728,2728,2728,2728,2728
1,95,3,2720,2720,2720,2720,2720
1,95,4,680,680,680,680,680
1,95,5,2728,2728,2728,2728,2728
1,95,6,2720,2720,2720,2720,2720
1,95,7,680,680,680,680,680
1,95,8,2728,2728,2728,2728,2728
1,95,9,2210,2210,2210,2210,2210
1,95,10,170,170,170,170,170
1,95,11,2218,2218,2218,2218,2218
1,95,12,2210,2210,2210,2210,2210
1,95,13,170,170,170,170,170
1,95,14,2218,2218,2218,2218,2218
1,95,15,2210,2210,2210,2210,2210
1,95,16,170,170,170,170,170
1,95,17,2218,2218,2218,2218,2218
1,95,18,2722,2722,2722,2722,2722
1,95,19,682,682,682,682,682
1,95,20,2730,2730,2730,2730,2730
1,95,21,2722,2722,2722,2722,2722
1,95,22,682,682,682,682,682
1,95,23,2730,2730,2730,2730,2730
1,95,24,2722,2722,2722,2722,2722
1,95,25,682,682,682,682,682
1,95,26,2730,2730,2730,2730,2730
1,95,27,2720,2720,2720,2720,2720
1,95,28,680,680,680,680,680
1,95,29,2728,2728,2728,2728,2728
1,95,30,2720,2720,2720,2720,2720
1,95,31,680,680,680,680,680
1,95,32,2728,2728,2728,2728,2728
1,95,33,2720,2720,2720,2720,2720
1,95,34,680,680,680,680,680
1,95,35,2728,2728,2728,2728,2728
1,95,36,2210,2210,2210,2210,2210
1,95,37,170,170,170,170,170
1,95,38,2218,2218,2218,2218,2218
1,95,39,2210,2210,2210,2210,2210
1,95,40,170,170,170,170,170
1,95,41,2218,2218,2218,2218,2218
1,95,42,2210,2210,2210,2210,2210
1,95,43,170,170,170,170,170
1,95,44,2218,2218,2218,2218,2218
1,95,45,2722,2722,2722,2722,2722
1,95,46,682,682,682,682,682
1,95,47,2730,2730,2730,2730,2730
1,95,48,2722,2722,2722,2722,2722
1,95,49,682,682,682,682,682
1,95,50,2730,2730,2730,2730,2730
1,95,51,2722,2722,2722,2722,2722
1,95,52,682,682,682,682,682
1,95,53,2730,2730,2730,2730,2730
1,95,54,2720,2720,2720,2720,2720
1,95,55,680,680,680,680,680
1,95,56,2728,2728,2728,2728,2728
1,95,57,2720,2720,2720,2720,2720
1,95,58,680,680,680,680,680
1,95,59,2728,2728,2728,2728,2728
1,95,60,2720,2720,2720,2720,2720
1,95,61,680,680,680,680,680
1,95,62,2728,2728,2728,2728,2728
1,95,63,2210,2210,2210,2210,2210
1,95,64,170,170,170,170,170
1,95,65,2218,2218,2218,2218,2218
1,95,66,2210,2210,2210,2210,2210
1,95,67,170,170,170,170,170
1,95,68,2218,2218,2218,2218,2218
1,95,69,2210,2210,2210,2210,2210
1,95,70,170,170,170,170,170
1,95,71,2218,2218,2218,2218,2218
1,95,72,2722,2722,2722,2722,2722
1,95,73,682,682,682,682,682
1,95,74,2730,2730,2730,2730,2730
1,95,75,2722,2722,2722,2722,2722
1,95,76,682,682,682,682,682
1,95,77,2730,2730,2730,2730,2730
1,95,78,2722,2722,2722,2722,2722
1,95,79,682,682,682,682,682
1,95,80,2730,2730,2730,2730,2730
1,96,0,160,160,160,160,160
1,96,1,160,160,160,160,160
1,96,2,160,160,160,160,160
1,96,3,160,160,160,160,160
1,96,4,160,160,160,160,160
1,96,5,160,160,160,160,160
1,96,6,160,160,160,160,160
1,96,7,160,160,160,160,160
1,96,8,160,160,160,160,160
1,96,9,160,160,160,160,160
1,96,10,160,160,160,160,160
1,96,11,160,160,160,160,160
1,96,12,160,160,160,160,160
1,96,13,160,160,160,160,160
1,96,14,160,160,160,160,160
1,96,15,160,160,160,160,160
1,96,16,160,160,160,160,160
1,96,17,160,160,160,160,160
1,96,18,160,160,160,160,160
1,96,19,160,160,160,160,160
1,96,20,160,160,160,160,160
1,96,21,160,160,160,160,160
1,96,22,160,160,160,160,160
1,96,23,160,160,160,160,160
1,96,24,160,160,160,160,160
1,96,25,160,160,160,160,160
1,96,26,160,160,160,160,160
1,96,27,160,160,160,160,160
1,96,28,160,160,160,160,160
1,96,29,160,160,160,160,160
1,96,30,160,160,160,160,160
1,96,31,160,160,160,160,160
1,96,32,160,160,160,160,160
1,96,33,160,160,160,160,160
1,96,34,160,160,160,160,160
1,96,35,160,160,160,160,160
1,96,36,160,160,160,160,160
1,96,37,160,160,160,160,160
1,96,38,160,160,160,160,160
1,96,39,160,160,160,160,160
1,96,40,160,160,160,160,160
1,96,41,160,160,160,160,160
1,96,42,160,160,160,160,160
1,96,43,160,160,160,160,160
1,96,44,160,160,160,160,160
1,96,45,160,160,160,160,160
1,96,46,160,160,160,160,160
1,96,47,160,160,160,160,160
1,96,48,160,160,160,160,160
1,96,49,160,160,160,160,160
1,96,50,160,160,160,160,160
1,96,51,160,160,160,160,160
1,96,52,160,160,160,160,160
1,96,53,160,160,160,160,160
1,96,54,160,160,160,160,160
1,96,55,160,160,160,160,160
1,96,56,160,160,160,160,160
1,96,57,160,160,160,160,160
1,96,58,160,160,160,160,160
1,96,59,160,160,160,160,160
1,96,60,160,160,160,160,160
1,96,61,160,160,160,160,160
1,96,62,160,160,160,160,160
1,96,63,160,160,160,160,160
1,96,64,160,160,160,160,160
1,96,65,160,160,160,160,160
1,96,66,160,160,160,160,160
1,96,67,160,160,160,160,160
1,96,68,160,160,160,160,160
1,96,69,160,160,160,160,160
1,96,70,160,160,160,160,160
1,96,71,160,160,160,160,160
1,96,72,160,160,160,160,160
1,96,73,160,160,160,160,160
1,96,74,160,160,160,160,160
1,96,75,160,160,160,160,160
1,96,76,160,160,160,160,160
1,96,77,160,160,160,160,160
1,96,78,160,160,160,160,160
1,96,79,160,160,160,160,160
1,96,80,160,160,160,160,160
1,97,0,672,672,672,672,672
1,97,1,672,672,672,672,672
1,97,2,672,672,672,672,672
1,97,3,672,672,672,672,672
1,97,4,672,672,672,672,672
1,97,5,672,672,672,672,672
1,97,6,672,672,672,672,672
1,97,7,672,672,672,672,672
1,97,8,672,672,672,672,672
1,97,9,162,162,162,162,162
1,97,10,162,162,162,162,162
1,97,11,162,162,162,162,162
1,97,12,162,162,162,162,162
1,97,13,162,162,162,162,162
1,97,14,162,162,162,162,162
1,97,15,162,162,162,162,162
1,97,16,162,162,162,162,162
1,97,17,162,162,162,162,162
1,97,18,674,674,674,674,674
1,97,19,674,674,674,674,674
1,97,20,674,674,674,674,674
1,97,21,674,674,674,674,674
1,97,22,674,674,674,674,674
1,97,23,674,674,674,674,674
1,97,24,674,674,674,674,674
1,97,25,674,674,674,674,674
1,97,26,674,674,674,674,674
1,97,27,672,672,672,672,672
1,97,28,672,672,672,672,672
1,97,29,672,672,672,672,672
1,97,30,672,672,672,672,672
1,97,31,672,672,672,672,672
1,97,32,672,672,672,672,672
1,97,33,672,672,672,672,672
1,97,34,672,672,672,672,672
1,97,35,672,672,672,672,672
1,97,36,162,162,162,162,162
1,97,37,162,162,162,162,162
1,97,38,162,162,162,162,162
1,97,39,162,162,162,162,162
1,97,40,162,162,162,162,162
1,97,41,162,162,162,162,162
1,97,42,162,162,162,162,162
1,97,43,162,162,162,162,162
1,97,44,162,162,162,162,162
1,97,45,674,674,674,674,674
1,97,46,674,674,674,674,674
1,97,47,674,674,674,674,674
1,97,48,674,674,674,674,674
1,97,49,674,674,674,674,674
1,97,50,674,674,674,674,674
1,97,51,674,674,674,674,674
1,97,52,674,674,674,674,674
1,97,53,674,674,674,674,674
1,97,54,672,672,672,672,672
1,97,55,672,672,672,672,672
1,97,56,672,672,672,672,672
1,97,57,672,672,672,672,672
1,97,58,672,672,672,672,672
1,97,59,672,672,672,672,672
1,97,60,672,672,672,672,672
1,97,61,672,672,672,672,672
1,97,62,672,672,672,672,672
1,97,63,162,162,162,162,162
1,97,64,162,162,162,162,162
1,97,65,162,162,162,162,162
1,97,66,162,162,162,162,162
1,97,67,162,162,162,162,162
1,97,68,162,162,162,162,162
1,97,69,162,162,162,162,162
1,97,70,162,162,162,162,162
1,97,71,162,162,162,162,162
1,97,72,674,674,674,674,674
1,97,73,674,674,674,674,674
1,97,74,674,674,674,674,674
1,97,75,674,674,674,674,674
1,97,76,674,674,674,674,674
1,97,77,674,674,674,674,674
1,97,78,674,674,674,674,674
1,97,79,674,674,674,674,674
1,97,80,674,674,674,674,674
1,98,0,672,672,672,672,672
1,98,1,672,672,672,672,672
1,98,2,672,672,672,672,672
1,98,3,672,672,672,672,672
1,98,4,672,672,672,672,672
1,98,5,672,672,672,672,672
1,98,6,672,672,672,672,672
1,98,7,672,672,672,672,672
1,98,8,672,672,672,672,672
1,98,9,162,162,162,162,162
1,98,10,162,162,162,162,162
1,98,11,162,162,162,162,162
1,98,12,162,162,162,162,162
1,98,13,162,162,162,162,162
1,98,14,162,162,162,162,162
1,98,15,162,162,162,162,162
1,98,16,162,162,162,162,162
1,98,17,162,162,162,162,162
1,98,18,674,674,674,674,674
1,98,19,674,674,674,674,674
1,98,20,674,674,674,674,674
1,98,21,674,674,674,674,674
1,98,22,674,674,674,674,674
1,98,23,674,674,674,674,674
1,98,24,674,674,674,674,674
1,98,25,674,674,674,674,674
1,98,26,674,674,674,674,674
1,98,27,672,672,672,672,672
1,98,28,672,672,672,672,672
1,98,29,672,672,672,672,672
1,98,30,672,672,672,672,672
1,98,31,672,672,672,672,672
1,98,32,672,672,672,672,672
1,98,33,672,672,672,672,672
1,98,34,672,672,672,672,672
1,98,35,672,672,672,672,672
1,98,36,162,162,162,162,162
1,98,37,162,162,162,162,162
1,98,38,162,162,162,162,162
1,98,39,162,162,162,162,162
1,98,40,162,162,162,162,162
1,98,41,162,162,162,162,162
1,98,42,162,162,162,162,162
1,98,43,162,162,162,162,162
1,98,44,162,162,162,162,162
1,98,45,674,674,674,674,674
1,98,46,674,674,674,674,674
1,98,47,674,674,674,674,674
1,98,48,674,674,674,674,674
1,98,49,674,674,674,674,674
1,98,50,674,674,674,674,674
1,98,51,674,674,674,674,674
1,98,52,674,674,674,674,674
1,98,53,674,674,674,674,674
1,98,54,672,672,672,672,672
1,98,55,672,672,672,672,672
1,98,56,672,672,672,672,672
1,98,57,672,672,672,672,672
1,98,58,672,672,672,672,672
1,98,59,672,672,672,672,672
1,98,60,672,672,672,672,672
1,98,61,672,672,672,672,672
1,98,62,672,672,672,672,672
1,98,63,162,162,162,162,162
1,98,64,162,162,162,162,162
1,98,65,162,162,162,162,162
1,98,66,162,162,162,162,162
1,98,67,162,162,162,162,162
1,98,68,162,162,162,162,162
1,98,69,162,162,162,162,162
1,98,70,162,162,162,162,162
1,98,71,162,162,162,162,162
1,98,72,674,674,674,674,674
1,98,73,674,674,674,674,674
1,98,74,674,674,674,674,674
1,98,75,674,674,674,674,674
1,98,76,674,674,674,674,674
1,98,77,674,674,674,674,674
1,98,78,674,674,674,674,674
1,98,79,674,674,674,674,674
1,98,80,674,674,674,674,674
1,99,0,672,672,672,672,672
1,99,1,672,672,672,672,672
1,99,2,672,672,672,672,672
1,99,3,672,672,672,672,672
1,99,4,672,672,672,672,672
1,99,5,672,672,672,672,672
1,99,6,672,672,672,672,672
1,99,7,672,672,672,672,672
1,99,8,672,672,672,672,672
1,99,9,162,162,162,162,162
1,99,10,162,162,162,162,162
1,99,11,162,162,162,162,162
1,99,12,162,162,162,162,162
1,99,13,162,162,162,162,162
1,99,14,162,162,162,162,162
1,99,15,162,162,162,162,162
1,99,16,162,162,162,162,162
1,99,17,162,162,162,162,162
1,99,18,674,674,674,674,674
1,99,19,674,674,674,674,674
1,99,20,674,674,674,674,674
1,99,21,674,674,674,674,674
1,99,22,674,674,674,674,674
1,99,23,674,674,674,674,674
1,99,24,674,674,674,674,674
1,99,25,674,674,674,674,674
1,99,26,674,674,674,674,674
1,99,27,672,672,672,672,672
1,99,28,672,672,672,672,672
1,99,29,672,672,672,672,672
1,99,30,672,672,672,672,672
1,99,31,672,672,672,672,672
1,99,32,672,672,672,672,672
1,99,33,672,672,672,672,672
1,99,34,672,672,672,672,672
1,99,35,672,672,672,672,672
1,99,36,162,162,162,162,162
1,99,37,162,162,162,162,162
1,99,38,162,162,162,162,162
1,99,39,162,162,162,162,162
1,99,40,162,162,162,162,162
1,99,41,162,162,162,162,162
1,99,42,162,162,162,162,162
1,99,43,162,162,162,162,162
1,99,44,162,162,162,162,162
1,99,45,674,674,674,674,674
1,99,46,674,674,674,674,674
1,99,47,674,674,674,674,674
1,99,48,674,674,674,674,674
1,99,49,674,674,674,674,674
1,99,50,674,674,674,674,674
1,99,51,674,674,674,674,674
1,99,52,674,674,674,674,674
1,99,53,674,674,674,674,674
1,99,54,672,672,672,672,672
1,99,55,672,672,672,672,672
1,99,56,672,672,672,672,672
1,99,57,672,672,672,672,672
1,99,58,672,672,672,672,672
1,99,59,672,672,672,672,672
1,99,60,672,672,672,672,672
1,99,61,672,672,672,672,672
1,99,62,672,672,672,672,672
1,99,63,162,162,162,162,162
1,99,64,162,162,162,162,162
1,99,65,162,162,162,162,162
1,99,66,162,162,162,162,162
1,99,67,162,162,162,162,162
1,99,68,162,162,162,162,162
1,99,69,162,162,162,162,162
1,99,70,162,162,162,162,162
1,99,71,162,162,162,162,162
1,99,72,674,674,674,674,674
1,99,73,674,674,674,674,674
1,99,74,674,674,674,674,674
1,99,75,674,674,674,674,674
1,99,76,674,674,674,674,674
1,99,77,674,674,674,674,674
1,99,78,674,674,674,674,674
1,99,79,674,674,674,674,674
1,99,80,674,674,674,674,674
1,100,0,2208,2208,2208,2208,2208
1,100,1,168,168,168,168,168
1,100,2,2216,2216,2216,2216,2216
1,100,3,2208,2208,2208,2208,2208
1,100,4,168,168,168,168,168
1,100,5,2216,2216,2216,2216,2216
1,100,6,2208,2208,2208,2208,2208
1,100,7,168,168,168,168,168
1,100,8,2216,2216,2216,2216,2216
1,100,9,2208,2208,2208,2208,2208
1,100,10,168,168,168,168,168
1,100,11,2216,2216,2216,2216,2216
1,100,12,2208,2208,2208,2208,2208
1,100,13,168,168,168,168,168
1,100,14,2216,2216,2216,2216,2216
1,100,15,2208,2208,2208,2208,2208
1,100,16,168,168,168,168,168
1,100,17,2216,2216,2216,2216,2216
1,100,18,2208,2208,2208,2208,2208
1,100,19,168,168,168,168,168
1,100,20,2216,2216,2216,2216,2216
1,100,21,2208,2208,2208,2208,2208
1,100,22,168,168,168,168,168
1,100,23,2216,2216,2216,2216,2216
1,100,24,2208,2208,2208,2208,2208
1,100,25,168,168,168,168,168
1,100,26,2216,2216,2216,2216,2216
1,100,27,2208,2208,2208,2208,2208
1,100,28,168,168,168,168,168
1,100,29,2216,2216,2216,2216,2216
1,100,30,2208,2208,2208,2208,2208
1,100,31,168,168,168,168,168
1,100,32,2216,2216,2216,2216,2216
1,100,33,2208,2208,2208,2208,2208
1,100,34,168,168,168,168,168
1,100,35,2216,2216,2216,2216,2216
1,100,36,2208,2208,2208,2208,2208
1,100,37,168,168,168,168,168
1,100,38,2216,2216,2216,2216,2216
1,100,39,2208,2208,2208,2208,2208
1,100,40,168,168,168,168,168
1,100,41,2216,2216,2216,2216,2216
1,100,42,2208,2208,2208,2208,2208
1,100,43,168,168,168,168,168
1,100,44,2216,2216,2216,2216,2216
1,100,45,2208,2208,2208,2208,2208
1,100,46,168,168,168,168,168
1,100,47,2216,2216,2216,2216,2216
1,100,48,2208,2208,2208,2208,2208
1,100,49,168,168,168,168,168
1,100,50,2216,2216,2216,2216,2216
1,100,51,2208,2208,2208,2208,2208
1,100,52,168,168,168,168,168
1,100,53,2216,2216,2216,2216,2216
1,100,54,2208,2208,2208,2208,2208
1,100,55,168,168,168,168,168
1,100,56,2216,2216,2216,2216,2216
1,100,57,2208,2208,2208,2208,2208
1,100,58,168,168,168,168,168
1,100,59,2216,2216,2216,2216,2216
1,100,60,2208,2208,2208,2208,2208
1,100,61,168,168,168,168,168
1,100,62,2216,2216,2216,2216,2216
1,100,63,2208,2208,2208,2208,2208
1,100,64,168,168,168,168,168
1,100,65,2216,2216,2216,2216,2216
1,100,66,2208,2208,2208,2208,2208
1,100,67,168,168,168,168,168
1,100,68,2216,2216,2216,2216,2216
1,100,69,2208,2208,2208,2208,2208
1,100,70,168,168,168,168,168
1,100,71,2216,2216,2216,2216,2216
1,100,72,2208,2208,2208,2208,2208
1,100,73,168,168,168,168,168
1,100,74,2216,2216,2216,2216,2216
1,100,75,2208,2208,2208,2208,2208
1,100,76,168,168,168,168,168
1,100,77,2216,2216,2216,2216,2216
1,100,78,2208,2208,2208,2208,2208
1,100,79,168,168,168,168,168
1,100,80,2216,2216,2216,2216,2216
1,101,0,2720,2720,2720,2720,2720
1,101,1,680,680,680,680,680
1,101,2,2728,2728,2728,2728,2728
1,101,3,2720,2720,2720,2720,2720
1,101,4,680,680,680,680,680
1,101,5,2728,2728,2728,2728,2728
1,101,6,2720,2720,2720,2720,2720
1,101,7,680,680,680,680,680
1,101,8,2728,2728,2728,2728,2728
1,101,9,2210,2210,2210,2210,2210
1,101,10,170,170,170,170,170
1,101,11,2218,2218,2218,2218,2218
1,101,12,2210,2210,2210,2210,2210
1,101,13,170,170,170,170,170
1,101,14,2218,2218,2218,2218,2218
1,101,15,2210,2210,2210,2210,2210
1,101,16,170,170,170,170,170
1,101,17,2218,2218,2218,2218,2218
1,101,18,2722,2722,2722,2722,2722
1,101,19,682,682,682,682,682
1,101,20,2730,2730,2730,2730,2730
1,101,21,2722,2722,2722,2722,2722
1,101,22,682,682,682,682,682
1,101,23,2730,2730,2730,2730,2730
1,101,24,2722,2722,2722,2722,2722
1,101,25,682,682,682,682,682
1,101,26,2730,2730,2730,2730,2730
1,101,27,2720,2720,2720,2720,2720
1,101,28,680,680,680,680,680
1,101,29,2728,2728,2728,2728,2728
1,101,30,2720,2720,2720,2720,2720
1,101,31,680,680,680,680,680
1,101,32,2728,2728,2728,2728,2728
1,101,33,2720,2720,2720,2720,2720
1,101,34,680,680,680,680,680
1,101,35,2728,2728,2728,2728,2728
1,101,36,2210,2210,2210,2210,2210
1,101,37,170,170,170,170,170
1,101,38,2218,2218,2218,2218,2218
1,101,39,2210,2210,2210,2210,2210
1,101,40,170,170,170,170,170
1,101,41,2218,2218,2218,2218,2218
1,101,42,2210,2210,2210,2210,2210
1,101,43,170,170,170,170,170
1,101,44,2218,2218,2218,2218,2218
1,101,45,2722,2722,2722,2722,2722
1,101,46,682,682,682,682,682
1,101,47,2730,2730,2730,2730,2730
1,101,48,2722,2722,2722,2722,2722
1,101,49,682,682,682,682,682
1,101,50,2730,2730,2730,2730,2730
1,101,51,2722,2722,2722,2722,2722
1,101,52,682,682,682,682,682
1,101,53,2730,2730,2730,2730,2730
1,101,54,2720,2720,2720,2720,2720
1,101,55,680,680,680,680,680
1,101,56,2728,2728,2728,2728,2728
1,101,57,2720,2720,2720,2720,2720
1,101,58,680,680,680,680,680
1,101,59,2728,2728,2728,2728,2728
1,101,60,2720,2720,2720,2720,2720
1,101,61,680,680,680,680,680
1,101,62,2728,2728,2728,2728,2728
1,101,63,2210,2210,2210,2210,2210
1,101,64,170,170,170,170,170
1,101,65,2218,2218,2218,2218,2218
1,101,66,2210,2210,2210,2210,2210
1,101,67,170,170,170,170,170
1,101,68,2218,2218,2218,2218,2218
1,101,69,2210,2210,2210,2210,2210
1,101,70,170,170,170,170,170
1,101,71,2218,2218,2218,2218,2218
1,101,72,2722,2722,2722,2722,2722
1,101,73,682,682,682,682,682
1,101,74,2730,2730,2730,2730,2730
1,101,75,2722,2722,2722,2722,2722
1,101,76,682,682,682,682,682
1,101,77,2730,2730,2730,2730,2730
1,101,78,2722,2722,2722,2722,2722
1,101,79,682,682,682,682,682
1,101,80,2730,2730,2730,2730,2730
1,102,0,2720,2720,2720,2720,2720
1,102,1,680,680,680,680,680
1,102,2,2728,2728,2728,2728,2728
1,102,3,2720,2720,2720,2720,2720
1,102,4,680,680,680,680,680
1,102,5,2728,2728,2728,2728,2728
1,102,6,2720,2720,2720,2720,2720
1,102,7,680,680,680,680,680
1,102,8,2728,2728,2728,2728,2728
1,102,9,2210,2210,2210,2210,2210
1,102,10,170,170,170,170,170
1,102,11,2218,2218,2218,2218,2218
1,102,12,2210,2210,2210,2210,2210
1,102,13,170,170,170,170,170
1,102,14,2218,2218,2218,2218,2218
1,102,15,2210,2210,2210,2210,2210
1,102,16,170,170,170,170,170
1,102,17,2218,2218,2218,2218,2218
1,102,18,2722,2722,2722,2722,2722
1,102,19,682,682,682,682,682
1,102,20,2730,2730,2730,2730,2730
1,102,21,2722,2722,2722,2722,2722
1,102,22,682,682,682,682,682
1,102,23,2730,2730,2730,2730,2730
1,102,24,2722,2722,2722,2722,2722
1,102,25,682,682,682,682,682
1,102,26,2730,2730,2730,2730,2730
1,102,27,2720,2720,2720,2720,2720
1,102,28,680,680,680,680,680
1,102,29,2728,2728,2728,2728,2728
1,102,30,2720,2720,2720,2720,2720
1,102,31,680,680,680,680,680
1,102,32,2728,2728,2728,2728,2728
1,102,33,2720,2720,2720,2720,2720
1,102,34,680,680,680,680,680
1,102,35,2728,2728,2728,2728,2728
1,102,36,2210,2210,2210,2210,2210
1,102,37,170,170,170,170,170
1,102,38,2218,2218,2218,2218,2218
1,102,39,2210,2210,2210,2210,2210
1,102,40,170,170,170,170,170
1,102,41,2218,2218,2218,2218,2218
1,102,42,2210,2210,2210,2210,2210
1,102,43,170,170,170,170,170
1,102,44,2218,2218,2218,2218,2218
1,102,45,2722,2722,2722,2722,2722
1,102,46,682,682,682,682,682
1,102,47,2730,2730,2730,2730,2730
1,102,48,2722,2722,2722,2722,2722
1,102,49,682,682,682,682,682
1,102,50,2730,2730,2730,2730,2730
1,102,51,2722,2722,2722,2722,2722
1,102,52,682,682,682,682,682
1,102,53,2730,2730,2730,2730,2730
1,102,54,2720,2720,2720,2720,2720
1,102,55,680,680,680,680,680
1,102,56,2728,2728,2728,2728,2728
1,102,57,2720,2720,2720,2720,2720
1,102,58,680,680,680,680,680
1,102,59,2728,2728,2728,2728,2728
1,102,60,2720,2720,2720,2720,2720
1,102,61,680,680,680,680,680
1,102,62,2728,2728,2728,2728,2728
1,102,63,2210,2210,2210,2210,2210
1,102,64,170,170,170,170,170
1,102,65,2218,2218,2218,2218,2218
1,102,66,2210,2210,2210,2210,2210
1,102,67,170,170,170,170,170
1,102,68,2218,2218,2218,2218,2218
1,102,69,2210,2210,2210,2210,2210
1,102,70,170,170,170,170,170
1,102,71,2218,2218,2218,2218,2218
1,102,72,2722,2722,2722,2722,2722
1,102,73,682,682,682,682,682
1,102,74,2730,2730,2730,2730,2730
1,102,75,2722,2722,2722,2722,2722
1,102,76,682,682,682,682,682
1,102,77,2730,2730,2730,2730,2730
1,102,78,2722,2722,2722,2722,2722
1,102,79,682,682,682,682,682
1,102,80,2730,2730,2730,2730,2730
1,103,0,2720,2720,2720,2720,2720
1,103,1,680,680,680,680,680
1,103,2,2728,2728,2728,2728,2728
1,103,3,2720,2720,2720,2720,2720
1,103,4,680,680,680,680,680
1,103,5,2728,2728,2728,2728,2728
1,103,6,2720,2720,2720,2720,2720
1,103,7,680,680,680,680,680
1,103,8,2728,2728,2728,2728,2728
1,103,9,2210,2210,2210,2210,2210
1,103,10,170,170,170,170,170
1,103,11,2218,2218,2218,2218,2218
1,103,12,2210,2210,2210,2210,2210
1,103,13,170,170,170,170,170
1,103,14,2218,2218,2218,2218,2218
1,103,15,2210,2210,2210,2210,2210
1,103,16,170,170,170,170,170
1,103,17,2218,2218,2218,2218,2218
1,103,18,2722,2722,2722,2722,2722
1,103,19,682,682,682,682,682
1,103,20,2730,2730,2730,2730,2730
1,103,21,2722,2722,2722,2722,2722
1,103,22,682,682,682,682,682
1,103,23,2730,2730,2730,2730,2730
1,103,24,2722,2722,2722,2722,2722
1,103,25,682,682,682,682,682
1,103,26,2730,2730,2730,2730,2730
1,103,27,2720,2720,2720,2720,2720
1,103,28,680,680,680,680,680
1,103,29,2728,2728,2728,2728,2728
1,103,30,2720,2720,2720,2720,2720
1,103,31,680,680,680,680,680
1,103,32,2728,2728,2728,2728,2728
1,103,33,2720,2720,2720,2720,2720
1,103,34,680,680,680,680,680
1,103,35,2728,2728,2728,2728,2728
1,103,36,2210,2210,2210,2210,2210
1,103,37,170,170,170,170,170
1,103,38,2218,2218,2218,2218,2218
1,103,39,2210,2210,2210,2210,2210
1,103,40,170,170,170,170,170
1,103,41,2218,2218,2218,2218,2218
1,103,42,2210,2210,2210,2210,2210
1,103,43,170,170,170,170,170
1,103,44,2218,2218,2218,2218,2218
1,103,45,2722,2722,2722,2722,2722
1,103,46,682,682,682,682,682
1,103,47,2730,2730,2730,2730,2730
1,103,48,2722,2722,2722,2722,2722
1,103,49,682,682,682,682,682
1,103,50,2730,2730,2730,2730,2730
1,103,51,2722,2722,2722,2722,2722
1,103,52,682,682,682,682,682
1,103,53,2730,2730,2730,2730,2730
1,103,54,2720,2720,2720,2720,2720
1,103,55,680,680,680,680,680
1,103,56,2728,2728,2728,2728,2728
1,103,57,2720,2720,2720,2720,2720
1,103,58,680,680,680,680,680
1,103,59,2728,2728,2728,2728,2728
1,103,60,2720,2720,2720,2720,2720
1,103,61,680,680,680,680,680
1,103,62,2728,2728,2728,2728,2728
1,103,63,2210,2210,2210,2210,2210
1,103,64,170,170,170,170,170
1,103,65,2218,2218,2218,2218,2218
1,103,66,2210,2210,2210,2210,2210
1,103,67,170,170,170,170,170
1,103,68,2218,2218,2218,2218,2218
1,103,69,2210,2210,2210,2210,2210
1,103,70,170,170,170,170,170
1,103,71,2218,2218,2218,2218,2218
1,103,72,2722,2722,2722,2722,2722
1,103,73,682,682,682,682,682
1,103,74,2730,2730,2730,2730,2730
1,103,75,2722,2722,2722,2722,2722
1,103,76,682,682,682,682,682
1,103,77,2730,2730,2730,2730,2730
1,103,78,2722,2722,2722,2722,2722
1,103,79,682,682,682,682,682
1,103,80,2730,2730,2730,2730,2730
1,104,0,2208,2208,2208,2208,2208
1,104,1,168,168,168,168,168
1,104,2,2216,2216,2216,2216,2216
1,104,3,2208,2208,2208,2208,2208
1,104,4,168,168,168,168,168
1,104,5,2216,2216,2216,2216,2216
1,104,6,2208,2208,2208,2208,2208
1,104,7,168,168,168,168,168
1,104,8,2216,2216,2216,2216,2216
1,104,9,2208,2208,2208,2208,2208
1,104,10,168,168,168,168,168
1,104,11,2216,2216,2216,2216,2216
1,104,12,2208,2208,2208,2208,2208
1,104,13,168,168,168,168,168
1,104,14,2216,2216,2216,2216,2216
1,104,15,2208,2208,2208,2208,2208
1,104,16,168,168,168,168,168
1,104,17,2216,2216,2216,2216,2216
1,104,18,2208,2208,2208,2208,2208
1,104,19,168,168,168,168,168
1,104,20,2216,2216,2216,2216,2216
1,104,21,2208,2208,2208,2208,2208
1,104,22,168,168,168,168,168
1,104,23,2216,2216,2216,2216,2216
1,104,24,2208,2208,2208,2208,2208
1,104,25,168,168,168,168,168
1,104,26,2216,2216,2216,2216,2216
1,104,27,2208,2208,2208,2208,2208
1,104,28,168,168,168,168,168
1,104,29,2216,2216,2216,2216,2216
1,104,30,2208,2208,2208,2208,2208
1,104,31,168,168,168,168,168
1,104,32,2216,2216,2216,2216,2216
1,104,33,2208,2208,2208,2208,2208
1,104,34,168,168,168,168,168
1,104,35,2216,2216,2216,2216,2216
1,104,36,2208,2208,2208,2208,2208
1,104,37,168,168,168,168,168
1,104,38,2216,2216,2216,2216,2216
1,104,39,2208,2208,2208,2208,2208
1,104,40,168,168,168,168,168
1,104,41,2216,2216,2216,2216,2216
1,104,42,2208,2208,2208,2208,2208
1,104,43,168,168,168,168,168
1,104,44,2216,2216,2216,2216,2216
1,104,45,2208,2208,2208,2208,2208
1,104,46,168,168,168,168,168
1,104,47,2216,2216,2216,2216,2216
1,104,48,2208,2208,2208,2208,2208
1,104,49,168,168,168,168,168
1,104,50,2216,2216,2216,2216,2216
1,104,51,2208,2208,2208,2208,2208
1,104,52,168,168,168,168,168
1,104,53,2216,2216,2216,2216,2216
1,104,54,2208,2208,2208,2208,2208
1,104,55,168,168,168,168,168
1,104,56,2216,2216,2216,2216,2216
1,104,57,2208,2208,2208,2208,2208
1,104,58,168,168,168,168,168
1,104,59,2216,2216,2216,2216,2216
1,104,60,2208,2208,2208,2208,2208
1,104,61,168,168,168,168,168
1,104,62,2216,2216,2216,2216,2216
1,104,63,2208,2208,2208,2208,2208
1,104,64,168,168,168,168,168
1,104,65,2216,2216,2216,2216,2216
1,104,66,2208,2208,2208,2208,2208
1,104,67,168,168,168,168,168
1,104,68,2216,2216,2216,2216,2216
1,104,69,2208,2208,2208,2208,2208
1,104,70,168,168,168,168,168
1,104,71,2216,2216,2216,2216,2216
1,104,72,2208,2208,2208,2208,2208
1,104,73,168,168,168,168,168
1,104,74,2216,2216,2216,2216,2216
1,104,75,2208,2208,2208,2208,2208
1,104,76,168,168,168,168,168
1,104,77,2216,2216,2216,2216,2216
1,104,78,2208,2208,2208,2208,2208
1,104,79,168,168,168,168,168
1,104,80,2216,2216,2216,2216,2216
1,105,0,2720,2720,2720,2720,2720
1,105,1,680,680,680,680,680
1,105,2,2728,2728,2728,2728,2728
1,105,3,2720,2720,2720,2720,2720
1,105,4,680,680,680,680,680
1,105,5,2728,2728,2728,2728,2728
1,105,6,2720,2720,2720,2720,2720
1,105,7,680,680,680,680,680
1,105,8,2728,2728,2728,2728,2728
1,105,9,2210,2210,2210,2210,2210
1,105,10,170,170,170,170,170
1,105,11,2218,2218,2218,2218,2218
1,105,12,2210,2210,2210,2210,2210
1,105,13,170,170,170,170,170
1,105,14,2218,2218,2218,2218,2218
1,105,15,2210,2210,2210,2210,2210
1,105,16,170,170,170,170,170
1,105,17,2218,2218,2218,2218,2218
1,105,18,2722,2722,2722,2722,2722
1,105,19,682,682,682,682,682
1,105,20,2730,2730,2730,2730,2730
1,105,21,2722,2722,2722,2722,2722
1,105,22,682,682,682,682,682
1,105,23,2730,2730,2730,2730,2730
1,105,24,2722,2722,2722,2722,2722
1,105,25,682,682,682,682,682
1,105,26,2730,2730,2730,2730,2730
1,105,27,2720,2720,2720,2720,2720
1,105,28,680,680,680,680,680
1,105,29,2728,2728,2728,2728,2728
1,105,30,2720,2720,2720,2720,2720
1,105,31,680,680,680,680,680
1,105,32,2728,2728,2728,2728,2728
1,105,33,2720,2720,2720,2720,2720
1,105,34,680,680,680,680,680
1,105,35,2728,2728,2728,2728,2728
1,105,36,2210,2210,2210,2210,2210
1,105,37,170,170,170,170,170
1,105,38,2218,2218,2218,2218,2218
1,105,39,2210,2210,2210,2210,2210
1,105,40,170,170,170,170,170
1,105,41,2218,2218,2218,2218,2218
1,105,42,2210,2210,2210,2210,2210
1,105,43,170,170,170,170,170
1,105,44,2218,2218,2218,2218,2218
1,105,45,2722,2722,2722,2722,2722
1,105,46,682,682,682,682,682
1,105,47,2730,2730,2730,2730,2730
1,105,48,2722,2722,2722,2722,2722
1,105,49,682,682,682,682,682
1,105,50,2730,2730,2730,2730,2730
1,105,51,2722,2722,2722,2722,2722
1,105,52,682,682,682,682,682
1,105,53,2730,2730,2730,2730,2730
1,105,54,2720,2720,2720,2720,2720
1,105,55,680,680,680,680,680
1,105,56,2728,2728,2728,2728,2728
1,105,57,2720,2720,2720,2720,2720
1,105,58,680,680,680,680,680
1,105,59,2728,2728,2728,2728,2728
1,105,60,2720,2720,2720,2720,2720
1,105,61,680,680,680,680,680
1,105,62,2728,2728,2728,2728,2728
1,105,63,2210,2210,2210,2210,2210
1,105,64,170,170,170,170,170
1,105,65,2218,2218,2218,2218,2218
1,105,66,2210,2210,2210,2210,2210
1,105,67,170,170,170,170,170
1,105,68,2218,2218,2218,2218,2218
1,105,69,2210,2210,2210,2210,2210
1,105,70,170,170,170,170,170
1,105,71,2218,2218,2218,2218,2218
1,105,72,2722,2722,2722,2722,2722
1,105,73,682,682,682,682,682
1,105,74,2730,2730,2730,2730,2730
1,105,75,2722,2722,2722,2722,2722
1,105,76,682,682,682,682,682
1,105,77,2730,2730,2730,2730,2730
1,105,78,2722,2722,2722,2722,2722
1,105,79,682,682,682,682,682
1,105,80,2730,2730,2730,2730,2730
1,106,0,2720,2720,2720,2720,2720
1,106,1,680,680,680,680,680
1,106,2,2728,2728,2728,2728,2728
1,106,3,2720,2720,2720,2720,2720
1,106,4,680,680,680,680,680
1,106,5,2728,2728,2728,2728,2728
1,106,6,2720,2720,2720,2720,2720
1,106,7,680,680,680,680,680
1,106,8,2728,2728,2728,2728,2728
1,106,9,2210,2210,2210,2210,2210
1,106,10,170,170,170,170,170
1,106,11,2218,2218,2218,2218,2218
1,106,12,2210,2210,2210,2210,2210
1,106,13,170,170,170,170,170
1,106,14,2218,2218,2218,2218,2218
1,106,15,2210,2210,2210,2210,2210
1,106,16,170,170,170,170,170
1,106,17,2218,2218,2218,2218,2218
1,106,18,2722,2722,2722,2722,2722
1,106,19,682,682,682,682,682
1,106,20,2730,2730,2730,2730,2730
1,106,21,2722,2722,2722,2722,2722
1,106,22,682,682,682,682,682
1,106,23,2730,2730,2730,2730,2730
1,106,24,2722,2722,2722,2722,2722
1,106,25,682,682,682,682,682
1,106,26,2730,2730,2730,2730,2730
1,106,27,2720,2720,2720,2720,2720
1,106,28,680,680,680,680,680
1,106,29,2728,2728,2728,2728,2728
1,106,30,2720,2720,2720,2720,2720
1,106,31,680,680,680,680,680
1,106,32,2728,2728,2728,2728,2728
1,106,33,2720,2720,2720,2720,2720
1,106,34,680,680,680,680,680
1,106,35,2728,2728,2728,2728,2728
1,106,36,2210,2210,2210,2210,2210
1,106,37,170,170,170,170,170
1,106,38,2218,2218,2218,2218,2218
1,106,39,2210,2210,2210,2210,2210
1,106,40,170,170,170,170,170
1,106,41,2218,2218,2218,2218,2218
1,106,42,2210,2210,2210,2210,2210
1,106,43,170,170,170,170,170
1,106,44,2218,2218,2218,2218,2218
1,106,45,2722,2722,2722,2722,2722
1,106,46,682,682,682,682,682
1,106,47,2730,2730,2730,2730,2730
1,106,48,2722,2722,2722,2722,2722
1,106,49,682,682,682,682,682
1,106,50,2730,2730,2730,2730,2730
1,106,51,2722,2722,2722,2722,2722
1,106,52,682,682,682,682,682
1,106,53,2730,2730,2730,2730,2730
1,106,54,2720,2720,2720,2720,2720
1,106,55,680,680,680,680,680
1,106,56,2728,2728,2728,2728,2728
1,106,57,2720,2720,2720,2720,2720
1,106,58,680,680,680,680,680
1,106,59,2728,2728,2728,2728,2728
1,106,60,2720,2720,2720,2720,2720
1,106,61,680,680,680,680,680
1,106,62,2728,2728,2728,2728,2728
1,106,63,2210,2210,2210,2210,2210
1,106,64,170,170,170,170,170
1,106,65,2218,2218,2218,2218,2218
1,106,66,2210,2210,2210,2210,2210
1,106,67,170,170,170,170,170
1,106,68,2218,2218,2218,2218,2218
1,106,69,2210,2210,2210,2210,2210
1,106,70,170,170,170,170,170
1,106,71,2218,2218,2218,2218,2218
1,106,72,2722,2722,2722,2722,2722
1,106,73,682,682,682,682,682
1,106,74,2730,2730,2730,2730,2730
1,106,75,2722,2722,2722,2722,2722
1,106,76,682,682,682,682,682
1,106,77,2730,2730,2730,2730,2730
1,106,78,2722,2722,2722,2722,2722
1,106,79,682,682,682,682,682
1,106,80,2730,2730,2730,2730,2730
1,107,0,2720,2720,2720,2720,2720
1,107,1,680,680,680,680,680
1,107,2,2728,2728,2728,2728,2728
1,107,3,2720,2720,2720,2720,2720
1,107,4,680,680,680,680,680
1,107,5,2728,2728,2728,2728,2728
1,107,6,2720,2720,2720,2720,2720
1,107,7,680,680,680,680,680
1,107,8,2728,2728,2728,2728,2728
1,107,9,2210,2210,2210,2210,2210
1,107,10,170,170,170,170,170
1,107,11,2218,2218,2218,2218,2218
1,107,12,2210,2210,2210,2210,2210
1,107,13,170,170,170,170,170
1,107,14,2218,2218,2218,2218,2218
1,107,15,2210,2210,2210,2210,2210
1,107,16,170,170,170,170,170
1,107,17,2218,2218,2218,2218,2218
1,107,18,2722,2722,2722,2722,2722
1,107,19,682,682,682,682,682
1,107,20,2730,2730,2730,2730,2730
1,107,21,2722,2722,2722,2722,2722
1,107,22,682,682,682,682,682
1,107,23,2730,2730,2730,2730,2730
1,107,24,2722,2722,2722,2722,2722
1,107,25,682,682,682,682,682
1,107,26,2730,2730,2730,2730,2730
1,107,27,2720,2720,2720,2720,2720
1,107,28,680,680,680,680,680
1,107,29,2728,2728,2728,2728,2728
1,107,30,2720,2720,2720,2720,2720
1,107,31,680,680,680,680,680
1,107,32,2728,2728,2728,2728,2728
1,107,33,2720,2720,2720,2720,2720
1,107,34,680,680,680,680,680
1,107,35,2728,2728,2728,2728,2728
1,107,36,2210,2210,2210,2210,2210
1,107,37,170,170,170,170,170
1,107,38,2218,2218,2218,2218,2218
1,107,39,2210,2210,2210,2210,2210
1,107,40,170,170,170,170,170
1,107,41,2218,2218,2218,2218,2218
1,107,42,2210,2210,2210,2210,2210
1,107,43,170,170,170,170,170
1,107,44,2218,2218,2218,2218,2218
1,107,45,2722,2722,2722,2722,2722
1,107,46,682,682,682,682,682
1,107,47,2730,2730,2730,2730,2730
1,107,48,2722,2722,2722,2722,2722
1,107,49,682,682,682,682,682
1,107,50,2730,2730,2730,2730,2730
1,107,51,2722,2722,2722,2722,2722
1,107,52,682,682,682,682,682
1,107,53,2730,2730,2730,2730,2730
1,107,54,2720,2720,2720,2720,2720
1,107,55,680,680,680,680,680
1,107,56,2728,2728,2728,2728,2728
1,107,57,2720,2720,2720,2720,2720
1,107,58,680,680,680,680,680
1,107,59,2728,2728,2728,2728,2728
1,107,60,2720,2720,2720,2720,2720
1,107,61,680,680,680,680,680
1,107,62,2728,2728,2728,2728,2728
1,107,63,2210,2210,2210,2210,2210
1,107,64,170,170,170,170,170
1,107,65,2218,2218,2218,2218,2218
1,107,66,2210,2210,2210,2210,2210
1,107,67,170,170,170,170,170
1,107,68,2218,2218,2218,2218,2218
1,107,69,2210,2210,2210,2210,2210
1,107,70,170,170,170,170,170
1,107,71,2218,2218,2218,2218,2218
1,107,72,2722,2722,2722,2722,2722
1,107,73,682,682,682,682,682
1,107,74,2730,2730,2730,2730,2730
1,107,75,2722,2722,2722,2722,2722
1,107,76,682,682,682,682,682
1,107,77,2730,2730,2730,2730,2730
1,107,78,2722,2722,2722,2722,2722
1,107,79,682,682,682,682,682
1,107,80,2730,2730,2730,2730,2730
1,108,0,2208,2208,2208,2208,2208
1,108,1,168,168,168,168,168
1,108,2,2216,2216,2216,2216,2216
1,108,3,2208,2208,2208,2208,2208
1,108,4,168,168,168,168,168
1,108,5,2216,2216,2216,2216,2216
1,108,6,2208,2208,2208,2208,2208
1,108,7,168,168,168,168,168
1,108,8,2216,2216,2216,2216,2216
1,108,9,2208,2208,2208,2208,2208
1,108,10,168,168,168,168,168
1,108,11,2216,2216,2216,2216,2216
1,108,12,2208,2208,2208,2208,2208
1,108,13,168,168,168,168,168
1,108,14,2216,2216,2216,2216,2216
1,108,15,2208,2208,2208,2208,2208
1,108,16,168,168,168,168,168
1,108,17,2216,2216,2216,2216,2216
1,108,18,2208,2208,2208,2208,2208
1,108,19,168,168,168,168,168
1,108,20,2216,2216,2216,2216,2216
1,108,21,2208,2208,2208,2208,2208
1,108,22,168,168,168,168,168
1,108,23,2216,2216,2216,2216,2216
1,108,24,2208,2208,2208,2208,2208
1,108,25,168,168,168,168,168
1,108,26,2216,2216,2216,2216,2216
1,108,27,2208,2208,2208,2208,2208
1,108,28,168,168,168,168,168
1,108,29,2216,2216,2216,2216,2216
1,108,30,2208,2208,2208,2208,2208
1,108,31,168,168,168,168,168
1,108,32,2216,2216,2216,2216,2216
1,108,33,2208,2208,2208,2208,2208
1,108,34,168,168,168,168,168
1,108,35,2216,2216,2216,2216,2216
1,108,36,2208,2208,2208,2208,2208
1,108,37,168,168,168,168,168
1,108,38,2216,2216,2216,2216,2216
1,108,39,2208,2208,2208,2208,2208
1,108,40,168,168,168,168,168
1,108,41,2216,2216,2216,2216,2216
1,108,42,2208,2208,2208,2208,2208
1,108,43,168,168,168,168,168
1,108,44,2216,2216,2216,2216,2216
1,108,45,2208,2208,2208,2208,2208
1,108,46,168,168,168,168,168
1,108,47,2216,2216,2216,2216,2216
1,108,48,2208,2208,2208,2208,2208
1,108,49,168,168,168,168,168
1,108,50,2216,2216,2216,2216,2216
1,108,51,2208,2208,2208,2208,2208
1,108,52,168,168,168,168,168
1,108,53,2216,2216,2216,2216,2216
1,108,54,2208,2208,2208,2208,2208
1,108,55,168,168,168,168,168
1,108,56,2216,2216,2216,2216,2216
1,108,57,2208,2208,2208,2208,2208
1,108,58,168,168,168,168,168
1,108,59,2216,2216,2216,2216,2216
1,108,60,2208,2208,2208,2208,2208
1,108,61,168,168,168,168,168
1,108,62,2216,2216,2216,2216,2216
1,108,63,2208,2208,2208,2208,2208
1,108,64,168,168,168,168,168
1,108,65,2216,2216,2216,2216,2216
1,108,66,2208,2208,2208,2208,2208
1,108,67,168,168,168,168,168
1,108,68,2216,2216,2216,2216,2216
1,108,69,2208,2208,2208,2208,2208
1,108,70,168,168,168,168,168
1,108,71,2216,2216,2216,2216,2216
1,108,72,2208,2208,2208,2208,2208
1,108,73,168,168,168,168,168
1,108,74,2216,2216,2216,2216,2216
1,108,75,2208,2208,2208,2208,2208
1,108,76,168,168,168,168,168
1,108,77,2216,2216,2216,2216,2216
1,108,78,2208,2208,2208,2208,2208
1,108,79,168,168,168,168,168
1,108,80,2216,2216,2216,2216,2216
1,109,0,2720,2720,2720,2720,2720
1,109,1,680,680,680,680,680
1,109,2,2728,2728,2728,2728,2728
1,109,3,2720,2720,2720,2720,2720
1,109,4,680,680,680,680,680
1,109,5,2728,2728,2728,2728,2728
1,109,6,2720,2720,2720,2720,2720
1,109,7,680,680,680,680,680
1,109,8,2728,2728,2728,2728,2728
1,109,9,2210,2210,2210,2210,2210
1,109,10,170,170,170,170,170
1,109,11,2218,2218,2218,2218,2218
1,109,12,2210,2210,2210,2210,2210
1,109,13,170,170,170,170,170
1,109,14,2218,2218,2218,2218,2218
1,109,15,2210,2210,2210,2210,2210
1,109,16,170,170,170,170,170
1,109,17,2218,2218,2218,2218,2218
1,109,18,2722,2722,2722,2722,2722
1,109,19,682,682,682,682,682
1,109,20,2730,2730,2730,2730,2730
1,109,21,2722,2722,2722,2722,2722
1,109,22,682,682,682,682,682
1,109,23,2730,2730,2730,2730,2730
1,109,24,2722,2722,2722,2722,2722
1,109,25,682,682,682,682,682
1,109,26,2730,2730,2730,2730,2730
1,109,27,2720,2720,2720,2720,2720
1,109,28,680,680,680,680,680
1,109,29,2728,2728,2728,2728,2728
1,109,30,2720,2720,2720,2720,2720
1,109,31,680,680,680,680,680
1,109,32,2728,2728,2728,2728,2728
1,109,33,2720,2720,2720,2720,2720
1,109,34,680,680,680,680,680
1,109,35,2728,2728,2728,2728,2728
1,109,36,2210,2210,2210,2210,2210
1,109,37,170,170,170,170,170
1,109,38,2218,2218,2218,2218,2218
1,109,39,2210,2210,2210,2210,2210
1,109,40,170,170,170,170,170
1,109,41,2218,2218,2218,2218,2218
1,109,42,2210,2210,2210,2210,2210
1,109,43,170,170,170,170,170
1,109,44,2218,2218,2218,2218,2218
1,109,45,2722,2722,2722,2722,2722
1,109,46,682,682,682,682,682
1,109,47,2730,2730,2730,2730,2730
1,109,48,2722,2722,2722,2722,2722
1,109,49,682,682,682,682,682
1,109,50,2730,2730,2730,2730,2730
1,109,51,2722,2722,2722,2722,2722
1,109,52,682,682,682,682,682
1,109,53,2730,2730,2730,2730,2730
1,109,54,2720,2720,2720,2720,2720
1,109,55,680,680,680,680,680
1,109,56,2728,2728,2728,2728,2728
1,109,57,2720,2720,2720,2720,2720
1,109,58,680,680,680,680,680
1,109,59,2728,2728,2728,2728,2728
1,109,60,2720,2720,2720,2720,2720
1,109,61,680,680,680,680,680
1,109,62,2728,2728,2728,2728,2728
1,109,63,2210,2210,2210,2210,2210
1,109,64,170,170,170,170,170
1,109,65,2218,2218,2218,2218,2218
1,109,66,2210,2210,2210,2210,2210
1,109,67,170,170,170,170,170
1,109,68,2218,2218,2218,2218,2218
1,109,69,2210,2210,2210,2210,2210
1,109,70,170,170,170,170,170
1,109,71,2218,2218,2218,2218,2218
1,109,72,2722,2722,2722,2722,2722
1,109,73,682,682,682,682,682
1,109,74,2730,2730,2730,2730,2730
1,109,75,2722,2722,2722,2722,2722
1,109,76,682,682,682,682,682
1,109,77,2730,2730,2730,2730,2730
1,109,78,2722,2722,2722,2722,2722
1,109,79,682,682,682,682,682
1,109,80,2730,2730,2730,2730,2730
1,110,0,2720,2720,2720,2720,2720
1,110,1,680,680,680,680,680
1,110,2,2728,2728,2728,2728,2728
1,110,3,2720,2720,2720,2720,2720
1,110,4,680,680,680,680,680
1,110,5,2728,2728,2728,2728,2728
1,110,6,2720,2720,2720,2720,2720
1,110,7,680,680,680,680,680
1,110,8,2728,2728,2728,2728,2728
1,110,9,2210,2210,2210,2210,2210
1,110,10,170,170,170,170,170
1,110,11,2218,2218,2218,2218,2218
1,110,12,2210,2210,2210,2210,2210
1,110,13,170,170,170,170,170
1,110,14,2218,2218,2218,2218,2218
1,110,15,2210,2210,2210,2210,2210
1,110,16,170,170,170,170,170
1,110,17,2218,2218,2218,2218,2218
1,110,18,2722,2722,2722,2722,2722
1,110,19,682,682,682,682,682
1,110,20,2730,2730,2730,2730,2730
1,110,21,2722,2722,2722,2722,2722
1,110,22,682,682,682,682,682
1,110,23,2730,2730,2730,2730,2730
1,110,24,2722,2722,2722,2722,2722
1,110,25,682,682,682,682,682
1,110,26,2730,2730,2730,2730,2730
1,110,27,2720,2720,2720,2720,2720
1,110,28,680,680,680,680,680
1,110,29,2728,2728,2728,2728,2728
1,110,30,2720,2720,2720,2720,2720
1,110,31,680,680,680,680,680
1,110,32,2728,2728,2728,2728,2728
1,110,33,2720,2720,2720,2720,2720
1,110,34,680,680,680,680,680
1,110,35,2728,2728,2728,2728,2728
1,110,36,2210,2210,2210,2210,2210
1,110,37,170,170,170,170,170
1,110,38,2218,2218,2218,2218,2218
1,110,39,2210,2210,2210,2210,2210
1,110,40,170,170,170,170,170
1,110,41,2218,2218,2218,2218,2218
1,110,42,2210,2210,2210,2210,2210
1,110,43,170,170,170,170,170
1,110,44,2218,2218,2218,2218,2218
1,110,45,2722,2722,2722,2722,2722
1,110,46,682,682,682,682,682
1,110,47,2730,2730,2730,2730,2730
1,110,48,2722,2722,2722,2722,2722
1,110,49,682,682,682,682,682
1,110,50,2730,2730,2730,2730,2730
1,110,51,2722,2722,2722,2722,2722
1,110,52,682,682,682,682,682
1,110,53,2730,2730,2730,2730,2730
1,110,54,2720,2720,2720,2720,2720
1,110,55,680,680,680,680,680
1,110,56,2728,2728,2728,2728,2728
1,110,57,2720,2720,2720,2720,2720
1,110,58,680,680,680,680,680
1,110,59,2728,2728,2728,2728,2728
1,110,60,2720,2720,2720,2720,2720
1,110,61,680,680,680,680,680
1,110,62,2728,2728,2728,2728,2728
1,110,63,2210,2210,2210,2210,2210
1,110,64,170,170,170,170,170
1,110,65,2218,2218,2218,2218,2218
1,110,66,2210,2210,2210,2210,2210
1,110,67,170,170,170,170,170
1,110,68,2218,2218,2218,2218,2218
1,110,69,2210,2210,2210,2210,2210
1,110,70,170,170,170,170,170
1,110,71,2218,2218,2218,2218,2218
1,110,72,2722,2722,2722,2722,2722
1,110,73,682,682,682,682,682
1,110,74,2730,2730,2730,2730,2730
1,110,75,2722,2722,2722,2722,2722
1,110,76,682,682,682,682,682
1,110,77,2730,2730,2730,2730,2730
1,110,78,2722,2722,2722,2722,2722
1,110,79,682,682,682,682,682
1,110,80,2730,2730,2730,2730,2730
1,111,0,2720,2720,2720,2720,2720
1,111,1,680,680,680,680,680
1,111,2,2728,2728,2728,2728,2728
1,111,3,2720,2720,2720,2720,2720
1,111,4,680,680,680,680,680
1,111,5,2728,2728,2728,2728,2728
1,111,6,2720,2720,2720,2720,2720
1,111,7,680,680,680,680,680
1,111,8,2728,2728,2728,2728,2728
1,111,9,2210,2210,2210,2210,2210
1,111,10,170,170,170,170,170
1,111,11,2218,2218,2218,2218,2218
1,111,12,2210,2210,2210,2210,2210
1,111,13,170,170,170,170,170
1,111,14,2218,2218,2218,2218,2218
1,111,15,2210,2210,2210,2210,2210
1,111,16,170,170,170,170,170
1,111,17,2218,2218,2218,2218,2218
1,111,18,2722,2722,2722,2722,2722
1,111,19,682,682,682,682,682
1,111,20,2730,2730,2730,2730,2730
1,111,21,2722,2722,2722,2722,2722
1,111,22,682,682,682,682,682
1,111,23,2730,2730,2730,2730,2730
1,111,24,2722,2722,2722,2722,2722
1,111,25,682,682,682,682,682
1,111,26,2730,2730,2730,2730,2730
1,111,27,2720,2720,2720,2720,2720
1,111,28,680,680,680,680,680
1,111,29,2728,2728,2728,2728,2728
1,111,30,2720,2720,2720,2720,2720
1,111,31,680,680,680,680,680
1,111,32,2728,2728,2728,2728,2728
1,111,33,2720,2720,2720,2720,2720
1,111,34,680,680,680,680,680
1,111,35,2728,2728,2728,2728,2728
1,111,36,2210,2210,2210,2210,2210
1,111,37,170,170,170,170,170
1,111,38,2218,2218,2218,2218,2218
1,111,39,2210,2210,2210,2210,2210
1,111,40,170,170,170,170,170
1,111,41,2218,2218,2218,2218,2218
1,111,42,2210,2210,2210,2210,2210
1,111,43,170,170,170,170,170
1,111,44,2218,2218,2218,2218,2218
1,111,45,2722,2722,2722,2722,2722
1,111,46,682,682,682,682,682
1,111,47,2730,2730,2730,2730,2730
1,111,48,2722,2722,2722,2722,2722
1,111,49,682,682,682,682,682
1,111,50,2730,2730,2730,2730,2730
1,111,51,2722,2722,2722,2722,2722
1,111,52,682,682,682,682,682
1,111,53,2730,2730,2730,2730,2730
1,111,54,2720,2720,2720,2720,2720
1,111,55,680,680,680,680,680
1,111,56,2728,2728,2728,2728,2728
1,111,57,2720,2720,2720,2720,2720
1,111,58,680,680,680,680,680
1,111,59,2728,2728,2728,2728,2728
1,111,60,2720,2720,2720,2720,2720
1,111,61,680,680,680,680,680
1,111,62,2728,2728,2728,2728,2728
1,111,63,2210,2210,2210,2210,2210
1,111,64,170,170,170,170,170
1,111,65,2218,2218,2218,2218,2218
1,111,66,2210,2210,2210,2210,2210
1,111,67,170,170,170,170,170
1,111,68,2218,2218,2218,2218,2218
1,111,69,2210,2210,2210,2210,2210
1,111,70,170,170,170,170,170
1,111,71,2218,2218,2218,2218,2218
1,111,72,2722,2722,2722,2722,2722
1,111,73,682,682,682,682,682
1,111,74,2730,2730,2730,2730,2730
1,111,75,2722,2722,2722,2722,2722
1,111,76,682,682,682,682,682
1,111,77,2730,2730,2730,2730,2730
1,111,78,2722,2722,2722,2722,2722
1,111,79,682,682,682,682,682
1,111,80,2730,2730,2730,2730,2730
1,112,0,160,160,160,160,160
1,112,1,160,160,160,160,160
1,112,2,160,160,160,160,160
1,112,3,160,160,160,160,160
1,112,4,160,160,160,160,160
1,112,5,160,160,160,160,160
1,112,6,160,160,160,160,160
1,112,7,160,160,160,160,160
1,112,8,160,160,160,160,160
1,112,9,160,160,160,160,160
1,112,10,160,160,160,160,160
1,112,11,160,160,160,160,160
1,112,12,160,160,160,160,160
1,112,13,160,160,160,160,160
1,112,14,160,160,160,160,160
1,112,15,160,160,160,160,160
1,112,16,160,160,160,160,160
1,112,17,160,160,160,160,160
1,112,18,160,160,160,160,160
1,112,19,160,160,160,160,160
1,112,20,160,160,160,160,160
1,112,21,160,160,160,160,160
1,112,22,160,160,160,160,160
1,112,23,160,160,160,160,160
1,112,24,160,160,160,160,160
1,112,25,160,160,160,160,160
1,112,26,160,160,160,160,160
1,112,27,160,160,160,160,160
1,112,28,160,160,160,160,160
1,112,29,160,160,160,160,160
1,112,30,160,160,160,160,160
1,112,31,160,160,160,160,160
1,112,32,160,160,160,160,160
1,112,33,160,160,160,160,160
1,112,34,160,160,160,160,160
1,112,35,160,160,160,160,160
1,112,36,160,160,160,160,160
1,112,37,160,160,160,160,160
1,112,38,160,160,160,160,160
1,112,39,160,160,160,160,160
1,112,40,160,160,160,160,160
1,112,41,160,160,160,160,160
1,112,42,160,160,160,160,160
1,112,43,160,160,160,160,160
1,112,44,160,160,160,160,160
1,112,45,160,160,160,160,160
1,112,46,160,160,160,160,160
1,112,47,160,160,160,160,160
1,112,48,160,160,160,160,160
1,112,49,160,160,160,160,160
1,112,50,160,160,160,160,160
1,112,51,160,160,160,160,160
1,112,52,160,160,160,160,160
1,112,53,160,160,160,160,160
1,112,54,160,160,160,160,160
1,112,55,160,160,160,160,160
1,112,56,160,160,160,160,160
1,112,57,160,160,160,160,160
1,112,58,160,160,160,160,160
1,112,59,160,160,160,160,160
1,112,60,160,160,160,160,160
1,112,61,160,160,160,160,160
1,112,62,160,160,160,160,160
1,112,63,160,160,160,160,160
1,112,64,160,160,160,160,160
1,112,65,160,160,160,160,160
1,112,66,160,160,160,160,160
1,112,67,160,160,160,160,160
1,112,68,160,160,160,160,160
1,112,69,160,160,160,160,160
1,112,70,160,160,160,160,160
1,112,71,160,160,160,160,160
1,112,72,160,160,160,160,160
1,112,73,160,160,160,160,160
1,112,74,160,160,160,160,160
1,112,75,160,160,160,160,160
1,112,76,160,160,160,160,160
1,112,77,160,160,160,160,160
1,112,78,160,160,160,160,160
1,112,79,160,160,160,160,160
1,112,80,160,160,160,160,160
1,113,0,672,672,672,672,672
1,113,1,672,672,672,672,672
1,113,2,672,672,672,672,672
1,113,3,672,672,672,672,672
1,113,4,672,672,672,672,672
1,113,5,672,672,672,672,672
1,113,6,672,672,672,672,672
1,113,7,672,672,672,672,672
1,113,8,672,672,672,672,672
1,113,9,162,162,162,162,162
1,113,10,162,162,162,162,162
1,113,11,162,162,162,162,162
1,113,12,162,162,162,162,162
1,113,13,162,162,162,162,162
1,113,14,162,162,162,162,162
1,113,15,162,162,162,162,162
1,113,16,162,162,162,162,162
1,113,17,162,162,162,162,162
1,113,18,674,674,674,674,674
1,113,19,674,674,674,674,674
1,113,20,674,674,674,674,674
1,113,21,674,674,674,674,674
1,113,22,674,674,674,674,674
1,113,23,674,674,674,674,674
1,113,24,674,674,674,674,674
1,113,25,674,674,674,674,674
1,113,26,674,674,674,674,674
1,113,27,672,672,672,672,672
1,113,28,672,672,672,672,672
1,113,29,672,672,672,672,672
1,113,30,672,672,672,672,672
1,113,31,672,672,672,672,672
1,113,32,672,672,672,672,672
1,113,33,672,672,672,672,672
1,113,34,672,672,672,672,672
1,113,35,672,672,672,672,672
1,113,36,162,162,162,162,162
1,113,37,162,162,162,162,162
1,113,38,162,162,162,162,162
1,113,39,162,162,162,162,162
1,113,40,162,162,162,162,162
1,113,41,162,162,162,162,162
1,113,42,162,162,162,162,162
1,113,43,162,162,162,162,162
1,113,44,162,162,162,162,162
1,113,45,674,674,674,674,674
1,113,46,674,674,674,674,674
1,113,47,674,674,674,674,674
1,113,48,674,674,674,674,674
1,113,49,674,674,674,674,674
1,113,50,674,674,674,674,674
1,113,51,674,674,674,674,674
1,113,52,674,674,674,674,674
1,113,53,674,674,674,674,674
1,113,54,672,672,672,672,672
1,113,55,672,672,672,672,672
1,113,56,672,672,672,672,672
1,113,57,672,672,672,672,672
1,113,58,672,672,672,672,672
1,113,59,672,672,672,672,672
1,113,60,672,672,672,672,672
1,113,61,672,672,672,672,672
1,113,62,672,672,672,672,672
1,113,63,162,162,162,162,162
1,113,64,162,162,162,162,162
1,113,65,162,162,162,162,162
1,113,66,162,162,162,162,162
1,113,67,162,162,162,162,162
1,113,68,162,162,162,162,162
1,113,69,162,162,162,162,162
1,113,70,162,162,162,162,162
1,113,71,162,162,162,162,162
1,113,72,674,674,674,674,674
1,113,73,674,674,674,674,674
1,113,74,674,674,674,674,674
1,113,75,674,674,674,674,674
1,113,76,674,674,674,674,674
1,113,77,674,674,674,674,674
1,113,78,674,674,674,674,674
1,113,79,674,674,674,674,674
1,113,80,674,674,674,674,674
1,114,0,672,672,672,672,672
1,114,1,672,672,672,672,672
1,114,2,672,672,672,672,672
1,114,3,672,672,672,672,672
1,114,4,672,672,672,672,672
1,114,5,672,672,672,672,672
1,114,6,672,672,672,672,672
1,114,7,672,672,672,672,672
1,114,8,672,672,672,672,672
1,114,9,162,162,162,162,162
1,114,10,162,162,162,162,162
1,114,11,162,162,162,162,162
1,114,12,162,162,162,162,162
1,114,13,162,162,162,162,162
1,114,14,162,162,162,162,162
1,114,15,162,162,162,162,162
1,114,16,162,162,162,162,162
1,114,17,162,162,162,162,162
1,114,18,674,674,674,674,674
1,114,19,674,674,674,674,674
1,114,20,674,674,674,674,674
1,114,21,674,674,674,674,674
1,114,22,674,674,674,674,674
1,114,23,674,674,674,674,674
1,114,24,674,674,674,674,674
1,114,25,674,674,674,674,674
1,114,26,674,674,674,674,674
1,114,27,672,672,672,672,672
1,114,28,672,672,672,672,672
1,114,29,672,672,672,672,672
1,114,30,672,672,672,672,672
1,114,31,672,672,672,672,672
1,114,32,672,672,672,672,672
1,114,33,672,672,672,672,672
1,114,34,672,672,672,672,672
1,114,35,672,672,672,672,672
1,114,36,162,162,162,162,162
1,114,37,162,162,162,162,162
1,114,38,162,162,162,162,162
1,114,39,162,162,162,162,162
1,114,40,162,162,162,162,162
1,114,41,162,162,162,162,162
1,114,42,162,162,162,162,162
1,114,43,162,162,162,162,162
1,114,44,162,162,162,162,162
1,114,45,674,674,674,674,674
1,114,46,674,674,674,674,674
1,114,47,674,674,674,674,674
1,114,48,674,674,674,674,674
1,114,49,674,674,674,674,674
1,114,50,674,674,674,674,674
1,114,51,674,674,674,674,674
1,114,52,674,674,674,674,674
1,114,53,674,674,674,674,674
1,114,54,672,672,672,672,672
1,114,55,672,672,672,672,672
1,114,56,672,672,672,672,672
1,114,57,672,672,672,672,672
1,114,58,672,672,672,672,672
1,114,59,672,672,672,672,672
1,114,60,672,672,672,672,672
1,114,61,672,672,672,672,672
1,114,62,672,672,672,672,672
1,114,63,162,162,162,162,162
1,114,64,162,162,162,162,162
1,114,65,162,162,162,162,162
1,114,66,162,162,162,162,162
1,114,67,162,162,162,162,162
1,114,68,162,162,162,162,162
1,114,69,162,162,162,162,162
1,114,70,162,162,162,162,162
1,114,71,162,162,162,162,162
1,114,72,674,674,674,674,674
1,114,73,674,674,674,674,674
1,114,74,674,674,674,674,674
1,114,75,674,674,674,674,674
1,114,76,674,674,674,674,674
1,114,77,674,674,674,674,674
1,114,78,674,674,674,674,674
1,114,79,674,674,674,674,674
1,114,80,674,674,674,674,674
1,115,0,672,672,672,672,672
1,115,1,672,672,672,672,672
1,115,2,672,672,672,672,672
1,115,3,672,672,672,672,672
1,115,4,672,672,672,672,672
1,115,5,672,672,672,672,672
1,115,6,672,672,672,672,672
1,115,7,672,672,672,672,672
1,115,8,672,672,672,672,672
1,115,9,162,162,162,162,162
1,115,10,162,162,162,162,162
1,115,11,162,162,162,162,162
1,115,12,162,162,162,162,162
1,115,13,162,162,162,162,162
1,115,14,162,162,162,162,162
1,115,15,162,162,162,162,162
1,115,16,162,162,162,162,162
1,115,17,162,162,162,162,162
1,115,18,674,674,674,674,674
1,115,19,674,674,674,674,674
1,115,20,674,674,674,674,674
1,115,21,674,674,674,674,674
1,115,22,674,674,674,674,674
1,115,23,674,674,674,674,674
1,115,24,674,674,674,674,674
1,115,25,674,674,674,674,674
1,115,26,674,674,674,674,674
1,115,27,672,672,672,672,672
1,115,28,672,672,672,672,672
1,115,29,672,672,672,672,672
1,115,30,672,672,672,672,672
1,115,31,672,672,672,672,672
1,115,32,672,672,672,672,672
1,115,33,672,672,672,672,672
1,115,34,672,672,672,672,672
1,115,35,672,672,672,672,672
1,115,36,162,162,162,162,162
1,115,37,162,162,162,162,162
1,115,38,162,162,162,162,162
1,115,39,162,162,162,162,162
1,115,40,162,162,162,162,162
1,115,41,162,162,162,162,162
1,115,42,162,162,162,162,162
1,115,43,162,162,162,162,162
1,115,44,162,162,162,162,162
1,115,45,674,674,674,674,674
1,115,46,674,674,674,674,674
1,115,47,674,674,674,674,674
1,115,48,674,674,674,674,674
1,115,49,674,674,674,674,674
1,115,50,674,674,674,674,674
1,115,51,674,674,674,674,674
1,115,52,674,674,674,674,674
1,115,53,674,674,674,674,674
1,115,54,672,672,672,672,672
1,115,55,672,672,672,672,672
1,115,56,672,672,672,672,672
1,115,57,672,672,672,672,672
1,115,58,672,672,672,672,672
1,115,59,672,672,672,672,672
1,115,60,672,672,672,672,672
1,115,61,672,672,672,672,672
1,115,62,672,672,672,672,672
1,115,63,162,162,162,162,162
1,115,64,162,162,162,162,162
1,115,65,162,162,162,162,162
1,115,66,162,162,162,162,162
1,115,67,162,162,162,162,162
1,115,68,162,162,162,162,162
1,115,69,162,162,162,162,162
1,115,70,162,162,162,162,162
1,115,71,162,162,162,162,162
1,115,72,674,674,674,674,674
1,115,73,674,674,674,674,674
1,115,74,674,674,674,674,674
1,115,75,674,674,674,674,674
1,115,76,674,674,674,674,674
1,115,77,674,674,674,674,674
1,115,78,674,674,674,674,674
1,115,79,674,674,674,674,674
1,115,80,674,674,674,674,674
1,116,0,2208,2208,2208,2208,2208
1,116,1,168,168,168,168,168
1,116,2,2216,2216,2216,2216,2216
1,116,3,2208,2208,2208,2208,2208
1,116,4,168,168,168,168,168
1,116,5,2216,2216,2216,2216,2216
1,116,6,2208,2208,2208,2208,2208
1,116,7,168,168,168,168,168
1,116,8,2216,2216,2216,2216,2216
1,116,9,2208,2208,2208,2208,2208
1,116,10,168,168,168,168,168
1,116,11,2216,2216,2216,2216,2216
1,116,12,2208,2208,2208,2208,2208
1,116,13,168,168,168,168,168
1,116,14,2216,2216,2216,2216,2216
1,116,15,2208,2208,2208,2208,2208
1,116,16,168,168,168,168,168
1,116,17,2216,2216,2216,2216,2216
1,116,18,2208,2208,2208,2208,2208
1,116,19,168,168,168,168,168
1,116,20,2216,2216,2216,2216,2216
1,116,21,2208,2208,2208,2208,2208
1,116,22,168,168,168,168,168
1,116,23,2216,2216,2216,2216,2216
1,116,24,2208,2208,2208,2208,2208
1,116,25,168,168,168,168,168
1,116,26,2216,2216,2216,2216,2216
1,116,27,2208,2208,2208,2208,2208
1,116,28,168,168,168,168,168
1,116,29,2216,2216,2216,2216,2216
1,116,30,2208,2208,2208,2208,2208
1,116,31,168,168,168,168,168
1,116,32,2216,2216,2216,2216,2216
1,116,33,2208,2208,2208,2208,2208
1,116,34,168,168,168,168,168
1,116,35,2216,2216,2216,2216,2216
1,116,36,2208,2208,2208,2208,2208
1,116,37,168,168,168,168,168
1,116,38,2216,2216,2216,2216,2216
1,116,39,2208,2208,2208,2208,2208
1,116,40,168,168,168,168,168
1,116,41,2216,2216,2216,2216,2216
1,116,42,2208,2208,2208,2208,2208
1,116,43,168,168,168,168,168
1,116,44,2216,2216,2216,2216,2216
1,116,45,2208,2208,2208,2208,2208
1,116,46,168,168,168,168,168
1,116,47,2216,2216,2216,2216,2216
1,116,48,2208,2208,2208,2208,2208
1,116,49,168,168,168,168,168
1,116,50,2216,2216,2216,2216,2216
1,116,51,2208,2208,2208,2208,2208
1,116,52,168,168,168,168,168
1,116,53,2216,2216,2216,2216,2216
1,116,54,2208,2208,2208,2208,2208
1,116,55,168,168,168,168,168
1,116,56,2216,2216,2216,2216,2216
1,116,57,2208,2208,2208,2208,2208
1,116,58,168,168,168,168,168
1,116,59,2216,2216,2216,2216,2216
1,116,60,2208,2208,2208,2208,2208
1,116,61,168,168,168,168,168
1,116,62,2216,2216,2216,2216,2216
1,116,63,2208,2208,2208,2208,2208
1,116,64,168,168,168,168,168
1,116,65,2216,2216,2216,2216,2216
1,116,66,2208,2208,2208,2208,2208
1,116,67,168,168,168,168,168
1,116,68,2216,2216,2216,2216,2216
1,116,69,2208,2208,2208,2208,2208
1,116,70,168,168,168,168,168
1,116,71,2216,2216,2216,2216,2216
1,116,72,2208,2208,2208,2208,2208
1,116,73,168,168,168,168,168
1,116,74,2216,2216,2216,2216,2216
1,116,75,2208,2208,2208,2208,2208
1,116,76,168,168,168,168,168
1,116,77,2216,2216,2216,2216,2216
1,116,78,2208,2208,2208,2208,2208
1,116,79,168,168,168,168,168
1,116,80,2216,2216,2216,2216,2216
1,117,0,2720,2720,2720,2720,2720
1,117,1,680,680,680,680,680
1,117,2,2728,2728,2728,2728,2728
1,117,3,2720,2720,2720,2720,2720
1,117,4,680,680,680,680,680
1,117,5,2728,2728,2728,2728,2728
1,117,6,2720,2720,2720,2720,2720
1,117,7,680,680,680,680,680
1,117,8,2728,2728,2728,2728,2728
1,117,9,2210,2210,2210,2210,2210
1,117,10,170,170,170,170,170
1,117,11,2218,2218,2218,2218,2218
1,117,12,2210,2210,2210,2210,2210
1,117,13,170,170,170,170,170
1,117,14,2218,2218,2218,2218,2218
1,117,15,2210,2210,2210,2210,2210
1,117,16,170,170,170,170,170
1,117,17,2218,2218,2218,2218,2218
1,117,18,2722,2722,2722,2722,2722
1,117,19,682,682,682,682,682
1,117,20,2730,2730,2730,2730,2730
1,117,21,2722,2722,2722,2722,2722
1,117,22,682,682,682,682,682
1,117,23,2730,2730,2730,2730,2730
1,117,24,2722,2722,2722,2722,2722
1,117,25,682,682,682,682,682
1,117,26,2730,2730,2730,2730,2730
1,117,27,2720,2720,2720,2720,2720
1,117,28,680,680,680,680,680
1,117,29,2728,2728,2728,2728,2728
1,117,30,2720,2720,2720,2720,2720
1,117,31,680,680,680,680,680
1,117,32,2728,2728,2728,2728,2728
1,117,33,2720,2720,2720,2720,2720
1,117,34,680,680,680,680,680
1,117,35,2728,2728,2728,2728,2728
1,117,36,2210,2210,2210,2210,2210
1,117,37,170,170,170,170,170
1,117,38,2218,2218,2218,2218,2218
1,117,39,2210,2210,2210,2210,2210
1,117,40,170,170,170,170,170
1,117,41,2218,2218,2218,2218,2218
1,117,42,2210,2210,2210,2210,2210
1,117,43,170,170,170,170,170
1,117,44,2218,2218,2218,2218,2218
1,117,45,2722,2722,2722,2722,2722
1,117,46,682,682,682,682,682
1,117,47,2730,2730,2730,2730,2730
1,117,48,2722,2722,2722,2722,2722
1,117,49,682,682,682,682,682
1,117,50,2730,2730,2730,2730,2730
1,117,51,2722,2722,2722,2722,2722
1,117,52,682,682,682,682,682
1,117,53,2730,2730,2730,2730,2730
1,117,54,2720,2720,2720,2720,2720
1,117,55,680,680,680,680,680
1,117,56,2728,2728,2728,2728,2728
1,117,57,2720,2720,2720,2720,2720
1,117,58,680,680,680,680,680
1,117,59,2728,2728,2728,2728,2728
1,117,60,2720,2720,2720,2720,2720
1,117,61,680,680,680,680,680
1,117,62,2728,2728,2728,2728,2728
1,117,63,2210,2210,2210,2210,2210
1,117,64,170,170,170,170,170
1,117,65,2218,2218,2218,2218,2218
1,117,66,2210,2210,2210,2210,2210
1,117,67,170,170,170,170,170
1,117,68,2218,2218,2218,2218,2218
1,117,69,2210,2210,2210,2210,2210
1,117,70,170,170,170,170,170
1,117,71,2218,2218,2218,2218,2218
1,117,72,2722,2722,2722,2722,2722
1,117,73,682,682,682,682,682
1,117,74,2730,2730,2730,2730,2730
1,117,75,2722,2722,2722,2722,2722
1,117,76,682,682,682,682,682
1,117,77,2730,2730,2730,2730,2730
1,117,78,2722,2722,2722,2722,2722
1,117,79,682,682,682,682,682
1,117,80,2730,2730,2730,2730,2730
1,118,0,2720,2720,2720,2720,2720
1,118,1,680,680,680,680,680
1,118,2,2728,2728,2728,2728,2728
1,118,3,2720,2720,2720,2720,2720
1,118,4,680,680,680,680,680
1,118,5,2728,2728,2728,2728,2728
1,118,6,2720,2720,2720,2720,2720
1,118,7,680,680,680,680,680
1,118,8,2728,2728,2728,2728,2728
1,118,9,2210,2210,2210,2210,2210
1,118,10,170,170,170,170,170
1,118,11,2218,2218,2218,2218,2218
1,118,12,2210,2210,2210,2210,2210
1,118,13,170,170,170,170,170
1,118,14,2218,2218,2218,2218,2218
1,118,15,2210,2210,2210,2210,2210
1,118,16,170,170,170,170,170
1,118,17,2218,2218,2218,2218,2218
1,118,18,2722,2722,2722,2722,2722
1,118,19,682,682,682,682,682
1,118,20,2730,2730,2730,2730,2730
1,118,21,2722,2722,2722,2722,2722
1,118,22,682,682,682,682,682
1,118,23,2730,2730,2730,2730,2730
1,118,24,2722,2722,2722,2722,2722
1,118,25,682,682,682,682,682
1,118,26,2730,2730,2730,2730,2730
1,118,27,2720,2720,2720,2720,2720
1,118,28,680,680,680,680,680
1,118,29,2728,2728,2728,2728,2728
1,118,30,2720,2720,2720,2720,2720
1,118,31,680,680,680,680,680
1,118,32,2728,2728,2728,2728,2728
1,118,33,2720,2720,2720,2720,2720
1,118,34,680,680,680,680,680
1,118,35,2728,2728,2728,2728,2728
1,118,36,2210,2210,2210,2210,2210
1,118,37,170,170,170,170,170
1,118,38,2218,2218,2218,2218,2218
1,118,39,2210,2210,2210,2210,2210
1,118,40,170,170,170,170,170
1,118,41,2218,2218,2218,2218,2218
1,118,42,2210,2210,2210,2210,2210
1,118,43,170,170,170,170,170
1,118,44,2218,2218,2218,2218,2218
1,118,45,2722,2722,2722,2722,2722
1,118,46,682,682,682,682,682
1,118,47,2730,2730,2730,2730,2730
1,118,48,2722,2722,2722,2722,2722
1,118,49,682,682,682,682,682
1,118,50,2730,2730,2730,2730,2730
1,118,51,2722,2722,2722,2722,2722
1,118,52,682,682,682,682,682
1,118,53,2730,2730,2730,2730,2730
1,118,54,2720,2720,2720,2720,2720
1,118,55,680,680,680,680,680
1,118,56,2728,2728,2728,2728,2728
1,118,57,2720,2720,2720,2720,2720
1,118,58,680,680,680,680,680
1,118,59,2728,2728,2728,2728,2728
1,118,60,2720,2720,2720,2720,2720
1,118,61,680,680,680,680,680
1,118,62,2728,2728,2728,2728,2728
1,118,63,2210,2210,2210,2210,2210
1,118,64,170,170,170,170,170
1,118,65,2218,2218,2218,2218,2218
1,118,66,2210,2210,2210,2210,2210
1,118,67,170,170,170,170,170
1,118,68,2218,2218,2218,2218,2218
1,118,69,2210,2210,2210,2210,2210
1,118,70,170,170,170,170,170
1,118,71,2218,2218,2218,2218,2218
1,118,72,2722,2722,2722,2722,2722
1,118,73,682,682,682,682,682
1,118,74,2730,2730,2730,2730,2730
1,118,75,2722,2722,2722,2722,2722
1,118,76,682,682,682,682,682
1,118,77,2730,2730,2730,2730,2730
1,118,78,2722,2722,2722,2722,2722
1,118,79,682,682,682,682,682
1,118,80,2730,2730,2730,2730,2730
1,119,0,2720,2720,2720,2720,2720
1,119,1,680,680,680,680,680
1,119,2,2728,2728,2728,2728,2728
1,119,3,2720,2720,2720,2720,2720
1,119,4,680,680,680,680,680
1,119,5,2728,2728,2728,2728,2728
1,119,6,2720,2720,2720,2720,2720
1,119,7,680,680,680,680,680
1,119,8,2728,2728,2728,2728,2728
1,119,9,2210,2210,2210,2210,2210
1,119,10,170,170,170,170,170
1,119,11,2218,2218,2218,2218,2218
1,119,12,2210,2210,2210,2210,2210
1,119,13,170,170,170,170,170
1,119,14,2218,2218,2218,2218,2218
1,119,15,2210,2210,2210,2210,2210
1,119,16,170,170,170,170,170
1,119,17,2218,2218,2218,2218,2218
1,119,18,2722,2722,2722,2722,2722
1,119,19,682,682,682,682,682
1,119,20,2730,2730,2730,2730,2730
1,119,21,2722,2722,2722,2722,2722
1,119,22,682,682,682,682,682
1,119,23,2730,2730,2730,2730,2730
1,119,24,2722,2722,2722,2722,2722
1,119,25,682,682,682,682,682
1,119,26,2730,2730,2730,2730,2730
1,119,27,2720,2720,2720,2720,2720
1,119,28,680,680,680,680,680
1,119,29,2728,2728,2728,2728,2728
1,119,30,2720,2720,2720,2720,2720
1,119,31,680,680,680,680,680
1,119,32,2728,2728,2728,2728,2728
1,119,33,2720,2720,2720,2720,2720
1,119,34,680,680,680,680,680
1,119,35,2728,2728,2728,2728,2728
1,119,36,2210,2210,2210,2210,2210
1,119,37,170,170,170,170,170
1,119,38,2218,2218,2218,2218,2218
1,119,39,2210,2210,2210,2210,2210
1,119,40,170,170,170,170,170
1,119,41,2218,2218,2218,2218,2218
1,119,42,2210,2210,2210,2210,2210
1,119,43,170,170,170,170,170
1,119,44,2218,2218,2218,2218,2218
1,119,45,2722,2722,2722,2722,2722
1,119,46,682,682,682,682,682
1,119,47,2730,2730,2730,2730,2730
1,119,48,2722,2722,2722,2722,2722
1,119,49,682,682,682,682,682
1,119,50,2730,2730,2730,2730,2730
1,119,51,2722,2722,2722,2722,2722
1,119,52,682,682,682,682,682
1,119,53,2730,2730,2730,2730,2730
1,119,54,2720,2720,2720,2720,2720
1,119,55,680,680,680,680,680
1,119,56,2728,2728,2728,2728,2728
1,119,57,2720,2720,2720,2720,2720
1,119,58,680,680,680,680,680
1,119,59,2728,2728,2728,2728,2728
1,119,60,2720,2720,2720,2720,2720
1,119,61,680,680,680,680,680
1,119,62,2728,2728,2728,2728,2728
1,119,63,2210,2210,2210,2210,2210
1,119,64,170,170,170,170,170
1,119,65,2218,2218,2218,2218,2218
1,119,66,2210,2210,2210,2210,2210
1,119,67,170,170,170,170,170
1,119,68,2218,2218,2218,2218,2218
1,119,69,2210,2210,2210,2210,2210
1,119,70,170,170,170,170,170
1,119,71,2218,2218,2218,2218,2218
1,119,72,2722,2722,2722,2722,2722
1,119,73,682,682,682,682,682
1,119,74,2730,2730,2730,2730,2730
1,119,75,2722,2722,2722,2722,2722
1,119,76,682,682,682,682,682
1,119,77,2730,2730,2730,2730,2730
1,119,78,2722,2722,2722,2722,2722
1,119,79,682,682,682,682,682
1,119,80,2730,2730,2730,2730,2730
1,120,0,2208,2208,2208,2208,2208
1,120,1,168,168,168,168,168
1,120,2,2216,2216,2216,2216,2216
1,120,3,2208,2208,2208,2208,2208
1,120,4,168,168,168,168,168
1,120,5,2216,2216,2216,2216,2216
1,120,6,2208,2208,2208,2208,2208
1,120,7,168,168,168,168,168
1,120,8,2216,2216,2216,2216,2216
1,120,9,2208,2208,2208,2208,2208
1,120,10,168,168,168,168,168
1,120,11,2216,2216,2216,2216,2216
1,120,12,2208,2208,2208,2208,2208
1,120,13,168,168,168,168,168
1,120,14,2216,2216,2216,2216,2216
1,120,15,2208,2208,2208,2208,2208
1,120,16,168,168,168,168,168
1,120,17,2216,2216,2216,2216,2216
1,120,18,2208,2208,2208,2208,2208
1,120,19,168,168,168,168,168
1,120,20,2216,2216,2216,2216,2216
1,120,21,2208,2208,2208,2208,2208
1,120,22,168,168,168,168,168
1,120,23,2216,2216,2216,2216,2216
1,120,24,2208,2208,2208,2208,2208
1,120,25,168,168,168,168,168
1,120,26,2216,2216,2216,2216,2216
1,120,27,2208,2208,2208,2208,2208
1,120,28,168,168,168,168,168
1,120,29,2216,2216,2216,2216,2216
1,120,30,2208,2208,2208,2208,2208
1,120,31,168,168,168,168,168
1,120,32,2216,2216,2216,2216,2216
1,120,33,2208,2208,2208,2208,2208
1,120,34,168,168,168,168,168
1,120,35,2216,2216,2216,2216,2216
1,120,36,2208,2208,2208,2208,2208
1,120,37,168,168,168,168,168
1,120,38,2216,2216,2216,2216,2216
1,120,39,2208,2208,2208,2208,2208
1,120,40,168,168,168,168,168
1,120,41,2216,2216,2216,2216,2216
1,120,42,2208,2208,2208,2208,2208
1,120,43,168,168,168,168,168
1,120,44,2216,2216,2216,2216,2216
1,120,45,2208,2208,2208,2208,2208
1,120,46,168,168,168,168,168
1,120,47,2216,2216,2216,2216,2216
1,120,48,2208,2208,2208,2208,2208
1,120,49,168,168,168,168,168
1,120,50,2216,2216,2216,2216,2216
1,120,51,2208,2208,2208,2208,2208
1,120,52,168,168,168,168,168
1,120,53,2216,2216,2216,2216,2216
1,120,54,2208,2208,2208,2208,2208
1,120,55,168,168,168,168,168
1,120,56,2216,2216,2216,2216,2216
1,120,57,2208,2208,2208,2208,2208
1,120,58,168,168,168,168,168
1,120,59,2216,2216,2216,2216,2216
1,120,60,2208,2208,2208,2208,2208
1,120,61,168,168,168,168,168
1,120,62,2216,2216,2216,2216,2216
1,120,63,2208,2208,2208,2208,2208
1,120,64,168,168,168,168,168
1,120,65,2216,2216,2216,2216,2216
1,120,66,2208,2208,2208,2208,2208
1,120,67,168,168,168,168,168
1,120,68,2216,2216,2216,2216,2216
1,120,69,2208,2208,2208,2208,2208
1,120,70,168,168,168,168,168
1,120,71,2216,2216,2216,2216,2216
1,120,72,2208,2208,2208,2208,2208
1,120,73,168,168,168,168,168
1,120,74,2216,2216,2216,2216,2216
1,120,75,2208,2208,2208,2208,2208
1,120,76,168,168,168,168,168
1,120,77,2216,2216,2216,2216,2216
1,120,78,2208,2208,2208,2208,2208
1,120,79,168,168,168,168,168
1,120,80,2216,2216,2216,2216,2216
1,121,0,2720,2720,2720,2720,2720
1,121,1,680,680,680,680,680
1,121,2,2728,2728,2728,2728,2728
1,121,3,2720,2720,2720,2720,2720
1,121,4,680,680,680,680,680
1,121,5,2728,2728,2728,2728,2728
1,121,6,2720,2720,2720,2720,2720
1,121,7,680,680,680,680,680
1,121,8,2728,2728,2728,2728,2728
1,121,9,2210,2210,2210,2210,2210
1,121,10,170,170,170,170,170
1,121,11,2218,2218,2218,2218,2218
1,121,12,2210,2210,2210,2210,2210
1,121,13,170,170,170,170,170
1,121,14,2218,2218,2218,2218,2218
1,121,15,2210,2210,2210,2210,2210
1,121,16,170,170,170,170,170
1,121,17,2218,2218,2218,2218,2218
1,121,18,2722,2722,2722,2722,2722
1,121,19,682,682,682,682,682
1,121,20,2730,2730,2730,2730,2730
1,121,21,2722,2722,2722,2722,2722
1,121,22,682,682,682,682,682
1,121,23,2730,2730,2730,2730,2730
1,121,24,2722,2722,2722,2722,2722
1,121,25,682,682,682,682,682
1,121,26,2730,2730,2730,2730,2730
1,121,27,2720,2720,2720,2720,2720
1,121,28,680,680,680,680,680
1,121,29,2728,2728,2728,2728,2728
1,121,30,2720,2720,2720,2720,2720
1,121,31,680,680,680,680,680
1,121,32,2728,2728,2728,2728,2728
1,121,33,2720,2720,2720,2720,2720
1,121,34,680,680,680,680,680
1,121,35,2728,2728,2728,2728,2728
1,121,36,2210,2210,2210,2210,2210
1,121,37,170,170,170,170,170
1,121,38,2218,2218,2218,2218,2218
1,121,39,2210,2210,2210,2210,2210
1,121,40,170,170,170,170,170
1,121,41,2218,2218,2218,2218,2218
1,121,42,2210,2210,2210,2210,2210
1,121,43,170,170,170,170,170
1,121,44,2218,2218,2218,2218,2218
1,121,45,2722,2722,2722,2722,2722
1,121,46,682,682,682,682,682
1,121,47,2730,2730,2730,2730,2730
1,121,48,2722,2722,2722,2722,2722
1,121,49,682,682,682,682,682
1,121,50,2730,2730,2730,2730,2730
1,121,51,2722,2722,2722,2722,2722
1,121,52,682,682,682,682,682
1,121,53,2730,2730,2730,2730,2730
1,121,54,2720,2720,2720,2720,2720
1,121,55,680,680,680,680,680
1,121,56,2728,2728,2728,2728,2728
1,121,57,2720,2720,2720,2720,2720
1,121,58,680,680,680,680,680
1,121,59,2728,2728,2728,2728,2728
1,121,60,2720,2720,2720,2720,2720
1,121,61,680,680,680,680,680
1,121,62,2728,2728,2728,2728,2728
1,121,63,2210,2210,2210,2210,2210
1,121,64,170,170,170,170,170
1,121,65,2218,2218,2218,2218,2218
1,121,66,2210,2210,2210,2210,2210
1,121,67,170,170,170,170,170
1,121,68,2218,2218,2218,2218,2218
1,121,69,2210,2210,2210,2210,2210
1,121,70,170,170,170,170,170
1,121,71,2218,2218,2218,2218,2218
1,121,72,2722,2722,2722,2722,2722
1,121,73,682,682,682,682,682
1,121,74,2730,2730,2730,2730,2730
1,121,75,2722,2722,2722,2722,2722
1,121,76,682,682,682,682,682
1,121,77,2730,2730,2730,2730,2730
1,121,78,2722,2722,2722,2722,2722
1,121,79,682,682,682,682,682
1,121,80,2730,2730,2730,2730,2730
1,122,0,2720,2720,2720,2720,2720
1,122,1,680,680,680,680,680
1,122,2,2728,2728,2728,2728,2728
1,122,3,2720,2720,2720,2720,2720
1,122,4,680,680,680,680,680
1,122,5,2728,2728,2728,2728,2728
1,122,6,2720,2720,2720,2720,2720
1,122,7,680,680,680,680,680
1,122,8,2728,2728,2728,2728,2728
1,122,9,2210,2210,2210,2210,2210
1,122,10,170,170,170,170,170
1,122,11,2218,2218,2218,2218,2218
1,122,12,2210,2210,2210,2210,2210
1,122,13,170,170,170,170,170
1,122,14,2218,2218,2218,2218,2218
1,122,15,2210,2210,2210,2210,2210
1,122,16,170,170,170,170,170
1,122,17,2218,2218,2218,2218,2218
1,122,18,2722,2722,2722,2722,2722
1,122,19,682,682,682,682,682
1,122,20,2730,2730,2730,2730,2730
1,122,21,2722,2722,2722,2722,2722
1,122,22,682,682,682,682,682
1,122,23,2730,2730,2730,2730,2730
1,122,24,2722,2722,2722,2722,2722
1,122,25,682,682,682,682,682
1,122,26,2730,2730,2730,2730,2730
1,122,27,2720,2720,2720,2720,2720
1,122,28,680,680,680,680,680
1,122,29,2728,2728,2728,2728,2728
1,122,30,2720,2720,2720,2720,2720
1,122,31,680,680,680,680,680
1,122,32,2728,2728,2728,2728,2728
1,122,33,2720,2720,2720,2720,2720
1,122,34,680,680,680,680,680
1,122,35,2728,2728,2728,2728,2728
1,122,36,2210,2210,2210,2210,2210
1,122,37,170,170,170,170,170
1,122,38,2218,2218,2218,2218,2218
1,122,39,2210,2210,2210,2210,2210
1,122,40,170,170,170,170,170
1,122,41,2218,2218,2218,2218,2218
1,122,42,2210,2210,2210,2210,2210
1,122,43,170,170,170,170,170
1,122,44,2218,2218,2218,2218,2218
1,122,45,2722,2722,2722,2722,2722
1,122,46,682,682,682,682,682
1,122,47,2730,2730,2730,2730,2730
1,122,48,2722,2722,2722,2722,2722
1,122,49,682,682,682,682,682
1,122,50,2730,2730,2730,2730,2730
1,122,51,2722,2722,2722,2722,2722
1,122,52,682,682,682,682,682
1,122,53,2730,2730,2730,2730,2730
1,122,54,2720,2720,2720,2720,2720
1,122,55,680,680,680,680,680
1,122,56,2728,2728,2728,2728,2728
1,122,57,2720,2720,2720,2720,2720
1,122,58,680,680,680,680,680
1,122,59,2728,2728,2728,2728,2728
1,122,60,2720,2720,2720,2720,2720
1,122,61,680,680,680,680,680
1,122,62,2728,2728,2728,2728,2728
1,122,63,2210,2210,2210,2210,2210
1,122,64,170,170,170,170,170
1,122,65,2218,2218,2218,2218,2218
1,122,66,2210,2210,2210,2210,2210
1,122,67,170,170,170,170,170
1,122,68,2218,2218,2218,2218,2218
1,122,69,2210,2210,2210,2210,2210
1,122,70,170,170,170,170,170
1,122,71,2218,2218,2218,2218,2218
1,122,72,2722,2722,2722,2722,2722
1,122,73,682,682,682,682,682
1,122,74,2730,2730,2730,2730,2730
1,122,75,2722,2722,2722,2722,2722
1,122,76,682,682,682,682,682
1,122,77,2730,2730,2730,2730,2730
1,122,78,2722,2722,2722,2722,2722
1,122,79,682,682,682,682,682
1,122,80,2730,2730,2730,2730,2730
1,123,0,2720,2720,2720,2720,2720
1,123,1,680,680,680,680,680
1,123,2,2728,2728,2728,2728,2728
1,123,3,2720,2720,2720,2720,2720
1,123,4,680,680,680,680,680
1,123,5,2728,2728,2728,2728,2728
1,123,6,2720,2720,2720,2720,2720
1,123,7,680,680,680,680,680
1,123,8,2728,2728,2728,2728,2728
1,123,9,2210,2210,2210,2210,2210
1,123,10,170,170,170,170,170
1,123,11,2218,2218,2218,2218,2218
1,123,12,2210,2210,2210,2210,2210
1,123,13,170,170,170,170,170
1,123,14,2218,2218,2218,2218,2218
1,123,15,2210,2210,2210,2210,2210
1,123,16,170,170,170,170,170
1,123,17,2218,2218,2218,2218,2218
1,123,18,2722,2722,2722,2722,2722
1,123,19,682,682,682,682,682
1,123,20,2730,2730,2730,2730,2730
1,123,21,2722,2722,2722,2722,2722
1,123,22,682,682,682,682,682
1,123,23,2730,2730,2730,2730,2730
1,123,24,2722,2722,2722,2722,2722
1,123,25,682,682,682,682,682
1,123,26,2730,2730,2730,2730,2730
1,123,27,2720,2720,2720,2720,2720
1,123,28,680,680,680,680,680
1,123,29,2728,2728,2728,2728,2728
1,123,30,2720,2720,2720,2720,2720
1,123,31,680,680,680,680,680
1,123,32,2728,2728,2728,2728,2728
1,123,33,2720,2720,2720,2720,2720
1,123,34,680,680,680,680,680
1,123,35,2728,2728,2728,2728,2728
1,123,36,2210,2210,2210,2210,2210
1,123,37,170,170,170,170,170
1,123,38,2218,2218,2218,2218,2218
1,123,39,2210,2210,2210,2210,2210
1,123,40,170,170,170,170,170
1,123,41,2218,2218,2218,2218,2218
1,123,42,2210,2210,2210,2210,2210
1,123,43,170,170,170,170,170
1,123,44,2218,2218,2218,2218,2218
1,123,45,2722,2722,2722,2722,2722
1,123,46,682,682,682,682,682
1,123,47,2730,2730,2730,2730,2730
1,123,48,2722,2722,2722,2722,2722
1,123,49,682,682,682,682,682
1,123,50,2730,2730,2730,2730,2730
1,123,51,2722,2722,2722,2722,2722
1,123,52,682,682,682,682,682
1,123,53,2730,2730,2730,2730,2730
1,123,54,2720,2720,2720,2720,2720
1,123,55,680,680,680,680,680
1,123,56,2728,2728,2728,2728,2728
1,123,57,2720,2720,2720,2720,2720
1,123,58,680,680,680,680,680
1,123,59,2728,2728,2728,2728,2728
1,123,60,2720,2720,2720,2720,2720
1,123,61,680,680,680,680,680
1,123,62,2728,2728,2728,2728,2728
1,123,63,2210,2210,2210,2210,2210
1,123,64,170,170,170,170,170
1,123,65,2218,2218,2218,2218,2218
1,123,66,2210,2210,2210,2210,2210
1,123,67,170,170,170,170,170
1,123,68,2218,2218,2218,2218,2218
1,123,69,2210,2210,2210,2210,2210
1,123,70,170,170,170,170,170
1,123,71,2218,2218,2218,2218,2218
1,123,72,2722,2722,2722,2722,2722
1,123,73,682,682,682,682,682
1,123,74,2730,2730,2730,2730,2730
1,123,75,2722,2722,2722,2722,2722
1,123,76,682,682,682,682,682
1,123,77,2730,2730,2730,2730,2730
1,123,78,2722,2722,2722,2722,2722
1,123,79,682,682,682,682,682
1,123,80,2730,2730,2730,2730,2730
1,124,0,2208,2208,2208,2208,2208
1,124,1,168,168,168,168,168
1,124,2,2216,2216,2216,2216,2216
1,124,3,2208,2208,2208,2208,2208
1,124,4,168,168,168,168,168
1,124,5,2216,2216,2216,2216,2216
1,124,6,2208,2208,2208,2208,2208
1,124,7,168,168,168,168,168
1,124,8,2216,2216,2216,2216,2216
1,124,9,2208,2208,2208,2208,2208
1,124,10,168,168,168,168,168
1,124,11,2216,2216,2216,2216,2216
1,124,12,2208,2208,2208,2208,2208
1,124,13,168,168,168,168,168
1,124,14,2216,2216,2216,2216,2216
1,124,15,2208,2208,2208,2208,2208
1,124,16,168,168,168,168,168
1,124,17,2216,2216,2216,2216,2216
1,124,18,2208,2208,2208,2208,2208
1,124,19,168,168,168,168,168
1,124,20,2216,2216,2216,2216,2216
1,124,21,2208,2208,2208,2208,2208
1,124,22,168,168,168,168,168
1,124,23,2216,2216,2216,2216,2216
1,124,24,2208,2208,2208,2208,2208
1,124,25,168,168,168,168,168
1,124,26,2216,2216,2216,2216,2216
1,124,27,2208,2208,2208,2208,2208
1,124,28,168,168,168,168,168
1,124,29,2216,2216,2216,2216,2216
1,124,30,2208,2208,2208,2208,2208
1,124,31,168,168,168,168,168
1,124,32,2216,2216,2216,2216,2216
1,124,33,2208,2208,2208,2208,2208
1,124,34,168,168,168,168,168
1,124,35,2216,2216,2216,2216,2216
1,124,36,2208,2208,2208,2208,2208
1,124,37,168,168,168,168,168
1,124,38,2216,2216,2216,2216,2216
1,124,39,2208,2208,2208,2208,2208
1,124,40,168,168,168,168,168
1,124,41,2216,2216,2216,2216,2216
1,124,42,2208,2208,2208,2208,2208
1,124,43,168,168,168,168,168
1,124,44,2216,2216,2216,2216,2216
1,124,45,2208,2208,2208,2208,2208
1,124,46,168,168,168,168,168
1,124,47,2216,2216,2216,2216,2216
1,124,48,2208,2208,2208,2208,2208
1,124,49,168,168,168,168,168
1,124,50,2216,2216,2216,2216,2216
1,124,51,2208,2208,2208,2208,2208
1,124,52,168,168,168,168,168
1,124,53,2216,2216,2216,2216,2216
1,124,54,2208,2208,2208,2208,2208
1,124,55,168,168,168,168,168
1,124,56,2216,2216,2216,2216,2216
1,124,57,2208,2208,2208,2208,2208
1,124,58,168,168,168,168,168
1,124,59,2216,2216,2216,2216,2216
1,124,60,2208,2208,2208,2208,2208
1,124,61,168,168,168,168,168
1,124,62,2216,2216,2216,2216,2216
1,124,63,2208,2208,2208,2208,2208
1,124,64,168,168,168,168,168
1,124,65,2216,2216,2216,2216,2216
1,124,66,2208,2208,2208,2208,2208
1,124,67,168,168,168,168,168
1,124,68,2216,2216,2216,2216,2216
1,124,69,2208,2208,2208,2208,2208
1,124,70,168,168,168,168,168
1,124,71,2216,2216,2216,2216,2216
1,124,72,2208,2208,2208,2208,2208
1,124,73,168,168,168,168,168
1,124,74,2216,2216,2216,2216,2216
1,124,75,2208,2208,2208,2208,2208
1,124,76,168,168,168,168,168
1,124,77,2216,2216,2216,2216,2216
1,124,78,2208,2208,2208,2208,2208
1,124,79,168,168,168,168,168
1,124,80,2216,2216,2216,2216,2216
1,125,0,2720,2720,2720,2720,2720
1,125,1,680,680,680,680,680
1,125,2,2728,2728,2728,2728,2728
1,125,3,2720,2720,2720,2720,2720
1,125,4,680,680,680,680,680
1,125,5,2728,2728,2728,2728,2728
1,125,6,2720,2720,2720,2720,2720
1,125,7,680,680,680,680,680
1,125,8,2728,2728,2728,2728,2728
1,125,9,2210,2210,2210,2210,2210
1,125,10,170,170,170,170,170
1,125,11,2218,2218,2218,2218,2218
1,125,12,2210,2210,2210,2210,2210
1,125,13,170,170,170,170,170
1,125,14,2218,2218,2218,2218,2218
1,125,15,2210,2210,2210,2210,2210
1,125,16,170,170,170,170,170
1,125,17,2218,2218,2218,2218,2218
1,125,18,2722,2722,2722,2722,2722
1,125,19,682,682,682,682,682
1,125,20,2730,2730,2730,2730,2730
1,125,21,2722,2722,2722,2722,2722
1,125,22,682,682,682,682,682
1,125,23,2730,2730,2730,2730,2730
1,125,24,2722,2722,2722,2722,2722
1,125,25,682,682,682,682,682
1,125,26,2730,2730,2730,2730,2730
1,125,27,2720,2720,2720,2720,2720
1,125,28,680,680,680,680,680
1,125,29,2728,2728,2728,2728,2728
1,125,30,2720,2720,2720,2720,2720
1,125,31,680,680,680,680,680
1,125,32,2728,2728,2728,2728,2728
1,125,33,2720,2720,2720,2720,2720
1,125,34,680,680,680,680,680
1,125,35,2728,2728,2728,2728,2728
1,125,36,2210,2210,2210,2210,2210
1,125,37,170,170,170,170,170
1,125,38,2218,2218,2218,2218,2218
1,125,39,2210,2210,2210,2210,2210
1,125,40,170,170,170,170,170
1,125,41,2218,2218,2218,2218,2218
1,125,42,2210,2210,2210,2210,2210
1,125,43,170,170,170,170,170
1,125,44,2218,2218,2218,2218,2218
1,125,45,2722,2722,2722,2722,2722
1,125,46,682,682,682,682,682
1,125,47,2730,2730,2730,2730,2730
1,125,48,2722,2722,2722,2722,2722
1,125,49,682,682,682,682,682
1,125,50,2730,2730,2730,2730,2730
1,125,51,2722,2722,2722,2722,2722
1,125,52,682,682,682,682,682
1,125,53,2730,2730,2730,2730,2730
1,125,54,2720,2720,2720,2720,2720
1,125,55,680,680,680,680,680
1,125,56,2728,2728,2728,2728,2728
1,125,57,2720,2720,2720,2720,2720
1,125,58,680,680,680,680,680
1,125,59,2728,2728,2728,2728,2728
1,125,60,2720,2720,2720,2720,2720
1,125,61,680,680,680,680,680
1,125,62,2728,2728,2728,2728,2728
1,125,63,2210,2210,2210,2210,2210
1,125,64,170,170,170,170,170
1,125,65,2218,2218,2218,2218,2218
1,125,66,2210,2210,2210,2210,2210
1,125,67,170,170,170,170,170
1,125,68,2218,2218,2218,2218,2218
1,125,69,2210,2210,2210,2210,2210
1,125,70,170,170,170,170,170
1,125,71,2218,2218,2218,2218,2218
1,125,72,2722,2722,2722,2722,2722
1,125,73,682,682,682,682,682
1,125,74,2730,2730,2730,2730,2730
1,125,75,2722,2722,2722,2722,2722
1,125,76,682,682,682,682,682
1,125,77,2730,2730,2730,2730,2730
1,125,78,2722,2722,2722,2722,2722
1,125,79,682,682,682,682,682
1,125,80,2730,2730,2730,2730,2730
1,126,0,2720,2720,2720,2720,2720
1,126,1,680,680,680,680,680
1,126,2,2728,2728,2728,2728,2728
1,126,3,2720,2720,2720,2720,2720
1,126,4,680,680,680,680,680
1,126,5,2728,2728,2728,2728,2728
1,126,6,2720,2720,2720,2720,2720
1,126,7,680,680,680,680,680
1,126,8,2728,2728,2728,2728,2728
1,126,9,2210,2210,2210,2210,2210
1,126,10,170,170,170,170,170
1,126,11,2218,2218,2218,2218,2218
1,126,12,2210,2210,2210,2210,2210
1,126,13,170,170,170,170,170
1,126,14,2218,2218,2218,2218,2218
1,126,15,2210,2210,2210,2210,2210
1,126,16,170,170,170,170,170
1,126,17,2218,2218,2218,2218,2218
1,126,18,2722,2722,2722,2722,2722
1,126,19,682,682,682,682,682
1,126,20,2730,2730,2730,2730,2730
1,126,21,2722,2722,2722,2722,2722
1,126,22,682,682,682,682,682
1,126,23,2730,2730,2730,2730,2730
1,126,24,2722,2722,2722,2722,2722
1,126,25,682,682,682,682,682
1,126,26,2730,2730,2730,2730,2730
1,126,27,2720,2720,2720,2720,2720
1,126,28,680,680,680,680,680
1,126,29,2728,2728,2728,2728,2728
1,126,30,2720,2720,2720,2720,2720
1,126,31,680,680,680,680,680
1,126,32,2728,2728,2728,2728,2728
1,126,33,2720,2720,2720,2720,2720
1,126,34,680,680,680,680,680
1,126,35,2728,2728,2728,2728,2728
1,126,36,2210,2210,2210,2210,2210
1,126,37,170,170,170,170,170
1,126,38,2218,2218,2218,2218,2218
1,126,39,2210,2210,2210,2210,2210
1,126,40,170,170,170,170,170
1,126,41,2218,2218,2218,2218,2218
1,126,42,2210,2210,2210,2210,2210
1,126,43,170,170,170,170,170
1,126,44,2218,2218,2218,2218,2218
1,126,45,2722,2722,2722,2722,2722
1,126,46,682,682,682,682,682
1,126,47,2730,2730,2730,2730,2730
1,126,48,2722,2722,2722,2722,2722
1,126,49,682,682,682,682,682
1,126,50,2730,2730,2730,2730,2730
1,126,51,2722,2722,2722,2722,2722
1,126,52,682,682,682,682,682
1,126,53,2730,2730,2730,2730,2730
1,126,54,2720,2720,2720,2720,2720
1,126,55,680,680,680,680,680
1,126,56,2728,2728,2728,2728,2728
1,126,57,2720,2720,2720,2720,2720
1,126,58,680,680,680,680,680
1,126,59,2728,2728,2728,2728,2728
1,126,60,2720,2720,2720,2720,2720
1,126,61,680,680,680,680,680
1,126,62,2728,2728,2728,2728,2728
1,126,63,2210,2210,2210,2210,2210
1,126,64,170,170,170,170,170
1,126,65,2218,2218,2218,2218,2218
1,126,66,2210,2210,2210,2210,2210
1,126,67,170,170,170,170,170
1,126,68,2218,2218,2218,2218,2218
1,126,69,2210,2210,2210,2210,2210
1,126,70,170,170,170,170,170
1,126,71,2218,2218,2218,2218,2218
1,126,72,2722,2722,2722,2722,2722
1,126,73,682,682,682,682,682
1,126,74,2730,2730,2730,2730,2730
1,126,75,2722,2722,2722,2722,2722
1,126,76,682,682,682,682,682
1,126,77,2730,2730,2730,2730,2730
1,126,78,2722,2722,2722,2722,2722
1,126,79,682,682,682,682,682
1,126,80,2730,2730,2730,2730,2730
1,127,0,2720,2720,2720,2720,2720
1,127,1,680,680,680,680,680
1,127,2,2728,2728,2728,2728,2728
1,127,3,2720,2720,2720,2720,2720
1,127,4,680,680,680,680,680
1,127,5,2728,2728,2728,2728,2728
1,127,6,2720,2720,2720,2720,2720
1,127,7,680,680,680,680,680
1,127,8,2728,2728,2728,2728,2728
1,127,9,2210,2210,2210,2210,2210
1,127,10,170,170,170,170,170
1,127,11,2218,2218,2218,2218,2218
1,127,12,2210,2210,2210,2210,2210
1,127,13,170,170,170,170,170
1,127,14,2218,2218,2218,2218,2218
1,127,15,2210,2210,2210,2210,2210
1,127,16,170,170,170,170,170
1,127,17,2218,2218,2218,2218,2218
1,127,18,2722,2722,2722,2722,2722
1,127,19,682,682,682,682,682
1,127,20,2730,2730,2730,2730,2730
1,127,21,2722,2722,2722,2722,2722
1,127,22,682,682,682,682,682
1,127,23,2730,2730,2730,2730,2730
1,127,24,2722,2722,2722,2722,2722
1,127,25,682,682,682,682,682
1,127,26,2730,2730,2730,2730,2730
1,127,27,2720,2720,2720,2720,2720
1,127,28,680,680,680,680,680
1,127,29,2728,2728,2728,2728,2728
1,127,30,2720,2720,2720,2720,2720
1,127,31,680,680,680,680,680
1,127,32,2728,2728,2728,2728,2728
1,127,33,2720,2720,2720,2720,2720
1,127,34,680,680,680,680,680
1,127,35,2728,2728,2728,2728,2728
1,127,36,2210,2210,2210,2210,2210
1,127,37,170,170,170,170,170
1,127,38,2218,2218,2218,2218,2218
1,127,39,2210,2210,2210,2210,2210
1,127,40,170,170,170,170,170
1,127,41,2218,2218,2218,2218,2218
1,127,42,2210,2210,2210,2210,2210
1,127,43,170,170,170,170,170
1,127,44,2218,2218,2218,2218,2218
1,127,45,2722,2722,2722,2722,2722
1,127,46,682,682,682,682,682
1,127,47,2730,2730,2730,2730,2730
1,127,48,2722,2722,2722,2722,2722
1,127,49,682,682,682,682,682
1,127,50,2730,2730,2730,2730,2730
1,127,51,2722,2722,2722,2722,2722
1,127,52,682,682,682,682,682
1,127,53,2730,2730,2730,2730,2730
1,127,54,2720,2720,2720,2720,2720
1,127,55,680,680,680,680,680
1,127,56,2728,2728,2728,2728,2728
1,127,57,2720,2720,2720,2720,2720
1,127,58,680,680,680,680,680
1,127,59,2728,2728,2728,2728,2728
1,127,60,2720,2720,2720,2720,2720
1,127,61,680,680,680,680,680
1,127,62,2728,2728,2728,2728,2728
1,127,63,2210,2210,2210,2210,2210
1,127,64,170,170,170,170,170
1,127,65,2218,2218,2218,2218,2218
1,127,66,2210,2210,2210,2210,2210
1,127,67,170,170,170,170,170
1,127,68,2218,2218,2218,2218,2218
1,127,69,2210,2210,2210,2210,2210
1,127,70,170,170,170,170,170
1,127,71,2218,2218,2218,2218,2218
1,127,72,2722,2722,2722,2722,2722
1,127,73,682,682,682,682,682
1,127,74,2730,2730,2730,2730,2730
1,127,75,2722,2722,2722,2722,2722
1,127,76,682,682,682,682,682
1,127,77,2730,2730,2730,2730,2730
1,127,78,2722,2722,2722,2722,2722
1,127,79,682,682,682,682,682
1,127,80,2730,2730,2730,2730,2730
1,128,0,128,128,128,128,128
1,128,1,128,128,128,128,128
1,128,2,128,128,128,128,128
1,128,3,128,128,128,128,128
1,128,4,128,128,128,128,128
1,128,5,128,128,128,128,128
1,128,6,128,128,128,128,128
1,128,7,128,128,128,128,128
1,128,8,128,128,128,128,128
1,128,9,128,128,128,128,128
1,128,10,128,128,128,128,128
1,128,11,128,128,128,128,128
1,128,12,128,128,128,128,128
1,128,13,128,128,128,128,128
1,128,14,128,128,128,128,128
1,128,15,128,128,128,128,128
1,128,16,128,128,128,128,128
1,128,17,128,128,128,128,128
1,128,18,128,128,128,128,128
1,128,19,128,128,128,128,128
1,128,20,128,128,128,128,128
1,128,21,128,128,128,128,128
1,128,22,128,128,128,128,128
1,128,23,128,128,128,128,128
1,128,24,128,128,128,128,128
1,128,25,128,128,128,128,128
1,128,26,128,128,128,128,128
1,128,27,128,128,128,128,128
1,128,28,128,128,128,128,128
1,128,29,128,128,128,128,128
1,128,30,128,128,128,128,128
1,128,31,128,128,128,128,128
1,128,32,128,128,128,128,128
1,128,33,128,128,128,128,128
1,128,34,128,128,128,128,128
1,128,35,128,128,128,128,128
1,128,36,128,128,128,128,128
1,128,37,128,128,128,128,128
1,128,38,128,128,128,128,128
1,128,39,128,128,128,128,128
1,128,40,128,128,128,128,128
1,128,41,128,128,128,128,128
1,128,42,128,128,128,128,128
1,128,43,128,128,128,128,128
1,128,44,128,128,128,128,128
1,128,45,128,128,128,128,128
1,128,46,128,128,128,128,128
1,128,47,128,128,128,128,128
1,128,48,128,128,128,128,128
1,128,49,128,128,128,128,128
1,128,50,128,128,128,128,128
1,128,51,128,128,128,128,128
1,128,52,128,128,128,128,128
1,128,53,128,128,128,128,128
1,128,54,128,128,128,128,128
1,128,55,128,128,128,128,128
1,128,56,128,128,128,128,128
1,128,57,128,128,128,128,128
1,128,58,128,128,128,128,128
1,128,59,128,128,128,128,128
1,128,60,128,128,128,128,128
1,128,61,128,128,128,128,128
1,128,62,128,128,128,128,128
1,128,63,128,128,128,128,128
1,128,64,128,128,128,128,128
1,128,65,128,128,128,128,128
1,128,66,128,128,128,128,128
1,128,67,128,128,128,128,128
1,128,68,128,128,128,128,128
1,128,69,128,128,128,128,128
1,128,70,128,128,128,128,128
1,128,71,128,128,128,128,128
1,128,72,128,128,128,128,128
1,128,73,128,128,128,128,128
1,128,74,128,128,128,128,128
1,128,75,128,128,128,128,128
1,128,76,128,128,128,128,128
1,128,77,128,128,128,128,128
1,128,78,128,128,128,128,128
1,128,79,128,128,128,128,128
1,128,80,128,128,128,128,128
1,129,0,640,640,640,640,640
1,129,1,640,640,640,640,640
1,129,2,640,640,640,640,640
1,129,3,640,640,640,640,640
1,129,4,640,640,640,640,640
1,129,5,640,640,640,640,640
1,129,6,640,640,640,640,640
1,129,7,640,640,640,640,640
1,129,8,640,640,640,640,640
1,129,9,130,130,130,130,130
1,129,10,130,130,130,130,130
1,129,11,130,130,130,130,130
1,129,12,130,130,130,130,130
1,129,13,130,130,130,130,130
1,129,14,130,130,130,130,130
1,129,15,130,130,130,130,130
1,129,16,130,130,130,130,130
1,129,17,130,130,130,130,130
1,129,18,642,642,642,642,642
1,129,19,642,642,642,642,642
1,129,20,642,642,642,642,642
1,129,21,642,642,642,642,642
1,129,22,642,642,642,642,642
1,129,23,642,642,642,642,642
1,129,24,642,642,642,642,642
1,129,25,642,642,642,642,642
1,129,26,642,642,642,642,642
1,129,27,640,640,640,640,640
1,129,28,640,640,640,640,640
1,129,29,640,640,640,640,640
1,129,30,640,640,640,640,640
1,129,31,640,640,640,640,640
1,129,32,640,640,640,640,640
1,129,33,640,640,640,640,640
1,129,34,640,640,640,640,640
1,129,35,640,640,640,640,640
1,129,36,130,130,130,130,130
1,129,37,130,130,130,130,130
1,129,38,130,130,130,130,130
1,129,39,130,130,130,130,130
1,129,40,130,130,130,130,130
1,129,41,130,130,130,130,130
1,129,42,130,130,130,130,130
1,129,43,130,130,130,130,130
1,129,44,130,130,130,130,130
1,129,45,642,642,642,642,642
1,129,46,642,642,642,642,642
1,129,47,642,642,642,642,642
1,129,48,642,642,642,642,642
1,129,49,642,642,642,642,642
1,129,50,642,642,642,642,642
1,129,51,642,642,642,642,642
1,129,52,642,642,642,642,642
1,129,53,642,642,642,642,642
1,129,54,640,640,640,640,640
1,129,55,640,640,640,640,640
1,129,56,640,640,640,640,640
1,129,57,640,640,640,640,640
1,129,58,640,640,640,640,640
1,129,59,640,640,640,640,640
1,129,60,640,640,640,640,640
1,129,61,640,640,640,640,640
1,129,62,640,640,640,640,640
1,129,63,130,130,130,130,130
1,129,64,130,130,130,130,130
1,129,65,130,130,130,130,130
1,129,66,130,130,130,130,130
1,129,67,130,130,130,130,130
1,129,68,130,130,130,130,130
1,129,69,130,130,130,130,130
1,129,70,130,130,130,130,130
1,129,71,130,130,130,130,130
1,129,72,642,642,642,642,642
1,129,73,642,642,642,642,642
1,129,74,642,642,642,642,642
1,129,75,642,642,642,642,642
1,129,76,642,642,642,642,642
1,129,77,642,642,642,642,642
1,129,78,642,642,642,642,642
1,129,79,642,642,642,642,642
1,129,80,642,642,642,642,642
1,130,0,640,640,640,640,640
1,130,1,640,640,640,640,640
1,130,2,640,640,640,640,640
1,130,3,640,640,640,640,640
1,130,4,640,640,640,640,640
1,130,5,640,640,640,640,640
1,130,6,640,640,640,640,640
1,130,7,640,640,640,640,640
1,130,8,640,640,640,640,640
1,130,9,130,130,130,130,130
1,130,10,130,130,130,130,130
1,130,11,130,130,130,130,130
1,130,12,130,130,130,130,130
1,130,13,130,130,130,130,130
1,130,14,130,130,130,130,130
1,130,15,130,130,130,130,130
1,130,16,130,130,130,130,130
1,130,17,130,130,130,130,130
1,130,18,642,642,642,642,642
1,130,19,642,642,642,642,642
1,130,20,642,642,642,642,642
1,130,21,642,642,642,642,642
1,130,22,642,642,642,642,642
1,130,23,642,642,642,642,642
1,130,24,642,642,642,642,642
1,130,25,642,642,642,642,642
1,130,26,642,642,642,642,642
1,130,27,640,640,640,640,640
1,130,28,640,640,640,640,640
1,130,29,640,640,640,640,640
1,130,30,640,640,640,640,640
1,130,31,640,640,640,640,640
1,130,32,640,640,640,640,640
1,130,33,640,640,640,640,640
1,130,34,640,640,640,640,640
1,130,35,640,640,640,640,640
1,130,36,130,130,130,130,130
1,130,37,130,130,130,130,130
1,130,38,130,130,130,130,130
1,130,39,130,130,130,130,130
1,130,40,130,130,130,130,130
1,130,41,130,130,130,130,130
1,130,42,130,130,130,130,130
1,130,43,130,130,130,130,130
1,130,44,130,130,130,130,130
1,130,45,642,642,642,642,642
1,130,46,642,642,642,642,642
1,130,47,642,642,642,642,642
1,130,48,642,642,642,642,642
1,130,49,642,642,642,642,642
1,130,50,642,642,642,642,642
1,130,51,642,642,642,642,642
1,130,52,642,642,642,642,642
1,130,53,642,642,642,642,642
1,130,54,640,640,640,640,640
1,130,55,640,640,640,640,640
1,130,56,640,640,640,640,640
1,130,57,640,640,640,640,640
1,130,58,640,640,640,640,640
1,130,59,640,640,640,640,640
1,130,60,640,640,640,640,640
1,130,61,640,640,640,640,640
1,130,62,640,640,640,640,640
1,130,63,130,130,130,130,130
1,130,64,130,130,130,130,130
1,130,65,130,130,130,130,130
1,130,66,130,130,130,130,130
1,130,67,130,130,130,130,130
1,130,68,130,130,130,130,130
1,130,69,130,130,130,130,130
1,130,70,130,130,130,130,130
1,130,71,130,130,130,130,130
1,130,72,642,642,642,642,642
1,130,73,642,642,642,642,642
1,130,74,642,642,642,642,642
1,130,75,642,642,642,642,642
1,130,76,642,642,642,642,642
1,130,77,642,642,642,642,642
1,130,78,642,642,642,642,642
1,130,79,642,642,642,642,642
1,130,80,642,642,642,642,642
1,131,0,640,640,640,640,640
1,131,1,640,640,640,640,640
1,131,2,640,640,640,640,640
1,131,3,640,640,640,640,640
1,131,4,640,640,640,640,640
1,131,5,640,640,640,640,640
1,131,6,640,640,640,640,640
1,131,7,640,640,640,640,640
1,131,8,640,640,640,640,640
1,131,9,130,130,130,130,130
1,131,10,130,130,130,130,130
1,131,11,130,130,130,130,130
1,131,12,130,130,130,130,130
1,131,13,130,130,130,130,130
1,131,14,130,130,130,130,130
1,131,15,130,130,130,130,130
1,131,16,130,130,130,130,130
1,131,17,130,130,130,130,130
1,131,18,642,642,642,642,642
1,131,19,642,642,642,642,642
1,131,20,642,642,642,642,642
1,131,21,642,642,642,642,642
1,131,22,642,642,642,642,642
1,131,23,642,642,642,642,642
1,131,24,642,642,642,642,642
1,131,25,642,642,642,642,642
1,131,26,642,642,642,642,642
1,131,27,640,640,640,640,640
1,131,28,640,640,640,640,640
1,131,29,640,640,640,640,640
1,131,30,640,640,640,640,640
1,131,31,640,640,640,640,640
1,131,32,640,640,640,640,640
1,131,33,640,640,640,640,640
1,131,34,640,640,640,640,640
1,131,35,640,640,640,640,640
1,131,36,130,130,130,130,130
1,131,37,130,130,130,130,130
1,131,38,130,130,130,130,130
1,131,39,130,130,130,130,130
1,131,40,130,130,130,130,130
1,131,41,130,130,130,130,130
1,131,42,130,130,130,130,130
1,131,43,130,130,130,130,130
1,131,44,130,130,130,130,130
1,131,45,642,642,642,642,642
1,131,46,642,642,642,642,642
1,131,47,642,642,642,642,642
1,131,48,642,642,642,642,642
1,131,49,642,642,642,642,642
1,131,50,642,642,642,642,642
1,131,51,642,642,642,642,642
1,131,52,642,642,642,642,642
1,131,53,642,642,642,642,642
1,131,54,640,640,640,640,640
1,131,55,640,640,640,640,640
1,131,56,640,640,640,640,640
1,131,57,640,640,640,640,640
1,131,58,640,640,640,640,640
1,131,59,640,640,640,640,640
1,131,60,640,640,640,640,640
1,131,61,640,640,640,640,640
1,131,62,640,640,640,640,640
1,131,63,130,130,130,130,130
1,131,64,130,130,130,130,130
1,131,65,130,130,130,130,130
1,131,66,130,130,130,130,130
1,131,67,130,130,130,130,130
1,131,68,130,130,130,130,130
1,131,69,130,130,130,130,130
1,131,70,130,130,130,130,130
1,131,71,130,130,130,130,130
1,131,72,642,642,642,642,642
1,131,73,642,642,642,642,642
1,131,74,642,642,642,642,642
1,131,75,642,642,642,642,642
1,131,76,642,642,642,642,642
1,131,77,642,642,642,642,642
1,131,78,642,642,642,642,642
1,131,79,642,642,642,642,642
1,131,80,642,642,642,642,642
1,132,0,2176,2176,2176,2176,2176
1,132,1,136,136,136,136,136
1,132,2,2184,2184,2184,2184,2184
1,132,3,2176,2176,2176,2176,2176
1,132,4,136,136,136,136,136
1,132,5,2184,2184,2184,2184,2184
1,132,6,2176,2176,2176,2176,2176
1,132,7,136,136,136,136,136
1,132,8,2184,2184,2184,2184,2184
1,132,9,2176,2176,2176,2176,2176
1,132,10,136,136,136,136,136
1,132,11,2184,2184,2184,2184,2184
1,132,12,2176,2176,2176,2176,2176
1,132,13,136,136,136,136,136
1,132,14,2184,2184,2184,2184,2184
1,132,15,2176,2176,2176,2176,2176
1,132,16,136,136,136,136,136
1,132,17,2184,2184,2184,2184,2184
1,132,18,2176,2176,2176,2176,2176
1,132,19,136,136,136,136,136
1,132,20,2184,2184,2184,2184,2184
1,132,21,2176,2176,2176,2176,2176
1,132,22,136,136,136,136,136
1,132,23,2184,2184,2184,2184,2184
1,132,24,2176,2176,2176,2176,2176
1,132,25,136,136,136,136,136
1,132,26,2184,2184,2184,2184,2184
1,132,27,2176,2176,2176,2176,2176
1,132,28,136,136,136,136,136
1,132,29,2184,2184,2184,2184,2184
1,132,30,2176,2176,2176,2176,2176
1,132,31,136,136,136,136,136
1,132,32,2184,2184,2184,2184,2184
1,132,33,2176,2176,2176,2176,2176
1,132,34,136,136,136,136,136
1,132,35,2184,2184,2184,2184,2184
1,132,36,2176,2176,2176,2176,2176
1,132,37,136,136,136,136,136
1,132,38,2184,2184,2184,2184,2184
1,132,39,2176,2176,2176,2176,2176
1,132,40,136,136,136,136,136
1,132,41,2184,2184,2184,2184,2184
1,132,42,2176,2176,2176,2176,2176
1,132,43,136,136,136,136,136
1,132,44,2184,2184,2184,2184,2184
1,132,45,2176,2176,2176,2176,2176
1,132,46,136,136,136,136,136
1,132,47,2184,2184,2184,2184,2184
1,132,48,2176,2176,2176,2176,2176
1,132,49,136,136,136,136,136
1,132,50,2184,2184,2184,2184,2184
1,132,51,2176,2176,2176,2176,2176
1,132,52,136,136,136,136,136
1,132,53,2184,2184,2184,2184,2184
1,132,54,2176,2176,2176,2176,2176
1,132,55,136,136,136,136,136
1,132,56,2184,2184,2184,2184,2184
1,132,57,2176,2176,2176,2176,2176
1,132,58,136,136,136,136,136
1,132,59,2184,2184,2184,2184,2184
1,132,60,2176,2176,2176,2176,2176
1,132,61,136,136,136,136,136
1,132,62,2184,2184,2184,2184,2184
1,132,63,2176,2176,2176,2176,2176
1,132,64,136,136,136,136,136
1,132,65,2184,2184,2184,2184,2184
1,132,66,2176,2176,2176,2176,2176
1,132,67,136,136,136,136,136
1,132,68,2184,2184,2184,2184,2184
1,132,69,2176,2176,2176,2176,2176
1,132,70,136,136,136,136,136
1,132,71,2184,2184,2184,2184,2184
1,132,72,2176,2176,2176,2176,2176
1,132,73,136,136,136,136,136
1,132,74,2184,2184,2184,2184,2184
1,132,75,2176,2176,2176,2176,2176
1,132,76,136,136,136,136,136
1,132,77,2184,2184,2184,2184,2184
1,132,78,2176,2176,2176,2176,2176
1,132,79,136,136,136,136,136
1,132,80,2184,2184,2184,2184,2184
1,133,0,2688,2688,2688,2688,2688
1,133,1,648,648,648,648,648
1,133,2,2696,2696,2696,2696,2696
1,133,3,2688,2688,2688,2688,2688
1,133,4,648,648,648,648,648
1,133,5,2696,2696,2696,2696,2696
1,133,6,2688,2688,2688,2688,2688
1,133,7,648,648,648,648,648
1,133,8,2696,2696,2696,2696,2696
1,133,9,2178,2178,2178,2178,2178
1,133,10,138,138,138,138,138
1,133,11,2186,2186,2186,2186,2186
1,133,12,2178,2178,2178,2178,2178
1,133,13,138,138,138,138,138
1,133,14,2186,2186,2186,2186,2186
1,133,15,2178,2178,2178,2178,2178
1,133,16,138,138,138,138,138
1,133,17,2186,2186,2186,2186,2186
1,133,18,2690,2690,2690,2690,2690
1,133,19,650,650,650,650,650
1,133,20,2698,2698,2698,2698,2698
1,133,21,2690,2690,2690,2690,2690
1,133,22,650,650,650,650,650
1,133,23,2698,2698,2698,2698,2698
1,133,24,2690,2690,2690,2690,2690
1,133,25,650,650,650,650,650
1,133,26,2698,2698,2698,2698,2698
1,133,27,2688,2688,2688,2688,2688
1,133,28,648,648,648,648,648
1,133,29,2696,2696,2696,2696,2696
1,133,30,2688,2688,2688,2688,2688
1,133,31,648,648,648,648,648
1,133,32,2696,2696,2696,2696,2696
1,133,33,2688,2688,2688,2688,2688
1,133,34,648,648,648,648,648
1,133,35,2696,2696,2696,2696,2696
1,133,36,2178,2178,2178,2178,2178
1,133,37,138,138,138,138,138
1,133,38,2186,2186,2186,2186,2186
1,133,39,2178,2178,2178,2178,2178
1,133,40,138,138,138,138,138
1,133,41,2186,2186,2186,2186,2186
1,133,42,2178,2178,2178,2178,2178
1,133,43,138,138,138,138,138
1,133,44,2186,2186,2186,2186,2186
1,133,45,2690,2690,2690,2690,2690
1,133,46,650,650,650,650,650
1,133,47,2698,2698,2698,2698,2698
1,133,48,2690,2690,2690,2690,2690
1,133,49,650,650,650,650,650
1,133,50,2698,2698,2698,2698,2698
1,133,51,2690,2690,2690,2690,2690
1,133,52,650,650,650,650,650
1,133,53,2698,2698,2698,2698,2698
1,133,54,2688,2688,2688,2688,2688
1,133,55,648,648,648,648,648
1,133,56,2696,2696,2696,2696,2696
1,133,57,2688,2688,2688,2688,2688
1,133,58,648,648,648,648,648
1,133,59,2696,2696,2696,2696,2696
1,133,60,2688,2688,2688,2688,2688
1,133,61,648,648,648,648,648
1,133,62,2696,2696,2696,2696,2696
1,133,63,2178,2178,2178,2178,2178
1,133,64,138,138,138,138,138
1,133,65,2186,2186,2186,2186,2186
1,133,66,2178,2178,2178,2178,2178
1,133,67,138,138,138,138,138
1,133,68,2186,2186,2186,2186,2186
1,133,69,2178,2178,2178,2178,2178
1,133,70,138,138,138,138,138
1,133,71,2186,2186,2186,2186,2186
1,133,72,2690,2690,2690,2690,2690
1,133,73,650,650,650,650,650
1,133,74,2698,2698,2698,2698,2698
1,133,75,2690,2690,2690,2690,2690
1,133,76,650,650,650,650,650
1,133,77,2698,2698,2698,2698,2698
1,133,78,2690,2690,2690,2690,2690
1,133,79,650,650,650,650,650
1,133,80,2698,2698,2698,2698,2698
1,134,0,2688,2688,2688,2688,2688
1,134,1,648,648,648,648,648
1,134,2,2696,2696,2696,2696,2696
1,134,3,2688,2688,2688,2688,2688
1,134,4,648,648,648,648,648
1,134,5,2696,2696,2696,2696,2696
1,134,6,2688,2688,2688,2688,2688
1,134,7,648,648,648,648,648
1,134,8,2696,2696,2696,2696,2696
1,134,9,2178,2178,2178,2178,2178
1,134,10,138,138,138,138,138
1,134,11,2186,2186,2186,2186,2186
1,134,12,2178,2178,2178,2178,2178
1,134,13,138,138,138,138,138
1,134,14,2186,2186,2186,2186,2186
1,134,15,2178,2178,2178,2178,2178
1,134,16,138,138,138,138,138
1,134,17,2186,2186,2186,2186,2186
1,134,18,2690,2690,2690,2690,2690
1,134,19,650,650,650,650,650
1,134,20,2698,2698,2698,2698,2698
1,134,21,2690,2690,2690,2690,2690
1,134,22,650,650,650,650,650
1,134,23,2698,2698,2698,2698,2698
1,134,24,2690,2690,2690,2690,2690
1,134,25,650,650,650,650,650
1,134,26,2698,2698,2698,2698,2698
1,134,27,2688,2688,2688,2688,2688
1,134,28,648,648,648,648,648
1,134,29,2696,2696,2696,2696,2696
1,134,30,2688,2688,2688,2688,2688
1,134,31,648,648,648,648,648
1,134,32,2696,2696,2696,2696,2696
1,134,33,2688,2688,2688,2688,2688
1,134,34,648,648,648,648,648
1,134,35,2696,2696,2696,2696,2696
1,134,36,2178,2178,2178,2178,2178
1,134,37,138,138,138,138,138
1,134,38,2186,2186,2186,2186,2186
1,134,39,2178,2178,2178,2178,2178
1,134,40,138,138,138,138,138
1,134,41,2186,2186,2186,2186,2186
1,134,42,2178,2178,2178,2178,2178
1,134,43,138,138,138,138,138
1,134,44,2186,2186,2186,2186,2186
1,134,45,2690,2690,2690,2690,2690
1,134,46,650,650,650,650,650
1,134,47,2698,2698,2698,2698,2698
1,134,48,2690,2690,2690,2690,2690
1,134,49,650,650,650,650,650
1,134,50,2698,2698,2698,2698,2698
1,134,51,2690,2690,2690,2690,2690
1,134,52,650,650,650,650,650
1,134,53,2698,2698,2698,2698,2698
1,134,54,2688,2688,2688,2688,2688
1,134,55,648,648,648,648,648
1,134,56,2696,2696,2696,2696,2696
1,134,57,2688,2688,2688,2688,2688
1,134,58,648,648,648,648,648
1,134,59,2696,2696,2696,2696,2696
1,134,60,2688,2688,2688,2688,2688
1,134,61,648,648,648,648,648
1,134,62,2696,2696,2696,2696,2696
1,134,63,2178,2178,2178,2178,2178
1,134,64,138,138,138,138,138
1,134,65,2186,2186,2186,2186,2186
1,134,66,2178,2178,2178,2178,2178
1,134,67,138,138,138,138,138
1,134,68,2186,2186,2186,2186,2186
1,134,69,2178,2178,2178,2178,2178
1,134,70,138,138,138,138,138
1,134,71,2186,2186,2186,2186,2186
1,134,72,2690,2690,2690,2690,2690
1,134,73,650,650,650,650,650
1,134,74,2698,2698,2698,2698,2698
1,134,75,2690,2690,2690,2690,2690
1,134,76,650,650,650,650,650
1,134,77,2698,2698,2698,2698,2698
1,134,78,2690,2690,2690,2690,2690
1,134,79,650,650,650,650,650
1,134,80,2698,2698,2698,2698,2698
1,135,0,2688,2688,2688,2688,2688
1,135,1,648,648,648,648,648
1,135,2,2696,2696,2696,2696,2696
1,135,3,2688,2688,2688,2688,2688
1,135,4,648,648,648,648,648
1,135,5,2696,2696,2696,2696,2696
1,135,6,2688,2688,2688,2688,2688
1,135,7,648,648,648,648,648
1,135,8,2696,2696,2696,2696,2696
1,135,9,2178,2178,2178,2178,2178
1,135,10,138,138,138,138,138
1,135,11,2186,2186,2186,2186,2186
1,135,12,2178,2178,2178,2178,2178
1,135,13,138,138,138,138,138
1,135,14,2186,2186,2186,2186,2186
1,135,15,2178,2178,2178,2178,2178
1,135,16,138,138,138,138,138
1,135,17,2186,2186,2186,2186,2186
1,135,18,2690,2690,2690,2690,2690
1,135,19,650,650,650,650,650
1,135,20,2698,2698,2698,2698,2698
1,135,21,2690,2690,2690,2690,2690
1,135,22,650,650,650,650,650
1,135,23,2698,2698,2698,2698,2698
1,135,24,2690,2690,2690,2690,2690
1,135,25,650,650,650,650,650
1,135,26,2698,2698,2698,2698,2698
1,135,27,2688,2688,2688,2688,2688
1,135,28,648,648,648,648,648
1,135,29,2696,2696,2696,2696,2696
1,135,30,2688,2688,2688,2688,2688
1,135,31,648,648,648,648,648
1,135,32,2696,2696,2696,2696,2696
1,135,33,2688,2688,2688,2688,2688
1,135,34,648,648,648,648,648
1,135,35,2696,2696,2696,2696,2696
1,135,36,2178,2178,2178,2178,2178
1,135,37,138,138,138,138,138
1,135,38,2186,2186,2186,2186,2186
1,135,39,2178,2178,2178,2178,2178
1,135,40,138,138,138,138,138
1,135,41,2186,2186,2186,2186,2186
1,135,42,2178,2178,2178,2178,2178
1,135,43,138,138,138,138,138
1,135,44,2186,2186,2186,2186,2186
1,135,45,2690,2690,2690,2690,2690
1,135,46,650,650,650,650,650
1,135,47,2698,2698,2698,2698,2698
1,135,48,2690,2690,2690,2690,2690
1,135,49,650,650,650,650,650
1,135,50,2698,2698,2698,2698,2698
1,135,51,2690,2690,2690,2690,2690
1,135,52,650,650,650,650,650
1,135,53,2698,2698,2698,2698,2698
1,135,54,2688,2688,2688,2688,2688
1,135,55,648,648,648,648,648
1,135,56,2696,2696,2696,2696,2696
1,135,57,2688,2688,2688,2688,2688
1,135,58,648,648,648,648,648
1,135,59,2696,2696,2696,2696,2696
1,135,60,2688,2688,2688,2688,2688
1,135,61,648,648,648,648,648
1,135,62,2696,2696,2696,2696,2696
1,135,63,2178,2178,2178,2178,2178
1,135,64,138,138,138,138,138
1,135,65,2186,2186,2186,2186,2186
1,135,66,2178,2178,2178,2178,2178
1,135,67,138,138,138,138,138
1,135,68,2186,2186,2186,2186,2186
1,135,69,2178,2178,2178,2178,2178
1,135,70,138,138,138,138,138
1,135,71,2186,2186,2186,2186,2186
1,135,72,2690,2690,2690,2690,2690
1,135,73,650,650,650,650,650
1,135,74,2698,2698,2698,2698,2698
1,135,75,2690,2690,2690,2690,2690
1,135,76,650,650,650,650,650
1,135,77,2698,2698,2698,2698,2698
1,135,78,2690,2690,2690,2690,2690
1,135,79,650,650,650,650,650
1,135,80,2698,2698,2698,2698,2698
1,136,0,2176,2176,2176,2176,2176
1,136,1,136,136,136,136,136
1,136,2,2184,2184,2184,2184,2184
1,136,3,2176,2176,2176,2176,2176
1,136,4,136,136,136,136,136
1,136,5,2184,2184,2184,2184,2184
1,136,6,2176,2176,2176,2176,2176
1,136,7,136,136,136,136,136
1,136,8,2184,2184,2184,2184,2184
1,136,9,2176,2176,2176,2176,2176
1,136,10,136,136,136,136,136
1,136,11,2184,2184,2184,2184,2184
1,136,12,2176,2176,2176,2176,2176
1,136,13,136,136,136,136,136
1,136,14,2184,2184,2184,2184,2184
1,136,15,2176,2176,2176,2176,2176
1,136,16,136,136,136,136,136
1,136,17,2184,2184,2184,2184,2184
1,136,18,2176,2176,2176,2176,2176
1,136,19,136,136,136,136,136
1,136,20,2184,2184,2184,2184,2184
1,136,21,2176,2176,2176,2176,2176
1,136,22,136,136,136,136,136
1,136,23,2184,2184,2184,2184,2184
1,136,24,2176,2176,2176,2176,2176
1,136,25,136,136,136,136,136
1,136,26,2184,2184,2184,2184,2184
1,136,27,2176,2176,2176,2176,2176
1,136,28,136,136,136,136,136
1,136,29,2184,2184,2184,2184,2184
1,136,30,2176,2176,2176,2176,2176
1,136,31,136,136,136,136,136
1,136,32,2184,2184,2184,2184,2184
1,136,33,2176,2176,2176,2176,2176
1,136,34,136,136,136,136,136
1,136,35,2184,2184,2184,2184,2184
1,136,36,2176,2176,2176,2176,2176
1,136,37,136,136,136,136,136
1,136,38,2184,2184,2184,2184,2184
1,136,39,2176,2176,2176,2176,2176
1,136,40,136,136,136,136,136
1,136,41,2184,2184,2184,2184,2184
1,136,42,2176,2176,2176,2176,2176
1,136,43,136,136,136,136,136
1,136,44,2184,2184,2184,2184,2184
1,136,45,2176,2176,2176,2176,2176
1,136,46,136,136,136,136,136
1,136,47,2184,2184,2184,2184,2184
1,136,48,2176,2176,2176,2176,2176
1,136,49,136,136,136,136,136
1,136,50,2184,2184,2184,2184,2184
1,136,51,2176,2176,2176,2176,2176
1,136,52,136,136,136,136,136
1,136,53,2184,2184,2184,2184,2184
1,136,54,2176,2176,2176,2176,2176
1,136,55,136,136,136,136,136
1,136,56,2184,2184,2184,2184,2184
1,136,57,2176,2176,2176,2176,2176
1,136,58,136,136,136,136,136
1,136,59,2184,2184,2184,2184,2184
1,136,60,2176,2176,2176,2176,2176
1,136,61,136,136,136,136,136
1,136,62,2184,2184,2184,2184,2184
1,136,63,2176,2176,2176,2176,2176
1,136,64,136,136,136,136,136
1,136,65,2184,2184,2184,2184,2184
1,136,66,2176,2176,2176,2176,2176
1,136,67,136,136,136,136,136
1,136,68,2184,2184,2184,2184,2184
1,136,69,2176,2176,2176,2176,2176
1,136,70,136,136,136,136,136
1,136,71,2184,2184,2184,2184,2184
1,136,72,2176,2176,2176,2176,2176
1,136,73,136,136,136,136,136
1,136,74,2184,2184,2184,2184,2184
1,136,75,2176,2176,2176,2176,2176
1,136,76,136,136,136,136,136
1,136,77,2184,2184,2184,2184,2184
1,136,78,2176,2176,2176,2176,2176
1,136,79,136,136,136,136,136
1,136,80,2184,2184,2184,2184,2184
1,137,0,2688,2688,2688,2688,2688
1,137,1,648,648,648,648,648
1,137,2,2696,2696,2696,2696,2696
1,137,3,2688,2688,2688,2688,2688
1,137,4,648,648,648,648,648
1,137,5,2696,2696,2696,2696,2696
1,137,6,2688,2688,2688,2688,2688
1,137,7,648,648,648,648,648
1,137,8,2696,2696,2696,2696,2696
1,137,9,2178,2178,2178,2178,2178
1,137,10,138,138,138,138,138
1,137,11,2186,2186,2186,2186,2186
1,137,12,2178,2178,2178,2178,2178
1,137,13,138,138,138,138,138
1,137,14,2186,2186,2186,2186,2186
1,137,15,2178,2178,2178,2178,2178
1,137,16,138,138,138,138,138
1,137,17,2186,2186,2186,2186,2186
1,137,18,2690,2690,2690,2690,2690
1,137,19,650,650,650,650,650
1,137,20,2698,2698,2698,2698,2698
1,137,21,2690,2690,2690,2690,2690
1,137,22,650,650,650,650,650
1,137,23,2698,2698,2698,2698,2698
1,137,24,2690,2690,2690,2690,2690
1,137,25,650,650,650,650,650
1,137,26,2698,2698,2698,2698,2698
1,137,27,2688,2688,2688,2688,2688
1,137,28,648,648,648,648,648
1,137,29,2696,2696,2696,2696,2696
1,137,30,2688,2688,2688,2688,2688
1,137,31,648,648,648,648,648
1,137,32,2696,2696,2696,2696,2696
1,137,33,2688,2688,2688,2688,2688
1,137,34,648,648,648,648,648
1,137,35,2696,2696,2696,2696,2696
1,137,36,2178,2178,2178,2178,2178
1,137,37,138,138,138,138,138
1,137,38,2186,2186,2186,2186,2186
1,137,39,2178,2178,2178,2178,2178
1,137,40,138,138,138,138,138
1,137,41,2186,2186,2186,2186,2186
1,137,42,2178,2178,2178,2178,2178
1,137,43,138,138,138,138,138
1,137,44,2186,2186,2186,2186,2186
1,137,45,2690,2690,2690,2690,2690
1,137,46,650,650,650,650,650
1,137,47,2698,2698,2698,2698,2698
1,137,48,2690,2690,2690,2690,2690
1,137,49,650,650,650,650,650
1,137,50,2698,2698,2698,2698,2698
1,137,51,2690,2690,2690,2690,2690
1,137,52,650,650,650,650,650
1,137,53,2698,2698,2698,2698,2698
1,137,54,2688,2688,2688,2688,2688
1,137,55,648,648,648,648,648
1,137,56,2696,2696,2696,2696,2696
1,137,57,2688,2688,2688,2688,2688
1,137,58,648,648,648,648,648
1,137,59,2696,2696,2696,2696,2696
1,137,60,2688,2688,2688,2688,2688
1,137,61,648,648,648,648,648
1,137,62,2696,2696,2696,2696,2696
1,137,63,2178,2178,2178,2178,2178
1,137,64,138,138,138,138,138
1,137,65,2186,2186,2186,2186,2186
1,137,66,2178,2178,2178,2178,2178
1,137,67,138,138,138,138,138
1,137,68,2186,2186,2186,2186,2186
1,137,69,2178,2178,2178,2178,2178
1,137,70,138,138,138,138,138
1,137,71,2186,2186,2186,2186,2186
1,137,72,2690,2690,2690,2690,2690
1,137,73,650,650,650,650,650
1,137,74,2698,2698,2698,2698,2698
1,137,75,2690,2690,2690,2690,2690
1,137,76,650,650,650,650,650
1,137,77,2698,2698,2698,2698,2698
1,137,78,2690,2690,2690,2690,2690
1,137,79,650,650,650,650,650
1,137,80,2698,2698,2698,2698,2698
1,138,0,2688,2688,2688,2688,2688
1,138,1,648,648,648,648,648
1,138,2,2696,2696,2696,2696,2696
1,138,3,2688,2688,2688,2688,2688
1,138,4,648,648,648,648,648
1,138,5,2696,2696,2696,2696,2696
1,138,6,2688,2688,2688,2688,2688
1,138,7,648,648,648,648,648
1,138,8,2696,2696,2696,2696,2696
1,138,9,2178,2178,2178,2178,2178
1,138,10,138,138,138,138,138
1,138,11,2186,2186,2186,2186,2186
1,138,12,2178,2178,2178,2178,2178
1,138,13,138,138,138,138,138
1,138,14,2186,2186,2186,2186,2186
1,138,15,2178,2178,2178,2178,2178
1,138,16,138,138,138,138,138
1,138,17,2186,2186,2186,2186,2186
1,138,18,2690,2690,2690,2690,2690
1,138,19,650,650,650,650,650
1,138,20,2698,2698,2698,2698,2698
1,138,21,2690,2690,2690,2690,2690
1,138,22,650,650,650,650,650
1,138,23,2698,2698,2698,2698,2698
1,138,24,2690,2690,2690,2690,2690
1,138,25,650,650,650,650,650
1,138,26,2698,2698,2698,2698,2698
1,138,27,2688,2688,2688,2688,2688
1,138,28,648,648,648,648,648
1,138,29,2696,2696,2696,2696,2696
1,138,30,2688,2688,2688,2688,2688
1,138,31,648,648,648,648,648
1,138,32,2696,2696,2696,2696,2696
1,138,33,2688,2688,2688,2688,2688
1,138,34,648,648,648,648,648
1,138,35,2696,2696,2696,2696,2696
1,138,36,2178,2178,2178,2178,2178
1,138,37,138,138,138,138,138
1,138,38,2186,2186,2186,2186,2186
1,138,39,2178,2178,2178,2178,2178
1,138,40,138,138,138,138,138
1,138,41,2186,2186,2186,2186,2186
1,138,42,2178,2178,2178,2178,2178
1,138,43,138,138,138,138,138
1,138,44,2186,2186,2186,2186,2186
1,138,45,2690,2690,2690,2690,2690
1,138,46,650,650,650,650,650
1,138,47,2698,2698,2698,2698,2698
1,138,48,2690,2690,2690,2690,2690
1,138,49,650,650,650,650,650
1,138,50,2698,2698,2698,2698,2698
1,138,51,2690,2690,2690,2690,2690
1,138,52,650,650,650,650,650
1,138,53,2698,2698,2698,2698,2698
1,138,54,2688,2688,2688,2688,2688
1,138,55,648,648,648,648,648
1,138,56,2696,2696,2696,2696,2696
1,138,57,2688,2688,2688,2688,2688
1,138,58,648,648,648,648,648
1,138,59,2696,2696,2696,2696,2696
1,138,60,2688,2688,2688,2688,2688
1,138,61,648,648,648,648,648
1,138,62,2696,2696,2696,2696,2696
1,138,63,2178,2178,2178,2178,2178
1,138,64,138,138,138,138,138
1,138,65,2186,2186,2186,2186,2186
1,138,66,2178,2178,2178,2178,2178
1,138,67,138,138,138,138,138
1,138,68,2186,2186,2186,2186,2186
1,138,69,2178,2178,2178,2178,2178
1,138,70,138,138,138,138,138
1,138,71,2186,2186,2186,2186,2186
1,138,72,2690,2690,2690,2690,2690
1,138,73,650,650,650,650,650
1,138,74,2698,2698,2698,2698,2698
1,138,75,2690,2690,2690,2690,2690
1,138,76,650,650,650,650,650
1,138,77,2698,2698,2698,2698,2698
1,138,78,2690,2690,2690,2690,2690
1,138,79,650,650,650,650,650
1,138,80,2698,2698,2698,2698,2698
1,139,0,2688,2688,2688,2688,2688
1,139,1,648,648,648,648,648
1,139,2,2696,2696,2696,2696,2696
1,139,3,2688,2688,2688,2688,2688
1,139,4,648,648,648,648,648
1,139,5,2696,2696,2696,2696,2696
1,139,6,2688,2688,2688,2688,2688
1,139,7,648,648,648,648,648
1,139,8,2696,2696,2696,2696,2696
1,139,9,2178,2178,2178,2178,2178
1,139,10,138,138,138,138,138
1,139,11,2186,2186,2186,2186,2186
1,139,12,2178,2178,2178,2178,2178
1,139,13,138,138,138,138,138
1,139,14,2186,2186,2186,2186,2186
1,139,15,2178,2178,2178,2178,2178
1,139,16,138,138,138,138,138
1,139,17,2186,2186,2186,2186,2186
1,139,18,2690,2690,2690,2690,2690
1,139,19,650,650,650,650,650
1,139,20,2698,2698,2698,2698,2698
1,139,21,2690,2690,2690,2690,2690
1,139,22,650,650,650,650,650
1,139,23,2698,2698,2698,2698,2698
1,139,24,2690,2690,2690,2690,2690
1,139,25,650,650,650,650,650
1,139,26,2698,2698,2698,2698,2698
1,139,27,2688,2688,2688,2688,2688
1,139,28,648,648,648,648,648
1,139,29,2696,2696,2696,2696,2696
1,139,30,2688,2688,2688,2688,2688
1,139,31,648,648,648,648,648
1,139,32,2696,2696,2696,2696,2696
1,139,33,2688,2688,2688,2688,2688
1,139,34,648,648,648,648,648
1,139,35,2696,2696,2696,2696,2696
1,139,36,2178,2178,2178,2178,2178
1,139,37,138,138,138,138,138
1,139,38,2186,2186,2186,2186,2186
1,139,39,2178,2178,2178,2178,2178
1,139,40,138,138,138,138,138
1,139,41,2186,2186,2186,2186,2186
1,139,42,2178,2178,2178,2178,2178
1,139,43,138,138,138,138,138
1,139,44,2186,2186,2186,2186,2186
1,139,45,2690,2690,2690,2690,2690
1,139,46,650,650,650,650,650
1,139,47,2698,2698,2698,2698,2698
1,139,48,2690,2690,2690,2690,2690
1,139,49,650,650,650,650,650
1,139,50,2698,2698,2698,2698,2698
1,139,51,2690,2690,2690,2690,2690
1,139,52,650,650,650,650,650
1,139,53,2698,2698,2698,2698,2698
1,139,54,2688,2688,2688,2688,2688
1,139,55,648,648,648,648,648
1,139,56,2696,2696,2696,2696,2696
1,139,57,2688,2688,2688,2688,2688
1,139,58,648,648,648,648,648
1,139,59,2696,2696,2696,2696,2696
1,139,60,2688,2688,2688,2688,2688
1,139,61,648,648,648,648,648
1,139,62,2696,2696,2696,2696,2696
1,139,63,2178,2178,2178,2178,2178
1,139,64,138,138,138,138,138
1,139,65,2186,2186,2186,2186,2186
1,139,66,2178,2178,2178,2178,2178
1,139,67,138,138,138,138,138
1,139,68,2186,2186,2186,2186,2186
1,139,69,2178,2178,2178,2178,2178
1,139,70,138,138,138,138,138
1,139,71,2186,2186,2186,2186,2186
1,139,72,2690,2690,2690,2690,2690
1,139,73,650,650,650,650,650
1,139,74,2698,2698,2698,2698,2698
1,139,75,2690,2690,2690,2690,2690
1,139,76,650,650,650,650,650
1,139,77,2698,2698,2698,2698,2698
1,139,78,2690,2690,2690,2690,2690
1,139,79,650,650,650,650,650
1,139,80,2698,2698,2698,2698,2698
1,140,0,2176,2176,2176,2176,2176
1,140,1,136,136,136,136,136
1,140,2,2184,2184,2184,2184,2184
1,140,3,2176,2176,2176,2176,2176
1,140,4,136,136,136,136,136
1,140,5,2184,2184,2184,2184,2184
1,140,6,2176,2176,2176,2176,2176
1,140,7,136,136,136,136,136
1,140,8,2184,2184,2184,2184,2184
1,140,9,2176,2176,2176,2176,2176
1,140,10,136,136,136,136,136
1,140,11,2184,2184,2184,2184,2184
1,140,12,2176,2176,2176,2176,2176
1,140,13,136,136,136,136,136
1,140,14,2184,2184,2184,2184,2184
1,140,15,2176,2176,2176,2176,2176
1,140,16,136,136,136,136,136
1,140,17,2184,2184,2184,2184,2184
1,140,18,2176,2176,2176,2176,2176
1,140,19,136,136,136,136,136
1,140,20,2184,2184,2184,2184,2184
1,140,21,2176,2176,2176,2176,2176
1,140,22,136,136,136,136,136
1,140,23,2184,2184,2184,2184,2184
1,140,24,2176,2176,2176,2176,2176
1,140,25,136,136,136,136,136
1,140,26,2184,2184,2184,2184,2184
1,140,27,2176,2176,2176,2176,2176
1,140,28,136,136,136,136,136
1,140,29,2184,2184,2184,2184,2184
1,140,30,2176,2176,2176,2176,2176
1,140,31,136,136,136,136,136
1,140,32,2184,2184,2184,2184,2184
1,140,33,2176,2176,2176,2176,2176
1,140,34,136,136,136,136,136
1,140,35,2184,2184,2184,2184,2184
1,140,36,2176,2176,2176,2176,2176
1,140,37,136,136,136,136,136
1,140,38,2184,2184,2184,2184,2184
1,140,39,2176,2176,2176,2176,2176
1,140,40,136,136,136,136,136
1,140,41,2184,2184,2184,2184,2184
1,140,42,2176,2176,2176,2176,2176
1,140,43,136,136,136,136,136
1,140,44,2184,2184,2184,2184,2184
1,140,45,2176,2176,2176,2176,2176
1,140,46,136,136,136,136,136
1,140,47,2184,2184,2184,2184,2184
1,140,48,2176,2176,2176,2176,2176
1,140,49,136,136,136,136,136
1,140,50,2184,2184,2184,2184,2184
1,140,51,2176,2176,2176,2176,2176
1,140,52,136,136,136,136,136
1,140,53,2184,2184,2184,2184,2184
1,140,54,2176,2176,2176,2176,2176
1,140,55,136,136,136,136,136
1,140,56,2184,2184,2184,2184,2184
1,140,57,2176,2176,2176,2176,2176
1,140,58,136,136,136,136,136
1,140,59,2184,2184,2184,2184,2184
1,140,60,2176,2176,2176,2176,2176
1,140,61,136,136,136,136,136
1,140,62,2184,2184,2184,2184,2184
1,140,63,2176,2176,2176,2176,2176
1,140,64,136,136,136,136,136
1,140,65,2184,2184,2184,2184,2184
1,140,66,2176,2176,2176,2176,2176
1,140,67,136,136,136,136,136
1,140,68,2184,2184,2184,2184,2184
1,140,69,2176,2176,2176,2176,2176
1,140,70,136,136,136,136,136
1,140,71,2184,2184,2184,2184,2184
1,140,72,2176,2176,2176,2176,2176
1,140,73,136,136,136,136,136
1,140,74,2184,2184,2184,2184,2184
1,140,75,2176,2176,2176,2176,2176
1,140,76,136,136,136,136,136
1,140,77,2184,2184,2184,2184,2184
1,140,78,2176,2176,2176,2176,2176
1,140,79,136,136,136,136,136
1,140,80,2184,2184,2184,2184,2184
1,141,0,2688,2688,2688,2688,2688
1,141,1,648,648,648,648,648
1,141,2,2696,2696,2696,2696,2696
1,141,3,2688,2688,2688,2688,2688
1,141,4,648,648,648,648,648
1,141,5,2696,2696,2696,2696,2696
1,141,6,2688,2688,2688,2688,2688
1,141,7,648,648,648,648,648
1,141,8,2696,2696,2696,2696,2696
1,141,9,2178,2178,2178,2178,2178
1,141,10,138,138,138,138,138
1,141,11,2186,2186,2186,2186,2186
1,141,12,2178,2178,2178,2178,2178
1,141,13,138,138,138,138,138
1,141,14,2186,2186,2186,2186,2186
1,141,15,2178,2178,2178,2178,2178
1,141,16,138,138,138,138,138
1,141,17,2186,2186,2186,2186,2186
1,141,18,2690,2690,2690,2690,2690
1,141,19,650,650,650,650,650
1,141,20,2698,2698,2698,2698,2698
1,141,21,2690,2690,2690,2690,2690
1,141,22,650,650,650,650,650
1,141,23,2698,2698,2698,2698,2698
1,141,24,2690,2690,2690,2690,2690
1,141,25,650,650,650,650,650
1,141,26,2698,2698,2698,2698,2698
1,141,27,2688,2688,2688,2688,2688
1,141,28,648,648,648,648,648
1,141,29,2696,2696,2696,2696,2696
1,141,30,2688,2688,2688,2688,2688
1,141,31,648,648,648,648,648
1,141,32,2696,2696,2696,2696,2696
1,141,33,2688,2688,2688,2688,2688
1,141,34,648,648,648,648,648
1,141,35,2696,2696,2696,2696,2696
1,141,36,2178,2178,2178,2178,2178
1,141,37,138,138,138,138,138
1,141,38,2186,2186,2186,2186,2186
1,141,39,2178,2178,2178,2178,2178
1,141,40,138,138,138,138,138
1,141,41,2186,2186,2186,2186,2186
1,141,42,2178,2178,2178,2178,2178
1,141,43,138,138,138,138,138
1,141,44,2186,2186,2186,2186,2186
1,141,45,2690,2690,2690,2690,2690
1,141,46,650,650,650,650,650
1,141,47,2698,2698,2698,2698,2698
1,141,48,2690,2690,2690,2690,2690
1,141,49,650,650,650,650,650
1,141,50,2698,2698,2698,2698,2698
1,141,51,2690,2690,2690,2690,2690
1,141,52,650,650,650,650,650
1,141,53,2698,2698,2698,2698,2698
1,141,54,2688,2688,2688,2688,2688
1,141,55,648,648,648,648,648
1,141,56,2696,2696,2696,2696,2696
1,141,57,2688,2688,2688,2688,2688
1,141,58,648,648,648,648,648
1,141,59,2696,2696,2696,2696,2696
1,141,60,2688,2688,2688,2688,2688
1,141,61,648,648,648,648,648
1,141,62,2696,2696,2696,2696,2696
1,141,63,2178,2178,2178,2178,2178
1,141,64,138,138,138,138,138
1,141,65,2186,2186,2186,2186,2186
1,141,66,2178,2178,2178,2178,2178
1,141,67,138,138,138,138,138
1,141,68,2186,2186,2186,2186,2186
1,141,69,2178,2178,2178,2178,2178
1,141,70,138,138,138,138,138
1,141,71,2186,2186,2186,2186,2186
1,141,72,2690,2690,2690,2690,2690
1,141,73,650,650,650,650,650
1,141,74,2698,2698,2698,2698,2698
1,141,75,2690,2690,2690,2690,2690
1,141,76,650,650,650,650,650
1,141,77,2698,2698,2698,2698,2698
1,141,78,2690,2690,2690,2690,2690
1,141,79,650,650,650,650,650
1,141,80,2698,2698,2698,2698,2698
1,142,0,2688,2688,2688,2688,2688
1,142,1,648,648,648,648,648
1,142,2,2696,2696,2696,2696,2696
1,142,3,2688,2688,2688,2688,2688
1,142,4,648,648,648,648,648
1,142,5,2696,2696,2696,2696,2696
1,142,6,2688,2688,2688,2688,2688
1,142,7,648,648,648,648,648
1,142,8,2696,2696,2696,2696,2696
1,142,9,2178,2178,2178,2178,2178
1,142,10,138,138,138,138,138
1,142,11,2186,2186,2186,2186,2186
1,142,12,2178,2178,2178,2178,2178
1,142,13,138,138,138,138,138
1,142,14,2186,2186,2186,2186,2186
1,142,15,2178,2178,2178,2178,2178
1,142,16,138,138,138,138,138
1,142,17,2186,2186,2186,2186,2186
1,142,18,2690,2690,2690,2690,2690
1,142,19,650,650,650,650,650
1,142,20,2698,2698,2698,2698,2698
1,142,21,2690,2690,2690,2690,2690
1,142,22,650,650,650,650,650
1,142,23,2698,2698,2698,2698,2698
1,142,24,2690,2690,2690,2690,2690
1,142,25,650,650,650,650,650
1,142,26,2698,2698,2698,2698,2698
1,142,27,2688,2688,2688,2688,2688
1,142,28,648,648,648,648,648
1,142,29,2696,2696,2696,2696,2696
1,142,30,2688,2688,2688,2688,2688
1,142,31,648,648,648,648,648
1,142,32,2696,2696,2696,2696,2696
1,142,33,2688,2688,2688,2688,2688
1,142,34,648,648,648,648,648
1,142,35,2696,2696,2696,2696,2696
1,142,36,2178,2178,2178,2178,2178
1,142,37,138,138,138,138,138
1,142,38,2186,2186,2186,2186,2186
1,142,39,2178,2178,2178,2178,2178
1,142,40,138,138,138,138,138
1,142,41,2186,2186,2186,2186,2186
1,142,42,2178,2178,2178,2178,2178
1,142,43,138,138,138,138,138
1,142,44,2186,2186,2186,2186,2186
1,142,45,2690,2690,2690,2690,2690
1,142,46,650,650,650,650,650
1,142,47,2698,2698,2698,2698,2698
1,142,48,2690,2690,2690,2690,2690
1,142,49,650,650,650,650,650
1,142,50,2698,2698,2698,2698,2698
1,142,51,2690,2690,2690,2690,2690
1,142,52,650,650,650,650,650
1,142,53,2698,2698,2698,2698,2698
1,142,54,2688,2688,2688,2688,2688
1,142,55,648,648,648,648,648
1,142,56,2696,2696,2696,2696,2696
1,142,57,2688,2688,2688,2688,2688
1,142,58,648,648,648,648,648
1,142,59,2696,2696,2696,2696,2696
1,142,60,2688,2688,2688,2688,2688
1,142,61,648,648,648,648,648
1,142,62,2696,2696,2696,2696,2696
1,142,63,2178,2178,2178,2178,2178
1,142,64,138,138,138,138,138
1,142,65,2186,2186,2186,2186,2186
1,142,66,2178,2178,2178,2178,2178
1,142,67,138,138,138,138,138
1,142,68,2186,2186,2186,2186,2186
1,142,69,2178,2178,2178,2178,2178
1,142,70,138,138,138,138,138
1,142,71,2186,2186,2186,2186,2186
1,142,72,2690,2690,2690,2690,2690
1,142,73,650,650,650,650,650
1,142,74,2698,2698,2698,2698,2698
1,142,75,2690,2690,2690,2690,2690
1,142,76,650,650,650,650,650
1,142,77,2698,2698,2698,2698,2698
1,142,78,2690,2690,2690,2690,2690
1,142,79,650,650,650,650,650
1,142,80,2698,2698,2698,2698,2698
1,143,0,2688,2688,2688,2688,2688
1,143,1,648,648,648,648,648
1,143,2,2696,2696,2696,2696,2696
1,143,3,2688,2688,2688,2688,2688
1,143,4,648,648,648,648,648
1,143,5,2696,2696,2696,2696,2696
1,143,6,2688,2688,2688,2688,2688
1,143,7,648,648,648,648,648
1,143,8,2696,2696,2696,2696,2696
1,143,9,2178,2178,2178,2178,2178
1,143,10,138,138,138,138,138
1,143,11,2186,2186,2186,2186,2186
1,143,12,2178,2178,2178,2178,2178
1,143,13,138,138,138,138,138
1,143,14,2186,2186,2186,2186,2186
1,143,15,2178,2178,2178,2178,2178
1,143,16,138,138,138,138,138
1,143,17,2186,2186,2186,2186,2186
1,143,18,2690,2690,2690,2690,2690
1,143,19,650,650,650,650,650
1,143,20,2698,2698,2698,2698,2698
1,143,21,2690,2690,2690,2690,2690
1,143,22,650,650,650,650,650
1,143,23,2698,2698,2698,2698,2698
1,143,24,2690,2690,2690,2690,2690
1,143,25,650,650,650,650,650
1,143,26,2698,2698,2698,2698,2698
1,143,27,2688,2688,2688,2688,2688
1,143,28,648,648,648,648,648
1,143,29,2696,2696,2696,2696,2696
1,143,30,2688,2688,2688,2688,2688
1,143,31,648,648,648,648,648
1,143,32,2696,2696,2696,2696,2696
1,143,33,2688,2688,2688,2688,2688
1,143,34,648,648,648,648,648
1,143,35,2696,2696,2696,2696,2696
1,143,36,2178,2178,2178,2178,2178
1,143,37,138,138,138,138,138
1,143,38,2186,2186,2186,2186,2186
1,143,39,2178,2178,2178,2178,2178
1,143,40,138,138,138,138,138
1,143,41,2186,2186,2186,2186,2186
1,143,42,2178,2178,2178,2178,2178
1,143,43,138,138,138,138,138
1,143,44,2186,2186,2186,2186,2186
1,143,45,2690,2690,2690,2690,2690
1,143,46,650,650,650,650,650
1,143,47,2698,2698,2698,2698,2698
1,143,48,2690,2690,2690,2690,2690
1,143,49,650,650,650,650,650
1,143,50,2698,2698,2698,2698,2698
1,143,51,2690,2690,2690,2690,2690
1,143,52,650,650,650,650,650
1,143,53,2698,2698,2698,2698,2698
1,143,54,2688,2688,2688,2688,2688
1,143,55,648,648,648,648,648
1,143,56,2696,2696,2696,2696,2696
1,143,57,2688,2688,2688,2688,2688
1,143,58,648,648,648,648,648
1,143,59,2696,2696,2696,2696,2696
1,143,60,2688,2688,2688,2688,2688
1,143,61,648,648,648,648,648
1,143,62,2696,2696,2696,2696,2696
1,143,63,2178,2178,2178,2178,2178
1,143,64,138,138,138,138,138
1,143,65,2186,2186,2186,2186,2186
1,143,66,2178,2178,2178,2178,2178
1,143,67,138,138,138,138,138
1,143,68,2186,2186,2186,2186,2186
1,143,69,2178,2178,2178,2178,2178
1,143,70,138,138,138,138,138
1,143,71,2186,2186,2186,2186,2186
1,143,72,2690,2690,2690,2690,2690
1,143,73,650,650,650,650,650
1,143,74,2698,2698,2698,2698,2698
1,143,75,2690,2690,2690,2690,2690
1,143,76,650,650,650,650,650
1,143,77,2698,2698,2698,2698,2698
1,143,78,2690,2690,2690,2690,2690
1,143,79,650,650,650,650,650
1,143,80,2698,2698,2698,2698,2698
1,144,0,160,160,160,160,160
1,144,1,160,160,160,160,160
1,144,2,160,160,160,160,160
1,144,3,160,160,160,160,160
1,144,4,160,160,160,160,160
1,144,5,160,160,160,160,160
1,144,6,160,160,160,160,160
1,144,7,160,160,160,160,160
1,144,8,160,160,160,160,160
1,144,9,160,160,160,160,160
1,144,10,160,160,160,160,160
1,144,11,160,160,160,160,160
1,144,12,160,160,160,160,160
1,144,13,160,160,160,160,160
1,144,14,160,160,160,160,160
1,144,15,160,160,160,160,160
1,144,16,160,160,160,160,160
1,144,17,160,160,160,160,160
1,144,18,160,160,160,160,160
1,144,19,160,160,160,160,160
1,144,20,160,160,160,160,160
1,144,21,160,160,160,160,160
1,144,22,160,160,160,160,160
1,144,23,160,160,160,160,160
1,144,24,160,160,160,160,160
1,144,25,160,160,160,160,160
1,144,26,160,160,160,160,160
1,144,27,160,160,160,160,160
1,144,28,160,160,160,160,160
1,144,29,160,160,160,160,160
1,144,30,160,160,160,160,160
1,144,31,160,160,160,160,160
1,144,32,160,160,160,160,160
1,144,33,160,160,160,160,160
1,144,34,160,160,160,160,160
1,144,35,160,160,160,160,160
1,144,36,160,160,160,160,160
1,144,37,160,160,160,160,160
1,144,38,160,160,160,160,160
1,144,39,160,160,160,160,160
1,144,40,160,160,160,160,160
1,144,41,160,160,160,160,160
1,144,42,160,160,160,160,160
1,144,43,160,160,160,160,160
1,144,44,160,160,160,160,160
1,144,45,160,160,160,160,160
1,144,46,160,160,160,160,160
1,144,47,160,160,160,160,160
1,144,48,160,160,160,160,160
1,144,49,160,160,160,160,160
1,144,50,160,160,160,160,160
1,144,51,160,160,160,160,160
1,144,52,160,160,160,160,160
1,144,53,160,160,160,160,160
1,144,54,160,160,160,160,160
1,144,55,160,160,160,160,160
1,144,56,160,160,160,160,160
1,144,57,160,160,160,160,160
1,144,58,160,160,160,160,160
1,144,59,160,160,160,160,160
1,144,60,160,160,160,160,160
1,144,61,160,160,160,160,160
1,144,62,160,160,160,160,160
1,144,63,160,160,160,160,160
1,144,64,160,160,160,160,160
1,144,65,160,160,160,160,160
1,144,66,160,160,160,160,160
1,144,67,160,160,160,160,160
1,144,68,160,160,160,160,160
1,144,69,160,160,160,160,160
1,144,70,160,160,160,160,160
1,144,71,160,160,160,160,160
1,144,72,160,160,160,160,160
1,144,73,160,160,160,160,160
1,144,74,160,160,160,160,160
1,144,75,160,160,160,160,160
1,144,76,160,160,160,160,160
1,144,77,160,160,160,160,160
1,144,78,160,160,160,160,160
1,144,79,160,160,160,160,160
1,144,80,160,160,160,160,160
1,145,0,672,672,672,672,672
1,145,1,672,672,672,672,672
1,145,2,672,672,672,672,672
1,145,3,672,672,672,672,672
1,145,4,672,672,672,672,672
1,145,5,672,672,672,672,672
1,145,6,672,672,672,672,672
1,145,7,672,672,672,672,672
1,145,8,672,672,672,672,672
1,145,9,162,162,162,162,162
1,145,10,162,162,162,162,162
1,145,11,162,162,162,162,162
1,145,12,162,162,162,162,162
1,145,13,162,162,162,162,162
1,145,14,162,162,162,162,162
1,145,15,162,162,162,162,162
1,145,16,162,162,162,162,162
1,145,17,162,162,162,162,162
1,145,18,674,674,674,674,674
1,145,19,674,674,674,674,674
1,145,20,674,674,674,674,674
1,145,21,674,674,674,674,674
1,145,22,674,674,674,674,674
1,145,23,674,674,674,674,674
1,145,24,674,674,674,674,674
1,145,25,674,674,674,674,674
1,145,26,674,674,674,674,674
1,145,27,672,672,672,672,672
1,145,28,672,672,672,672,672
1,145,29,672,672,672,672,672
1,145,30,672,672,672,672,672
1,145,31,672,672,672,672,672
1,145,32,672,672,672,672,672
1,145,33,672,672,672,672,672
1,145,34,672,672,672,672,672
1,145,35,672,672,672,672,672
1,145,36,162,162,162,162,162
1,145,37,162,162,162,162,162
1,145,38,162,162,162,162,162
1,145,39,162,162,162,162,162
1,145,40,162,162,162,162,162
1,145,41,162,162,162,162,162
1,145,42,162,162,162,162,162
1,145,43,162,162,162,162,162
1,145,44,162,162,162,162,162
1,145,45,674,674,674,674,674
1,145,46,674,674,674,674,674
1,145,47,674,674,674,674,674
1,145,48,674,674,674,674,674
1,145,49,674,674,674,674,674
1,145,50,674,674,674,674,674
1,145,51,674,674,674,674,674
1,145,52,674,674,674,674,674
1,145,53,674,674,674,674,674
1,145,54,672,672,672,672,672
1,145,55,672,672,672,672,672
1,145,56,672,672,672,672,672
1,145,57,672,672,672,672,672
1,145,58,672,672,672,672,672
1,145,59,672,672,672,672,672
1,145,60,672,672,672,672,672
1,145,61,672,672,672,672,672
1,145,62,672,672,672,672,672
1,145,63,162,162,162,162,162
1,145,64,162,162,162,162,162
1,145,65,162,162,162,162,162
1,145,66,162,162,162,162,162
1,145,67,162,162,162,162,162
1,145,68,162,162,162,162,162
1,145,69,162,162,162,162,162
1,145,70,162,162,162,162,162
1,145,71,162,162,162,162,162
1,145,72,674,674,674,674,674
1,145,73,674,674,674,674,674
1,145,74,674,674,674,674,674
1,145,75,674,674,674,674,674
1,145,76,674,674,674,674,674
1,145,77,674,674,674,674,674
1,145,78,674,674,674,674,674
1,145,79,674,674,674,674,674
1,145,80,674,674,674,674,674
1,146,0,672,672,672,672,672
1,146,1,672,672,672,672,672
1,146,2,672,672,672,672,672
1,146,3,672,672,672,672,672
1,146,4,672,672,672,672,672
1,146,5,672,672,672,672,672
1,146,6,672,672,672,672,672
1,146,7,672,672,672,672,672
1,146,8,672,672,672,672,672
1,146,9,162,162,162,162,162
1,146,10,162,162,162,162,162
1,146,11,162,162,162,162,162
1,146,12,162,162,162,162,162
1,146,13,162,162,162,162,162
1,146,14,162,162,162,162,162
1,146,15,162,162,162,162,162
1,146,16,162,162,162,162,162
1,146,17,162,162,162,162,162
1,146,18,674,674,674,674,674
1,146,19,674,674,674,674,674
1,146,20,674,674,674,674,674
1,146,21,674,674,674,674,674
1,146,22,674,674,674,674,674
1,146,23,674,674,674,674,674
1,146,24,674,674,674,674,674
1,146,25,674,674,674,674,674
1,146,26,674,674,674,674,674
1,146,27,672,672,672,672,672
1,146,28,672,672,672,672,672
1,146,29,672,672,672,672,672
1,146,30,672,672,672,672,672
1,146,31,672,672,672,672,672
1,146,32,672,672,672,672,672
1,146,33,672,672,672,672,672
1,146,34,672,672,672,672,672
1,146,35,672,672,672,672,672
1,146,36,162,162,162,162,162
1,146,37,162,162,162,162,162
1,146,38,162,162,162,162,162
1,146,39,162,162,162,162,162
1,146,40,162,162,162,162,162
1,146,41,162,162,162,162,162
1,146,42,162,162,162,162,162
1,146,43,162,162,162,162,162
1,146,44,162,162,162,162,162
1,146,45,674,674,674,674,674
1,146,46,674,674,674,674,674
1,146,47,674,674,674,674,674
1,146,48,674,674,674,674,674
1,146,49,674,674,674,674,674
1,146,50,674,674,674,674,674
1,146,51,674,674,674,674,674
1,146,52,674,674,674,674,674
1,146,53,674,674,674,674,674
1,146,54,672,672,672,672,672
1,146,55,672,672,672,672,672
1,146,56,672,672,672,672,672
1,146,57,672,672,672,672,672
1,146,58,672,672,672,672,672
1,146,59,672,672,672,672,672
1,146,60,672,672,672,672,672
1,146,61,672,672,672,672,672
1,146,62,672,672,672,672,672
1,146,63,162,162,162,162,162
1,146,64,162,162,162,162,162
1,146,65,162,162,162,162,162
1,146,66,162,162,162,162,162
1,146,67,162,162,162,162,162
1,146,68,162,162,162,162,162
1,146,69,162,162,162,162,162
1,146,70,162,162,162,162,162
1,146,71,162,162,162,162,162
1,146,72,674,674,674,674,674
1,146,73,674,674,674,674,674
1,146,74,674,674,674,674,674
1,146,75,674,674,674,674,674
1,146,76,674,674,674,674,674
1,146,77,674,674,674,674,674
1,146,78,674,674,674,674,674
1,146,79,674,674,674,674,674
1,146,80,674,674,674,674,674
1,147,0,672,672,672,672,672
1,147,1,672,672,672,672,672
1,147,2,672,672,672,672,672
1,147,3,672,672,672,672,672
1,147,4,672,672,672,672,672
1,147,5,672,672,672,672,672
1,147,6,672,672,672,672,672
1,147,7,672,672,672,672,672
1,147,8,672,672,672,672,672
1,147,9,162,162,162,162,162
1,147,10,162,162,162,162,162
1,147,11,162,162,162,162,162
1,147,12,162,162,162,162,162
1,147,13,162,162,162,162,162
1,147,14,162,162,162,162,162
1,147,15,162,162,162,162,162
1,147,16,162,162,162,162,162
1,147,17,162,162,162,162,162
1,147,18,674,674,674,674,674
1,147,19,674,674,674,674,674
1,147,20,674,674,674,674,674
1,147,21,674,674,674,674,674
1,147,22,674,674,674,674,674
1,147,23,674,674,674,674,674
1,147,24,674,674,674,674,674
1,147,25,674,674,674,674,674
1,147,26,674,674,674,674,674
1,147,27,672,672,672,672,672
1,147,28,672,672,672,672,672
1,147,29,672,672,672,672,672
1,147,30,672,672,672,672,672
1,147,31,672,672,672,672,672
1,147,32,672,672,672,672,672
1,147,33,672,672,672,672,672
1,147,34,672,672,672,672,672
1,147,35,672,672,672,672,672
1,147,36,162,162,162,162,162
1,147,37,162,162,162,162,162
1,147,38,162,162,162,162,162
1,147,39,162,162,162,162,162
1,147,40,162,162,162,162,162
1,147,41,162,162,162,162,162
1,147,42,162,162,162,162,162
1,147,43,162,162,162,162,162
1,147,44,162,162,162,162,162
1,147,45,674,674,674,674,674
1,147,46,674,674,674,674,674
1,147,47,674,674,674,674,674
1,147,48,674,674,674,674,674
1,147,49,674,674,674,674,674
1,147,50,674,674,674,674,674
1,147,51,674,674,674,674,674
1,147,52,674,674,674,674,674
1,147,53,674,674,674,674,674
1,147,54,672,672,672,672,672
1,147,55,672,672,672,672,672
1,147,56,672,672,672,672,672
1,147,57,672,672,672,672,672
1,147,58,672,672,672,672,672
1,147,59,672,672,672,672,672
1,147,60,672,672,672,672,672
1,147,61,672,672,672,672,672
1,147,62,672,672,672,672,672
1,147,63,162,162,162,162,162
1,147,64,162,162,162,162,162
1,147,65,162,162,162,162,162
1,147,66,162,162,162,162,162
1,147,67,162,162,162,162,162
1,147,68,162,162,162,162,162
1,147,69,162,162,162,162,162
1,147,70,162,162,162,162,162
1,147,71,162,162,162,162,162
1,147,72,674,674,674,674,674
1,147,73,674,674,674,674,674
1,147,74,674,674,674,674,674
1,147,75,674,674,674,674,674
1,147,76,674,674,674,674,674
1,147,77,674,674,674,674,674
1,147,78,674,674,674,674,674
1,147,79,674,674,674,674,674
1,147,80,674,674,674,674,674
1,148,0,2208,2208,2208,2208,2208
1,148,1,168,168,168,168,168
1,148,2,2216,2216,2216,2216,2216
1,148,3,2208,2208,2208,2208,2208
1,148,4,168,168,168,168,168
1,148,5,2216,2216,2216,2216,2216
1,148,6,2208,2208,2208,2208,2208
1,148,7,168,168,168,168,168
1,148,8,2216,2216,2216,2216,2216
1,148,9,2208,2208,2208,2208,2208
1,148,10,168,168,168,168,168
1,148,11,2216,2216,2216,2216,2216
1,148,12,2208,2208,2208,2208,2208
1,148,13,168,168,168,168,168
1,148,14,2216,2216,2216,2216,2216
1,148,15,2208,2208,2208,2208,2208
1,148,16,168,168,168,168,168
1,148,17,2216,2216,2216,2216,2216
1,148,18,2208,2208,2208,2208,2208
1,148,19,168,168,168,168,168
1,148,20,2216,2216,2216,2216,2216
1,148,21,2208,2208,2208,2208,2208
1,148,22,168,168,168,168,168
1,148,23,2216,2216,2216,2216,2216
1,148,24,2208,2208,2208,2208,2208
1,148,25,168,168,168,168,168
1,148,26,2216,2216,2216,2216,2216
1,148,27,2208,2208,2208,2208,2208
1,148,28,168,168,168,168,168
1,148,29,2216,2216,2216,2216,2216
1,148,30,2208,2208,2208,2208,2208
1,148,31,168,168,168,168,168
1,148,32,2216,2216,2216,2216,2216
1,148,33,2208,2208,2208,2208,2208
1,148,34,168,168,168,168,168
1,148,35,2216,2216,2216,2216,2216
1,148,36,2208,2208,2208,2208,2208
1,148,37,168,168,168,168,168
1,148,38,2216,2216,2216,2216,2216
1,148,39,2208,2208,2208,2208,2208
1,148,40,168,168,168,168,168
1,148,41,2216,2216,2216,2216,2216
1,148,42,2208,2208,2208,2208,2208
1,148,43,168,168,168,168,168
1,148,44,2216,2216,2216,2216,2216
1,148,45,2208,2208,2208,2208,2208
1,148,46,168,168,168,168,168
1,148,47,2216,2216,2216,2216,2216
1,148,48,2208,2208,2208,2208,2208
1,148,49,168,168,168,168,168
1,148,50,2216,2216,2216,2216,2216
1,148,51,2208,2208,2208,2208,2208
1,148,52,168,168,168,168,168
1,148,53,2216,2216,2216,2216,2216
1,148,54,2208,2208,2208,2208,2208
1,148,55,168,168,168,168,168
1,148,56,2216,2216,2216,2216,2216
1,148,57,2208,2208,2208,2208,2208
1,148,58,168,168,168,168,168
1,148,59,2216,2216,2216,2216,2216
1,148,60,2208,2208,2208,2208,2208
1,148,61,168,168,168,168,168
1,148,62,2216,2216,2216,2216,2216
1,148,63,2208,2208,2208,2208,2208
1,148,64,168,168,168,168,168
1,148,65,2216,2216,2216,2216,2216
1,148,66,2208,2208,2208,2208,2208
1,148,67,168,168,168,168,168
1,148,68,2216,2216,2216,2216,2216
1,148,69,2208,2208,2208,2208,2208
1,148,70,168,168,168,168,168
1,148,71,2216,2216,2216,2216,2216
1,148,72,2208,2208,2208,2208,2208
1,148,73,168,168,168,168,168
1,148,74,2216,2216,2216,2216,2216
1,148,75,2208,2208,2208,2208,2208
1,148,76,168,168,168,168,168
1,148,77,2216,2216,2216,2216,2216
1,148,78,2208,2208,2208,2208,2208
1,148,79,168,168,168,168,168
1,148,80,2216,2216,2216,2216,2216
1,149,0,2720,2720,2720,2720,2720
1,149,1,680,680,680,680,680
1,149,2,2728,2728,2728,2728,2728
1,149,3,2720,2720,2720,2720,2720
1,149,4,680,680,680,680,680
1,149,5,2728,2728,2728,2728,2728
1,149,6,2720,2720,2720,2720,2720
1,149,7,680,680,680,680,680
1,149,8,2728,2728,2728,2728,2728
1,149,9,2210,2210,2210,2210,2210
1,149,10,170,170,170,170,170
1,149,11,2218,2218,2218,2218,2218
1,149,12,2210,2210,2210,2210,2210
1,149,13,170,170,170,170,170
1,149,14,2218,2218,2218,2218,2218
1,149,15,2210,2210,2210,2210,2210
1,149,16,170,170,170,170,170
1,149,17,2218,2218,2218,2218,2218
1,149,18,2722,2722,2722,2722,2722
1,149,19,682,682,682,682,682
1,149,20,2730,2730,2730,2730,2730
1,149,21,2722,2722,2722,2722,2722
1,149,22,682,682,682,682,682
1,149,23,2730,2730,2730,2730,2730
1,149,24,2722,2722,2722,2722,2722
1,149,25,682,682,682,682,682
1,149,26,2730,2730,2730,2730,2730
1,149,27,2720,2720,2720,2720,2720
1,149,28,680,680,680,680,680
1,149,29,2728,2728,2728,2728,2728
1,149,30,2720,2720,2720,2720,2720
1,149,31,680,680,680,680,680
1,149,32,2728,2728,2728,2728,2728
1,149,33,2720,2720,2720,2720,2720
1,149,34,680,680,680,680,680
1,149,35,2728,2728,2728,2728,2728
1,149,36,2210,2210,2210,2210,2210
1,149,37,170,170,170,170,170
1,149,38,2218,2218,2218,2218,2218
1,149,39,2210,2210,2210,2210,2210
1,149,40,170,170,170,170,170
1,149,41,2218,2218,2218,2218,2218
1,149,42,2210,2210,2210,2210,2210
1,149,43,170,170,170,170,170
1,149,44,2218,2218,2218,2218,2218
1,149,45,2722,2722,2722,2722,2722
1,149,46,682,682,682,682,682
1,149,47,2730,2730,2730,2730,2730
1,149,48,2722,2722,2722,2722,2722
1,149,49,682,682,682,682,682
1,149,50,2730,2730,2730,2730,2730
1,149,51,2722,2722,2722,2722,2722
1,149,52,682,682,682,682,682
1,149,53,2730,2730,2730,2730,2730
1,149,54,2720,2720,2720,2720,2720
1,149,55,680,680,680,680,680
1,149,56,2728,2728,2728,2728,2728
1,149,57,2720,2720,2720,2720,2720
1,149,58,680,680,680,680,680
1,149,59,2728,2728,2728,2728,2728
1,149,60,2720,2720,2720,2720,2720
1,149,61,680,680,680,680,680
1,149,62,2728,2728,2728,2728,2728
1,149,63,2210,2210,2210,2210,2210
1,149,64,170,170,170,170,170
1,149,65,2218,2218,2218,2218,2218
1,149,66,2210,2210,2210,2210,2210
1,149,67,170,170,170,170,170
1,149,68,2218,2218,2218,2218,2218
1,149,69,2210,2210,2210,2210,2210
1,149,70,170,170,170,170,170
1,149,71,2218,2218,2218,2218,2218
1,149,72,2722,2722,2722,2722,2722
1,149,73,682,682,682,682,682
1,149,74,2730,2730,2730,2730,2730
1,149,75,2722,2722,2722,2722,2722
1,149,76,682,682,682,682,682
1,149,77,2730,2730,2730,2730,2730
1,149,78,2722,2722,2722,2722,2722
1,149,79,682,682,682,682,682
1,149,80,2730,2730,2730,2730,2730
1,150,0,2720,2720,2720,2720,2720
1,150,1,680,680,680,680,680
1,150,2,2728,2728,2728,2728,2728
1,150,3,2720,2720,2720,2720,2720
1,150,4,680,680,680,680,680
1,150,5,2728,2728,2728,2728,2728
1,150,6,2720,2720,2720,2720,2720
1,150,7,680,680,680,680,680
1,150,8,2728,2728,2728,2728,2728
1,150,9,2210,2210,2210,2210,2210
1,150,10,170,170,170,170,170
1,150,11,2218,2218,2218,2218,2218
1,150,12,2210,2210,2210,2210,2210
1,150,13,170,170,170,170,170
1,150,14,2218,2218,2218,2218,2218
1,150,15,2210,2210,2210,2210,2210
1,150,16,170,170,170,170,170
1,150,17,2218,2218,2218,2218,2218
1,150,18,2722,2722,2722,2722,2722
1,150,19,682,682,682,682,682
1,150,20,2730,2730,2730,2730,2730
1,150,21,2722,2722,2722,2722,2722
1,150,22,682,682,682,682,682
1,150,23,2730,2730,2730,2730,2730
1,150,24,2722,2722,2722,2722,2722
1,150,25,682,682,682,682,682
1,150,26,2730,2730,2730,2730,2730
1,150,27,2720,2720,2720,2720,2720
1,150,28,680,680,680,680,680
1,150,29,2728,2728,2728,2728,2728
1,150,30,2720,2720,2720,2720,2720
1,150,31,680,680,680,680,680
1,150,32,2728,2728,2728,2728,2728
1,150,33,2720,2720,2720,2720,2720
1,150,34,680,680,680,680,680
1,150,35,2728,2728,2728,2728,2728
1,150,36,2210,2210,2210,2210,2210
1,150,37,170,170,170,170,170
1,150,38,2218,2218,2218,2218,2218
1,150,39,2210,2210,2210,2210,2210
1,150,40,170,170,170,170,170
1,150,41,2218,2218,2218,2218,2218
1,150,42,2210,2210,2210,2210,2210
1,150,43,170,170,170,170,170
1,150,44,2218,2218,2218,2218,2218
1,150,45,2722,2722,2722,2722,2722
1,150,46,682,682,682,682,682
1,150,47,2730,2730,2730,2730,2730
1,150,48,2722,2722,2722,2722,2722
1,150,49,682,682,682,682,682
1,150,50,2730,2730,2730,2730,2730
1,150,51,2722,2722,2722,2722,2722
1,150,52,682,682,682,682,682
1,150,53,2730,2730,2730,2730,2730
1,150,54,2720,2720,2720,2720,2720
1,150,55,680,680,680,680,680
1,150,56,2728,2728,2728,2728,2728
1,150,57,2720,2720,2720,2720,2720
1,150,58,680,680,680,680,680
1,150,59,2728,2728,2728,2728,2728
1,150,60,2720,2720,2720,2720,2720
1,150,61,680,680,680,680,680
1,150,62,2728,2728,2728,2728,2728
1,150,63,2210,2210,2210,2210,2210
1,150,64,170,170,170,170,170
1,150,65,2218,2218,2218,2218,2218
1,150,66,2210,2210,2210,2210,2210
1,150,67,170,170,170,170,170
1,150,68,2218,2218,2218,2218,2218
1,150,69,2210,2210,2210,2210,2210
1,150,70,170,170,170,170,170
1,150,71,2218,2218,2218,2218,2218
1,150,72,2722,2722,2722,2722,2722
1,150,73,682,682,682,682,682
1,150,74,2730,2730,2730,2730,2730
1,150,75,2722,2722,2722,2722,2722
1,150,76,682,682,682,682,682
1,150,77,2730,2730,2730,2730,2730
1,150,78,2722,2722,2722,2722,2722
1,150,79,682,682,682,682,682
1,150,80,2730,2730,2730,2730,2730
1,151,0,2720,2720,2720,2720,2720
1,151,1,680,680,680,680,680
1,151,2,2728,2728,2728,2728,2728
1,151,3,2720,2720,2720,2720,2720
1,151,4,680,680,680,680,680
1,151,5,2728,2728,2728,2728,2728
1,151,6,2720,2720,2720,2720,2720
1,151,7,680,680,680,680,680
1,151,8,2728,2728,2728,2728,2728
1,151,9,2210,2210,2210,2210,2210
1,151,10,170,170,170,170,170
1,151,11,2218,2218,2218,2218,2218
1,151,12,2210,2210,2210,2210,2210
1,151,13,170,170,170,170,170
1,151,14,2218,2218,2218,2218,2218
1,151,15,2210,2210,2210,2210,2210
1,151,16,170,170,170,170,170
1,151,17,2218,2218,2218,2218,2218
1,151,18,2722,2722,2722,2722,2722
1,151,19,682,682,682,682,682
1,151,20,2730,2730,2730,2730,2730
1,151,21,2722,2722,2722,2722,2722
1,151,22,682,682,682,682,682
1,151,23,2730,2730,2730,2730,2730
1,151,24,2722,2722,2722,2722,2722
1,151,25,682,682,682,682,682
1,151,26,2730,2730,2730,2730,2730
1,151,27,2720,2720,2720,2720,2720
1,151,28,680,680,680,680,680
1,151,29,2728,2728,2728,2728,2728
1,151,30,2720,2720,2720,2720,2720
1,151,31,680,680,680,680,680
1,151,32,2728,2728,2728,2728,2728
1,151,33,2720,2720,2720,2720,2720
1,151,34,680,680,680,680,680
1,151,35,2728,2728,2728,2728,2728
1,151,36,2210,2210,2210,2210,2210
1,151,37,170,170,170,170,170
1,151,38,2218,2218,2218,2218,2218
1,151,39,2210,2210,2210,2210,2210
1,151,40,170,170,170,170,170
1,151,41,2218,2218,2218,2218,2218
1,151,42,2210,2210,2210,2210,2210
1,151,43,170,170,170,170,170
1,151,44,2218,2218,2218,2218,2218
1,151,45,2722,2722,2722,2722,2722
1,151,46,682,682,682,682,682
1,151,47,2730,2730,2730,2730,2730
1,151,48,2722,2722,2722,2722,2722
1,151,49,682,682,682,682,682
1,151,50,2730,2730,2730,2730,2730
1,151,51,2722,2722,2722,2722,2722
1,151,52,682,682,682,682,682
1,151,53,2730,2730,2730,2730,2730
1,151,54,2720,2720,2720,2720,2720
1,151,55,680,680,680,680,680
1,151,56,2728,2728,2728,2728,2728
1,151,57,2720,2720,2720,2720,2720
1,151,58,680,680,680,680,680
1,151,59,2728,2728,2728,2728,2728
1,151,60,2720,2720,2720,2720,2720
1,151,61,680,680,680,680,680
1,151,62,2728,2728,2728,2728,2728
1,151,63,2210,2210,2210,2210,2210
1,151,64,170,170,170,170,170
1,151,65,2218,2218,2218,2218,2218
1,151,66,2210,2210,2210,2210,2210
1,151,67,170,170,170,170,170
1,151,68,2218,2218,2218,2218,2218
1,151,69,2210,2210,2210,2210,2210
1,151,70,170,170,170,170,170
1,151,71,2218,2218,2218,2218,2218
1,151,72,2722,2722,2722,2722,2722
1,151,73,682,682,682,682,682
1,151,74,2730,2730,2730,2730,2730
1,151,75,2722,2722,2722,2722,2722
1,151,76,682,682,682,682,682
1,151,77,2730,2730,2730,2730,2730
1,151,78,2722,2722,2722,2722,2722
1,151,79,682,682,682,682,682
1,151,80,2730,2730,2730,2730,2730
1,152,0,2208,2208,2208,2208,2208
1,152,1,168,168,168,168,168
1,152,2,2216,2216,2216,2216,2216
1,152,3,2208,2208,2208,2208,2208
1,152,4,168,168,168,168,168
1,152,5,2216,2216,2216,2216,2216
1,152,6,2208,2208,2208,2208,2208
1,152,7,168,168,168,168,168
1,152,8,2216,2216,2216,2216,2216
1,152,9,2208,2208,2208,2208,2208
1,152,10,168,168,168,168,168
1,152,11,2216,2216,2216,2216,2216
1,152,12,2208,2208,2208,2208,2208
1,152,13,168,168,168,168,168
1,152,14,2216,2216,2216,2216,2216
1,152,15,2208,2208,2208,2208,2208
1,152,16,168,168,168,168,168
1,152,17,2216,2216,2216,2216,2216
1,152,18,2208,2208,2208,2208,2208
1,152,19,168,168,168,168,168
1,152,20,2216,2216,2216,2216,2216
1,152,21,2208,2208,2208,2208,2208
1,152,22,168,168,168,168,168
1,152,23,2216,2216,2216,2216,2216
1,152,24,2208,2208,2208,2208,2208
1,152,25,168,168,168,168,168
1,152,26,2216,2216,2216,2216,2216
1,152,27,2208,2208,2208,2208,2208
1,152,28,168,168,168,168,168
1,152,29,2216,2216,2216,2216,2216
1,152,30,2208,2208,2208,2208,2208
1,152,31,168,168,168,168,168
1,152,32,2216,2216,2216,2216,2216
1,152,33,2208,2208,2208,2208,2208
1,152,34,168,168,168,168,168
1,152,35,2216,2216,2216,2216,2216
1,152,36,2208,2208,2208,2208,2208
1,152,37,168,168,168,168,168
1,152,38,2216,2216,2216,2216,2216
1,152,39,2208,2208,2208,2208,2208
1,152,40,168,168,168,168,168
1,152,41,2216,2216,2216,2216,2216
1,152,42,2208,2208,2208,2208,2208
1,152,43,168,168,168,168,168
1,152,44,2216,2216,2216,2216,2216
1,152,45,2208,2208,2208,2208,2208
1,152,46,168,168,168,168,168
1,152,47,2216,2216,2216,2216,2216
1,152,48,2208,2208,2208,2208,2208
1,152,49,168,168,168,168,168
1,152,50,2216,2216,2216,2216,2216
1,152,51,2208,2208,2208,2208,2208
1,152,52,168,168,168,168,168
1,152,53,2216,2216,2216,2216,2216
1,152,54,2208,2208,2208,2208,2208
1,152,55,168,168,168,168,168
1,152,56,2216,2216,2216,2216,2216
1,152,57,2208,2208,2208,2208,2208
1,152,58,168,168,168,168,168
1,152,59,2216,2216,2216,2216,2216
1,152,60,2208,2208,2208,2208,2208
1,152,61,168,168,168,168,168
1,152,62,2216,2216,2216,2216,2216
1,152,63,2208,2208,2208,2208,2208
1,152,64,168,168,168,168,168
1,152,65,2216,2216,2216,2216,2216
1,152,66,2208,2208,2208,2208,2208
1,152,67,168,168,168,168,168
1,152,68,2216,2216,2216,2216,2216
1,152,69,2208,2208,2208,2208,2208
1,152,70,168,168,168,168,168
1,152,71,2216,2216,2216,2216,2216
1,152,72,2208,2208,2208,2208,2208
1,152,73,168,168,168,168,168
1,152,74,2216,2216,2216,2216,2216
1,152,75,2208,2208,2208,2208,2208
1,152,76,168,168,168,168,168
1,152,77,2216,2216,2216,2216,2216
1,152,78,2208,2208,2208,2208,2208
1,152,79,168,168,168,168,168
1,152,80,2216,2216,2216,2216,2216
1,153,0,2720,2720,2720,2720,2720
1,153,1,680,680,680,680,680
1,153,2,2728,2728,2728,2728,2728
1,153,3,2720,2720,2720,2720,2720
1,153,4,680,680,680,680,680
1,153,5,2728,2728,2728,2728,2728
1,153,6,2720,2720,2720,2720,2720
1,153,7,680,680,680,680,680
1,153,8,2728,2728,2728,2728,2728
1,153,9,2210,2210,2210,2210,2210
1,153,10,170,170,170,170,170
1,153,11,2218,2218,2218,2218,2218
1,153,12,2210,2210,2210,2210,2210
1,153,13,170,170,170,170,170
1,153,14,2218,2218,2218,2218,2218
1,153,15,2210,2210,2210,2210,2210
1,153,16,170,170,170,170,170
1,153,17,2218,2218,2218,2218,2218
1,153,18,2722,2722,2722,2722,2722
1,153,19,682,682,682,682,682
1,153,20,2730,2730,2730,2730,2730
1,153,21,2722,2722,2722,2722,2722
1,153,22,682,682,682,682,682
1,153,23,2730,2730,2730,2730,2730
1,153,24,2722,2722,2722,2722,2722
1,153,25,682,682,682,682,682
1,153,26,2730,2730,2730,2730,2730
1,153,27,2720,2720,2720,2720,2720
1,153,28,680,680,680,680,680
1,153,29,2728,2728,2728,2728,2728
1,153,30,2720,2720,2720,2720,2720
1,153,31,680,680,680,680,680
1,153,32,2728,2728,2728,2728,2728
1,153,33,2720,2720,2720,2720,2720
1,153,34,680,680,680,680,680
1,153,35,2728,2728,2728,2728,2728
1,153,36,2210,2210,2210,2210,2210
1,153,37,170,170,170,170,170
1,153,38,2218,2218,2218,2218,2218
1,153,39,2210,2210,2210,2210,2210
1,153,40,170,170,170,170,170
1,153,41,2218,2218,2218,2218,2218
1,153,42,2210,2210,2210,2210,2210
1,153,43,170,170,170,170,170
1,153,44,2218,2218,2218,2218,2218
1,153,45,2722,2722,2722,2722,2722
1,153,46,682,682,682,682,682
1,153,47,2730,2730,2730,2730,2730
1,153,48,2722,2722,2722,2722,2722
1,153,49,682,682,682,682,682
1,153,50,2730,2730,2730,2730,2730
1,153,51,2722,2722,2722,2722,2722
1,153,52,682,682,682,682,682
1,153,53,2730,2730,2730,2730,2730
1,153,54,2720,2720,2720,2720,2720
1,153,55,680,680,680,680,680
1,153,56,2728,2728,2728,2728,2728
1,153,57,2720,2720,2720,2720,2720
1,153,58,680,680,680,680,680
1,153,59,2728,2728,2728,2728,2728
1,153,60,2720,2720,2720,2720,2720
1,153,61,680,680,680,680,680
1,153,62,2728,2728,2728,2728,2728
1,153,63,2210,2210,2210,2210,2210
1,153,64,170,170,170,170,170
1,153,65,2218,2218,2218,2218,2218
1,153,66,2210,2210,2210,2210,2210
1,153,67,170,170,170,170,170
1,153,68,2218,2218,2218,2218,2218
1,153,69,2210,2210,2210,2210,2210
1,153,70,170,170,170,170,170
1,153,71,2218,2218,2218,2218,2218
1,153,72,2722,2722,2722,2722,2722
1,153,73,682,682,682,682,682
1,153,74,2730,2730,2730,2730,2730
1,153,75,2722,2722,2722,2722,2722
1,153,76,682,682,682,682,682
1,153,77,2730,2730,2730,2730,2730
1,153,78,2722,2722,2722,2722,2722
1,153,79,682,682,682,682,682
1,153,80,2730,2730,2730,2730,2730
1,154,0,2720,2720,2720,2720,2720
1,154,1,680,680,680,680,680
1,154,2,2728,2728,2728,2728,2728
1,154,3,2720,2720,2720,2720,2720
1,154,4,680,680,680,680,680
1,154,5,2728,2728,2728,2728,2728
1,154,6,2720,2720,2720,2720,2720
1,154,7,680,680,680,680,680
1,154,8,2728,2728,2728,2728,2728
1,154,9,2210,2210,2210,2210,2210
1,154,10,170,170,170,170,170
1,154,11,2218,2218,2218,2218,2218
1,154,12,2210,2210,2210,2210,2210
1,154,13,170,170,170,170,170
1,154,14,2218,2218,2218,2218,2218
1,154,15,2210,2210,2210,2210,2210
1,154,16,170,170,170,170,170
1,154,17,2218,2218,2218,2218,2218
1,154,18,2722,2722,2722,2722,2722
1,154,19,682,682,682,682,682
1,154,20,2730,2730,2730,2730,2730
1,154,21,2722,2722,2722,2722,2722
1,154,22,682,682,682,682,682
1,154,23,2730,2730,2730,2730,2730
1,154,24,2722,2722,2722,2722,2722
1,154,25,682,682,682,682,682
1,154,26,2730,2730,2730,2730,2730
1,154,27,2720,2720,2720,2720,2720
1,154,28,680,680,680,680,680
1,154,29,2728,2728,2728,2728,2728
1,154,30,2720,2720,2720,2720,2720
1,154,31,680,680,680,680,680
1,154,32,2728,2728,2728,2728,2728
1,154,33,2720,2720,2720,2720,2720
1,154,34,680,680,680,680,680
1,154,35,2728,2728,2728,2728,2728
1,154,36,2210,2210,2210,2210,2210
1,154,37,170,170,170,170,170
1,154,38,2218,2218,2218,2218,2218
1,154,39,2210,2210,2210,2210,2210
1,154,40,170,170,170,170,170
1,154,41,2218,2218,2218,2218,2218
1,154,42,2210,2210,2210,2210,2210
1,154,43,170,170,170,170,170
1,154,44,2218,2218,2218,2218,2218
1,154,45,2722,2722,2722,2722,2722
1,154,46,682,682,682,682,682
1,154,47,2730,2730,2730,2730,2730
1,154,48,2722,2722,2722,2722,2722
1,154,49,682,682,682,682,682
1,154,50,2730,2730,2730,2730,2730
1,154,51,2722,2722,2722,2722,2722
1,154,52,682,682,682,682,682
1,154,53,2730,2730,2730,2730,2730
1,154,54,2720,2720,2720,2720,2720
1,154,55,680,680,680,680,680
1,154,56,2728,2728,2728,2728,2728
1,154,57,2720,2720,2720,2720,2720
1,154,58,680,680,680,680,680
1,154,59,2728,2728,2728,2728,2728
1,154,60,2720,2720,2720,2720,2720
1,154,61,680,680,680,680,680
1,154,62,2728,2728,2728,2728,2728
1,154,63,2210,2210,2210,2210,2210
1,154,64,170,170,170,170,170
1,154,65,2218,2218,2218,2218,2218
1,154,66,2210,2210,2210,2210,2210
1,154,67,170,170,170,170,170
1,154,68,2218,2218,2218,2218,2218
1,154,69,2210,2210,2210,2210,2210
1,154,70,170,170,170,170,170
1,154,71,2218,2218,2218,2218,2218
1,154,72,2722,2722,2722,2722,2722
1,154,73,682,682,682,682,682
1,154,74,2730,2730,2730,2730,2730
1,154,75,2722,2722,2722,2722,2722
1,154,76,682,682,682,682,682
1,154,77,2730,2730,2730,2730,2730
1,154,78,2722,2722,2722,2722,2722
1,154,79,682,682,682,682,682
1,154,80,2730,2730,2730,2730,2730
1,155,0,2720,2720,2720,2720,2720
1,155,1,680,680,680,680,680
1,155,2,2728,2728,2728,2728,2728
1,155,3,2720,2720,2720,2720,2720
1,155,4,680,680,680,680,680
1,155,5,2728,2728,2728,2728,2728
1,155,6,2720,2720,2720,2720,2720
1,155,7,680,680,680,680,680
1,155,8,2728,2728,2728,2728,2728
1,155,9,2210,2210,2210,2210,2210
1,155,10,170,170,170,170,170
1,155,11,2218,2218,2218,2218,2218
1,155,12,2210,2210,2210,2210,2210
1,155,13,170,170,170,170,170
1,155,14,2218,2218,2218,2218,2218
1,155,15,2210,2210,2210,2210,2210
1,155,16,170,170,170,170,170
1,155,17,2218,2218,2218,2218,2218
1,155,18,2722,2722,2722,2722,2722
1,155,19,682,682,682,682,682
1,155,20,2730,2730,2730,2730,2730
1,155,21,2722,2722,2722,2722,2722
1,155,22,682,682,682,682,682
1,155,23,2730,2730,2730,2730,2730
1,155,24,2722,2722,2722,2722,2722
1,155,25,682,682,682,682,682
1,155,26,2730,2730,2730,2730,2730
1,155,27,2720,2720,2720,2720,2720
1,155,28,680,680,680,680,680
1,155,29,2728,2728,2728,2728,2728
1,155,30,2720,2720,2720,2720,2720
1,155,31,680,680,680,680,680
1,155,32,2728,2728,2728,2728,2728
1,155,33,2720,2720,2720,2720,2720
1,155,34,680,680,680,680,680
1,155,35,2728,2728,2728,2728,2728
1,155,36,2210,2210,2210,2210,2210
1,155,37,170,170,170,170,170
1,155,38,2218,2218,2218,2218,2218
1,155,39,2210,2210,2210,2210,2210
1,155,40,170,170,170,170,170
1,155,41,2218,2218,2218,2218,2218
1,155,42,2210,2210,2210,2210,2210
1,155,43,170,170,170,170,170
1,155,44,2218,2218,2218,2218,2218
1,155,45,2722,2722,2722,2722,2722
1,155,46,682,682,682,682,682
1,155,47,2730,2730,2730,2730,2730
1,155,48,2722,2722,2722,2722,2722
1,155,49,682,682,682,682,682
1,155,50,2730,2730,2730,2730,2730
1,155,51,2722,2722,2722,2722,2722
1,155,52,682,682,682,682,682
1,155,53,2730,2730,2730,2730,2730
1,155,54,2720,2720,2720,2720,2720
1,155,55,680,680,680,680,680
1,155,56,2728,2728,2728,2728,2728
1,155,57,2720,2720,2720,2720,2720
1,155,58,680,680,680,680,680
1,155,59,2728,2728,2728,2728,2728
1,155,60,2720,2720,2720,2720,2720
1,155,61,680,680,680,680,680
1,155,62,2728,2728,2728,2728,2728
1,155,63,2210,2210,2210,2210,2210
1,155,64,170,170,170,170,170
1,155,65,2218,2218,2218,2218,2218
1,155,66,2210,2210,2210,2210,2210
1,155,67,170,170,170,170,170
1,155,68,2218,2218,2218,2218,2218
1,155,69,2210,2210,2210,2210,2210
1,155,70,170,170,170,170,170
1,155,71,2218,2218,2218,2218,2218
1,155,72,2722,2722,2722,2722,2722
1,155,73,682,682,682,682,682
1,155,74,2730,2730,2730,2730,2730
1,155,75,2722,2722,2722,2722,2722
1,155,76,682,682,682,682,682
1,155,77,2730,2730,2730,2730,2730
1,155,78,2722,2722,2722,2722,2722
1,155,79,682,682,682,682,682
1,155,80,2730,2730,2730,2730,2730
1,156,0,2208,2208,2208,2208,2208
1,156,1,168,168,168,168,168
1,156,2,2216,2216,2216,2216,2216
1,156,3,2208,2208,2208,2208,2208
1,156,4,168,168,168,168,168
1,156,5,2216,2216,2216,2216,2216
1,156,6,2208,2208,2208,2208,2208
1,156,7,168,168,168,168,168
1,156,8,2216,2216,2216,2216,2216
1,156,9,2208,2208,2208,2208,2208
1,156,10,168,168,168,168,168
1,156,11,2216,2216,2216,2216,2216
1,156,12,2208,2208,2208,2208,2208
1,156,13,168,168,168,168,168
1,156,14,2216,2216,2216,2216,2216
1,156,15,2208,2208,2208,2208,2208
1,156,16,168,168,168,168,168
1,156,17,2216,2216,2216,2216,2216
1,156,18,2208,2208,2208,2208,2208
1,156,19,168,168,168,168,168
1,156,20,2216,2216,2216,2216,2216
1,156,21,2208,2208,2208,2208,2208
1,156,22,168,168,168,168,168
1,156,23,2216,2216,2216,2216,2216
1,156,24,2208,2208,2208,2208,2208
1,156,25,168,168,168,168,168
1,156,26,2216,2216,2216,2216,2216
1,156,27,2208,2208,2208,2208,2208
1,156,28,168,168,168,168,168
1,156,29,2216,2216,2216,2216,2216
1,156,30,2208,2208,2208,2208,2208
1,156,31,168,168,168,168,168
1,156,32,2216,2216,2216,2216,2216
1,156,33,2208,2208,2208,2208,2208
1,156,34,168,168,168,168,168
1,156,35,2216,2216,2216,2216,2216
1,156,36,2208,2208,2208,2208,2208
1,156,37,168,168,168,168,168
1,156,38,2216,2216,2216,2216,2216
1,156,39,2208,2208,2208,2208,2208
1,156,40,168,168,168,168,168
1,156,41,2216,2216,2216,2216,2216
1,156,42,2208,2208,2208,2208,2208
1,156,43,168,168,168,168,168
1,156,44,2216,2216,2216,2216,2216
1,156,45,2208,2208,2208,2208,2208
1,156,46,168,168,168,168,168
1,156,47,2216,2216,2216,2216,2216
1,156,48,2208,2208,2208,2208,2208
1,156,49,168,168,168,168,168
1,156,50,2216,2216,2216,2216,2216
1,156,51,2208,2208,2208,2208,2208
1,156,52,168,168,168,168,168
1,156,53,2216,2216,2216,2216,2216
1,156,54,2208,2208,2208,2208,2208
1,156,55,168,168,168,168,168
1,156,56,2216,2216,2216,2216,2216
1,156,57,2208,2208,2208,2208,2208
1,156,58,168,168,168,168,168
1,156,59,2216,2216,2216,2216,2216
1,156,60,2208,2208,2208,2208,2208
1,156,61,168,168,168,168,168
1,156,62,2216,2216,2216,2216,2216
1,156,63,2208,2208,2208,2208,2208
1,156,64,168,168,168,168,168
1,156,65,2216,2216,2216,2216,2216
1,156,66,2208,2208,2208,2208,2208
1,156,67,168,168,168,168,168
1,156,68,2216,2216,2216,2216,2216
1,156,69,2208,2208,2208,2208,2208
1,156,70,168,168,168,168,168
1,156,71,2216,2216,2216,2216,2216
1,156,72,2208,2208,2208,2208,2208
1,156,73,168,168,168,168,168
1,156,74,2216,2216,2216,2216,2216
1,156,75,2208,2208,2208,2208,2208
1,156,76,168,168,168,168,168
1,156,77,2216,2216,2216,2216,2216
1,156,78,2208,2208,2208,2208,2208
1,156,79,168,168,168,168,168
1,156,80,2216,2216,2216,2216,2216
1,157,0,2720,2720,2720,2720,2720
1,157,1,680,680,680,680,680
1,157,2,2728,2728,2728,2728,2728
1,157,3,2720,2720,2720,2720,2720
1,157,4,680,680,680,680,680
1,157,5,2728,2728,2728,2728,2728
1,157,6,2720,2720,2720,2720,2720
1,157,7,680,680,680,680,680
1,157,8,2728,2728,2728,2728,2728
1,157,9,2210,2210,2210,2210,2210
1,157,10,170,170,170,170,170
1,157,11,2218,2218,2218,2218,2218
1,157,12,2210,2210,2210,2210,2210
1,157,13,170,170,170,170,170
1,157,14,2218,2218,2218,2218,2218
1,157,15,2210,2210,2210,2210,2210
1,157,16,170,170,170,170,170
1,157,17,2218,2218,2218,2218,2218
1,157,18,2722,2722,2722,2722,2722
1,157,19,682,682,682,682,682
1,157,20,2730,2730,2730,2730,2730
1,157,21,2722,2722,2722,2722,2722
1,157,22,682,682,682,682,682
1,157,23,2730,2730,2730,2730,2730
1,157,24,2722,2722,2722,2722,2722
1,157,25,682,682,682,682,682
1,157,26,2730,2730,2730,2730,2730
1,157,27,2720,2720,2720,2720,2720
1,157,28,680,680,680,680,680
1,157,29,2728,2728,2728,2728,2728
1,157,30,2720,2720,2720,2720,2720
1,157,31,680,680,680,680,680
1,157,32,2728,2728,2728,2728,2728
1,157,33,2720,2720,2720,2720,2720
1,157,34,680,680,680,680,680
1,157,35,2728,2728,2728,2728,2728
1,157,36,2210,2210,2210,2210,2210
1,157,37,170,170,170,170,170
1,157,38,2218,2218,2218,2218,2218
1,157,39,2210,2210,2210,2210,2210
1,157,40,170,170,170,170,170
1,157,41,2218,2218,2218,2218,2218
1,157,42,2210,2210,2210,2210,2210
1,157,43,170,170,170,170,170
1,157,44,2218,2218,2218,2218,2218
1,157,45,2722,2722,2722,2722,2722
1,157,46,682,682,682,682,682
1,157,47,2730,2730,2730,2730,2730
1,157,48,2722,2722,2722,2722,2722
1,157,49,682,682,682,682,682
1,157,50,2730,2730,2730,2730,2730
1,157,51,2722,2722,2722,2722,2722
1,157,52,682,682,682,682,682
1,157,53,2730,2730,2730,2730,2730
1,157,54,2720,2720,2720,2720,2720
1,157,55,680,680,680,680,680
1,157,56,2728,2728,2728,2728,2728
1,157,57,2720,2720,2720,2720,2720
1,157,58,680,680,680,680,680
1,157,59,2728,2728,2728,2728,2728
1,157,60,2720,2720,2720,2720,2720
1,157,61,680,680,680,680,680
1,157,62,2728,2728,2728,2728,2728
1,157,63,2210,2210,2210,2210,2210
1,157,64,170,170,170,170,170
1,157,65,2218,2218,2218,2218,2218
1,157,66,2210,2210,2210,2210,2210
1,157,67,170,170,170,170,170
1,157,68,2218,2218,2218,2218,2218
1,157,69,2210,2210,2210,2210,2210
1,157,70,170,170,170,170,170
1,157,71,2218,2218,2218,2218,2218
1,157,72,2722,2722,2722,2722,2722
1,157,73,682,682,682,682,682
1,157,74,2730,2730,2730,2730,2730
1,157,75,2722,2722,2722,2722,2722
1,157,76,682,682,682,682,682
1,157,77,2730,2730,2730,2730,2730
1,157,78,2722,2722,2722,2722,2722
1,157,79,682,682,682,682,682
1,157,80,2730,2730,2730,2730,2730
1,158,0,2720,2720,2720,2720,2720
1,158,1,680,680,680,680,680
1,158,2,2728,2728,2728,2728,2728
1,158,3,2720,2720,2720,2720,2720
1,158,4,680,680,680,680,680
1,158,5,2728,2728,2728,2728,2728
1,158,6,2720,2720,2720,2720,2720
1,158,7,680,680,680,680,680
1,158,8,2728,2728,2728,2728,2728
1,158,9,2210,2210,2210,2210,2210
1,158,10,170,170,170,170,170
1,158,11,2218,2218,2218,2218,2218
1,158,12,2210,2210,2210,2210,2210
1,158,13,170,170,170,170,170
1,158,14,2218,2218,2218,2218,2218
1,158,15,2210,2210,2210,2210,2210
1,158,16,170,170,170,170,170
1,158,17,2218,2218,2218,2218,2218
1,158,18,2722,2722,2722,2722,2722
1,158,19,682,682,682,682,682
1,158,20,2730,2730,2730,2730,2730
1,158,21,2722,2722,2722,2722,2722
1,158,22,682,682,682,682,682
1,158,23,2730,2730,2730,2730,2730
1,158,24,2722,2722,2722,2722,2722
1,158,25,682,682,682,682,682
1,158,26,2730,2730,2730,2730,2730
1,158,27,2720,2720,2720,2720,2720
1,158,28,680,680,680,680,680
1,158,29,2728,2728,2728,2728,2728
1,158,30,2720,2720,2720,2720,2720
1,158,31,680,680,680,680,680
1,158,32,2728,2728,2728,2728,2728
1,158,33,2720,2720,2720,2720,2720
1,158,34,680,680,680,680,680
1,158,35,2728,2728,2728,2728,2728
1,158,36,2210,2210,2210,2210,2210
1,158,37,170,170,170,170,170
1,158,38,2218,2218,2218,2218,2218
1,158,39,2210,2210,2210,2210,2210
1,158,40,170,170,170,170,170
1,158,41,2218,2218,2218,2218,2218
1,158,42,2210,2210,2210,2210,2210
1,158,43,170,170,170,170,170
1,158,44,2218,2218,2218,2218,2218
1,158,45,2722,2722,2722,2722,2722
1,158,46,682,682,682,682,682
1,158,47,2730,2730,2730,2730,2730
1,158,48,2722,2722,2722,2722,2722
1,158,49,682,682,682,682,682
1,158,50,2730,2730,2730,2730,2730
1,158,51,2722,2722,2722,2722,2722
1,158,52,682,682,682,682,682
1,158,53,2730,2730,2730,2730,2730
1,158,54,2720,2720,2720,2720,2720
1,158,55,680,680,680,680,680
1,158,56,2728,2728,2728,2728,2728
1,158,57,2720,2720,2720,2720,2720
1,158,58,680,680,680,680,680
1,158,59,2728,2728,2728,2728,2728
1,158,60,2720,2720,2720,2720,2720
1,158,61,680,680,680,680,680
1,158,62,2728,2728,2728,2728,2728
1,158,63,2210,2210,2210,2210,2210
1,158,64,170,170,170,170,170
1,158,65,2218,2218,2218,2218,2218
1,158,66,2210,2210,2210,2210,2210
1,158,67,170,170,170,170,170
1,158,68,2218,2218,2218,2218,2218
1,158,69,2210,2210,2210,2210,2210
1,158,70,170,170,170,170,170
1,158,71,2218,2218,2218,2218,2218
1,158,72,2722,2722,2722,2722,2722
1,158,73,682,682,682,682,682
1,158,74,2730,2730,2730,2730,2730
1,158,75,2722,2722,2722,2722,2722
1,158,76,682,682,682,682,682
1,158,77,2730,2730,2730,2730,2730
1,158,78,2722,2722,2722,2722,2722
1,158,79,682,682,682,682,682
1,158,80,2730,2730,2730,2730,2730
1,159,0,2720,2720,2720,2720,2720
1,159,1,680,680,680,680,680
1,159,2,2728,2728,2728,2728,2728
1,159,3,2720,2720,2720,2720,2720
1,159,4,680,680,680,680,680
1,159,5,2728,2728,2728,2728,2728
1,159,6,2720,2720,2720,2720,2720
1,159,7,680,680,680,680,680
1,159,8,2728,2728,2728,2728,2728
1,159,9,2210,2210,2210,2210,2210
1,159,10,170,170,170,170,170
1,159,11,2218,2218,2218,2218,2218
1,159,12,2210,2210,2210,2210,2210
1,159,13,170,170,170,170,170
1,159,14,2218,2218,2218,2218,2218
1,159,15,2210,2210,2210,2210,2210
1,159,16,170,170,170,170,170
1,159,17,2218,2218,2218,2218,2218
1,159,18,2722,2722,2722,2722,2722
1,159,19,682,682,682,682,682
1,159,20,2730,2730,2730,2730,2730
1,159,21,2722,2722,2722,2722,2722
1,159,22,682,682,682,682,682
1,159,23,2730,2730,2730,2730,2730
1,159,24,2722,2722,2722,2722,2722
1,159,25,682,682,682,682,682
1,159,26,2730,2730,2730,2730,2730
1,159,27,2720,2720,2720,2720,2720
1,159,28,680,680,680,680,680
1,159,29,2728,2728,2728,2728,2728
1,159,30,2720,2720,2720,2720,2720
1,159,31,680,680,680,680,680
1,159,32,2728,2728,2728,2728,2728
1,159,33,2720,2720,2720,2720,2720
1,159,34,680,680,680,680,680
1,159,35,2728,2728,2728,2728,2728
1,159,36,2210,2210,2210,2210,2210
1,159,37,170,170,170,170,170
1,159,38,2218,2218,2218,2218,2218
1,159,39,2210,2210,2210,2210,2210
1,159,40,170,170,170,170,170
1,159,41,2218,2218,2218,2218,2218
1,159,42,2210,2210,2210,2210,2210
1,159,43,170,170,170,170,170
1,159,44,2218,2218,2218,2218,2218
1,159,45,2722,2722,2722,2722,2722
1,159,46,682,682,682,682,682
1,159,47,2730,2730,2730,2730,2730
1,159,48,2722,2722,2722,2722,2722
1,159,49,682,682,682,682,682
1,159,50,2730,2730,2730,2730,2730
1,159,51,2722,2722,2722,2722,2722
1,159,52,682,682,682,682,682
1,159,53,2730,2730,2730,2730,2730
1,159,54,2720,2720,2720,2720,2720
1,159,55,680,680,680,680,680
1,159,56,2728,2728,2728,2728,2728
1,159,57,2720,2720,2720,2720,2720
1,159,58,680,680,680,680,680
1,159,59,2728,2728,2728,2728,2728
1,159,60,2720,2720,2720,2720,2720
1,159,61,680,680,680,680,680
1,159,62,2728,2728,2728,2728,2728
1,159,63,2210,2210,2210,2210,2210
1,159,64,170,170,170,170,170
1,159,65,2218,2218,2218,2218,2218
1,159,66,2210,2210,2210,2210,2210
1,159,67,170,170,170,170,170
1,159,68,2218,2218,2218,2218,2218
1,159,69,2210,2210,2210,2210,2210
1,159,70,170,170,170,170,170
1,159,71,2218,2218,2218,2218,2218
1,159,72,2722,2722,2722,2722,2722
1,159,73,682,682,682,682,682
1,159,74,2730,2730,2730,2730,2730
1,159,75,2722,2722,2722,2722,2722
1,159,76,682,682,682,682,682
1,159,77,2730,2730,2730,2730,2730
1,159,78,2722,2722,2722,2722,2722
1,159,79,682,682,682,682,682
1,159,80,2730,2730,2730,2730,2730
1,160,0,160,160,160,160,160
1,160,1,160,160,160,160,160
1,160,2,160,160,160,160,160
1,160,3,160,160,160,160,160
1,160,4,160,160,160,160,160
1,160,5,160,160,160,160,160
1,160,6,160,160,160,160,160
1,160,7,160,160,160,160,160
1,160,8,160,160,160,160,160
1,160,9,160,160,160,160,160
1,160,10,160,160,160,160,160
1,160,11,160,160,160,160,160
1,160,12,160,160,160,160,160
1,160,13,160,160,160,160,160
1,160,14,160,160,160,160,160
1,160,15,160,160,160,160,160
1,160,16,160,160,160,160,160
1,160,17,160,160,160,160,160
1,160,18,160,160,160,160,160
1,160,19,160,160,160,160,160
1,160,20,160,160,160,160,160
1,160,21,160,160,160,160,160
1,160,22,160,160,160,160,160
1,160,23,160,160,160,160,160
1,160,24,160,160,160,160,160
1,160,25,160,160,160,160,160
1,160,26,160,160,160,160,160
1,160,27,160,160,160,160,160
1,160,28,160,160,160,160,160
1,160,29,160,160,160,160,160
1,160,30,160,160,160,160,160
1,160,31,160,160,160,160,160
1,160,32,160,160,160,160,160
1,160,33,160,160,160,160,160
1,160,34,160,160,160,160,160
1,160,35,160,160,160,160,160
1,160,36,160,160,160,160,160
1,160,37,160,160,160,160,160
1,160,38,160,160,160,160,160
1,160,39,160,160,160,160,160
1,160,40,160,160,160,160,160
1,160,41,160,160,160,160,160
1,160,42,160,160,160,160,160
1,160,43,160,160,160,160,160
1,160,44,160,160,160,160,160
1,160,45,160,160,160,160,160
1,160,46,160,160,160,160,160
1,160,47,160,160,160,160,160
1,160,48,160,160,160,160,160
1,160,49,160,160,160,160,160
1,160,50,160,160,160,160,160
1,160,51,160,160,160,160,160
1,160,52,160,160,160,160,160
1,160,53,160,160,160,160,160
1,160,54,160,160,160,160,160
1,160,55,160,160,160,160,160
1,160,56,160,160,160,160,160
1,160,57,160,160,160,160,160
1,160,58,160,160,160,160,160
1,160,59,160,160,160,160,160
1,160,60,160,160,160,160,160
1,160,61,160,160,160,160,160
1,160,62,160,160,160,160,160
1,160,63,160,160,160,160,160
1,160,64,160,160,160,160,160
1,160,65,160,160,160,160,160
1,160,66,160,160,160,160,160
1,160,67,160,160,160,160,160
1,160,68,160,160,160,160,160
1,160,69,160,160,160,160,160
1,160,70,160,160,160,160,160
1,160,71,160,160,160,160,160
1,160,72,160,160,160,160,160
1,160,73,160,160,160,160,160
1,160,74,160,160,160,160,160
1,160,75,160,160,160,160,160
1,160,76,160,160,160,160,160
1,160,77,160,160,160,160,160
1,160,78,160,160,160,160,160
1,160,79,160,160,160,160,160
1,160,80,160,160,160,160,160
1,161,0,672,672,672,672,672
1,161,1,672,672,672,672,672
1,161,2,672,672,672,672,672
1,161,3,672,672,672,672,672
1,161,4,672,672,672,672,672
1,161,5,672,672,672,672,672
1,161,6,672,672,672,672,672
1,161,7,672,672,672,672,672
1,161,8,672,672,672,672,672
1,161,9,162,162,162,162,162
1,161,10,162,162,162,162,162
1,161,11,162,162,162,162,162
1,161,12,162,162,162,162,162
1,161,13,162,162,162,162,162
1,161,14,162,162,162,162,162
1,161,15,162,162,162,162,162
1,161,16,162,162,162,162,162
1,161,17,162,162,162,162,162
1,161,18,674,674,674,674,674
1,161,19,674,674,674,674,674
1,161,20,674,674,674,674,674
1,161,21,674,674,674,674,674
1,161,22,674,674,674,674,674
1,161,23,674,674,674,674,674
1,161,24,674,674,674,674,674
1,161,25,674,674,674,674,674
1,161,26,674,674,674,674,674
1,161,27,672,672,672,672,672
1,161,28,672,672,672,672,672
1,161,29,672,672,672,672,672
1,161,30,672,672,672,672,672
1,161,31,672,672,672,672,672
1,161,32,672,672,672,672,672
1,161,33,672,672,672,672,672
1,161,34,672,672,672,672,672
1,161,35,672,672,672,672,672
1,161,36,162,162,162,162,162
1,161,37,162,162,162,162,162
1,161,38,162,162,162,162,162
1,161,39,162,162,162,162,162
1,161,40,162,162,162,162,162
1,161,41,162,162,162,162,162
1,161,42,162,162,162,162,162
1,161,43,162,162,162,162,162
1,161,44,162,162,162,162,162
1,161,45,674,674,674,674,674
1,161,46,674,674,674,674,674
1,161,47,674,674,674,674,674
1,161,48,674,674,674,674,674
1,161,49,674,674,674,674,674
1,161,50,674,674,674,674,674
1,161,51,674,674,674,674,674
1,161,52,674,674,674,674,674
1,161,53,674,674,674,674,674
1,161,54,672,672,672,672,672
1,161,55,672,672,672,672,672
1,161,56,672,672,672,672,672
1,161,57,672,672,672,672,672
1,161,58,672,672,672,672,672
1,161,59,672,672,672,672,672
1,161,60,672,672,672,672,672
1,161,61,672,672,672,672,672
1,161,62,672,672,672,672,672
1,161,63,162,162,162,162,162
1,161,64,162,162,162,162,162
1,161,65,162,162,162,162,162
1,161,66,162,162,162,162,162
1,161,67,162,162,162,162,162
1,161,68,162,162,162,162,162
1,161,69,162,162,162,162,162
1,161,70,162,162,162,162,162
1,161,71,162,162,162,162,162
1,161,72,674,674,674,674,674
1,161,73,674,674,674,674,674
1,161,74,674,674,674,674,674
1,161,75,674,674,674,674,674
1,161,76,674,674,674,674,674
1,161,77,674,674,674,674,674
1,161,78,674,674,674,674,674
1,161,79,674,674,674,674,674
1,161,80,674,674,674,674,674
1,162,0,672,672,672,672,672
1,162,1,672,672,672,672,672
1,162,2,672,672,672,672,672
1,162,3,672,672,672,672,672
1,162,4,672,672,672,672,672
1,162,5,672,672,672,672,672
1,162,6,672,672,672,672,672
1,162,7,672,672,672,672,672
1,162,8,672,672,672,672,672
1,162,9,162,162,162,162,162
1,162,10,162,162,162,162,162
1,162,11,162,162,162,162,162
1,162,12,162,162,162,162,162
1,162,13,162,162,162,162,162
1,162,14,162,162,162,162,162
1,162,15,162,162,162,162,162
1,162,16,162,162,162,162,162
1,162,17,162,162,162,162,162
1,162,18,674,674,674,674,674
1,162,19,674,674,674,674,674
1,162,20,674,674,674,674,674
1,162,21,674,674,674,674,674
1,162,22,674,674,674,674,674
1,162,23,674,674,674,674,674
1,162,24,674,674,674,674,674
1,162,25,674,674,674,674,674
1,162,26,674,674,674,674,674
1,162,27,672,672,672,672,672
1,162,28,672,672,672,672,672
1,162,29,672,672,672,672,672
1,162,30,672,672,672,672,672
1,162,31,672,672,672,672,672
1,162,32,672,672,672,672,672
1,162,33,672,672,672,672,672
1,162,34,672,672,672,672,672
1,162,35,672,672,672,672,672
1,162,36,162,162,162,162,162
1,162,37,162,162,162,162,162
1,162,38,162,162,162,162,162
1,162,39,162,162,162,162,162
1,162,40,162,162,162,162,162
1,162,41,162,162,162,162,162
1,162,42,162,162,162,162,162
1,162,43,162,162,162,162,162
1,162,44,162,162,162,162,162
1,162,45,674,674,674,674,674
1,162,46,674,674,674,674,674
1,162,47,674,674,674,674,674
1,162,48,674,674,674,674,674
1,162,49,674,674,674,674,674
1,162,50,674,674,674,674,674
1,162,51,674,674,674,674,674
1,162,52,674,674,674,674,674
1,162,53,674,674,674,674,674
1,162,54,672,672,672,672,672
1,162,55,672,672,672,672,672
1,162,56,672,672,672,672,672
1,162,57,672,672,672,672,672
1,162,58,672,672,672,672,672
1,162,59,672,672,672,672,672
1,162,60,672,672,672,672,672
1,162,61,672,672,672,672,672
1,162,62,672,672,672,672,672
1,162,63,162,162,162,162,162
1,162,64,162,162,162,162,162
1,162,65,162,162,162,162,162
1,162,66,162,162,162,162,162
1,162,67,162,162,162,162,162
1,162,68,162,162,162,162,162
1,162,69,162,162,162,162,162
1,162,70,162,162,162,162,162
1,162,71,162,162,162,162,162
1,162,72,674,674,674,674,674
1,162,73,674,674,674,674,674
1,162,74,674,674,674,674,674
1,162,75,674,674,674,674,674
1,162,76,674,674,674,674,674
1,162,77,674,674,674,674,674
1,162,78,674,674,674,674,674
1,162,79,674,674,674,674,674
1,162,80,674,674,674,674,674
1,163,0,672,672,672,672,672
1,163,1,672,672,672,672,672
1,163,2,672,672,672,672,672
1,163,3,672,672,672,672,672
1,163,4,672,672,672,672,672
1,163,5,672,672,672,672,672
1,163,6,672,672,672,672,672
1,163,7,672,672,672,672,672
1,163,8,672,672,672,672,672
1,163,9,162,162,162,162,162
1,163,10,162,162,162,162,162
1,163,11,162,162,162,162,162
1,163,12,162,162,162,162,162
1,163,13,162,162,162,162,162
1,163,14,162,162,162,162,162
1,163,15,162,162,162,162,162
1,163,16,162,162,162,162,162
1,163,17,162,162,162,162,162
1,163,18,674,674,674,674,674
1,163,19,674,674,674,674,674
1,163,20,674,674,674,674,674
1,163,21,674,674,674,674,674
1,163,22,674,674,674,674,674
1,163,23,674,674,674,674,674
1,163,24,674,674,674,674,674
1,163,25,674,674,674,674,674
1,163,26,674,674,674,674,674
1,163,27,672,672,672,672,672
1,163,28,672,672,672,672,672
1,163,29,672,672,672,672,672
1,163,30,672,672,672,672,672
1,163,31,672,672,672,672,672
1,163,32,672,672,672,672,672
1,163,33,672,672,672,672,672
1,163,34,672,672,672,672,672
1,163,35,672,672,672,672,672
1,163,36,162,162,162,162,162
1,163,37,162,162,162,162,162
1,163,38,162,162,162,162,162
1,163,39,162,162,162,162,162
1,163,40,162,162,162,162,162
1,163,41,162,162,162,162,162
1,163,42,162,162,162,162,162
1,163,43,162,162,162,162,162
1,163,44,162,162,162,162,162
1,163,45,674,674,674,674,674
1,163,46,674,674,674,674,674
1,163,47,674,674,674,674,674
1,163,48,674,674,674,674,674
1,163,49,674,674,674,674,674
1,163,50,674,674,674,674,674
1,163,51,674,674,674,674,674
1,163,52,674,674,674,674,674
1,163,53,674,674,674,674,674
1,163,54,672,672,672,672,672
1,163,55,672,672,672,672,672
1,163,56,672,672,672,672,672
1,163,57,672,672,672,672,672
1,163,58,672,672,672,672,672
1,163,59,672,672,672,672,672
1,163,60,672,672,672,672,672
1,163,61,672,672,672,672,672
1,163,62,672,672,672,672,672
1,163,63,162,162,162,162,162
1,163,64,162,162,162,162,162
1,163,65,162,162,162,162,162
1,163,66,162,162,162,162,162
1,163,67,162,162,162,162,162
1,163,68,162,162,162,162,162
1,163,69,162,162,162,162,162
1,163,70,162,162,162,162,162
1,163,71,162,162,162,162,162
1,163,72,674,674,674,674,674
1,163,73,674,674,674,674,674
1,163,74,674,674,674,674,674
1,163,75,674,674,674,674,674
1,163,76,674,674,674,674,674
1,163,77,674,674,674,674,674
1,163,78,674,674,674,674,674
1,163,79,674,674,674,674,674
1,163,80,674,674,674,674,674
1,164,0,2208,2208,2208,2208,2208
1,164,1,168,168,168,168,168
1,164,2,2216,2216,2216,2216,2216
1,164,3,2208,2208,2208,2208,2208
1,164,4,168,168,168,168,168
1,164,5,2216,2216,2216,2216,2216
1,164,6,2208,2208,2208,2208,2208
1,164,7,168,168,168,168,168
1,164,8,2216,2216,2216,2216,2216
1,164,9,2208,2208,2208,2208,2208
1,164,10,168,168,168,168,168
1,164,11,2216,2216,2216,2216,2216
1,164,12,2208,2208,2208,2208,2208
1,164,13,168,168,168,168,168
1,164,14,2216,2216,2216,2216,2216
1,164,15,2208,2208,2208,2208,2208
1,164,16,168,168,168,168,168
1,164,17,2216,2216,2216,2216,2216
1,164,18,2208,2208,2208,2208,2208
1,164,19,168,168,168,168,168
1,164,20,2216,2216,2216,2216,2216
1,164,21,2208,2208,2208,2208,2208
1,164,22,168,168,168,168,168
1,164,23,2216,2216,2216,2216,2216
1,164,24,2208,2208,2208,2208,2208
1,164,25,168,168,168,168,168
1,164,26,2216,2216,2216,2216,2216
1,164,27,2208,2208,2208,2208,2208
1,164,28,168,168,168,168,168
1,164,29,2216,2216,2216,2216,2216
1,164,30,2208,2208,2208,2208,2208
1,164,31,168,168,168,168,168
1,164,32,2216,2216,2216,2216,2216
1,164,33,2208,2208,2208,2208,2208
1,164,34,168,168,168,168,168
1,164,35,2216,2216,2216,2216,2216
1,164,36,2208,2208,2208,2208,2208
1,164,37,168,168,168,168,168
1,164,38,2216,2216,2216,2216,2216
1,164,39,2208,2208,2208,2208,2208
1,164,40,168,168,168,168,168
1,164,41,2216,2216,2216,2216,2216
1,164,42,2208,2208,2208,2208,2208
1,164,43,168,168,168,168,168
1,164,44,2216,2216,2216,2216,2216
1,164,45,2208,2208,2208,2208,2208
1,164,46,168,168,168,168,168
1,164,47,2216,2216,2216,2216,2216
1,164,48,2208,2208,2208,2208,2208
1,164,49,168,168,168,168,168
1,164,50,2216,2216,2216,2216,2216
1,164,51,2208,2208,2208,2208,2208
1,164,52,168,168,168,168,168
1,164,53,2216,2216,2216,2216,2216
1,164,54,2208,2208,2208,2208,2208
1,164,55,168,168,168,168,168
1,164,56,2216,2216,2216,2216,2216
1,164,57,2208,2208,2208,2208,2208
1,164,58,168,168,168,168,168
1,164,59,2216,2216,2216,2216,2216
1,164,60,2208,2208,2208,2208,2208
1,164,61,168,168,168,168,168
1,164,62,2216,2216,2216,2216,2216
1,164,63,2208,2208,2208,2208,2208
1,164,64,168,168,168,168,168
1,164,65,2216,2216,2216,2216,2216
1,164,66,2208,2208,2208,2208,2208
1,164,67,168,168,168,168,168
1,164,68,2216,2216,2216,2216,2216
1,164,69,2208,2208,2208,2208,2208
1,164,70,168,168,168,168,168
1,164,71,2216,2216,2216,2216,2216
1,164,72,2208,2208,2208,2208,2208
1,164,73,168,168,168,168,168
1,164,74,2216,2216,2216,2216,2216
1,164,75,2208,2208,2208,2208,2208
1,164,76,168,168,168,168,168
1,164,77,2216,2216,2216,2216,2216
1,164,78,2208,2208,2208,2208,2208
1,164,79,168,168,168,168,168
1,164,80,2216,2216,2216,2216,2216
1,165,0,2720,2720,2720,2720,2720
1,165,1,680,680,680,680,680
1,165,2,2728,2728,2728,2728,2728
1,165,3,2720,2720,2720,2720,2720
1,165,4,680,680,680,680,680
1,165,5,2728,2728,2728,2728,2728
1,165,6,2720,2720,2720,2720,2720
1,165,7,680,680,680,680,680
1,165,8,2728,2728,2728,2728,2728
1,165,9,2210,2210,2210,2210,2210
1,165,10,170,170,170,170,170
1,165,11,2218,2218,2218,2218,2218
1,165,12,2210,2210,2210,2210,2210
1,165,13,170,170,170,170,170
1,165,14,2218,2218,2218,2218,2218
1,165,15,2210,2210,2210,2210,2210
1,165,16,170,170,170,170,170
1,165,17,2218,2218,2218,2218,2218
1,165,18,2722,2722,2722,2722,2722
1,165,19,682,682,682,682,682
1,165,20,2730,2730,2730,2730,2730
1,165,21,2722,2722,2722,2722,2722
1,165,22,682,682,682,682,682
1,165,23,2730,2730,2730,2730,2730
1,165,24,2722,2722,2722,2722,2722
1,165,25,682,682,682,682,682
1,165,26,2730,2730,2730,2730,2730
1,165,27,2720,2720,2720,2720,2720
1,165,28,680,680,680,680,680
1,165,29,2728,2728,2728,2728,2728
1,165,30,2720,2720,2720,2720,2720
1,165,31,680,680,680,680,680
1,165,32,2728,2728,2728,2728,2728
1,165,33,2720,2720,2720,2720,2720
1,165,34,680,680,680,680,680
1,165,35,2728,2728,2728,2728,2728
1,165,36,2210,2210,2210,2210,2210
1,165,37,170,170,170,170,170
1,165,38,2218,2218,2218,2218,2218
1,165,39,2210,2210,2210,2210,2210
1,165,40,170,170,170,170,170
1,165,41,2218,2218,2218,2218,2218
1,165,42,2210,2210,2210,2210,2210
1,165,43,170,170,170,170,170
1,165,44,2218,2218,2218,2218,2218
1,165,45,2722,2722,2722,2722,2722
1,165,46,682,682,682,682,682
1,165,47,2730,2730,2730,2730,2730
1,165,48,2722,2722,2722,2722,2722
1,165,49,682,682,682,682,682
1,165,50,2730,2730,2730,2730,2730
1,165,51,2722,2722,2722,2722,2722
1,165,52,682,682,682,682,682
1,165,53,2730,2730,2730,2730,2730
1,165,54,2720,2720,2720,2720,2720
1,165,55,680,680,680,680,680
1,165,56,2728,2728,2728,2728,2728
1,165,57,2720,2720,2720,2720,2720
1,165,58,680,680,680,680,680
1,165,59,2728,2728,2728,2728,2728
1,165,60,2720,2720,2720,2720,2720
1,165,61,680,680,680,680,680
1,165,62,2728,2728,2728,2728,2728
1,165,63,2210,2210,2210,2210,2210
1,165,64,170,170,170,170,170
1,165,65,2218,2218,2218,2218,2218
1,165,66,2210,2210,2210,2210,2210
1,165,67,170,170,170,170,170
1,165,68,2218,2218,2218,2218,2218
1,165,69,2210,2210,2210,2210,2210
1,165,70,170,170,170,170,170
1,165,71,2218,2218,2218,2218,2218
1,165,72,2722,2722,2722,2722,2722
1,165,73,682,682,682,682,682
1,165,74,2730,2730,2730,2730,2730
1,165,75,2722,2722,2722,2722,2722
1,165,76,682,682,682,682,682
1,165,77,2730,2730,2730,2730,2730
1,165,78,2722,2722,2722,2722,2722
1,165,79,682,682,682,682,682
1,165,80,2730,2730,2730,2730,2730
1,166,0,2720,2720,2720,2720,2720
1,166,1,680,680,680,680,680
1,166,2,2728,2728,2728,2728,2728
1,166,3,2720,2720,2720,2720,2720
1,166,4,680,680,680,680,680
1,166,5,2728,2728,2728,2728,2728
1,166,6,2720,2720,2720,2720,2720
1,166,7,680,680,680,680,680
1,166,8,2728,2728,2728,2728,2728
1,166,9,2210,2210,2210,2210,2210
1,166,10,170,170,170,170,170
1,166,11,2218,2218,2218,2218,2218
1,166,12,2210,2210,2210,2210,2210
1,166,13,170,170,170,170,170
1,166,14,2218,2218,2218,2218,2218
1,166,15,2210,2210,2210,2210,2210
1,166,16,170,170,170,170,170
1,166,17,2218,2218,2218,2218,2218
1,166,18,2722,2722,2722,2722,2722
1,166,19,682,682,682,682,682
1,166,20,2730,2730,2730,2730,2730
1,166,21,2722,2722,2722,2722,2722
1,166,22,682,682,682,682,682
1,166,23,2730,2730,2730,2730,2730
1,166,24,2722,2722,2722,2722,2722
1,166,25,682,682,682,682,682
1,166,26,2730,2730,2730,2730,2730
1,166,27,2720,2720,2720,2720,2720
1,166,28,680,680,680,680,680
1,166,29,2728,2728,2728,2728,2728
1,166,30,2720,2720,2720,2720,2720
1,166,31,680,680,680,680,680
1,166,32,2728,2728,2728,2728,2728
1,166,33,2720,2720,2720,2720,2720
1,166,34,680,680,680,680,680
1,166,35,2728,2728,2728,2728,2728
1,166,36,2210,2210,2210,2210,2210
1,166,37,170,170,170,170,170
1,166,38,2218,2218,2218,2218,2218
1,166,39,2210,2210,2210,2210,2210
1,166,40,170,170,170,170,170
1,166,41,2218,2218,2218,2218,2218
1,166,42,2210,2210,2210,2210,2210
1,166,43,170,170,170,170,170
1,166,44,2218,2218,2218,2218,2218
1,166,45,2722,2722,2722,2722,2722
1,166,46,682,682,682,682,682
1,166,47,2730,2730,2730,2730,2730
1,166,48,2722,2722,2722,2722,2722
1,166,49,682,682,682,682,682
1,166,50,2730,2730,2730,2730,2730
1,166,51,2722,2722,2722,2722,2722
1,166,52,682,682,682,682,682
1,166,53,2730,2730,2730,2730,2730
1,166,54,2720,2720,2720,2720,2720
1,166,55,680,680,680,680,680
1,166,56,2728,2728,2728,2728,2728
1,166,57,2720,2720,2720,2720,2720
1,166,58,680,680,680,680,680
1,166,59,2728,2728,2728,2728,2728
1,166,60,2720,2720,2720,2720,2720
1,166,61,680,680,680,680,680
1,166,62,2728,2728,2728,2728,2728
1,166,63,2210,2210,2210,2210,2210
1,166,64,170,170,170,170,170
1,166,65,2218,2218,2218,2218,2218
1,166,66,2210,2210,2210,2210,2210
1,166,67,170,170,170,170,170
1,166,68,2218,2218,2218,2218,2218
1,166,69,2210,2210,2210,2210,2210
1,166,70,170,170,170,170,170
1,166,71,2218,2218,2218,2218,2218
1,166,72,2722,2722,2722,2722,2722
1,166,73,682,682,682,682,682
1,166,74,2730,2730,2730,2730,2730
1,166,75,2722,2722,2722,2722,2722
1,166,76,682,682,682,682,682
1,166,77,2730,2730,2730,2730,2730
1,166,78,2722,2722,2722,2722,2722
1,166,79,682,682,682,682,682
1,166,80,2730,2730,2730,2730,2730
1,167,0,2720,2720,2720,2720,2720
1,167,1,680,680,680,680,680
1,167,2,2728,2728,2728,2728,2728
1,167,3,2720,2720,2720,2720,2720
1,167,4,680,680,680,680,680
1,167,5,2728,2728,2728,2728,2728
1,167,6,2720,2720,2720,2720,2720
1,167,7,680,680,680,680,680
1,167,8,2728,2728,2728,2728,2728
1,167,9,2210,2210,2210,2210,2210
1,167,10,170,170,170,170,170
1,167,11,2218,2218,2218,2218,2218
1,167,12,2210,2210,2210,2210,2210
1,167,13,170,170,170,170,170
1,167,14,2218,2218,2218,2218,2218
1,167,15,2210,2210,2210,2210,2210
1,167,16,170,170,170,170,170
1,167,17,2218,2218,2218,2218,2218
1,167,18,2722,2722,2722,2722,2722
1,167,19,682,682,682,682,682
1,167,20,2730,2730,2730,2730,2730
1,167,21,2722,2722,2722,2722,2722
1,167,22,682,682,682,682,682
1,167,23,2730,2730,2730,2730,2730
1,167,24,2722,2722,2722,2722,2722
1,167,25,682,682,682,682,682
1,167,26,2730,2730,2730,2730,2730
1,167,27,2720,2720,2720,2720,2720
1,167,28,680,680,680,680,680
1,167,29,2728,2728,2728,2728,2728
1,167,30,2720,2720,2720,2720,2720
1,167,31,680,680,680,680,680
1,167,32,2728,2728,2728,2728,2728
1,167,33,2720,2720,2720,2720,2720
1,167,34,680,680,680,680,680
1,167,35,2728,2728,2728,2728,2728
1,167,36,2210,2210,2210,2210,2210
1,167,37,170,170,170,170,170
1,167,38,2218,2218,2218,2218,2218
1,167,39,2210,2210,2210,2210,2210
1,167,40,170,170,170,170,170
1,167,41,2218,2218,2218,2218,2218
1,167,42,2210,2210,2210,2210,2210
1,167,43,170,170,170,170,170
1,167,44,2218,2218,2218,2218,2218
1,167,45,2722,2722,2722,2722,2722
1,167,46,682,682,682,682,682
1,167,47,2730,2730,2730,2730,2730
1,167,48,2722,2722,2722,2722,2722
1,167,49,682,682,682,682,682
1,167,50,2730,2730,2730,2730,2730
1,167,51,2722,2722,2722,2722,2722
1,167,52,682,682,682,682,682
1,167,53,2730,2730,2730,2730,2730
1,167,54,2720,2720,2720,2720,2720
1,167,55,680,680,680,680,680
1,167,56,2728,2728,2728,2728,2728
1,167,57,2720,2720,2720,2720,2720
1,167,58,680,680,680,680,680
1,167,59,2728,2728,2728,2728,2728
1,167,60,2720,2720,2720,2720,2720
1,167,61,680,680,680,680,680
1,167,62,2728,2728,2728,2728,2728
1,167,63,2210,2210,2210,2210,2210
1,167,64,170,170,170,170,170
1,167,65,2218,2218,2218,2218,2218
1,167,66,2210,2210,2210,2210,2210
1,167,67,170,170,170,170,170
1,167,68,2218,2218,2218,2218,2218
1,167,69,2210,2210,2210,2210,2210
1,167,70,170,170,170,170,170
1,167,71,2218,2218,2218,2218,2218
1,167,72,2722,2722,2722,2722,2722
1,167,73,682,682,682,682,682
1,167,74,2730,2730,2730,2730,2730
1,167,75,2722,2722,2722,2722,2722
1,167,76,682,682,682,682,682
1,167,77,2730,2730,2730,2730,2730
1,167,78,2722,2722,2722,2722,2722
1,167,79,682,682,682,682,682
1,167,80,2730,2730,2730,2730,2730
1,168,0,2208,2208,2208,2208,2208
1,168,1,168,168,168,168,168
1,168,2,2216,2216,2216,2216,2216
1,168,3,2208,2208,2208,2208,2208
1,168,4,168,168,168,168,168
1,168,5,2216,2216,2216,2216,2216
1,168,6,2208,2208,2208,2208,2208
1,168,7,168,168,168,168,168
1,168,8,2216,2216,2216,2216,2216
1,168,9,2208,2208,2208,2208,2208
1,168,10,168,168,168,168,168
1,168,11,2216,2216,2216,2216,2216
1,168,12,2208,2208,2208,2208,2208
1,168,13,168,168,168,168,168
1,168,14,2216,2216,2216,2216,2216
1,168,15,2208,2208,2208,2208,2208
1,168,16,168,168,168,168,168
1,168,17,2216,2216,2216,2216,2216
1,168,18,2208,2208,2208,2208,2208
1,168,19,168,168,168,168,168
1,168,20,2216,2216,2216,2216,2216
1,168,21,2208,2208,2208,2208,2208
1,168,22,168,168,168,168,168
1,168,23,2216,2216,2216,2216,2216
1,168,24,2208,2208,2208,2208,2208
1,168,25,168,168,168,168,168
1,168,26,2216,2216,2216,2216,2216
1,168,27,2208,2208,2208,2208,2208
1,168,28,168,168,168,168,168
1,168,29,2216,2216,2216,2216,2216
1,168,30,2208,2208,2208,2208,2208
1,168,31,168,168,168,168,168
1,168,32,2216,2216,2216,2216,2216
1,168,33,2208,2208,2208,2208,2208
1,168,34,168,168,168,168,168
1,168,35,2216,2216,2216,2216,2216
1,168,36,2208,2208,2208,2208,2208
1,168,37,168,168,168,168,168
1,168,38,2216,2216,2216,2216,2216
1,168,39,2208,2208,2208,2208,2208
1,168,40,168,168,168,168,168
1,168,41,2216,2216,2216,2216,2216
1,168,42,2208,2208,2208,2208,2208
1,168,43,168,168,168,168,168
1,168,44,2216,2216,2216,2216,2216
1,168,45,2208,2208,2208,2208,2208
1,168,46,168,168,168,168,168
1,168,47,2216,2216,2216,2216,2216
1,168,48,2208,2208,2208,2208,2208
1,168,49,168,168,168,168,168
1,168,50,2216,2216,2216,2216,2216
1,168,51,2208,2208,2208,2208,2208
1,168,52,168,168,168,168,168
1,168,53,2216,2216,2216,2216,2216
1,168,54,2208,2208,2208,2208,2208
1,168,55,168,168,168,168,168
1,168,56,2216,2216,2216,2216,2216
1,168,57,2208,2208,2208,2208,2208
1,168,58,168,168,168,168,168
1,168,59,2216,2216,2216,2216,2216
1,168,60,2208,2208,2208,2208,2208
1,168,61,168,168,168,168,168
1,168,62,2216,2216,2216,2216,2216
1,168,63,2208,2208,2208,2208,2208
1,168,64,168,168,168,168,168
1,168,65,2216,2216,2216,2216,2216
1,168,66,2208,2208,2208,2208,2208
1,168,67,168,168,168,168,168
1,168,68,2216,2216,2216,2216,2216
1,168,69,2208,2208,2208,2208,2208
1,168,70,168,168,168,168,168
1,168,71,2216,2216,2216,2216,2216
1,168,72,2208,2208,2208,2208,2208
1,168,73,168,168,168,168,168
1,168,74,2216,2216,2216,2216,2216
1,168,75,2208,2208,2208,2208,2208
1,168,76,168,168,168,168,168
1,168,77,2216,2216,2216,2216,2216
1,168,78,2208,2208,2208,2208,2208
1,168,79,168,168,168,168,168
1,168,80,2216,2216,2216,2216,2216
1,169,0,2720,2720,2720,2720,2720
1,169,1,680,680,680,680,680
1,169,2,2728,2728,2728,2728,2728
1,169,3,2720,2720,2720,2720,2720
1,169,4,680,680,680,680,680
1,169,5,2728,2728,2728,2728,2728
1,169,6,2720,2720,2720,2720,2720
1,169,7,680,680,680,680,680
1,169,8,2728,2728,2728,2728,2728
1,169,9,2210,2210,2210,2210,2210
1,169,10,170,170,170,170,170
1,169,11,2218,2218,2218,2218,2218
1,169,12,2210,2210,2210,2210,2210
1,169,13,170,170,170,170,170
1,169,14,2218,2218,2218,2218,2218
1,169,15,2210,2210,2210,2210,2210
1,169,16,170,170,170,170,170
1,169,17,2218,2218,2218,2218,2218
1,169,18,2722,2722,2722,2722,2722
1,169,19,682,682,682,682,682
1,169,20,2730,2730,2730,2730,2730
1,169,21,2722,2722,2722,2722,2722
1,169,22,682,682,682,682,682
1,169,23,2730,2730,2730,2730,2730
1,169,24,2722,2722,2722,2722,2722
1,169,25,682,682,682,682,682
1,169,26,2730,2730,2730,2730,2730
1,169,27,2720,2720,2720,2720,2720
1,169,28,680,680,680,680,680
1,169,29,2728,2728,2728,2728,2728
1,169,30,2720,2720,2720,2720,2720
1,169,31,680,680,680,680,680
1,169,32,2728,2728,2728,2728,2728
1,169,33,2720,2720,2720,2720,2720
1,169,34,680,680,680,680,680
1,169,35,2728,2728,2728,2728,2728
1,169,36,2210,2210,2210,2210,2210
1,169,37,170,170,170,170,170
1,169,38,2218,2218,2218,2218,2218
1,169,39,2210,2210,2210,2210,2210
1,169,40,170,170,170,170,170
1,169,41,2218,2218,2218,2218,2218
1,169,42,2210,2210,2210,2210,2210
1,169,43,170,170,170,170,170
1,169,44,2218,2218,2218,2218,2218
1,169,45,2722,2722,2722,2722,2722
1,169,46,682,682,682,682,682
1,169,47,2730,2730,2730,2730,2730
1,169,48,2722,2722,2722,2722,2722
1,169,49,682,682,682,682,682
1,169,50,2730,2730,2730,2730,2730
1,169,51,2722,2722,2722,2722,2722
1,169,52,682,682,682,682,682
1,169,53,2730,2730,2730,2730,2730
1,169,54,2720,2720,2720,2720,2720
1,169,55,680,680,680,680,680
1,169,56,2728,2728,2728,2728,2728
1,169,57,2720,2720,2720,2720,2720
1,169,58,680,680,680,680,680
1,169,59,2728,2728,2728,2728,2728
1,169,60,2720,2720,2720,2720,2720
1,169,61,680,680,680,680,680
1,169,62,2728,2728,2728,2728,2728
1,169,63,2210,2210,2210,2210,2210
1,169,64,170,170,170,170,170
1,169,65,2218,2218,2218,2218,2218
1,169,66,2210,2210,2210,2210,2210
1,169,67,170,170,170,170,170
1,169,68,2218,2218,2218,2218,2218
1,169,69,2210,2210,2210,2210,2210
1,169,70,170,170,170,170,170
1,169,71,2218,2218,2218,2218,2218
1,169,72,2722,2722,2722,2722,2722
1,169,73,682,682,682,682,682
1,169,74,2730,2730,2730,2730,2730
1,169,75,2722,2722,2722,2722,2722
1,169,76,682,682,682,682,682
1,169,77,2730,2730,2730,2730,2730
1,169,78,2722,2722,2722,2722,2722
1,169,79,682,682,682,682,682
1,169,80,2730,2730,2730,2730,2730
1,170,0,2720,2720,2720,2720,2720
1,170,1,680,680,680,680,680
1,170,2,2728,2728,2728,2728,2728
1,170,3,2720,2720,2720,2720,2720
1,170,4,680,680,680,680,680
1,170,5,2728,2728,2728,2728,2728
1,170,6,2720,2720,2720,2720,2720
1,170,7,680,680,680,680,680
1,170,8,2728,2728,2728,2728,2728
1,170,9,2210,2210,2210,2210,2210
1,170,10,170,170,170,170,170
1,170,11,2218,2218,2218,2218,2218
1,170,12,2210,2210,2210,2210,2210
1,170,13,170,170,170,170,170
1,170,14,2218,2218,2218,2218,2218
1,170,15,2210,2210,2210,2210,2210
1,170,16,170,170,170,170,170
1,170,17,2218,2218,2218,2218,2218
1,170,18,2722,2722,2722,2722,2722
1,170,19,682,682,682,682,682
1,170,20,2730,2730,2730,2730,2730
1,170,21,2722,2722,2722,2722,2722
1,170,22,682,682,682,682,682
1,170,23,2730,2730,2730,2730,2730
1,170,24,2722,2722,2722,2722,2722
1,170,25,682,682,682,682,682
1,170,26,2730,2730,2730,2730,2730
1,170,27,2720,2720,2720,2720,2720
1,170,28,680,680,680,680,680
1,170,29,2728,2728,2728,2728,2728
1,170,30,2720,2720,2720,2720,2720
1,170,31,680,680,680,680,680
1,170,32,2728,2728,2728,2728,2728
1,170,33,2720,2720,2720,2720,2720
1,170,34,680,680,680,680,680
1,170,35,2728,2728,2728,2728,2728
1,170,36,2210,2210,2210,2210,2210
1,170,37,170,170,170,170,170
1,170,38,2218,2218,2218,2218,2218
1,170,39,2210,2210,2210,2210,2210
1,170,40,170,170,170,170,170
1,170,41,2218,2218,2218,2218,2218
1,170,42,2210,2210,2210,2210,2210
1,170,43,170,170,170,170,170
1,170,44,2218,2218,2218,2218,2218
1,170,45,2722,2722,2722,2722,2722
1,170,46,682,682,682,682,682
1,170,47,2730,2730,2730,2730,2730
1,170,48,2722,2722,2722,2722,2722
1,170,49,682,682,682,682,682
1,170,50,2730,2730,2730,2730,2730
1,170,51,2722,2722,2722,2722,2722
1,170,52,682,682,682,682,682
1,170,53,2730,2730,2730,2730,2730
1,170,54,2720,2720,2720,2720,2720
1,170,55,680,680,680,680,680
1,170,56,2728,2728,2728,2728,2728
1,170,57,2720,2720,2720,2720,2720
1,170,58,680,680,680,680,680
1,170,59,2728,2728,2728,2728,2728
1,170,60,2720,2720,2720,2720,2720
1,170,61,680,680,680,680,680
1,170,62,2728,2728,2728,2728,2728
1,170,63,2210,2210,2210,2210,2210
1,170,64,170,170,170,170,170
1,170,65,2218,2218,2218,2218,2218
1,170,66,2210,2210,2210,2210,2210
1,170,67,170,170,170,170,170
1,170,68,2218,2218,2218,2218,2218
1,170,69,2210,2210,2210,2210,2210
1,170,70,170,170,170,170,170
1,170,71,2218,2218,2218,2218,2218
1,170,72,2722,2722,2722,2722,2722
1,170,73,682,682,682,682,682
1,170,74,2730,2730,2730,2730,2730
1,170,75,2722,2722,2722,2722,2722
1,170,76,682,682,682,682,682
1,170,77,2730,2730,2730,2730,2730
1,170,78,2722,2722,2722,2722,2722
1,170,79,682,682,682,682,682
1,170,80,2730,2730,2730,2730,2730
1,171,0,2720,2720,2720,2720,2720
1,171,1,680,680,680,680,680
1,171,2,2728,2728,2728,2728,2728
1,171,3,2720,2720,2720,2720,2720
1,171,4,680,680,680,680,680
1,171,5,2728,2728,2728,2728,2728
1,171,6,2720,2720,2720,2720,2720
1,171,7,680,680,680,680,680
1,171,8,2728,2728,2728,2728,2728
1,171,9,2210,2210,2210,2210,2210
1,171,10,170,170,170,170,170
1,171,11,2218,2218,2218,2218,2218
1,171,12,2210,2210,2210,2210,2210
1,171,13,170,170,170,170,170
1,171,14,2218,2218,2218,2218,2218
1,171,15,2210,2210,2210,2210,2210
1,171,16,170,170,170,170,170
1,171,17,2218,2218,2218,2218,2218
1,171,18,2722,2722,2722,2722,2722
1,171,19,682,682,682,682,682
1,171,20,2730,2730,2730,2730,2730
1,171,21,2722,2722,2722,2722,2722
1,171,22,682,682,682,682,682
1,171,23,2730,2730,2730,2730,2730
1,171,24,2722,2722,2722,2722,2722
1,171,25,682,682,682,682,682
1,171,26,2730,2730,2730,2730,2730
1,171,27,2720,2720,2720,2720,2720
1,171,28,680,680,680,680,680
1,171,29,2728,2728,2728,2728,2728
1,171,30,2720,2720,2720,2720,2720
1,171,31,680,680,680,680,680
1,171,32,2728,2728,2728,2728,2728
1,171,33,2720,2720,2720,2720,2720
1,171,34,680,680,680,680,680
1,171,35,2728,2728,2728,2728,2728
1,171,36,2210,2210,2210,2210,2210
1,171,37,170,170,170,170,170
1,171,38,2218,2218,2218,2218,2218
1,171,39,2210,2210,2210,2210,2210
1,171,40,170,170,170,170,170
1,171,41,2218,2218,2218,2218,2218
1,171,42,2210,2210,2210,2210,2210
1,171,43,170,170,170,170,170
1,171,44,2218,2218,2218,2218,2218
1,171,45,2722,2722,2722,2722,2722
1,171,46,682,682,682,682,682
1,171,47,2730,2730,2730,2730,2730
1,171,48,2722,2722,2722,2722,2722
1,171,49,682,682,682,682,682
1,171,50,2730,2730,2730,2730,2730
1,171,51,2722,2722,2722,2722,2722
1,171,52,682,682,682,682,682
1,171,53,2730,2730,2730,2730,2730
1,171,54,2720,2720,2720,2720,2720
1,171,55,680,680,680,680,680
1,171,56,2728,2728,2728,2728,2728
1,171,57,2720,2720,2720,2720,2720
1,171,58,680,680,680,680,680
1,171,59,2728,2728,2728,2728,2728
1,171,60,2720,2720,2720,2720,2720
1,171,61,680,680,680,680,680
1,171,62,2728,2728,2728,2728,2728
1,171,63,2210,2210,2210,2210,2210
1,171,64,170,170,170,170,170
1,171,65,2218,2218,2218,2218,2218
1,171,66,2210,2210,2210,2210,2210
1,171,67,170,170,170,170,170
1,171,68,2218,2218,2218,2218,2218
1,171,69,2210,2210,2210,2210,2210
1,171,70,170,170,170,170,170
1,171,71,2218,2218,2218,2218,2218
1,171,72,2722,2722,2722,2722,2722
1,171,73,682,682,682,682,682
1,171,74,2730,2730,2730,2730,2730
1,171,75,2722,2722,2722,2722,2722
1,171,76,682,682,682,682,682
1,171,77,2730,2730,2730,2730,2730
1,171,78,2722,2722,2722,2722,2722
1,171,79,682,682,682,682,682
1,171,80,2730,2730,2730,2730,2730
1,172,0,2208,2208,2208,2208,2208
1,172,1,168,168,168,168,168
1,172,2,2216,2216,2216,2216,2216
1,172,3,2208,2208,2208,2208,2208
1,172,4,168,168,168,168,168
1,172,5,2216,2216,2216,2216,2216
1,172,6,2208,2208,2208,2208,2208
1,172,7,168,168,168,168,168
1,172,8,2216,2216,2216,2216,2216
1,172,9,2208,2208,2208,2208,2208
1,172,10,168,168,168,168,168
1,172,11,2216,2216,2216,2216,2216
1,172,12,2208,2208,2208,2208,2208
1,172,13,168,168,168,168,168
1,172,14,2216,2216,2216,2216,2216
1,172,15,2208,2208,2208,2208,2208
1,172,16,168,168,168,168,168
1,172,17,2216,2216,2216,2216,2216
1,172,18,2208,2208,2208,2208,2208
1,172,19,168,168,168,168,168
1,172,20,2216,2216,2216,2216,2216
1,172,21,2208,2208,2208,2208,2208
1,172,22,168,168,168,168,168
1,172,23,2216,2216,2216,2216,2216
1,172,24,2208,2208,2208,2208,2208
1,172,25,168,168,168,168,168
1,172,26,2216,2216,2216,2216,2216
1,172,27,2208,2208,2208,2208,2208
1,172,28,168,168,168,168,168
1,172,29,2216,2216,2216,2216,2216
1,172,30,2208,2208,2208,2208,2208
1,172,31,168,168,168,168,168
1,172,32,2216,2216,2216,2216,2216
1,172,33,2208,2208,2208,2208,2208
1,172,34,168,168,168,168,168
1,172,35,2216,2216,2216,2216,2216
1,172,36,2208,2208,2208,2208,2208
1,172,37,168,168,168,168,168
1,172,38,2216,2216,2216,2216,2216
1,172,39,2208,2208,2208,2208,2208
1,172,40,168,168,168,168,168
1,172,41,2216,2216,2216,2216,2216
1,172,42,2208,2208,2208,2208,2208
1,172,43,168,168,168,168,168
1,172,44,2216,2216,2216,2216,2216
1,172,45,2208,2208,2208,2208,2208
1,172,46,168,168,168,168,168
1,172,47,2216,2216,2216,2216,2216
1,172,48,2208,2208,2208,2208,2208
1,172,49,168,168,168,168,168
1,172,50,2216,2216,2216,2216,2216
1,172,51,2208,2208,2208,2208,2208
1,172,52,168,168,168,168,168
1,172,53,2216,2216,2216,2216,2216
1,172,54,2208,2208,2208,2208,2208
1,172,55,168,168,168,168,168
1,172,56,2216,2216,2216,2216,2216
1,172,57,2208,2208,2208,2208,2208
1,172,58,168,168,168,168,168
1,172,59,2216,2216,2216,2216,2216
1,172,60,2208,2208,2208,2208,2208
1,172,61,168,168,168,168,168
1,172,62,2216,2216,2216,2216,2216
1,172,63,2208,2208,2208,2208,2208
1,172,64,168,168,168,168,168
1,172,65,2216,2216,2216,2216,2216
1,172,66,2208,2208,2208,2208,2208
1,172,67,168,168,168,168,168
1,172,68,2216,2216,2216,2216,2216
1,172,69,2208,2208,2208,2208,2208
1,172,70,168,168,168,168,168
1,172,71,2216,2216,2216,2216,2216
1,172,72,2208,2208,2208,2208,2208
1,172,73,168,168,168,168,168
1,172,74,2216,2216,2216,2216,2216
1,172,75,2208,2208,2208,2208,2208
1,172,76,168,168,168,168,168
1,172,77,2216,2216,2216,2216,2216
1,172,78,2208,2208,2208,2208,2208
1,172,79,168,168,168,168,168
1,172,80,2216,2216,2216,2216,2216
1,173,0,2720,2720,2720,2720,2720
1,173,1,680,680,680,680,680
1,173,2,2728,2728,2728,2728,2728
1,173,3,2720,2720,2720,2720,2720
1,173,4,680,680,680,680,680
1,173,5,2728,2728,2728,2728,2728
1,173,6,2720,2720,2720,2720,2720
1,173,7,680,680,680,680,680
1,173,8,2728,2728,2728,2728,2728
1,173,9,2210,2210,2210,2210,2210
1,173,10,170,170,170,170,170
1,173,11,2218,2218,2218,2218,2218
1,173,12,2210,2210,2210,2210,2210
1,173,13,170,170,170,170,170
1,173,14,2218,2218,2218,2218,2218
1,173,15,2210,2210,2210,2210,2210
1,173,16,170,170,170,170,170
1,173,17,2218,2218,2218,2218,2218
1,173,18,2722,2722,2722,2722,2722
1,173,19,682,682,682,682,682
1,173,20,2730,2730,2730,2730,2730
1,173,21,2722,2722,2722,2722,2722
1,173,22,682,682,682,682,682
1,173,23,2730,2730,2730,2730,2730
1,173,24,2722,2722,2722,2722,2722
1,173,25,682,682,682,682,682
1,173,26,2730,2730,2730,2730,2730
1,173,27,2720,2720,2720,2720,2720
1,173,28,680,680,680,680,680
1,173,29,2728,2728,2728,2728,2728
1,173,30,2720,2720,2720,2720,2720
1,173,31,680,680,680,680,680
1,173,32,2728,2728,2728,2728,2728
1,173,33,2720,2720,2720,2720,2720
1,173,34,680,680,680,680,680
1,173,35,2728,2728,2728,2728,2728
1,173,36,2210,2210,2210,2210,2210
1,173,37,170,170,170,170,170
1,173,38,2218,2218,2218,2218,2218
1,173,39,2210,2210,2210,2210,2210
1,173,40,170,170,170,170,170
1,173,41,2218,2218,2218,2218,2218
1,173,42,2210,2210,2210,2210,2210
1,173,43,170,170,170,170,170
1,173,44,2218,2218,2218,2218,2218
1,173,45,2722,2722,2722,2722,2722
1,173,46,682,682,682,682,682
1,173,47,2730,2730,2730,2730,2730
1,173,48,2722,2722,2722,2722,2722
1,173,49,682,682,682,682,682
1,173,50,2730,2730,2730,2730,2730
1,173,51,2722,2722,2722,2722,2722
1,173,52,682,682,682,682,682
1,173,53,2730,2730,2730,2730,2730
1,173,54,2720,2720,2720,2720,2720
1,173,55,680,680,680,680,680
1,173,56,2728,2728,2728,2728,2728
1,173,57,2720,2720,2720,2720,2720
1,173,58,680,680,680,680,680
1,173,59,2728,2728,2728,2728,2728
1,173,60,2720,2720,2720,2720,2720
1,173,61,680,680,680,680,680
1,173,62,2728,2728,2728,2728,2728
1,173,63,2210,2210,2210,2210,2210
1,173,64,170,170,170,170,170
1,173,65,2218,2218,2218,2218,2218
1,173,66,2210,2210,2210,2210,2210
1,173,67,170,170,170,170,170
1,173,68,2218,2218,2218,2218,2218
1,173,69,2210,2210,2210,2210,2210
1,173,70,170,170,170,170,170
1,173,71,2218,2218,2218,2218,2218
1,173,72,2722,2722,2722,2722,2722
1,173,73,682,682,682,682,682
1,173,74,2730,2730,2730,2730,2730
1,173,75,2722,2722,2722,2722,2722
1,173,76,682,682,682,682,682
1,173,77,2730,2730,2730,2730,2730
1,173,78,2722,2722,2722,2722,2722
1,173,79,682,682,682,682,682
1,173,80,2730,2730,2730,2730,2730
1,174,0,2720,2720,2720,2720,2720
1,174,1,680,680,680,680,680
1,174,2,2728,2728,2728,2728,2728
1,174,3,2720,2720,2720,2720,2720
1,174,4,680,680,680,680,680
1,174,5,2728,2728,2728,2728,2728
1,174,6,2720,2720,2720,2720,2720
1,174,7,680,680,680,680,680
1,174,8,2728,2728,2728,2728,2728
1,174,9,2210,2210,2210,2210,2210
1,174,10,170,170,170,170,170
1,174,11,2218,2218,2218,2218,2218
1,174,12,2210,2210,2210,2210,2210
1,174,13,170,170,170,170,170
1,174,14,2218,2218,2218,2218,2218
1,174,15,2210,2210,2210,2210,2210
1,174,16,170,170,170,170,170
1,174,17,2218,2218,2218,2218,2218
1,174,18,2722,2722,2722,2722,2722
1,174,19,682,682,682,682,682
1,174,20,2730,2730,2730,2730,2730
1,174,21,2722,2722,2722,2722,2722
1,174,22,682,682,682,682,682
1,174,23,2730,2730,2730,2730,2730
1,174,24,2722,2722,2722,2722,2722
1,174,25,682,682,682,682,682
1,174,26,2730,2730,2730,2730,2730
1,174,27,2720,2720,2720,2720,2720
1,174,28,680,680,680,680,680
1,174,29,2728,2728,2728,2728,2728
1,174,30,2720,2720,2720,2720,2720
1,174,31,680,680,680,680,680
1,174,32,2728,2728,2728,2728,2728
1,174,33,2720,2720,2720,2720,2720
1,174,34,680,680,680,680,680
1,174,35,2728,2728,2728,2728,2728
1,174,36,2210,2210,2210,2210,2210
1,174,37,170,170,170,170,170
1,174,38,2218,2218,2218,2218,2218
1,174,39,2210,2210,2210,2210,2210
1,174,40,170,170,170,170,170
1,174,41,2218,2218,2218,2218,2218
1,174,42,2210,2210,2210,2210,2210
1,174,43,170,170,170,170,170
1,174,44,2218,2218,2218,2218,2218
1,174,45,2722,2722,2722,2722,2722
1,174,46,682,682,682,682,682
1,174,47,2730,2730,2730,2730,2730
1,174,48,2722,2722,2722,2722,2722
1,174,49,682,682,682,682,682
1,174,50,2730,2730,2730,2730,2730
1,174,51,2722,2722,2722,2722,2722
1,174,52,682,682,682,682,682
1,174,53,2730,2730,2730,2730,2730
1,174,54,2720,2720,2720,2720,2720
1,174,55,680,680,680,680,680
1,174,56,2728,2728,2728,2728,2728
1,174,57,2720,2720,2720,2720,2720
1,174,58,680,680,680,680,680
1,174,59,2728,2728,2728,2728,2728
1,174,60,2720,2720,2720,2720,2720
1,174,61,680,680,680,680,680
1,174,62,2728,2728,2728,2728,2728
1,174,63,2210,2210,2210,2210,2210
1,174,64,170,170,170,170,170
1,174,65,2218,2218,2218,2218,2218
1,174,66,2210,2210,2210,2210,2210
1,174,67,170,170,170,170,170
1,174,68,2218,2218,2218,2218,2218
1,174,69,2210,2210,2210,2210,2210
1,174,70,170,170,170,170,170
1,174,71,2218,2218,2218,2218,2218
1,174,72,2722,2722,2722,2722,2722
1,174,73,682,682,682,682,682
1,174,74,2730,2730,2730,2730,2730
1,174,75,2722,2722,2722,2722,2722
1,174,76,682,682,682,682,682
1,174,77,2730,2730,2730,2730,2730
1,174,78,2722,2722,2722,2722,2722
1,174,79,682,682,682,682,682
1,174,80,2730,2730,2730,2730,2730
1,175,0,2720,2720,2720,2720,2720
1,175,1,680,680,680,680,680
1,175,2,2728,2728,2728,2728,2728
1,175,3,2720,2720,2720,2720,2720
1,175,4,680,680,680,680,680
1,175,5,2728,2728,2728,2728,2728
1,175,6,2720,2720,2720,2720,2720
1,175,7,680,680,680,680,680
1,175,8,2728,2728,2728,2728,2728
1,175,9,2210,2210,2210,2210,2210
1,175,10,170,170,170,170,170
1,175,11,2218,2218,2218,2218,2218
1,175,12,2210,2210,2210,2210,2210
1,175,13,170,170,170,170,170
1,175,14,2218,2218,2218,2218,2218
1,175,15,2210,2210,2210,2210,2210
1,175,16,170,170,170,170,170
1,175,17,2218,2218,2218,2218,2218
1,175,18,2722,2722,2722,2722,2722
1,175,19,682,682,682,682,682
1,175,20,2730,2730,2730,2730,2730
1,175,21,2722,2722,2722,2722,2722
1,175,22,682,682,682,682,682
1,175,23,2730,2730,2730,2730,2730
1,175,24,2722,2722,2722,2722,2722
1,175,25,682,682,682,682,682
1,175,26,2730,2730,2730,2730,2730
1,175,27,2720,2720,2720,2720,2720
1,175,28,680,680,680,680,680
1,175,29,2728,2728,2728,2728,2728
1,175,30,2720,2720,2720,2720,2720
1,175,31,680,680,680,680,680
1,175,32,2728,2728,2728,2728,2728
1,175,33,2720,2720,2720,2720,2720
1,175,34,680,680,680,680,680
1,175,35,2728,2728,2728,2728,2728
1,175,36,2210,2210,2210,2210,2210
1,175,37,170,170,170,170,170
1,175,38,2218,2218,2218,2218,2218
1,175,39,2210,2210,2210,2210,2210
1,175,40,170,170,170,170,170
1,175,41,2218,2218,2218,2218,2218
1,175,42,2210,2210,2210,2210,2210
1,175,43,170,170,170,170,170
1,175,44,2218,2218,2218,2218,2218
1,175,45,2722,2722,2722,2722,2722
1,175,46,682,682,682,682,682
1,175,47,2730,2730,2730,2730,2730
1,175,48,2722,2722,2722,2722,2722
1,175,49,682,682,682,682,682
1,175,50,2730,2730,2730,2730,2730
1,175,51,2722,2722,2722,2722,2722
1,175,52,682,682,682,682,682
1,175,53,2730,2730,2730,2730,2730
1,175,54,2720,2720,2720,2720,2720
1,175,55,680,680,680,680,680
1,175,56,2728,2728,2728,2728,2728
1,175,57,2720,2720,2720,2720,2720
1,175,58,680,680,680,680,680
1,175,59,2728,2728,2728,2728,2728
1,175,60,2720,2720,2720,2720,2720
1,175,61,680,680,680,680,680
1,175,62,2728,2728,2728,2728,2728
1,175,63,2210,2210,2210,2210,2210
1,175,64,170,170,170,170,170
1,175,65,2218,2218,2218,2218,2218
1,175,66,2210,2210,2210,2210,2210
1,175,67,170,170,170,170,170
1,175,68,2218,2218,2218,2218,2218
1,175,69,2210,2210,2210,2210,2210
1,175,70,170,170,170,170,170
1,175,71,2218,2218,2218,2218,2218
1,175,72,2722,2722,2722,2722,2722
1,175,73,682,682,682,682,682
1,175,74,2730,2730,2730,2730,2730
1,175,75,2722,2722,2722,2722,2722
1,175,76,682,682,682,682,682
1,175,77,2730,2730,2730,2730,2730
1,175,78,2722,2722,2722,2722,2722
1,175,79,682,682,682,682,682
1,175,80,2730,2730,2730,2730,2730
1,176,0,160,160,160,160,160
1,176,1,160,160,160,160,160
1,176,2,160,160,160,160,160
1,176,3,160,160,160,160,160
1,176,4,160,160,160,160,160
1,176,5,160,160,160,160,160
1,176,6,160,160,160,160,160
1,176,7,160,160,160,160,160
1,176,8,160,160,160,160,160
1,176,9,160,160,160,160,160
1,176,10,160,160,160,160,160
1,176,11,160,160,160,160,160
1,176,12,160,160,160,160,160
1,176,13,160,160,160,160,160
1,176,14,160,160,160,160,160
1,176,15,160,160,160,160,160
1,176,16,160,160,160,160,160
1,176,17,160,160,160,160,160
1,176,18,160,160,160,160,160
1,176,19,160,160,160,160,160
1,176,20,160,160,160,160,160
1,176,21,160,160,160,160,160
1,176,22,160,160,160,160,160
1,176,23,160,160,160,160,160
1,176,24,160,160,160,160,160
1,176,25,160,160,160,160,160
1,176,26,160,160,160,160,160
1,176,27,160,160,160,160,160
1,176,28,160,160,160,160,160
1,176,29,160,160,160,160,160
1,176,30,160,160,160,160,160
1,176,31,160,160,160,160,160
1,176,32,160,160,160,160,160
1,176,33,160,160,160,160,160
1,176,34,160,160,160,160,160
1,176,35,160,160,160,160,160
1,176,36,160,160,160,160,160
1,176,37,160,160,160,160,160
1,176,38,160,160,160,160,160
1,176,39,160,160,160,160,160
1,176,40,160,160,160,160,160
1,176,41,160,160,160,160,160
1,176,42,160,160,160,160,160
1,176,43,160,160,160,160,160
1,176,44,160,160,160,160,160
1,176,45,160,160,160,160,160
1,176,46,160,160,160,160,160
1,176,47,160,160,160,160,160
1,176,48,160,160,160,160,160
1,176,49,160,160,160,160,160
1,176,50,160,160,160,160,160
1,176,51,160,160,160,160,160
1,176,52,160,160,160,160,160
1,176,53,160,160,160,160,160
1,176,54,160,160,160,160,160
1,176,55,160,160,160,160,160
1,176,56,160,160,160,160,160
1,176,57,160,160,160,160,160
1,176,58,160,160,160,160,160
1,176,59,160,160,160,160,160
1,176,60,160,160,160,160,160
1,176,61,160,160,160,160,160
1,176,62,160,160,160,160,160
1,176,63,160,160,160,160,160
1,176,64,160,160,160,160,160
1,176,65,160,160,160,160,160
1,176,66,160,160,160,160,160
1,176,67,160,160,160,160,160
1,176,68,160,160,160,160,160
1,176,69,160,160,160,160,160
1,176,70,160,160,160,160,160
1,176,71,160,160,160,160,160
1,176,72,160,160,160,160,160
1,176,73,160,160,160,160,160
1,176,74,160,160,160,160,160
1,176,75,160,160,160,160,160
1,176,76,160,160,160,160,160
1,176,77,160,160,160,160,160
1,176,78,160,160,160,160,160
1,176,79,160,160,160,160,160
1,176,80,160,160,160,160,160
1,177,0,672,672,672,672,672
1,177,1,672,672,672,672,672
1,177,2,672,672,672,672,672
1,177,3,672,672,672,672,672
1,177,4,672,672,672,672,672
1,177,5,672,672,672,672,672
1,177,6,672,672,672,672,672
1,177,7,672,672,672,672,672
1,177,8,672,672,672,672,672
1,177,9,162,162,162,162,162
1,177,10,162,162,162,162,162
1,177,11,162,162,162,162,162
1,177,12,162,162,162,162,162
1,177,13,162,162,162,162,162
1,177,14,162,162,162,162,162
1,177,15,162,162,162,162,162
1,177,16,162,162,162,162,162
1,177,17,162,162,162,162,162
1,177,18,674,674,674,674,674
1,177,19,674,674,674,674,674
1,177,20,674,674,674,674,674
1,177,21,674,674,674,674,674
1,177,22,674,674,674,674,674
1,177,23,674,674,674,674,674
1,177,24,674,674,674,674,674
1,177,25,674,674,674,674,674
1,177,26,674,674,674,674,674
1,177,27,672,672,672,672,672
1,177,28,672,672,672,672,672
1,177,29,672,672,672,672,672
1,177,30,672,672,672,672,672
1,177,31,672,672,672,672,672
1,177,32,672,672,672,672,672
1,177,33,672,672,672,672,672
1,177,34,672,672,672,672,672
1,177,35,672,672,672,672,672
1,177,36,162,162,162,162,162
1,177,37,162,162,162,162,162
1,177,38,162,162,162,162,162
1,177,39,162,162,162,162,162
1,177,40,162,162,162,162,162
1,177,41,162,162,162,162,162
1,177,42,162,162,162,162,162
1,177,43,162,162,162,162,162
1,177,44,162,162,162,162,162
1,177,45,674,674,674,674,674
1,177,46,674,674,674,674,674
1,177,47,674,674,674,674,674
1,177,48,674,674,674,674,674
1,177,49,674,674,674,674,674
1,177,50,674,674,674,674,674
1,177,51,674,674,674,674,674
1,177,52,674,674,674,674,674
1,177,53,674,674,674,674,674
1,177,54,672,672,672,672,672
1,177,55,672,672,672,672,672
1,177,56,672,672,672,672,672
1,177,57,672,672,672,672,672
1,177,58,672,672,672,672,672
1,177,59,672,672,672,672,672
1,177,60,672,672,672,672,672
1,177,61,672,672,672,672,672
1,177,62,672,672,672,672,672
1,177,63,162,162,162,162,162
1,177,64,162,162,162,162,162
1,177,65,162,162,162,162,162
1,177,66,162,162,162,162,162
1,177,67,162,162,162,162,162
1,177,68,162,162,162,162,162
1,177,69,162,162,162,162,162
1,177,70,162,162,162,162,162
1,177,71,162,162,162,162,162
1,177,72,674,674,674,674,674
1,177,73,674,674,674,674,674
1,177,74,674,674,674,674,674
1,177,75,674,674,674,674,674
1,177,76,674,674,674,674,674
1,177,77,674,674,674,674,674
1,177,78,674,674,674,674,674
1,177,79,674,674,674,674,674
1,177,80,674,674,674,674,674
1,178,0,672,672,672,672,672
1,178,1,672,672,672,672,672
1,178,2,672,672,672,672,672
1,178,3,672,672,672,672,672
1,178,4,672,672,672,672,672
1,178,5,672,672,672,672,672
1,178,6,672,672,672,672,672
1,178,7,672,672,672,672,672
1,178,8,672,672,672,672,672
1,178,9,162,162,162,162,162
1,178,10,162,162,162,162,162
1,178,11,162,162,162,162,162
1,178,12,162,162,162,162,162
1,178,13,162,162,162,162,162
1,178,14,162,162,162,162,162
1,178,15,162,162,162,162,162
1,178,16,162,162,162,162,162
1,178,17,162,162,162,162,162
1,178,18,674,674,674,674,674
1,178,19,674,674,674,674,674
1,178,20,674,674,674,674,674
1,178,21,674,674,674,674,674
1,178,22,674,674,674,674,674
1,178,23,674,674,674,674,674
1,178,24,674,674,674,674,674
1,178,25,674,674,674,674,674
1,178,26,674,674,674,674,674
1,178,27,672,672,672,672,672
1,178,28,672,672,672,672,672
1,178,29,672,672,672,672,672
1,178,30,672,672,672,672,672
1,178,31,672,672,672,672,672
1,178,32,672,672,672,672,672
1,178,33,672,672,672,672,672
1,178,34,672,672,672,672,672
1,178,35,672,672,672,672,672
1,178,36,162,162,162,162,162
1,178,37,162,162,162,162,162
1,178,38,162,162,162,162,162
1,178,39,162,162,162,162,162
1,178,40,162,162,162,162,162
1,178,41,162,162,162,162,162
1,178,42,162,162,162,162,162
1,178,43,162,162,162,162,162
1,178,44,162,162,162,162,162
1,178,45,674,674,674,674,674
1,178,46,674,674,674,674,674
1,178,47,674,674,674,674,674
1,178,48,674,674,674,674,674
1,178,49,674,674,674,674,674
1,178,50,674,674,674,674,674
1,178,51,674,674,674,674,674
1,178,52,674,674,674,674,674
1,178,53,674,674,674,674,674
1,178,54,672,672,672,672,672
1,178,55,672,672,672,672,672
1,178,56,672,672,672,672,672
1,178,57,672,672,672,672,672
1,178,58,672,672,672,672,672
1,178,59,672,672,672,672,672
1,178,60,672,672,672,672,672
1,178,61,672,672,672,672,672
1,178,62,672,672,672,672,672
1,178,63,162,162,162,162,162
1,178,64,162,162,162,162,162
1,178,65,162,162,162,162,162
1,178,66,162,162,162,162,162
1,178,67,162,162,162,162,162
1,178,68,162,162,162,162,162
1,178,69,162,162,162,162,162
1,178,70,162,162,162,162,162
1,178,71,162,162,162,162,162
1,178,72,674,674,674,674,674
1,178,73,674,674,674,674,674
1,178,74,674,674,674,674,674
1,178,75,674,674,674,674,674
1,178,76,674,674,674,674,674
1,178,77,674,674,674,674,674
1,178,78,674,674,674,674,674
1,178,79,674,674,674,674,674
1,178,80,674,674,674,674,674
1,179,0,672,672,672,672,672
1,179,1,672,672,672,672,672
1,179,2,672,672,672,672,672
1,179,3,672,672,672,672,672
1,179,4,672,672,672,672,672
1,179,5,672,672,672,672,672
1,179,6,672,672,672,672,672
1,179,7,672,672,672,672,672
1,179,8,672,672,672,672,672
1,179,9,162,162,162,162,162
1,179,10,162,162,162,162,162
1,179,11,162,162,162,162,162
1,179,12,162,162,162,162,162
1,179,13,162,162,162,162,162
1,179,14,162,162,162,162,162
1,179,15,162,162,162,162,162
1,179,16,162,162,162,162,162
1,179,17,162,162,162,162,162
1,179,18,674,674,674,674,674
1,179,19,674,674,674,674,674
1,179,20,674,674,674,674,674
1,179,21,674,674,674,674,674
1,179,22,674,674,674,674,674
1,179,23,674,674,674,674,674
1,179,24,674,674,674,674,674
1,179,25,674,674,674,674,674
1,179,26,674,674,674,674,674
1,179,27,672,672,672,672,672
1,179,28,672,672,672,672,672
1,179,29,672,672,672,672,672
1,179,30,672,672,672,672,672
1,179,31,672,672,672,672,672
1,179,32,672,672,672,672,672
1,179,33,672,672,672,672,672
1,179,34,672,672,672,672,672
1,179,35,672,672,672,672,672
1,179,36,162,162,162,162,162
1,179,37,162,162,162,162,162
1,179,38,162,162,162,162,162
1,179,39,162,162,162,162,162
1,179,40,162,162,162,162,162
1,179,41,162,162,162,162,162
1,179,42,162,162,162,162,162
1,179,43,162,162,162,162,162
1,179,44,162,162,162,162,162
1,179,45,674,674,674,674,674
1,179,46,674,674,674,674,674
1,179,47,674,674,674,674,674
1,179,48,674,674,674,674,674
1,179,49,674,674,674,674,674
1,179,50,674,674,674,674,674
1,179,51,674,674,674,674,674
1,179,52,674,674,674,674,674
1,179,53,674,674,674,674,674
1,179,54,672,672,672,672,672
1,179,55,672,672,672,672,672
1,179,56,672,672,672,672,672
1,179,57,672,672,672,672,672
1,179,58,672,672,672,672,672
1,179,59,672,672,672,672,672
1,179,60,672,672,672,672,672
1,179,61,672,672,672,672,672
1,179,62,672,672,672,672,672
1,179,63,162,162,162,162,162
1,179,64,162,162,162,162,162
1,179,65,162,162,162,162,162
1,179,66,162,162,162,162,162
1,179,67,162,162,162,162,162
1,179,68,162,162,162,162,162
1,179,69,162,162,162,162,162
1,179,70,162,162,162,162,162
1,179,71,162,162,162,162,162
1,179,72,674,674,674,674,674
1,179,73,674,674,674,674,674
1,179,74,674,674,674,674,674
1,179,75,674,674,674,674,674
1,179,76,674,674,674,674,674
1,179,77,674,674,674,674,674
1,179,78,674,674,674,674,674
1,179,79,674,674,674,674,674
1,179,80,674,674,674,674,674
1,180,0,2208,2208,2208,2208,2208
1,180,1,168,168,168,168,168
1,180,2,2216,2216,2216,2216,2216
1,180,3,2208,2208,2208,2208,2208
1,180,4,168,168,168,168,168
1,180,5,2216,2216,2216,2216,2216
1,180,6,2208,2208,2208,2208,2208
1,180,7,168,168,168,168,168
1,180,8,2216,2216,2216,2216,2216
1,180,9,2208,2208,2208,2208,2208
1,180,10,168,168,168,168,168
1,180,11,2216,2216,2216,2216,2216
1,180,12,2208,2208,2208,2208,2208
1,180,13,168,168,168,168,168
1,180,14,2216,2216,2216,2216,2216
1,180,15,2208,2208,2208,2208,2208
1,180,16,168,168,168,168,168
1,180,17,2216,2216,2216,2216,2216
1,180,18,2208,2208,2208,2208,2208
1,180,19,168,168,168,168,168
1,180,20,2216,2216,2216,2216,2216
1,180,21,2208,2208,2208,2208,2208
1,180,22,168,168,168,168,168
1,180,23,2216,2216,2216,2216,2216
1,180,24,2208,2208,2208,2208,2208
1,180,25,168,168,168,168,168
1,180,26,2216,2216,2216,2216,2216
1,180,27,2208,2208,2208,2208,2208
1,180,28,168,168,168,168,168
1,180,29,2216,2216,2216,2216,2216
1,180,30,2208,2208,2208,2208,2208
1,180,31,168,168,168,168,168
1,180,32,2216,2216,2216,2216,2216
1,180,33,2208,2208,2208,2208,2208
1,180,34,168,168,168,168,168
1,180,35,2216,2216,2216,2216,2216
1,180,36,2208,2208,2208,2208,2208
1,180,37,168,168,168,168,168
1,180,38,2216,2216,2216,2216,2216
1,180,39,2208,2208,2208,2208,2208
1,180,40,168,168,168,168,168
1,180,41,2216,2216,2216,2216,2216
1,180,42,2208,2208,2208,2208,2208
1,180,43,168,168,168,168,168
1,180,44,2216,2216,2216,2216,2216
1,180,45,2208,2208,2208,2208,2208
1,180,46,168,168,168,168,168
1,180,47,2216,2216,2216,2216,2216
1,180,48,2208,2208,2208,2208,2208
1,180,49,168,168,168,168,168
1,180,50,2216,2216,2216,2216,2216
1,180,51,2208,2208,2208,2208,2208
1,180,52,168,168,168,168,168
1,180,53,2216,2216,2216,2216,2216
1,180,54,2208,2208,2208,2208,2208
1,180,55,168,168,168,168,168
1,180,56,2216,2216,2216,2216,2216
1,180,57,2208,2208,2208,2208,2208
1,180,58,168,168,168,168,168
1,180,59,2216,2216,2216,2216,2216
1,180,60,2208,2208,2208,2208,2208
1,180,61,168,168,168,168,168
1,180,62,2216,2216,2216,2216,2216
1,180,63,2208,2208,2208,2208,2208
1,180,64,168,168,168,168,168
1,180,65,2216,2216,2216,2216,2216
1,180,66,2208,2208,2208,2208,2208
1,180,67,168,168,168,168,168
1,180,68,2216,2216,2216,2216,2216
1,180,69,2208,2208,2208,2208,2208
1,180,70,168,168,168,168,168
1,180,71,2216,2216,2216,2216,2216
1,180,72,2208,2208,2208,2208,2208
1,180,73,168,168,168,168,168
1,180,74,2216,2216,2216,2216,2216
1,180,75,2208,2208,2208,2208,2208
1,180,76,168,168,168,168,168
1,180,77,2216,2216,2216,2216,2216
1,180,78,2208,2208,2208,2208,2208
1,180,79,168,168,168,168,168
1,180,80,2216,2216,2216,2216,2216
1,181,0,2720,2720,2720,2720,2720
1,181,1,680,680,680,680,680
1,181,2,2728,2728,2728,2728,2728
1,181,3,2720,2720,2720,2720,2720
1,181,4,680,680,680,680,680
1,181,5,2728,2728,2728,2728,2728
1,181,6,2720,2720,2720,2720,2720
1,181,7,680,680,680,680,680
1,181,8,2728,2728,2728,2728,2728
1,181,9,2210,2210,2210,2210,2210
1,181,10,170,170,170,170,170
1,181,11,2218,2218,2218,2218,2218
1,181,12,2210,2210,2210,2210,2210
1,181,13,170,170,170,170,170
1,181,14,2218,2218,2218,2218,2218
1,181,15,2210,2210,2210,2210,2210
1,181,16,170,170,170,170,170
1,181,17,2218,2218,2218,2218,2218
1,181,18,2722,2722,2722,2722,2722
1,181,19,682,682,682,682,682
1,181,20,2730,2730,2730,2730,2730
1,181,21,2722,2722,2722,2722,2722
1,181,22,682,682,682,682,682
1,181,23,2730,2730,2730,2730,2730
1,181,24,2722,2722,2722,2722,2722
1,181,25,682,682,682,682,682
1,181,26,2730,2730,2730,2730,2730
1,181,27,2720,2720,2720,2720,2720
1,181,28,680,680,680,680,680
1,181,29,2728,2728,2728,2728,2728
1,181,30,2720,2720,2720,2720,2720
1,181,31,680,680,680,680,680
1,181,32,2728,2728,2728,2728,2728
1,181,33,2720,2720,2720,2720,2720
1,181,34,680,680,680,680,680
1,181,35,2728,2728,2728,2728,2728
1,181,36,2210,2210,2210,2210,2210
1,181,37,170,170,170,170,170
1,181,38,2218,2218,2218,2218,2218
1,181,39,2210,2210,2210,2210,2210
1,181,40,170,170,170,170,170
1,181,41,2218,2218,2218,2218,2218
1,181,42,2210,2210,2210,2210,2210
1,181,43,170,170,170,170,170
1,181,44,2218,2218,2218,2218,2218
1,181,45,2722,2722,2722,2722,2722
1,181,46,682,682,682,682,682
1,181,47,2730,2730,2730,2730,2730
1,181,48,2722,2722,2722,2722,2722
1,181,49,682,682,682,682,682
1,181,50,2730,2730,2730,2730,2730
1,181,51,2722,2722,2722,2722,2722
1,181,52,682,682,682,682,682
1,181,53,2730,2730,2730,2730,2730
1,181,54,2720,2720,2720,2720,2720
1,181,55,680,680,680,680,680
1,181,56,2728,2728,2728,2728,2728
1,181,57,2720,2720,2720,2720,2720
1,181,58,680,680,680,680,680
1,181,59,2728,2728,2728,2728,2728
1,181,60,2720,2720,2720,2720,2720
1,181,61,680,680,680,680,680
1,181,62,2728,2728,2728,2728,2728
1,181,63,2210,2210,2210,2210,2210
1,181,64,170,170,170,170,170
1,181,65,2218,2218,2218,2218,2218
1,181,66,2210,2210,2210,2210,2210
1,181,67,170,170,170,170,170
1,181,68,2218,2218,2218,2218,2218
1,181,69,2210,2210,2210,2210,2210
1,181,70,170,170,170,170,170
1,181,71,2218,2218,2218,2218,2218
1,181,72,2722,2722,2722,2722,2722
1,181,73,682,682,682,682,682
1,181,74,2730,2730,2730,2730,2730
1,181,75,2722,2722,2722,2722,2722
1,181,76,682,682,682,682,682
1,181,77,2730,2730,2730,2730,2730
1,181,78,2722,2722,2722,2722,2722
1,181,79,682,682,682,682,682
1,181,80,2730,2730,2730,2730,2730
1,182,0,2720,2720,2720,2720,2720
1,182,1,680,680,680,680,680
1,182,2,2728,2728,2728,2728,2728
1,182,3,2720,2720,2720,2720,2720
1,182,4,680,680,680,680,680
1,182,5,2728,2728,2728,2728,2728
1,182,6,2720,2720,2720,2720,2720
1,182,7,680,680,680,680,680
1,182,8,2728,2728,2728,2728,2728
1,182,9,2210,2210,2210,2210,2210
1,182,10,170,170,170,170,170
1,182,11,2218,2218,2218,2218,2218
1,182,12,2210,2210,2210,2210,2210
1,182,13,170,170,170,170,170
1,182,14,2218,2218,2218,2218,2218
1,182,15,2210,2210,2210,2210,2210
1,182,16,170,170,170,170,170
1,182,17,2218,2218,2218,2218,2218
1,182,18,2722,2722,2722,2722,2722
1,182,19,682,682,682,682,682
1,182,20,2730,2730,2730,2730,2730
1,182,21,2722,2722,2722,2722,2722
1,182,22,682,682,682,682,682
1,182,23,2730,2730,2730,2730,2730
1,182,24,2722,2722,2722,2722,2722
1,182,25,682,682,682,682,682
1,182,26,2730,2730,2730,2730,2730
1,182,27,2720,2720,2720,2720,2720
1,182,28,680,680,680,680,680
1,182,29,2728,2728,2728,2728,2728
1,182,30,2720,2720,2720,2720,2720
1,182,31,680,680,680,680,680
1,182,32,2728,2728,2728,2728,2728
1,182,33,2720,2720,2720,2720,2720
1,182,34,680,680,680,680,680
1,182,35,2728,2728,2728,2728,2728
1,182,36,2210,2210,2210,2210,2210
1,182,37,170,170,170,170,170
1,182,38,2218,2218,2218,2218,2218
1,182,39,2210,2210,2210,2210,2210
1,182,40,170,170,170,170,170
1,182,41,2218,2218,2218,2218,2218
1,182,42,2210,2210,2210,2210,2210
1,182,43,170,170,170,170,170
1,182,44,2218,2218,2218,2218,2218
1,182,45,2722,2722,2722,2722,2722
1,182,46,682,682,682,682,682
1,182,47,2730,2730,2730,2730,2730
1,182,48,2722,2722,2722,2722,2722
1,182,49,682,682,682,682,682
1,182,50,2730,2730,2730,2730,2730
1,182,51,2722,2722,2722,2722,2722
1,182,52,682,682,682,682,682
1,182,53,2730,2730,2730,2730,2730
1,182,54,2720,2720,2720,2720,2720
1,182,55,680,680,680,680,680
1,182,56,2728,2728,2728,2728,2728
1,182,57,2720,2720,2720,2720,2720
1,182,58,680,680,680,680,680
1,182,59,2728,2728,2728,2728,2728
1,182,60,2720,2720,2720,2720,2720
1,182,61,680,680,680,680,680
1,182,62,2728,2728,2728,2728,2728
1,182,63,2210,2210,2210,2210,2210
1,182,64,170,170,170,170,170
1,182,65,2218,2218,2218,2218,2218
1,182,66,2210,2210,2210,2210,2210
1,182,67,170,170,170,170,170
1,182,68,2218,2218,2218,2218,2218
1,182,69,2210,2210,2210,2210,2210
1,182,70,170,170,170,170,170
1,182,71,2218,2218,2218,2218,2218
1,182,72,2722,2722,2722,2722,2722
1,182,73,682,682,682,682,682
1,182,74,2730,2730,2730,2730,2730
1,182,75,2722,2722,2722,2722,2722
1,182,76,682,682,682,682,682
1,182,77,2730,2730,2730,2730,2730
1,182,78,2722,2722,2722,2722,2722
1,182,79,682,682,682,682,682
1,182,80,2730,2730,2730,2730,2730
1,183,0,2720,2720,2720,2720,2720
1,183,1,680,680,680,680,680
1,183,2,2728,2728,2728,2728,2728
1,183,3,2720,2720,2720,2720,2720
1,183,4,680,680,680,680,680
1,183,5,2728,2728,2728,2728,2728
1,183,6,2720,2720,2720,2720,2720
1,183,7,680,680,680,680,680
1,183,8,2728,2728,2728,2728,2728
1,183,9,2210,2210,2210,2210,2210
1,183,10,170,170,170,170,170
1,183,11,2218,2218,2218,2218,2218
1,183,12,2210,2210,2210,2210,2210
1,183,13,170,170,170,170,170
1,183,14,2218,2218,2218,2218,2218
1,183,15,2210,2210,2210,2210,2210
1,183,16,170,170,170,170,170
1,183,17,2218,2218,2218,2218,2218
1,183,18,2722,2722,2722,2722,2722
1,183,19,682,682,682,682,682
1,183,20,2730,2730,2730,2730,2730
1,183,21,2722,2722,2722,2722,2722
1,183,22,682,682,682,682,682
1,183,23,2730,2730,2730,2730,2730
1,183,24,2722,2722,2722,2722,2722
1,183,25,682,682,682,682,682
1,183,26,2730,2730,2730,2730,2730
1,183,27,2720,2720,2720,2720,2720
1,183,28,680,680,680,680,680
1,183,29,2728,2728,2728,2728,2728
1,183,30,2720,2720,2720,2720,2720
1,183,31,680,680,680,680,680
1,183,32,2728,2728,2728,2728,2728
1,183,33,2720,2720,2720,2720,2720
1,183,34,680,680,680,680,680
1,183,35,2728,2728,2728,2728,2728
1,183,36,2210,2210,2210,2210,2210
1,183,37,170,170,170,170,170
1,183,38,2218,2218,2218,2218,2218
1,183,39,2210,2210,2210,2210,2210
1,183,40,170,170,170,170,170
1,183,41,2218,2218,2218,2218,2218
1,183,42,2210,2210,2210,2210,2210
1,183,43,170,170,170,170,170
1,183,44,2218,2218,2218,2218,2218
1,183,45,2722,2722,2722,2722,2722
1,183,46,682,682,682,682,682
1,183,47,2730,2730,2730,2730,2730
1,183,48,2722,2722,2722,2722,2722
1,183,49,682,682,682,682,682
1,183,50,2730,2730,2730,2730,2730
1,183,51,2722,2722,2722,2722,2722
1,183,52,682,682,682,682,682
1,183,53,2730,2730,2730,2730,2730
1,183,54,2720,2720,2720,2720,2720
1,183,55,680,680,680,680,680
1,183,56,2728,2728,2728,2728,2728
1,183,57,2720,2720,2720,2720,2720
1,183,58,680,680,680,680,680
1,183,59,2728,2728,2728,2728,2728
1,183,60,2720,2720,2720,2720,2720
1,183,61,680,680,680,680,680
1,183,62,2728,2728,2728,2728,2728
1,183,63,2210,2210,2210,2210,2210
1,183,64,170,170,170,170,170
1,183,65,2218,2218,2218,2218,2218
1,183,66,2210,2210,2210,2210,2210
1,183,67,170,170,170,170,170
1,183,68,2218,2218,2218,2218,2218
1,183,69,2210,2210,2210,2210,2210
1,183,70,170,170,170,170,170
1,183,71,2218,2218,2218,2218,2218
1,183,72,2722,2722,2722,2722,2722
1,183,73,682,682,682,682,682
1,183,74,2730,2730,2730,2730,2730
1,183,75,2722,2722,2722,2722,2722
1,183,76,682,682,682,682,682
1,183,77,2730,2730,2730,2730,2730
1,183,78,2722,2722,2722,2722,2722
1,183,79,682,682,682,682,682
1,183,80,2730,2730,2730,2730,2730
1,184,0,2208,2208,2208,2208,2208
1,184,1,168,168,168,168,168
1,184,2,2216,2216,2216,2216,2216
1,184,3,2208,2208,2208,2208,2208
1,184,4,168,168,168,168,168
1,184,5,2216,2216,2216,2216,2216
1,184,6,2208,2208,2208,2208,2208
1,184,7,168,168,168,168,168
1,184,8,2216,2216,2216,2216,2216
1,184,9,2208,2208,2208,2208,2208
1,184,10,168,168,168,168,168
1,184,11,2216,2216,2216,2216,2216
1,184,12,2208,2208,2208,2208,2208
1,184,13,168,168,168,168,168
1,184,14,2216,2216,2216,2216,2216
1,184,15,2208,2208,2208,2208,2208
1,184,16,168,168,168,168,168
1,184,17,2216,2216,2216,2216,2216
1,184,18,2208,2208,2208,2208,2208
1,184,19,168,168,168,168,168
1,184,20,2216,2216,2216,2216,2216
1,184,21,2208,2208,2208,2208,2208
1,184,22,168,168,168,168,168
1,184,23,2216,2216,2216,2216,2216
1,184,24,2208,2208,2208,2208,2208
1,184,25,168,168,168,168,168
1,184,26,2216,2216,2216,2216,2216
1,184,27,2208,2208,2208,2208,2208
1,184,28,168,168,168,168,168
1,184,29,2216,2216,2216,2216,2216
1,184,30,2208,2208,2208,2208,2208
1,184,31,168,168,168,168,168
1,184,32,2216,2216,2216,2216,2216
1,184,33,2208,2208,2208,2208,2208
1,184,34,168,168,168,168,168
1,184,35,2216,2216,2216,2216,2216
1,184,36,2208,2208,2208,2208,2208
1,184,37,168,168,168,168,168
1,184,38,2216,2216,2216,2216,2216
1,184,39,2208,2208,2208,2208,2208
1,184,40,168,168,168,168,168
1,184,41,2216,2216,2216,2216,2216
1,184,42,2208,2208,2208,2208,2208
1,184,43,168,168,168,168,168
1,184,44,2216,2216,2216,2216,2216
1,184,45,2208,2208,2208,2208,2208
1,184,46,168,168,168,168,168
1,184,47,2216,2216,2216,2216,2216
1,184,48,2208,2208,2208,2208,2208
1,184,49,168,168,168,168,168
1,184,50,2216,2216,2216,2216,2216
1,184,51,2208,2208,2208,2208,2208
1,184,52,168,168,168,168,168
1,184,53,2216,2216,2216,2216,2216
1,184,54,2208,2208,2208,2208,2208
1,184,55,168,168,168,168,168
1,184,56,2216,2216,2216,2216,2216
1,184,57,2208,2208,2208,2208,2208
1,184,58,168,168,168,168,168
1,184,59,2216,2216,2216,2216,2216
1,184,60,2208,2208,2208,2208,2208
1,184,61,168,168,168,168,168
1,184,62,2216,2216,2216,2216,2216
1,184,63,2208,2208,2208,2208,2208
1,184,64,168,168,168,168,168
1,184,65,2216,2216,2216,2216,2216
1,184,66,2208,2208,2208,2208,2208
1,184,67,168,168,168,168,168
1,184,68,2216,2216,2216,2216,2216
1,184,69,2208,2208,2208,2208,2208
1,184,70,168,168,168,168,168
1,184,71,2216,2216,2216,2216,2216
1,184,72,2208,2208,2208,2208,2208
1,184,73,168,168,168,168,168
1,184,74,2216,2216,2216,2216,2216
1,184,75,2208,2208,2208,2208,2208
1,184,76,168,168,168,168,168
1,184,77,2216,2216,2216,2216,2216
1,184,78,2208,2208,2208,2208,2208
1,184,79,168,168,168,168,168
1,184,80,2216,2216,2216,2216,2216
1,185,0,2720,2720,2720,2720,2720
1,185,1,680,680,680,680,680
1,185,2,2728,2728,2728,2728,2728
1,185,3,2720,2720,2720,2720,2720
1,185,4,680,680,680,680,680
1,185,5,2728,2728,2728,2728,2728
1,185,6,2720,2720,2720,2720,2720
1,185,7,680,680,680,680,680
1,185,8,2728,2728,2728,2728,2728
1,185,9,2210,2210,2210,2210,2210
1,185,10,170,170,170,170,170
1,185,11,2218,2218,2218,2218,2218
1,185,12,2210,2210,2210,2210,2210
1,185,13,170,170,170,170,170
1,185,14,2218,2218,2218,2218,2218
1,185,15,2210,2210,2210,2210,2210
1,185,16,170,170,170,170,170
1,185,17,2218,2218,2218,2218,2218
1,185,18,2722,2722,2722,2722,2722
1,185,19,682,682,682,682,682
1,185,20,2730,2730,2730,2730,2730
1,185,21,2722,2722,2722,2722,2722
1,185,22,682,682,682,682,682
1,185,23,2730,2730,2730,2730,2730
1,185,24,2722,2722,2722,2722,2722
1,185,25,682,682,682,682,682
1,185,26,2730,2730,2730,2730,2730
1,185,27,2720,2720,2720,2720,2720
1,185,28,680,680,680,680,680
1,185,29,2728,2728,2728,2728,2728
1,185,30,2720,2720,2720,2720,2720
1,185,31,680,680,680,680,680
1,185,32,2728,2728,2728,2728,2728
1,185,33,2720,2720,2720,2720,2720
1,185,34,680,680,680,680,680
1,185,35,2728,2728,2728,2728,2728
1,185,36,2210,2210,2210,2210,2210
1,185,37,170,170,170,170,170
1,185,38,2218,2218,2218,2218,2218
1,185,39,2210,2210,2210,2210,2210
1,185,40,170,170,170,170,170
1,185,41,2218,2218,2218,2218,2218
1,185,42,2210,2210,2210,2210,2210
1,185,43,170,170,170,170,170
1,185,44,2218,2218,2218,2218,2218
1,185,45,2722,2722,2722,2722,2722
1,185,46,682,682,682,682,682
1,185,47,2730,2730,2730,2730,2730
1,185,48,2722,2722,2722,2722,2722
1,185,49,682,682,682,682,682
1,185,50,2730,2730,2730,2730,2730
1,185,51,2722,2722,2722,2722,2722
1,185,52,682,682,682,682,682
1,185,53,2730,2730,2730,2730,2730
1,185,54,2720,2720,2720,2720,2720
1,185,55,680,680,680,680,680
1,185,56,2728,2728,2728,2728,2728
1,185,57,2720,2720,2720,2720,2720
1,185,58,680,680,680,680,680
1,185,59,2728,2728,2728,2728,2728
1,185,60,2720,2720,2720,2720,2720
1,185,61,680,680,680,680,680
1,185,62,2728,2728,2728,2728,2728
1,185,63,2210,2210,2210,2210,2210
1,185,64,170,170,170,170,170
1,185,65,2218,2218,2218,2218,2218
1,185,66,2210,2210,2210,2210,2210
1,185,67,170,170,170,170,170
1,185,68,2218,2218,2218,2218,2218
1,185,69,2210,2210,2210,2210,2210
1,185,70,170,170,170,170,170
1,185,71,2218,2218,2218,2218,2218
1,185,72,2722,2722,2722,2722,2722
1,185,73,682,682,682,682,682
1,185,74,2730,2730,2730,2730,2730
1,185,75,2722,2722,2722,2722,2722
1,185,76,682,682,682,682,682
1,185,77,2730,2730,2730,2730,2730
1,185,78,2722,2722,2722,2722,2722
1,185,79,682,682,682,682,682
1,185,80,2730,2730,2730,2730,2730
1,186,0,2720,2720,2720,2720,2720
1,186,1,680,680,680,680,680
1,186,2,2728,2728,2728,2728,2728
1,186,3,2720,2720,2720,2720,2720
1,186,4,680,680,680,680,680
1,186,5,2728,2728,2728,2728,2728
1,186,6,2720,2720,2720,2720,2720
1,186,7,680,680,680,680,680
1,186,8,2728,2728,2728,2728,2728
1,186,9,2210,2210,2210,2210,2210
1,186,10,170,170,170,170,170
1,186,11,2218,2218,2218,2218,2218
1,186,12,2210,2210,2210,2210,2210
1,186,13,170,170,170,170,170
1,186,14,2218,2218,2218,2218,2218
1,186,15,2210,2210,2210,2210,2210
1,186,16,170,170,170,170,170
1,186,17,2218,2218,2218,2218,2218
1,186,18,2722,2722,2722,2722,2722
1,186,19,682,682,682,682,682
1,186,20,2730,2730,2730,2730,2730
1,186,21,2722,2722,2722,2722,2722
1,186,22,682,682,682,682,682
1,186,23,2730,2730,2730,2730,2730
1,186,24,2722,2722,2722,2722,2722
1,186,25,682,682,682,682,682
1,186,26,2730,2730,2730,2730,2730
1,186,27,2720,2720,2720,2720,2720
1,186,28,680,680,680,680,680
1,186,29,2728,2728,2728,2728,2728
1,186,30,2720,2720,2720,2720,2720
1,186,31,680,680,680,680,680
1,186,32,2728,2728,2728,2728,2728
1,186,33,2720,2720,2720,2720,2720
1,186,34,680,680,680,680,680
1,186,35,2728,2728,2728,2728,2728
1,186,36,2210,2210,2210,2210,2210
1,186,37,170,170,170,170,170
1,186,38,2218,2218,2218,2218,2218
1,186,39,2210,2210,2210,2210,2210
1,186,40,170,170,170,170,170
1,186,41,2218,2218,2218,2218,2218
1,186,42,2210,2210,2210,2210,2210
1,186,43,170,170,170,170,170
1,186,44,2218,2218,2218,2218,2218
1,186,45,2722,2722,2722,2722,2722
1,186,46,682,682,682,682,682
1,186,47,2730,2730,2730,2730,2730
1,186,48,2722,2722,2722,2722,2722
1,186,49,682,682,682,682,682
1,186,50,2730,2730,2730,2730,2730
1,186,51,2722,2722,2722,2722,2722
1,186,52,682,682,682,682,682
1,186,53,2730,2730,2730,2730,2730
1,186,54,2720,2720,2720,2720,2720
1,186,55,680,680,680,680,680
1,186,56,2728,2728,2728,2728,2728
1,186,57,2720,2720,2720,2720,2720
1,186,58,680,680,680,680,680
1,186,59,2728,2728,2728,2728,2728
1,186,60,2720,2720,2720,2720,2720
1,186,61,680,680,680,680,680
1,186,62,2728,2728,2728,2728,2728
1,186,63,2210,2210,2210,2210,2210
1,186,64,170,170,170,170,170
1,186,65,2218,2218,2218,2218,2218
1,186,66,2210,2210,2210,2210,2210
1,186,67,170,170,170,170,170
1,186,68,2218,2218,2218,2218,2218
1,186,69,2210,2210,2210,2210,2210
1,186,70,170,170,170,170,170
1,186,71,2218,2218,2218,2218,2218
1,186,72,2722,2722,2722,2722,2722
1,186,73,682,682,682,682,682
1,186,74,2730,2730,2730,2730,2730
1,186,75,2722,2722,2722,2722,2722
1,186,76,682,682,682,682,682
1,186,77,2730,2730,2730,2730,2730
1,186,78,2722,2722,2722,2722,2722
1,186,79,682,682,682,682,682
1,186,80,2730,2730,2730,2730,2730
1,187,0,2720,2720,2720,2720,2720
1,187,1,680,680,680,680,680
1,187,2,2728,2728,2728,2728,2728
1,187,3,2720,2720,2720,2720,2720
1,187,4,680,680,680,680,680
1,187,5,2728,2728,2728,2728,2728
1,187,6,2720,2720,2720,2720,2720
1,187,7,680,680,680,680,680
1,187,8,2728,2728,2728,2728,2728
1,187,9,2210,2210,2210,2210,2210
1,187,10,170,170,170,170,170
1,187,11,2218,2218,2218,2218,2218
1,187,12,2210,2210,2210,2210,2210
1,187,13,170,170,170,170,170
1,187,14,2218,2218,2218,2218,2218
1,187,15,2210,2210,2210,2210,2210
1,187,16,170,170,170,170,170
1,187,17,2218,2218,2218,2218,2218
1,187,18,2722,2722,2722,2722,2722
1,187,19,682,682,682,682,682
1,187,20,2730,2730,2730,2730,2730
1,187,21,2722,2722,2722,2722,2722
1,187,22,682,682,682,682,682
1,187,23,2730,2730,2730,2730,2730
1,187,24,2722,2722,2722,2722,2722
1,187,25,682,682,682,682,682
1,187,26,2730,2730,2730,2730,2730
1,187,27,2720,2720,2720,2720,2720
1,187,28,680,680,680,680,680
1,187,29,2728,2728,2728,2728,2728
1,187,30,2720,2720,2720,2720,2720
1,187,31,680,680,680,680,680
1,187,32,2728,2728,2728,2728,2728
1,187,33,2720,2720,2720,2720,2720
1,187,34,680,680,680,680,680
1,187,35,2728,2728,2728,2728,2728
1,187,36,2210,2210,2210,2210,2210
1,187,37,170,170,170,170,170
1,187,38,2218,2218,2218,2218,2218
1,187,39,2210,2210,2210,2210,2210
1,187,40,170,170,170,170,170
1,187,41,2218,2218,2218,2218,2218
1,187,42,2210,2210,2210,2210,2210
1,187,43,170,170,170,170,170
1,187,44,2218,2218,2218,2218,2218
1,187,45,2722,2722,2722,2722,2722
1,187,46,682,682,682,682,682
1,187,47,2730,2730,2730,2730,2730
1,187,48,2722,2722,2722,2722,2722
1,187,49,682,682,682,682,682
1,187,50,2730,2730,2730,2730,2730
1,187,51,2722,2722,2722,2722,2722
1,187,52,682,682,682,682,682
1,187,53,2730,2730,2730,2730,2730
1,187,54,2720,2720,2720,2720,2720
1,187,55,680,680,680,680,680
1,187,56,2728,2728,2728,2728,2728
1,187,57,2720,2720,2720,2720,2720
1,187,58,680,680,680,680,680
1,187,59,2728,2728,2728,2728,2728
1,187,60,2720,2720,2720,2720,2720
1,187,61,680,680,680,680,680
1,187,62,2728,2728,2728,2728,2728
1,187,63,2210,2210,2210,2210,2210
1,187,64,170,170,170,170,170
1,187,65,2218,2218,2218,2218,2218
1,187,66,2210,2210,2210,2210,2210
1,187,67,170,170,170,170,170
1,187,68,2218,2218,2218,2218,2218
1,187,69,2210,2210,2210,2210,2210
1,187,70,170,170,170,170,170
1,187,71,2218,2218,2218,2218,2218
1,187,72,2722,2722,2722,2722,2722
1,187,73,682,682,682,682,682
1,187,74,2730,2730,2730,2730,2730
1,187,75,2722,2722,2722,2722,2722
1,187,76,682,682,682,682,682
1,187,77,2730,2730,2730,2730,2730
1,187,78,2722,2722,2722,2722,2722
1,187,79,682,682,682,682,682
1,187,80,2730,2730,2730,2730,2730
1,188,0,2208,2208,2208,2208,2208
1,188,1,168,168,168,168,168
1,188,2,2216,2216,2216,2216,2216
1,188,3,2208,2208,2208,2208,2208
1,188,4,168,168,168,168,168
1,188,5,2216,2216,2216,2216,2216
1,188,6,2208,2208,2208,2208,2208
1,188,7,168,168,168,168,168
1,188,8,2216,2216,2216,2216,2216
1,188,9,2208,2208,2208,2208,2208
1,188,10,168,168,168,168,168
1,188,11,2216,2216,2216,2216,2216
1,188,12,2208,2208,2208,2208,2208
1,188,13,168,168,168,168,168
1,188,14,2216,2216,2216,2216,2216
1,188,15,2208,2208,2208,2208,2208
1,188,16,168,168,168,168,168
1,188,17,2216,2216,2216,2216,2216
1,188,18,2208,2208,2208,2208,2208
1,188,19,168,168,168,168,168
1,188,20,2216,2216,2216,2216,2216
1,188,21,2208,2208,2208,2208,2208
1,188,22,168,168,168,168,168
1,188,23,2216,2216,2216,2216,2216
1,188,24,2208,2208,2208,2208,2208
1,188,25,168,168,168,168,168
1,188,26,2216,2216,2216,2216,2216
1,188,27,2208,2208,2208,2208,2208
1,188,28,168,168,168,168,168
1,188,29,2216,2216,2216,2216,2216
1,188,30,2208,2208,2208,2208,2208
1,188,31,168,168,168,168,168
1,188,32,2216,2216,2216,2216,2216
1,188,33,2208,2208,2208,2208,2208
1,188,34,168,168,168,168,168
1,188,35,2216,2216,2216,2216,2216
1,188,36,2208,2208,2208,2208,2208
1,188,37,168,168,168,168,168
1,188,38,2216,2216,2216,2216,2216
1,188,39,2208,2208,2208,2208,2208
1,188,40,168,168,168,168,168
1,188,41,2216,2216,2216,2216,2216
1,188,42,2208,2208,2208,2208,2208
1,188,43,168,168,168,168,168
1,188,44,2216,2216,2216,2216,2216
1,188,45,2208,2208,2208,2208,2208
1,188,46,168,168,168,168,168
1,188,47,2216,2216,2216,2216,2216
1,188,48,2208,2208,2208,2208,2208
1,188,49,168,168,168,168,168
1,188,50,2216,2216,2216,2216,2216
1,188,51,2208,2208,2208,2208,2208
1,188,52,168,168,168,168,168
1,188,53,2216,2216,2216,2216,2216
1,188,54,2208,2208,2208,2208,2208
1,188,55,168,168,168,168,168
1,188,56,2216,2216,2216,2216,2216
1,188,57,2208,2208,2208,2208,2208
1,188,58,168,168,168,168,168
1,188,59,2216,2216,2216,2216,2216
1,188,60,2208,2208,2208,2208,2208
1,188,61,168,168,168,168,168
1,188,62,2216,2216,2216,2216,2216
1,188,63,2208,2208,2208,2208,2208
1,188,64,168,168,168,168,168
1,188,65,2216,2216,2216,2216,2216
1,188,66,2208,2208,2208,2208,2208
1,188,67,168,168,168,168,168
1,188,68,2216,2216,2216,2216,2216
1,188,69,2208,2208,2208,2208,2208
1,188,70,168,168,168,168,168
1,188,71,2216,2216,2216,2216,2216
1,188,72,2208,2208,2208,2208,2208
1,188,73,168,168,168,168,168
1,188,74,2216,2216,2216,2216,2216
1,188,75,2208,2208,2208,2208,2208
1,188,76,168,168,168,168,168
1,188,77,2216,2216,2216,2216,2216
1,188,78,2208,2208,2208,2208,2208
1,188,79,168,168,168,168,168
1,188,80,2216,2216,2216,2216,2216
1,189,0,2720,2720,2720,2720,2720
1,189,1,680,680,680,680,680
1,189,2,2728,2728,2728,2728,2728
1,189,3,2720,2720,2720,2720,2720
1,189,4,680,680,680,680,680
1,189,5,2728,2728,2728,2728,2728
1,189,6,2720,2720,2720,2720,2720
1,189,7,680,680,680,680,680
1,189,8,2728,2728,2728,2728,2728
1,189,9,2210,2210,2210,2210,2210
1,189,10,170,170,170,170,170
1,189,11,2218,2218,2218,2218,2218
1,189,12,2210,2210,2210,2210,2210
1,189,13,170,170,170,170,170
1,189,14,2218,2218,2218,2218,2218
1,189,15,2210,2210,2210,2210,2210
1,189,16,170,170,170,170,170
1,189,17,2218,2218,2218,2218,2218
1,189,18,2722,2722,2722,2722,2722
1,189,19,682,682,682,682,682
1,189,20,2730,2730,2730,2730,2730
1,189,21,2722,2722,2722,2722,2722
1,189,22,682,682,682,682,682
1,189,23,2730,2730,2730,2730,2730
1,189,24,2722,2722,2722,2722,2722
1,189,25,682,682,682,682,682
1,189,26,2730,2730,2730,2730,2730
1,189,27,2720,2720,2720,2720,2720
1,189,28,680,680,680,680,680
1,189,29,2728,2728,2728,2728,2728
1,189,30,2720,2720,2720,2720,2720
1,189,31,680,680,680,680,680
1,189,32,2728,2728,2728,2728,2728
1,189,33,2720,2720,2720,2720,2720
1,189,34,680,680,680,680,680
1,189,35,2728,2728,2728,2728,2728
1,189,36,2210,2210,2210,2210,2210
1,189,37,170,170,170,170,170
1,189,38,2218,2218,2218,2218,2218
1,189,39,2210,2210,2210,2210,2210
1,189,40,170,170,170,170,170
1,189,41,2218,2218,2218,2218,2218
1,189,42,2210,2210,2210,2210,2210
1,189,43,170,170,170,170,170
1,189,44,2218,2218,2218,2218,2218
1,189,45,2722,2722,2722,2722,2722
1,189,46,682,682,682,682,682
1,189,47,2730,2730,2730,2730,2730
1,189,48,2722,2722,2722,2722,2722
1,189,49,682,682,682,682,682
1,189,50,2730,2730,2730,2730,2730
1,189,51,2722,2722,2722,2722,2722
1,189,52,682,682,682,682,682
1,189,53,2730,2730,2730,2730,2730
1,189,54,2720,2720,2720,2720,2720
1,189,55,680,680,680,680,680
1,189,56,2728,2728,2728,2728,2728
1,189,57,2720,2720,2720,2720,2720
1,189,58,680,680,680,680,680
1,189,59,2728,2728,2728,2728,2728
1,189,60,2720,2720,2720,2720,2720
1,189,61,680,680,680,680,680
1,189,62,2728,2728,2728,2728,2728
1,189,63,2210,2210,2210,2210,2210
1,189,64,170,170,170,170,170
1,189,65,2218,2218,2218,2218,2218
1,189,66,2210,2210,2210,2210,2210
1,189,67,170,170,170,170,170
1,189,68,2218,2218,2218,2218,2218
1,189,69,2210,2210,2210,2210,2210
1,189,70,170,170,170,170,170
1,189,71,2218,2218,2218,2218,2218
1,189,72,2722,2722,2722,2722,2722
1,189,73,682,682,682,682,682
1,189,74,2730,2730,2730,2730,2730
1,189,75,2722,2722,2722,2722,2722
1,189,76,682,682,682,682,682
1,189,77,2730,2730,2730,2730,2730
1,189,78,2722,2722,2722,2722,2722
1,189,79,682,682,682,682,682
1,189,80,2730,2730,2730,2730,2730
1,190,0,2720,2720,2720,2720,2720
1,190,1,680,680,680,680,680
1,190,2,2728,2728,2728,2728,2728
1,190,3,2720,2720,2720,2720,2720
1,190,4,680,680,680,680,680
1,190,5,2728,2728,2728,2728,2728
1,190,6,2720,2720,2720,2720,2720
1,190,7,680,680,680,680,680
1,190,8,2728,2728,2728,2728,2728
1,190,9,2210,2210,2210,2210,2210
1,190,10,170,170,170,170,170
1,190,11,2218,2218,2218,2218,2218
1,190,12,2210,2210,2210,2210,2210
1,190,13,170,170,170,170,170
1,190,14,2218,2218,2218,2218,2218
1,190,15,2210,2210,2210,2210,2210
1,190,16,170,170,170,170,170
1,190,17,2218,2218,2218,2218,2218
1,190,18,2722,2722,2722,2722,2722
1,190,19,682,682,682,682,682
1,190,20,2730,2730,2730,2730,2730
1,190,21,2722,2722,2722,2722,2722
1,190,22,682,682,682,682,682
1,190,23,2730,2730,2730,2730,2730
1,190,24,2722,2722,2722,2722,2722
1,190,25,682,682,682,682,682
1,190,26,2730,2730,2730,2730,2730
1,190,27,2720,2720,2720,2720,2720
1,190,28,680,680,680,680,680
1,190,29,2728,2728,2728,2728,2728
1,190,30,2720,2720,2720,2720,2720
1,190,31,680,680,680,680,680
1,190,32,2728,2728,2728,2728,2728
1,190,33,2720,2720,2720,2720,2720
1,190,34,680,680,680,680,680
1,190,35,2728,2728,2728,2728,2728
1,190,36,2210,2210,2210,2210,2210
1,190,37,170,170,170,170,170
1,190,38,2218,2218,2218,2218,2218
1,190,39,2210,2210,2210,2210,2210
1,190,40,170,170,170,170,170
1,190,41,2218,2218,2218,2218,2218
1,190,42,2210,2210,2210,2210,2210
1,190,43,170,170,170,170,170
1,190,44,2218,2218,2218,2218,2218
1,190,45,2722,2722,2722,2722,2722
1,190,46,682,682,682,682,682
1,190,47,2730,2730,2730,2730,2730
1,190,48,2722,2722,2722,2722,2722
1,190,49,682,682,682,682,682
1,190,50,2730,2730,2730,2730,2730
1,190,51,2722,2722,2722,2722,2722
1,190,52,682,682,682,682,682
1,190,53,2730,2730,2730,2730,2730
1,190,54,2720,2720,2720,2720,2720
1,190,55,680,680,680,680,680
1,190,56,2728,2728,2728,2728,2728
1,190,57,2720,2720,2720,2720,2720
1,190,58,680,680,680,680,680
1,190,59,2728,2728,2728,2728,2728
1,190,60,2720,2720,2720,2720,2720
1,190,61,680,680,680,680,680
1,190,62,2728,2728,2728,2728,2728
1,190,63,2210,2210,2210,2210,2210
1,190,64,170,170,170,170,170
1,190,65,2218,2218,2218,2218,2218
1,190,66,2210,2210,2210,2210,2210
1,190,67,170,170,170,170,170
1,190,68,2218,2218,2218,2218,2218
1,190,69,2210,2210,2210,2210,2210
1,190,70,170,170,170,170,170
1,190,71,2218,2218,2218,2218,2218
1,190,72,2722,2722,2722,2722,2722
1,190,73,682,682,682,682,682
1,190,74,2730,2730,2730,2730,2730
1,190,75,2722,2722,2722,2722,2722
1,190,76,682,682,682,682,682
1,190,77,2730,2730,2730,2730,2730
1,190,78,2722,2722,2722,2722,2722
1,190,79,682,682,682,682,682
1,190,80,2730,2730,2730,2730,2730
1,191,0,2720,2720,2720,2720,2720
1,191,1,680,680,680,680,680
1,191,2,2728,2728,2728,2728,2728
1,191,3,2720,2720,2720,2720,2720
1,191,4,680,680,680,680,680
1,191,5,2728,2728,2728,2728,2728
1,191,6,2720,2720,2720,2720,2720
1,191,7,680,680,680,680,680
1,191,8,2728,2728,2728,2728,2728
1,191,9,2210,2210,2210,2210,2210
1,191,10,170,170,170,170,170
1,191,11,2218,2218,2218,2218,2218
1,191,12,2210,2210,2210,2210,2210
1,191,13,170,170,170,170,170
1,191,14,2218,2218,2218,2218,2218
1,191,15,2210,2210,2210,2210,2210
1,191,16,170,170,170,170,170
1,191,17,2218,2218,2218,2218,2218
1,191,18,2722,2722,2722,2722,2722
1,191,19,682,682,682,682,682
1,191,20,2730,2730,2730,2730,2730
1,191,21,2722,2722,2722,2722,2722
1,191,22,682,682,682,682,682
1,191,23,2730,2730,2730,2730,2730
1,191,24,2722,2722,2722,2722,2722
1,191,25,682,682,682,682,682
1,191,26,2730,2730,2730,2730,2730
1,191,27,2720,2720,2720,2720,2720
1,191,28,680,680,680,680,680
1,191,29,2728,2728,2728,2728,2728
1,191,30,2720,2720,2720,2720,2720
1,191,31,680,680,680,680,680
1,191,32,2728,2728,2728,2728,2728
1,191,33,2720,2720,2720,2720,2720
1,191,34,680,680,680,680,680
1,191,35,2728,2728,2728,2728,2728
1,191,36,2210,2210,2210,2210,2210
1,191,37,170,170,170,170,170
1,191,38,2218,2218,2218,2218,2218
1,191,39,2210,2210,2210,2210,2210
1,191,40,170,170,170,170,170
1,191,41,2218,2218,2218,2218,2218
1,191,42,2210,2210,2210,2210,2210
1,191,43,170,170,170,170,170
1,191,44,2218,2218,2218,2218,2218
1,191,45,2722,2722,2722,2722,2722
1,191,46,682,682,682,682,682
1,191,47,2730,2730,2730,2730,2730
1,191,48,2722,2722,2722,2722,2722
1,191,49,682,682,682,682,682
1,191,50,2730,2730,2730,2730,2730
1,191,51,2722,2722,2722,2722,2722
1,191,52,682,682,682,682,682
1,191,53,2730,2730,2730,2730,2730
1,191,54,2720,2720,2720,2720,2720
1,191,55,680,680,680,680,680
1,191,56,2728,2728,2728,2728,2728
1,191,57,2720,2720,2720,2720,2720
1,191,58,680,680,680,680,680
1,191,59,2728,2728,2728,2728,2728
1,191,60,2720,2720,2720,2720,2720
1,191,61,680,680,680,680,680
1,191,62,2728,2728,2728,2728,2728
1,191,63,2210,2210,2210,2210,2210
1,191,64,170,170,170,170,170
1,191,65,2218,2218,2218,2218,2218
1,191,66,2210,2210,2210,2210,2210
1,191,67,170,170,170,170,170
1,191,68,2218,2218,2218,2218,2218
1,191,69,2210,2210,2210,2210,2210
1,191,70,170,170,170,170,170
1,191,71,2218,2218,2218,2218,2218
1,191,72,2722,2722,2722,2722,2722
1,191,73,682,682,682,682,682
1,191,74,2730,2730,2730,2730,2730
1,191,75,2722,2722,2722,2722,2722
1,191,76,682,682,682,682,682
1,191,77,2730,2730,2730,2730,2730
1,191,78,2722,2722,2722,2722,2722
1,191,79,682,682,682,682,682
1,191,80,2730,2730,2730,2730,2730
1,192,0,128,128,128,128,128
1,192,1,128,128,128,128,128
1,192,2,128,128,128,128,128
1,192,3,128,128,128,128,128
1,192,4,128,128,128,128,128
1,192,5,128,128,128,128,128
1,192,6,128,128,128,128,128
1,192,7,128,128,128,128,128
1,192,8,128,128,128,128,128
1,192,9,128,128,128,128,128
1,192,10,128,128,128,128,128
1,192,11,128,128,128,128,128
1,192,12,128,128,128,128,128
1,192,13,128,128,128,128,128
1,192,14,128,128,128,128,128
1,192,15,128,128,128,128,128
1,192,16,128,128,128,128,128
1,192,17,128,128,128,128,128
1,192,18,128,128,128,128,128
1,192,19,128,128,128,128,128
1,192,20,128,128,128,128,128
1,192,21,128,128,128,128,128
1,192,22,128,128,128,128,128
1,192,23,128,128,128,128,128
1,192,24,128,128,128,128,128
1,192,25,128,128,128,128,128
1,192,26,128,128,128,128,128
1,192,27,128,128,128,128,128
1,192,28,128,128,128,128,128
1,192,29,128,128,128,128,128
1,192,30,128,128,128,128,128
1,192,31,128,128,128,128,128
1,192,32,128,128,128,128,128
1,192,33,128,128,128,128,128
1,192,34,128,128,128,128,128
1,192,35,128,128,128,128,128
1,192,36,128,128,128,128,128
1,192,37,128,128,128,128,128
1,192,38,128,128,128,128,128
1,192,39,128,128,128,128,128
1,192,40,128,128,128,128,128
1,192,41,128,128,128,128,128
1,192,42,128,128,128,128,128
1,192,43,128,128,128,128,128
1,192,44,128,128,128,128,128
1,192,45,128,128,128,128,128
1,192,46,128,128,128,128,128
1,192,47,128,128,128,128,128
1,192,48,128,128,128,128,128
1,192,49,128,128,128,128,128
1,192,50,128,128,128,128,128
1,192,51,128,128,128,128,128
1,192,52,128,128,128,128,128
1,192,53,128,128,128,128,128
1,192,54,128,128,128,128,128
1,192,55,128,128,128,128,128
1,192,56,128,128,128,128,128
1,192,57,128,128,128,128,128
1,192,58,128,128,128,128,128
1,192,59,128,128,128,128,128
1,192,60,128,128,128,128,128
1,192,61,128,128,128,128,128
1,192,62,128,128,128,128,128
1,192,63,128,128,128,128,128
1,192,64,128,128,128,128,128
1,192,65,128,128,128,128,128
1,192,66,128,128,128,128,128
1,192,67,128,128,128,128,128
1,192,68,128,128,128,128,128
1,192,69,128,128,128,128,128
1,192,70,128,128,128,128,128
1,192,71,128,128,128,128,128
1,192,72,128,128,128,128,128
1,192,73,128,128,128,128,128
1,192,74,128,128,128,128,128
1,192,75,128,128,128,128,128
1,192,76,128,128,128,128,128
1,192,77,128,128,128,128,128
1,192,78,128,128,128,128,128
1,192,79,128,128,128,128,128
1,192,80,128,128,128,128,128
1,193,0,640,640,640,640,640
1,193,1,640,640,640,640,640
1,193,2,640,640,640,640,640
1,193,3,640,640,640,640,640
1,193,4,640,640,640,640,640
1,193,5,640,640,640,640,640
1,193,6,640,640,640,640,640
1,193,7,640,640,640,640,640
1,193,8,640,640,640,640,640
1,193,9,130,130,130,130,130
1,193,10,130,130,130,130,130
1,193,11,130,130,130,130,130
1,193,12,130,130,130,130,130
1,193,13,130,130,130,130,130
1,193,14,130,130,130,130,130
1,193,15,130,130,130,130,130
1,193,16,130,130,130,130,130
1,193,17,130,130,130,130,130
1,193,18,642,642,642,642,642
1,193,19,642,642,642,642,642
1,193,20,642,642,642,642,642
1,193,21,642,642,642,642,642
1,193,22,642,642,642,642,642
1,193,23,642,642,642,642,642
1,193,24,642,642,642,642,642
1,193,25,642,642,642,642,642
1,193,26,642,642,642,642,642
1,193,27,640,640,640,640,640
1,193,28,640,640,640,640,640
1,193,29,640,640,640,640,640
1,193,30,640,640,640,640,640
1,193,31,640,640,640,640,640
1,193,32,640,640,640,640,640
1,193,33,640,640,640,640,640
1,193,34,640,640,640,640,640
1,193,35,640,640,640,640,640
1,193,36,130,130,130,130,130
1,193,37,130,130,130,130,130
1,193,38,130,130,130,130,130
1,193,39,130,130,130,130,130
1,193,40,130,130,130,130,130
1,193,41,130,130,130,130,130
1,193,42,130,130,130,130,130
1,193,43,130,130,130,130,130
1,193,44,130,130,130,130,130
1,193,45,642,642,642,642,642
1,193,46,642,642,642,642,642
1,193,47,642,642,642,642,642
1,193,48,642,642,642,642,642
1,193,49,642,642,642,642,642
1,193,50,642,642,642,642,642
1,193,51,642,642,642,642,642
1,193,52,642,642,642,642,642
1,193,53,642,642,642,642,642
1,193,54,640,640,640,640,640
1,193,55,640,640,640,640,640
1,193,56,640,640,640,640,640
1,193,57,640,640,640,640,640
1,193,58,640,640,640,640,640
1,193,59,640,640,640,640,640
1,193,60,640,640,640,640,640
1,193,61,640,640,640,640,640
1,193,62,640,640,640,640,640
1,193,63,130,130,130,130,130
1,193,64,130,130,130,130,130
1,193,65,130,130,130,130,130
1,193,66,130,130,130,130,130
1,193,67,130,130,130,130,130
1,193,68,130,130,130,130,130
1,193,69,130,130,130,130,130
1,193,70,130,130,130,130,130
1,193,71,130,130,130,130,130
1,193,72,642,642,642,642,642
1,193,73,642,642,642,642,642
1,193,74,642,642,642,642,642
1,193,75,642,642,642,642,642
1,193,76,642,642,642,642,642
1,193,77,642,642,642,642,642
1,193,78,642,642,642,642,642
1,193,79,642,642,642,642,642
1,193,80,642,642,642,642,642
1,194,0,640,640,640,640,640
1,194,1,640,640,640,640,640
1,194,2,640,640,640,640,640
1,194,3,640,640,640,640,640
1,194,4,640,640,640,640,640
1,194,5,640,640,640,640,640
1,194,6,640,640,640,640,640
1,194,7,640,640,640,640,640
1,194,8,640,640,640,640,640
1,194,9,130,130,130,130,130
1,194,10,130,130,130,130,130
1,194,11,130,130,130,130,130
1,194,12,130,130,130,130,130
1,194,13,130,130,130,130,130
1,194,14,130,130,130,130,130
1,194,15,130,130,130,130,130
1,194,16,130,130,130,130,130
1,194,17,130,130,130,130,130
1,194,18,642,642,642,642,642
1,194,19,642,642,642,642,642
1,194,20,642,642,642,642,642
1,194,21,642,642,642,642,642
1,194,22,642,642,642,642,642
1,194,23,642,642,642,642,642
1,194,24,642,642,642,642,642
1,194,25,642,642,642,642,642
1,194,26,642,642,642,642,642
1,194,27,640,640,640,640,640
1,194,28,640,640,640,640,640
1,194,29,640,640,640,640,640
1,194,30,640,640,640,640,640
1,194,31,640,640,640,640,640
1,194,32,640,640,640,640,640
1,194,33,640,640,640,640,640
1,194,34,640,640,640,640,640
1,194,35,640,640,640,640,640
1,194,36,130,130,130,130,130
1,194,37,130,130,130,130,130
1,194,38,130,130,130,130,130
1,194,39,130,130,130,130,130
1,194,40,130,130,130,130,130
1,194,41,130,130,130,130,130
1,194,42,130,130,130,130,130
1,194,43,130,130,130,130,130
1,194,44,130,130,130,130,130
1,194,45,642,642,642,642,642
1,194,46,642,642,642,642,642
1,194,47,642,642,642,642,642
1,194,48,642,642,642,642,642
1,194,49,642,642,642,642,642
1,194,50,642,642,642,642,642
1,194,51,642,642,642,642,642
1,194,52,642,642,642,642,642
1,194,53,642,642,642,642,642
1,194,54,640,640,640,640,640
1,194,55,640,640,640,640,640
1,194,56,640,640,640,640,640
1,194,57,640,640,640,640,640
1,194,58,640,640,640,640,640
1,194,59,640,640,640,640,640
1,194,60,640,640,640,640,640
1,194,61,640,640,640,640,640
1,194,62,640,640,640,640,640
1,194,63,130,130,130,130,130
1,194,64,130,130,130,130,130
1,194,65,130,130,130,130,130
1,194,66,130,130,130,130,130
1,194,67,130,130,130,130,130
1,194,68,130,130,130,130,130
1,194,69,130,130,130,130,130
1,194,70,130,130,130,130,130
1,194,71,130,130,130,130,130
1,194,72,642,642,642,642,642
1,194,73,642,642,642,642,642
1,194,74,642,642,642,642,642
1,194,75,642,642,642,642,642
1,194,76,642,642,642,642,642
1,194,77,642,642,642,642,642
1,194,78,642,642,642,642,642
1,194,79,642,642,642,642,642
1,194,80,642,642,642,642,642
1,195,0,640,640,640,640,640
1,195,1,640,640,640,640,640
1,195,2,640,640,640,640,640
1,195,3,640,640,640,640,640
1,195,4,640,640,640,640,640
1,195,5,640,640,640,640,640
1,195,6,640,640,640,640,640
1,195,7,640,640,640,640,640
1,195,8,640,640,640,640,640
1,195,9,130,130,130,130,130
1,195,10,130,130,130,130,130
1,195,11,130,130,130,130,130
1,195,12,130,130,130,130,130
1,195,13,130,130,130,130,130
1,195,14,130,130,130,130,130
1,195,15,130,130,130,130,130
1,195,16,130,130,130,130,130
1,195,17,130,130,130,130,130
1,195,18,642,642,642,642,642
1,195,19,642,642,642,642,642
1,195,20,642,642,642,642,642
1,195,21,642,642,642,642,642
1,195,22,642,642,642,642,642
1,195,23,642,642,642,642,642
1,195,24,642,642,642,642,642
1,195,25,642,642,642,642,642
1,195,26,642,642,642,642,642
1,195,27,640,640,640,640,640
1,195,28,640,640,640,640,640
1,195,29,640,640,640,640,640
1,195,30,640,640,640,640,640
1,195,31,640,640,640,640,640
1,195,32,640,640,640,640,640
1,195,33,640,640,640,640,640
1,195,34,640,640,640,640,640
1,195,35,640,640,640,640,640
1,195,36,130,130,130,130,130
1,195,37,130,130,130,130,130
1,195,38,130,130,130,130,130
1,195,39,130,130,130,130,130
1,195,40,130,130,130,130,130
1,195,41,130,130,130,130,130
1,195,42,130,130,130,130,130
1,195,43,130,130,130,130,130
1,195,44,130,130,130,130,130
1,195,45,642,642,642,642,642
1,195,46,642,642,642,642,642
1,195,47,642,642,642,642,642
1,195,48,642,642,642,642,642
1,195,49,642,642,642,642,642
1,195,50,642,642,642,642,642
1,195,51,642,642,642,642,642
1,195,52,642,642,642,642,642
1,195,53,642,642,642,642,642
1,195,54,640,640,640,640,640
1,195,55,640,640,640,640,640
1,195,56,640,640,640,640,640
1,195,57,640,640,640,640,640
1,195,58,640,640,640,640,640
1,195,59,640,640,640,640,640
1,195,60,640,640,640,640,640
1,195,61,640,640,640,640,640
1,195,62,640,640,640,640,640
1,195,63,130,130,130,130,130
1,195,64,130,130,130,130,130
1,195,65,130,130,130,130,130
1,195,66,130,130,130,130,130
1,195,67,130,130,130,130,130
1,195,68,130,130,130,130,130
1,195,69,130,130,130,130,130
1,195,70,130,130,130,130,130
1,195,71,130,130,130,130,130
1,195,72,642,642,642,642,642
1,195,73,642,642,642,642,642
1,195,74,642,642,642,642,642
1,195,75,642,642,642,642,642
1,195,76,642,642,642,642,642
1,195,77,642,642,642,642,642
1,195,78,642,642,642,642,642
1,195,79,642,642,642,642,642
1,195,80,642,642,642,642,642
1,196,0,2176,2176,2176,2176,2176
1,196,1,136,136,136,136,136
1,196,2,2184,2184,2184,2184,2184
1,196,3,2176,2176,2176,2176,2176
1,196,4,136,136,136,136,136
1,196,5,2184,2184,2184,2184,2184
1,196,6,2176,2176,2176,2176,2176
1,196,7,136,136,136,136,136
1,196,8,2184,2184,2184,2184,2184
1,196,9,2176,2176,2176,2176,2176
1,196,10,136,136,136,136,136
1,196,11,2184,2184,2184,2184,2184
1,196,12,2176,2176,2176,2176,2176
1,196,13,136,136,136,136,136
1,196,14,2184,2184,2184,2184,2184
1,196,15,2176,2176,2176,2176,2176
1,196,16,136,136,136,136,136
1,196,17,2184,2184,2184,2184,2184
1,196,18,2176,2176,2176,2176,2176
1,196,19,136,136,136,136,136
1,196,20,2184,2184,2184,2184,2184
1,196,21,2176,2176,2176,2176,2176
1,196,22,136,136,136,136,136
1,196,23,2184,2184,2184,2184,2184
1,196,24,2176,2176,2176,2176,2176
1,196,25,136,136,136,136,136
1,196,26,2184,2184,2184,2184,2184
1,196,27,2176,2176,2176,2176,2176
1,196,28,136,136,136,136,136
1,196,29,2184,2184,2184,2184,2184
1,196,30,2176,2176,2176,2176,2176
1,196,31,136,136,136,136,136
1,196,32,2184,2184,2184,2184,2184
1,196,33,2176,2176,2176,2176,2176
1,196,34,136,136,136,136,136
1,196,35,2184,2184,2184,2184,2184
1,196,36,2176,2176,2176,2176,2176
1,196,37,136,136,136,136,136
1,196,38,2184,2184,2184,2184,2184
1,196,39,2176,2176,2176,2176,2176
1,196,40,136,136,136,136,136
1,196,41,2184,2184,2184,2184,2184
1,196,42,2176,2176,2176,2176,2176
1,196,43,136,136,136,136,136
1,196,44,2184,2184,2184,2184,2184
1,196,45,2176,2176,2176,2176,2176
1,196,46,136,136,136,136,136
1,196,47,2184,2184,2184,2184,2184
1,196,48,2176,2176,2176,2176,2176
1,196,49,136,136,136,136,136
1,196,50,2184,2184,2184,2184,2184
1,196,51,2176,2176,2176,2176,2176
1,196,52,136,136,136,136,136
1,196,53,2184,2184,2184,2184,2184
1,196,54,2176,2176,2176,2176,2176
1,196,55,136,136,136,136,136
1,196,56,2184,2184,2184,2184,2184
1,196,57,2176,2176,2176,2176,2176
1,196,58,136,136,136,136,136
1,196,59,2184,2184,2184,2184,2184
1,196,60,2176,2176,2176,2176,2176
1,196,61,136,136,136,136,136
1,196,62,2184,2184,2184,2184,2184
1,196,63,2176,2176,2176,2176,2176
1,196,64,136,136,136,136,136
1,196,65,2184,2184,2184,2184,2184
1,196,66,2176,2176,2176,2176,2176
1,196,67,136,136,136,136,136
1,196,68,2184,2184,2184,2184,2184
1,196,69,2176,2176,2176,2176,2176
1,196,70,136,136,136,136,136
1,196,71,2184,2184,2184,2184,2184
1,196,72,2176,2176,2176,2176,2176
1,196,73,136,136,136,136,136
1,196,74,2184,2184,2184,2184,2184
1,196,75,2176,2176,2176,2176,2176
1,196,76,136,136,136,136,136
1,196,77,2184,2184,2184,2184,2184
1,196,78,2176,2176,2176,2176,2176
1,196,79,136,136,136,136,136
1,196,80,2184,2184,2184,2184,2184
1,197,0,2688,2688,2688,2688,2688
1,197,1,648,648,648,648,648
1,197,2,2696,2696,2696,2696,2696
1,197,3,2688,2688,2688,2688,2688
1,197,4,648,648,648,648,648
1,197,5,2696,2696,2696,2696,2696
1,197,6,2688,2688,2688,2688,2688
1,197,7,648,648,648,648,648
1,197,8,2696,2696,2696,2696,2696
1,197,9,2178,2178,2178,2178,2178
1,197,10,138,138,138,138,138
1,197,11,2186,2186,2186,2186,2186
1,197,12,2178,2178,2178,2178,2178
1,197,13,138,138,138,138,138
1,197,14,2186,2186,2186,2186,2186
1,197,15,2178,2178,2178,2178,2178
1,197,16,138,138,138,138,138
1,197,17,2186,2186,2186,2186,2186
1,197,18,2690,2690,2690,2690,2690
1,197,19,650,650,650,650,650
1,197,20,2698,2698,2698,2698,2698
1,197,21,2690,2690,2690,2690,2690
1,197,22,650,650,650,650,650
1,197,23,2698,2698,2698,2698,2698
1,197,24,2690,2690,2690,2690,2690
1,197,25,650,650,650,650,650
1,197,26,2698,2698,2698,2698,2698
1,197,27,2688,2688,2688,2688,2688
1,197,28,648,648,648,648,648
1,197,29,2696,2696,2696,2696,2696
1,197,30,2688,2688,2688,2688,2688
1,197,31,648,648,648,648,648
1,197,32,2696,2696,2696,2696,2696
1,197,33,2688,2688,2688,2688,2688
1,197,34,648,648,648,648,648
1,197,35,2696,2696,2696,2696,2696
1,197,36,2178,2178,2178,2178,2178
1,197,37,138,138,138,138,138
1,197,38,2186,2186,2186,2186,2186
1,197,39,2178,2178,2178,2178,2178
1,197,40,138,138,138,138,138
1,197,41,2186,2186,2186,2186,2186
1,197,42,2178,2178,2178,2178,2178
1,197,43,138,138,138,138,138
1,197,44,2186,2186,2186,2186,2186
1,197,45,2690,2690,2690,2690,2690
1,197,46,650,650,650,650,650
1,197,47,2698,2698,2698,2698,2698
1,197,48,2690,2690,2690,2690,2690
1,197,49,650,650,650,650,650
1,197,50,2698,2698,2698,2698,2698
1,197,51,2690,2690,2690,2690,2690
1,197,52,650,650,650,650,650
1,197,53,2698,2698,2698,2698,2698
1,197,54,2688,2688,2688,2688,2688
1,197,55,648,648,648,648,648
1,197,56,2696,2696,2696,2696,2696
1,197,57,2688,2688,2688,2688,2688
1,197,58,648,648,648,648,648
1,197,59,2696,2696,2696,2696,2696
1,197,60,2688,2688,2688,2688,2688
1,197,61,648,648,648,648,648
1,197,62,2696,2696,2696,2696,2696
1,197,63,2178,2178,2178,2178,2178
1,197,64,138,138,138,138,138
1,197,65,2186,2186,2186,2186,2186
1,197,66,2178,2178,2178,2178,2178
1,197,67,138,138,138,138,138
1,197,68,2186,2186,2186,2186,2186
1,197,69,2178,2178,2178,2178,2178
1,197,70,138,138,138,138,138
1,197,71,2186,2186,2186,2186,2186
1,197,72,2690,2690,2690,2690,2690
1,197,73,650,650,650,650,650
1,197,74,2698,2698,2698,2698,2698
1,197,75,2690,2690,2690,2690,2690
1,197,76,650,650,650,650,650
1,197,77,2698,2698,2698,2698,2698
1,197,78,2690,2690,2690,2690,2690
1,197,79,650,650,650,650,650
1,197,80,2698,2698,2698,2698,2698
1,198,0,2688,2688,2688,2688,2688
1,198,1,648,648,648,648,648
1,198,2,2696,2696,2696,2696,2696
1,198,3,2688,2688,2688,2688,2688
1,198,4,648,648,648,648,648
1,198,5,2696,2696,2696,2696,2696
1,198,6,2688,2688,2688,2688,2688
1,198,7,648,648,648,648,648
1,198,8,2696,2696,2696,2696,2696
1,198,9,2178,2178,2178,2178,2178
1,198,10,138,138,138,138,138
1,198,11,2186,2186,2186,2186,2186
1,198,12,2178,2178,2178,2178,2178
1,198,13,138,138,138,138,138
1,198,14,2186,2186,2186,2186,2186
1,198,15,2178,2178,2178,2178,2178
1,198,16,138,138,138,138,138
1,198,17,2186,2186,2186,2186,2186
1,198,18,2690,2690,2690,2690,2690
1,198,19,650,650,650,650,650
1,198,20,2698,2698,2698,2698,2698
1,198,21,2690,2690,2690,2690,2690
1,198,22,650,650,650,650,650
1,198,23,2698,2698,2698,2698,2698
1,198,24,2690,2690,2690,2690,2690
1,198,25,650,650,650,650,650
1,198,26,2698,2698,2698,2698,2698
1,198,27,2688,2688,2688,2688,2688
1,198,28,648,648,648,648,648
1,198,29,2696,2696,2696,2696,2696
1,198,30,2688,2688,2688,2688,2688
1,198,31,648,648,648,648,648
1,198,32,2696,2696,2696,2696,2696
1,198,33,2688,2688,2688,2688,2688
1,198,34,648,648,648,648,648
1,198,35,2696,2696,2696,2696,2696
1,198,36,2178,2178,2178,2178,2178
1,198,37,138,138,138,138,138
1,198,38,2186,2186,2186,2186,2186
1,198,39,2178,2178,2178,2178,2178
1,198,40,138,138,138,138,138
1,198,41,2186,2186,2186,2186,2186
1,198,42,2178,2178,2178,2178,2178
1,198,43,138,138,138,138,138
1,198,44,2186,2186,2186,2186,2186
1,198,45,2690,2690,2690,2690,2690
1,198,46,650,650,650,650,650
1,198,47,2698,2698,2698,2698,2698
1,198,48,2690,2690,2690,2690,2690
1,198,49,650,650,650,650,650
1,198,50,2698,2698,2698,2698,2698
1,198,51,2690,2690,2690,2690,2690
1,198,52,650,650,650,650,650
1,198,53,2698,2698,2698,2698,2698
1,198,54,2688,2688,2688,2688,2688
1,198,55,648,648,648,648,648
1,198,56,2696,2696,2696,2696,2696
1,198,57,2688,2688,2688,2688,2688
1,198,58,648,648,648,648,648
1,198,59,2696,2696,2696,2696,2696
1,198,60,2688,2688,2688,2688,2688
1,198,61,648,648,648,648,648
1,198,62,2696,2696,2696,2696,2696
1,198,63,2178,2178,2178,2178,2178
1,198,64,138,138,138,138,138
1,198,65,2186,2186,2186,2186,2186
1,198,66,2178,2178,2178,2178,2178
1,198,67,138,138,138,138,138
1,198,68,2186,2186,2186,2186,2186
1,198,69,2178,2178,2178,2178,2178
1,198,70,138,138,138,138,138
1,198,71,2186,2186,2186,2186,2186
1,198,72,2690,2690,2690,2690,2690
1,198,73,650,650,650,650,650
1,198,74,2698,2698,2698,2698,2698
1,198,75,2690,2690,2690,2690,2690
1,198,76,650,650,650,650,650
1,198,77,2698,2698,2698,2698,2698
1,198,78,2690,2690,2690,2690,2690
1,198,79,650,650,650,650,650
1,198,80,2698,2698,2698,2698,2698
1,199,0,2688,2688,2688,2688,2688
1,199,1,648,648,648,648,648
1,199,2,2696,2696,2696,2696,2696
1,199,3,2688,2688,2688,2688,2688
1,199,4,648,648,648,648,648
1,199,5,2696,2696,2696,2696,2696
1,199,6,2688,2688,2688,2688,2688
1,199,7,648,648,648,648,648
1,199,8,2696,2696,2696,2696,2696
1,199,9,2178,2178,2178,2178,2178
1,199,10,138,138,138,138,138
1,199,11,2186,2186,2186,2186,2186
1,199,12,2178,2178,2178,2178,2178
1,199,13,138,138,138,138,138
1,199,14,2186,2186,2186,2186,2186
1,199,15,2178,2178,2178,2178,2178
1,199,16,138,138,138,138,138
1,199,17,2186,2186,2186,2186,2186
1,199,18,2690,2690,2690,2690,2690
1,199,19,650,650,650,650,650
1,199,20,2698,2698,2698,2698,2698
1,199,21,2690,2690,2690,2690,2690
1,199,22,650,650,650,650,650
1,199,23,2698,2698,2698,2698,2698
1,199,24,2690,2690,2690,2690,2690
1,199,25,650,650,650,650,650
1,199,26,2698,2698,2698,2698,2698
1,199,27,2688,2688,2688,2688,2688
1,199,28,648,648,648,648,648
1,199,29,2696,2696,2696,2696,2696
1,199,30,2688,2688,2688,2688,2688
1,199,31,648,648,648,648,648
1,199,32,2696,2696,2696,2696,2696
1,199,33,2688,2688,2688,2688,2688
1,199,34,648,648,648,648,648
1,199,35,2696,2696,2696,2696,2696
1,199,36,2178,2178,2178,2178,2178
1,199,37,138,138,138,138,138
1,199,38,2186,2186,2186,2186,2186
1,199,39,2178,2178,2178,2178,2178
1,199,40,138,138,138,138,138
1,199,41,2186,2186,2186,2186,2186
1,199,42,2178,2178,2178,2178,2178
1,199,43,138,138,138,138,138
1,199,44,2186,2186,2186,2186,2186
1,199,45,2690,2690,2690,2690,2690
1,199,46,650,650,650,650,650
1,199,47,2698,2698,2698,2698,2698
1,199,48,2690,2690,2690,2690,2690
1,199,49,650,650,650,650,650
1,199,50,2698,2698,2698,2698,2698
1,199,51,2690,2690,2690,2690,2690
1,199,52,650,650,650,650,650
1,199,53,2698,2698,2698,2698,2698
1,199,54,2688,2688,2688,2688,2688
1,199,55,648,648,648,648,648
1,199,56,2696,2696,2696,2696,2696
1,199,57,2688,2688,2688,2688,2688
1,199,58,648,648,648,648,648
1,199,59,2696,2696,2696,2696,2696
1,199,60,2688,2688,2688,2688,2688
1,199,61,648,648,648,648,648
1,199,62,2696,2696,2696,2696,2696
1,199,63,2178,2178,2178,2178,2178
1,199,64,138,138,138,138,138
1,199,65,2186,2186,2186,2186,2186
1,199,66,2178,2178,2178,2178,2178
1,199,67,138,138,138,138,138
1,199,68,2186,2186,2186,2186,2186
1,199,69,2178,2178,2178,2178,2178
1,199,70,138,138,138,138,138
1,199,71,2186,2186,2186,2186,2186
1,199,72,2690,2690,2690,2690,2690
1,199,73,650,650,650,650,650
1,199,74,2698,2698,2698,2698,2698
1,199,75,2690,2690,2690,2690,2690
1,199,76,650,650,650,650,650
1,199,77,2698,2698,2698,2698,2698
1,199,78,2690,2690,2690,2690,2690
1,199,79,650,650,650,650,650
1,199,80,2698,2698,2698,2698,2698
1,200,0,2176,2176,2176,2176,2176
1,200,1,136,136,136,136,136
1,200,2,2184,2184,2184,2184,2184
1,200,3,2176,2176,2176,2176,2176
1,200,4,136,136,136,136,136
1,200,5,2184,2184,2184,2184,2184
1,200,6,2176,2176,2176,2176,2176
1,200,7,136,136,136,136,136
1,200,8,2184,2184,2184,2184,2184
1,200,9,2176,2176,2176,2176,2176
1,200,10,136,136,136,136,136
1,200,11,2184,2184,2184,2184,2184
1,200,12,2176,2176,2176,2176,2176
1,200,13,136,136,136,136,136
1,200,14,2184,2184,2184,2184,2184
1,200,15,2176,2176,2176,2176,2176
1,200,16,136,136,136,136,136
1,200,17,2184,2184,2184,2184,2184
1,200,18,2176,2176,2176,2176,2176
1,200,19,136,136,136,136,136
1,200,20,2184,2184,2184,2184,2184
1,200,21,2176,2176,2176,2176,2176
1,200,22,136,136,136,136,136
1,200,23,2184,2184,2184,2184,2184
1,200,24,2176,2176,2176,2176,2176
1,200,25,136,136,136,136,136
1,200,26,2184,2184,2184,2184,2184
1,200,27,2176,2176,2176,2176,2176
1,200,28,136,136,136,136,136
1,200,29,2184,2184,2184,2184,2184
1,200,30,2176,2176,2176,2176,2176
1,200,31,136,136,136,136,136
1,200,32,2184,2184,2184,2184,2184
1,200,33,2176,2176,2176,2176,2176
1,200,34,136,136,136,136,136
1,200,35,2184,2184,2184,2184,2184
1,200,36,2176,2176,2176,2176,2176
1,200,37,136,136,136,136,136
1,200,38,2184,2184,2184,2184,2184
1,200,39,2176,2176,2176,2176,2176
1,200,40,136,136,136,136,136
1,200,41,2184,2184,2184,2184,2184
1,200,42,2176,2176,2176,2176,2176
1,200,43,136,136,136,136,136
1,200,44,2184,2184,2184,2184,2184
1,200,45,2176,2176,2176,2176,2176
1,200,46,136,136,136,136,136
1,200,47,2184,2184,2184,2184,2184
1,200,48,2176,2176,2176,2176,2176
1,200,49,136,136,136,136,136
1,200,50,2184,2184,2184,2184,2184
1,200,51,2176,2176,2176,2176,2176
1,200,52,136,136,136,136,136
1,200,53,2184,2184,2184,2184,2184
1,200,54,2176,2176,2176,2176,2176
1,200,55,136,136,136,136,136
1,200,56,2184,2184,2184,2184,2184
1,200,57,2176,2176,2176,2176,2176
1,200,58,136,136,136,136,136
1,200,59,2184,2184,2184,2184,2184
1,200,60,2176,2176,2176,2176,2176
1,200,61,136,136,136,136,136
1,200,62,2184,2184,2184,2184,2184
1,200,63,2176,2176,2176,2176,2176
1,200,64,136,136,136,136,136
1,200,65,2184,2184,2184,2184,2184
1,200,66,2176,2176,2176,2176,2176
1,200,67,136,136,136,136,136
1,200,68,2184,2184,2184,2184,2184
1,200,69,2176,2176,2176,2176,2176
1,200,70,136,136,136,136,136
1,200,71,2184,2184,2184,2184,2184
1,200,72,2176,2176,2176,2176,2176
1,200,73,136,136,136,136,136
1,200,74,2184,2184,2184,2184,2184
1,200,75,2176,2176,2176,2176,2176
1,200,76,136,136,136,136,136
1,200,77,2184,2184,2184,2184,2184
1,200,78,2176,2176,2176,2176,2176
1,200,79,136,136,136,136,136
1,200,80,2184,2184,2184,2184,2184
1,201,0,2688,2688,2688,2688,2688
1,201,1,648,648,648,648,648
1,201,2,2696,2696,2696,2696,2696
1,201,3,2688,2688,2688,2688,2688
1,201,4,648,648,648,648,648
1,201,5,2696,2696,2696,2696,2696
1,201,6,2688,2688,2688,2688,2688
1,201,7,648,648,648,648,648
1,201,8,2696,2696,2696,2696,2696
1,201,9,2178,2178,2178,2178,2178
1,201,10,138,138,138,138,138
1,201,11,2186,2186,2186,2186,2186
1,201,12,2178,2178,2178,2178,2178
1,201,13,138,138,138,138,138
1,201,14,2186,2186,2186,2186,2186
1,201,15,2178,2178,2178,2178,2178
1,201,16,138,138,138,138,138
1,201,17,2186,2186,2186,2186,2186
1,201,18,2690,2690,2690,2690,2690
1,201,19,650,650,650,650,650
1,201,20,2698,2698,2698,2698,2698
1,201,21,2690,2690,2690,2690,2690
1,201,22,650,650,650,650,650
1,201,23,2698,2698,2698,2698,2698
1,201,24,2690,2690,2690,2690,2690
1,201,25,650,650,650,650,650
1,201,26,2698,2698,2698,2698,2698
1,201,27,2688,2688,2688,2688,2688
1,201,28,648,648,648,648,648
1,201,29,2696,2696,2696,2696,2696
1,201,30,2688,2688,2688,2688,2688
1,201,31,648,648,648,648,648
1,201,32,2696,2696,2696,2696,2696
1,201,33,2688,2688,2688,2688,2688
1,201,34,648,648,648,648,648
1,201,35,2696,2696,2696,2696,2696
1,201,36,2178,2178,2178,2178,2178
1,201,37,138,138,138,138,138
1,201,38,2186,2186,2186,2186,2186
1,201,39,2178,2178,2178,2178,2178
1,201,40,138,138,138,138,138
1,201,41,2186,2186,2186,2186,2186
1,201,42,2178,2178,2178,2178,2178
1,201,43,138,138,138,138,138
1,201,44,2186,2186,2186,2186,2186
1,201,45,2690,2690,2690,2690,2690
1,201,46,650,650,650,650,650
1,201,47,2698,2698,2698,2698,2698
1,201,48,2690,2690,2690,2690,2690
1,201,49,650,650,650,650,650
1,201,50,2698,2698,2698,2698,2698
1,201,51,2690,2690,2690,2690,2690
1,201,52,650,650,650,650,650
1,201,53,2698,2698,2698,2698,2698
1,201,54,2688,2688,2688,2688,2688
1,201,55,648,648,648,648,648
1,201,56,2696,2696,2696,2696,2696
1,201,57,2688,2688,2688,2688,2688
1,201,58,648,648,648,648,648
1,201,59,2696,2696,2696,2696,2696
1,201,60,2688,2688,2688,2688,2688
1,201,61,648,648,648,648,648
1,201,62,2696,2696,2696,2696,2696
1,201,63,2178,2178,2178,2178,2178
1,201,64,138,138,138,138,138
1,201,65,2186,2186,2186,2186,2186
1,201,66,2178,2178,2178,2178,2178
1,201,67,138,138,138,138,138
1,201,68,2186,2186,2186,2186,2186
1,201,69,2178,2178,2178,2178,2178
1,201,70,138,138,138,138,138
1,201,71,2186,2186,2186,2186,2186
1,201,72,2690,2690,2690,2690,2690
1,201,73,650,650,650,650,650
1,201,74,2698,2698,2698,2698,2698
1,201,75,2690,2690,2690,2690,2690
1,201,76,650,650,650,650,650
1,201,77,2698,2698,2698,2698,2698
1,201,78,2690,2690,2690,2690,2690
1,201,79,650,650,650,650,650
1,201,80,2698,2698,2698,2698,2698
1,202,0,2688,2688,2688,2688,2688
1,202,1,648,648,648,648,648
1,202,2,2696,2696,2696,2696,2696
1,202,3,2688,2688,2688,2688,2688
1,202,4,648,648,648,648,648
1,202,5,2696,2696,2696,2696,2696
1,202,6,2688,2688,2688,2688,2688
1,202,7,648,648,648,648,648
1,202,8,2696,2696,2696,2696,2696
1,202,9,2178,2178,2178,2178,2178
1,202,10,138,138,138,138,138
1,202,11,2186,2186,2186,2186,2186
1,202,12,2178,2178,2178,2178,2178
1,202,13,138,138,138,138,138
1,202,14,2186,2186,2186,2186,2186
1,202,15,2178,2178,2178,2178,2178
1,202,16,138,138,138,138,138
1,202,17,2186,2186,2186,2186,2186
1,202,18,2690,2690,2690,2690,2690
1,202,19,650,650,650,650,650
1,202,20,2698,2698,2698,2698,2698
1,202,21,2690,2690,2690,2690,2690
1,202,22,650,650,650,650,650
1,202,23,2698,2698,2698,2698,2698
1,202,24,2690,2690,2690,2690,2690
1,202,25,650,650,650,650,650
1,202,26,2698,2698,2698,2698,2698
1,202,27,2688,2688,2688,2688,2688
1,202,28,648,648,648,648,648
1,202,29,2696,2696,2696,2696,2696
1,202,30,2688,2688,2688,2688,2688
1,202,31,648,648,648,648,648
1,202,32,2696,2696,2696,2696,2696
1,202,33,2688,2688,2688,2688,2688
1,202,34,648,648,648,648,648
1,202,35,2696,2696,2696,2696,2696
1,202,36,2178,2178,2178,2178,2178
1,202,37,138,138,138,138,138
1,202,38,2186,2186,2186,2186,2186
1,202,39,2178,2178,2178,2178,2178
1,202,40,138,138,138,138,138
1,202,41,2186,2186,2186,2186,2186
1,202,42,2178,2178,2178,2178,2178
1,202,43,138,138,138,138,138
1,202,44,2186,2186,2186,2186,2186
1,202,45,2690,2690,2690,2690,2690
1,202,46,650,650,650,650,650
1,202,47,2698,2698,2698,2698,2698
1,202,48,2690,2690,2690,2690,2690
1,202,49,650,650,650,650,650
1,202,50,2698,2698,2698,2698,2698
1,202,51,2690,2690,2690,2690,2690
1,202,52,650,650,650,650,650
1,202,53,2698,2698,2698,2698,2698
1,202,54,2688,2688,2688,2688,2688
1,202,55,648,648,648,648,648
1,202,56,2696,2696,2696,2696,2696
1,202,57,2688,2688,2688,2688,2688
1,202,58,648,648,648,648,648
1,202,59,2696,2696,2696,2696,2696
1,202,60,2688,2688,2688,2688,2688
1,202,61,648,648,648,648,648
1,202,62,2696,2696,2696,2696,2696
1,202,63,2178,2178,2178,2178,2178
1,202,64,138,138,138,138,138
1,202,65,2186,2186,2186,2186,2186
1,202,66,2178,2178,2178,2178,2178
1,202,67,138,138,138,138,138
1,202,68,2186,2186,2186,2186,2186
1,202,69,2178,2178,2178,2178,2178
1,202,70,138,138,138,138,138
1,202,71,2186,2186,2186,2186,2186
1,202,72,2690,2690,2690,2690,2690
1,202,73,650,650,650,650,650
1,202,74,2698,2698,2698,2698,2698
1,202,75,2690,2690,2690,2690,2690
1,202,76,650,650,650,650,650
1,202,77,2698,2698,2698,2698,2698
1,202,78,2690,2690,2690,2690,2690
1,202,79,650,650,650,650,650
1,202,80,2698,2698,2698,2698,2698
1,203,0,2688,2688,2688,2688,2688
1,203,1,648,648,648,648,648
1,203,2,2696,2696,2696,2696,2696
1,203,3,2688,2688,2688,2688,2688
1,203,4,648,648,648,648,648
1,203,5,2696,2696,2696,2696,2696
1,203,6,2688,2688,2688,2688,2688
1,203,7,648,648,648,648,648
1,203,8,2696,2696,2696,2696,2696
1,203,9,2178,2178,2178,2178,2178
1,203,10,138,138,138,138,138
1,203,11,2186,2186,2186,2186,2186
1,203,12,2178,2178,2178,2178,2178
1,203,13,138,138,138,138,138
1,203,14,2186,2186,2186,2186,2186
1,203,15,2178,2178,2178,2178,2178
1,203,16,138,138,138,138,138
1,203,17,2186,2186,2186,2186,2186
1,203,18,2690,2690,2690,2690,2690
1,203,19,650,650,650,650,650
1,203,20,2698,2698,2698,2698,2698
1,203,21,2690,2690,2690,2690,2690
1,203,22,650,650,650,650,650
1,203,23,2698,2698,2698,2698,2698
1,203,24,2690,2690,2690,2690,2690
1,203,25,650,650,650,650,650
1,203,26,2698,2698,2698,2698,2698
1,203,27,2688,2688,2688,2688,2688
1,203,28,648,648,648,648,648
1,203,29,2696,2696,2696,2696,2696
1,203,30,2688,2688,2688,2688,2688
1,203,31,648,648,648,648,648
1,203,32,2696,2696,2696,2696,2696
1,203,33,2688,2688,2688,2688,2688
1,203,34,648,648,648,648,648
1,203,35,2696,2696,2696,2696,2696
1,203,36,2178,2178,2178,2178,2178
1,203,37,138,138,138,138,138
1,203,38,2186,2186,2186,2186,2186
1,203,39,2178,2178,2178,2178,2178
1,203,40,138,138,138,138,138
1,203,41,2186,2186,2186,2186,2186
1,203,42,2178,2178,2178,2178,2178
1,203,43,138,138,138,138,138
1,203,44,2186,2186,2186,2186,2186
1,203,45,2690,2690,2690,2690,2690
1,203,46,650,650,650,650,650
1,203,47,2698,2698,2698,2698,2698
1,203,48,2690,2690,2690,2690,2690
1,203,49,650,650,650,650,650
1,203,50,2698,2698,2698,2698,2698
1,203,51,2690,2690,2690,2690,2690
1,203,52,650,650,650,650,650
1,203,53,2698,2698,2698,2698,2698
1,203,54,2688,2688,2688,2688,2688
1,203,55,648,648,648,648,648
1,203,56,2696,2696,2696,2696,2696
1,203,57,2688,2688,2688,2688,2688
1,203,58,648,648,648,648,648
1,203,59,2696,2696,2696,2696,2696
1,203,60,2688,2688,2688,2688,2688
1,203,61,648,648,648,648,648
1,203,62,2696,2696,2696,2696,2696
1,203,63,2178,2178,2178,2178,2178
1,203,64,138,138,138,138,138
1,203,65,2186,2186,2186,2186,2186
1,203,66,2178,2178,2178,2178,2178
1,203,67,138,138,138,138,138
1,203,68,2186,2186,2186,2186,2186
1,203,69,2178,2178,2178,2178,2178
1,203,70,138,138,138,138,138
1,203,71,2186,2186,2186,2186,2186
1,203,72,2690,2690,2690,2690,2690
1,203,73,650,650,650,650,650
1,203,74,2698,2698,2698,2698,2698
1,203,75,2690,2690,2690,2690,2690
1,203,76,650,650,650,650,650
1,203,77,2698,2698,2698,2698,2698
1,203,78,2690,2690,2690,2690,2690
1,203,79,650,650,650,650,650
1,203,80,2698,2698,2698,2698,2698
1,204,0,2176,2176,2176,2176,2176
1,204,1,136,136,136,136,136
1,204,2,2184,2184,2184,2184,2184
1,204,3,2176,2176,2176,2176,2176
1,204,4,136,136,136,136,136
1,204,5,2184,2184,2184,2184,2184
1,204,6,2176,2176,2176,2176,2176
1,204,7,136,136,136,136,136
1,204,8,2184,2184,2184,2184,2184
1,204,9,2176,2176,2176,2176,2176
1,204,10,136,136,136,136,136
1,204,11,2184,2184,2184,2184,2184
1,204,12,2176,2176,2176,2176,2176
1,204,13,136,136,136,136,136
1,204,14,2184,2184,2184,2184,2184
1,204,15,2176,2176,2176,2176,2176
1,204,16,136,136,136,136,136
1,204,17,2184,2184,2184,2184,2184
1,204,18,2176,2176,2176,2176,2176
1,204,19,136,136,136,136,136
1,204,20,2184,2184,2184,2184,2184
1,204,21,2176,2176,2176,2176,2176
1,204,22,136,136,136,136,136
1,204,23,2184,2184,2184,2184,2184
1,204,24,2176,2176,2176,2176,2176
1,204,25,136,136,136,136,136
1,204,26,2184,2184,2184,2184,2184
1,204,27,2176,2176,2176,2176,2176
1,204,28,136,136,136,136,136
1,204,29,2184,2184,2184,2184,2184
1,204,30,2176,2176,2176,2176,2176
1,204,31,136,136,136,136,136
1,204,32,2184,2184,2184,2184,2184
1,204,33,2176,2176,2176,2176,2176
1,204,34,136,136,136,136,136
1,204,35,2184,2184,2184,2184,2184
1,204,36,2176,2176,2176,2176,2176
1,204,37,136,136,136,136,136
1,204,38,2184,2184,2184,2184,2184
1,204,39,2176,2176,2176,2176,2176
1,204,40,136,136,136,136,136
1,204,41,2184,2184,2184,2184,2184
1,204,42,2176,2176,2176,2176,2176
1,204,43,136,136,136,136,136
1,204,44,2184,2184,2184,2184,2184
1,204,45,2176,2176,2176,2176,2176
1,204,46,136,136,136,136,136
1,204,47,2184,2184,2184,2184,2184
1,204,48,2176,2176,2176,2176,2176
1,204,49,136,136,136,136,136
1,204,50,2184,2184,2184,2184,2184
1,204,51,2176,2176,2176,2176,2176
1,204,52,136,136,136,136,136
1,204,53,2184,2184,2184,2184,2184
1,204,54,2176,2176,2176,2176,2176
1,204,55,136,136,136,136,136
1,204,56,2184,2184,2184,2184,2184
1,204,57,2176,2176,2176,2176,2176
1,204,58,136,136,136,136,136
1,204,59,2184,2184,2184,2184,2184
1,204,60,2176,2176,2176,2176,2176
1,204,61,136,136,136,136,136
1,204,62,2184,2184,2184,2184,2184
1,204,63,2176,2176,2176,2176,2176
1,204,64,136,136,136,136,136
1,204,65,2184,2184,2184,2184,2184
1,204,66,2176,2176,2176,2176,2176
1,204,67,136,136,136,136,136
1,204,68,2184,2184,2184,2184,2184
1,204,69,2176,2176,2176,2176,2176
1,204,70,136,136,136,136,136
1,204,71,2184,2184,2184,2184,2184
1,204,72,2176,2176,2176,2176,2176
1,204,73,136,136,136,136,136
1,204,74,2184,2184,2184,2184,2184
1,204,75,2176,2176,2176,2176,2176
1,204,76,136,136,136,136,136
1,204,77,2184,2184,2184,2184,2184
1,204,78,2176,2176,2176,2176,2176
1,204,79,136,136,136,136,136
1,204,80,2184,2184,2184,2184,2184
1,205,0,2688,2688,2688,2688,2688
1,205,1,648,648,648,648,648
1,205,2,2696,2696,2696,2696,2696
1,205,3,2688,2688,2688,2688,2688
1,205,4,648,648,648,648,648
1,205,5,2696,2696,2696,2696,2696
1,205,6,2688,2688,2688,2688,2688
1,205,7,648,648,648,648,648
1,205,8,2696,2696,2696,2696,2696
1,205,9,2178,2178,2178,2178,2178
1,205,10,138,138,138,138,138
1,205,11,2186,2186,2186,2186,2186
1,205,12,2178,2178,2178,2178,2178
1,205,13,138,138,138,138,138
1,205,14,2186,2186,2186,2186,2186
1,205,15,2178,2178,2178,2178,2178
1,205,16,138,138,138,138,138
1,205,17,2186,2186,2186,2186,2186
1,205,18,2690,2690,2690,2690,2690
1,205,19,650,650,650,650,650
1,205,20,2698,2698,2698,2698,2698
1,205,21,2690,2690,2690,2690,2690
1,205,22,650,650,650,650,650
1,205,23,2698,2698,2698,2698,2698
1,205,24,2690,2690,2690,2690,2690
1,205,25,650,650,650,650,650
1,205,26,2698,2698,2698,2698,2698
1,205,27,2688,2688,2688,2688,2688
1,205,28,648,648,648,648,648
1,205,29,2696,2696,2696,2696,2696
1,205,30,2688,2688,2688,2688,2688
1,205,31,648,648,648,648,648
1,205,32,2696,2696,2696,2696,2696
1,205,33,2688,2688,2688,2688,2688
1,205,34,648,648,648,648,648
1,205,35,2696,2696,2696,2696,2696
1,205,36,2178,2178,2178,2178,2178
1,205,37,138,138,138,138,138
1,205,38,2186,2186,2186,2186,2186
1,205,39,2178,2178,2178,2178,2178
1,205,40,138,138,138,138,138
1,205,41,2186,2186,2186,2186,2186
1,205,42,2178,2178,2178,2178,2178
1,205,43,138,138,138,138,138
1,205,44,2186,2186,2186,2186,2186
1,205,45,2690,2690,2690,2690,2690
1,205,46,650,650,650,650,650
1,205,47,2698,2698,2698,2698,2698
1,205,48,2690,2690,2690,2690,2690
1,205,49,650,650,650,650,650
1,205,50,2698,2698,2698,2698,2698
1,205,51,2690,2690,2690,2690,2690
1,205,52,650,650,650,650,650
1,205,53,2698,2698,2698,2698,2698
1,205,54,2688,2688,2688,2688,2688
1,205,55,648,648,648,648,648
1,205,56,2696,2696,2696,2696,2696
1,205,57,2688,2688,2688,2688,2688
1,205,58,648,648,648,648,648
1,205,59,2696,2696,2696,2696,2696
1,205,60,2688,2688,2688,2688,2688
1,205,61,648,648,648,648,648
1,205,62,2696,2696,2696,2696,2696
1,205,63,2178,2178,2178,2178,2178
1,205,64,138,138,138,138,138
1,205,65,2186,2186,2186,2186,2186
1,205,66,2178,2178,2178,2178,2178
1,205,67,138,138,138,138,138
1,205,68,2186,2186,2186,2186,2186
1,205,69,2178,2178,2178,2178,2178
1,205,70,138,138,138,138,138
1,205,71,2186,2186,2186,2186,2186
1,205,72,2690,2690,2690,2690,2690
1,205,73,650,650,650,650,650
1,205,74,2698,2698,2698,2698,2698
1,205,75,2690,2690,2690,2690,2690
1,205,76,650,650,650,650,650
1,205,77,2698,2698,2698,2698,2698
1,205,78,2690,2690,2690,2690,2690
1,205,79,650,650,650,650,650
1,205,80,2698,2698,2698,2698,2698
1,206,0,2688,2688,2688,2688,2688
1,206,1,648,648,648,648,648
1,206,2,2696,2696,2696,2696,2696
1,206,3,2688,2688,2688,2688,2688
1,206,4,648,648,648,648,648
1,206,5,2696,2696,2696,2696,2696
1,206,6,2688,2688,2688,2688,2688
1,206,7,648,648,648,648,648
1,206,8,2696,2696,2696,2696,2696
1,206,9,2178,2178,2178,2178,2178
1,206,10,138,138,138,138,138
1,206,11,2186,2186,2186,2186,2186
1,206,12,2178,2178,2178,2178,2178
1,206,13,138,138,138,138,138
1,206,14,2186,2186,2186,2186,2186
1,206,15,2178,2178,2178,2178,2178
1,206,16,138,138,138,138,138
1,206,17,2186,2186,2186,2186,2186
1,206,18,2690,2690,2690,2690,2690
1,206,19,650,650,650,650,650
1,206,20,2698,2698,2698,2698,2698
1,206,21,2690,2690,2690,2690,2690
1,206,22,650,650,650,650,650
1,206,23,2698,2698,2698,2698,2698
1,206,24,2690,2690,2690,2690,2690
1,206,25,650,650,650,650,650
1,206,26,2698,2698,2698,2698,2698
1,206,27,2688,2688,2688,2688,2688
1,206,28,648,648,648,648,648
1,206,29,2696,2696,2696,2696,2696
1,206,30,2688,2688,2688,2688,2688
1,206,31,648,648,648,648,648
1,206,32,2696,2696,2696,2696,2696
1,206,33,2688,2688,2688,2688,2688
1,206,34,648,648,648,648,648
1,206,35,2696,2696,2696,2696,2696
1,206,36,2178,2178,2178,2178,2178
1,206,37,138,138,138,138,138
1,206,38,2186,2186,2186,2186,2186
1,206,39,2178,2178,2178,2178,2178
1,206,40,138,138,138,138,138
1,206,41,2186,2186,2186,2186,2186
1,206,42,2178,2178,2178,2178,2178
1,206,43,138,138,138,138,138
1,206,44,2186,2186,2186,2186,2186
1,206,45,2690,2690,2690,2690,2690
1,206,46,650,650,650,650,650
1,206,47,2698,2698,2698,2698,2698
1,206,48,2690,2690,2690,2690,2690
1,206,49,650,650,650,650,650
1,206,50,2698,2698,2698,2698,2698
1,206,51,2690,2690,2690,2690,2690
1,206,52,650,650,650,650,650
1,206,53,2698,2698,2698,2698,2698
1,206,54,2688,2688,2688,2688,2688
1,206,55,648,648,648,648,648
1,206,56,2696,2696,2696,2696,2696
1,206,57,2688,2688,2688,2688,2688
1,206,58,648,648,648,648,648
1,206,59,2696,2696,2696,2696,2696
1,206,60,2688,2688,2688,2688,2688
1,206,61,648,648,648,648,648
1,206,62,2696,2696,2696,2696,2696
1,206,63,2178,2178,2178,2178,2178
1,206,64,138,138,138,138,138
1,206,65,2186,2186,2186,2186,2186
1,206,66,2178,2178,2178,2178,2178
1,206,67,138,138,138,138,138
1,206,68,2186,2186,2186,2186,2186
1,206,69,2178,2178,2178,2178,2178
1,206,70,138,138,138,138,138
1,206,71,2186,2186,2186,2186,2186
1,206,72,2690,2690,2690,2690,2690
1,206,73,650,650,650,650,650
1,206,74,2698,2698,2698,2698,2698
1,206,75,2690,2690,2690,2690,2690
1,206,76,650,650,650,650,650
1,206,77,2698,2698,2698,2698,2698
1,206,78,2690,2690,2690,2690,2690
1,206,79,650,650,650,650,650
1,206,80,2698,2698,2698,2698,2698
1,207,0,2688,2688,2688,2688,2688
1,207,1,648,648,648,648,648
1,207,2,2696,2696,2696,2696,2696
1,207,3,2688,2688,2688,2688,2688
1,207,4,648,648,648,648,648
1,207,5,2696,2696,2696,2696,2696
1,207,6,2688,2688,2688,2688,2688
1,207,7,648,648,648,648,648
1,207,8,2696,2696,2696,2696,2696
1,207,9,2178,2178,2178,2178,2178
1,207,10,138,138,138,138,138
1,207,11,2186,2186,2186,2186,2186
1,207,12,2178,2178,2178,2178,2178
1,207,13,138,138,138,138,138
1,207,14,2186,2186,2186,2186,2186
1,207,15,2178,2178,2178,2178,2178
1,207,16,138,138,138,138,138
1,207,17,2186,2186,2186,2186,2186
1,207,18,2690,2690,2690,2690,2690
1,207,19,650,650,650,650,650
1,207,20,2698,2698,2698,2698,2698
1,207,21,2690,2690,2690,2690,2690
1,207,22,650,650,650,650,650
1,207,23,2698,2698,2698,2698,2698
1,207,24,2690,2690,2690,2690,2690
1,207,25,650,650,650,650,650
1,207,26,2698,2698,2698,2698,2698
1,207,27,2688,2688,2688,2688,2688
1,207,28,648,648,648,648,648
1,207,29,2696,2696,2696,2696,2696
1,207,30,2688,2688,2688,2688,2688
1,207,31,648,648,648,648,648
1,207,32,2696,2696,2696,2696,2696
1,207,33,2688,2688,2688,2688,2688
1,207,34,648,648,648,648,648
1,207,35,2696,2696,2696,2696,2696
1,207,36,2178,2178,2178,2178,2178
1,207,37,138,138,138,138,138
1,207,38,2186,2186,2186,2186,2186
1,207,39,2178,2178,2178,2178,2178
1,207,40,138,138,138,138,138
1,207,41,2186,2186,2186,2186,2186
1,207,42,2178,2178,2178,2178,2178
1,207,43,138,138,138,138,138
1,207,44,2186,2186,2186,2186,2186
1,207,45,2690,2690,2690,2690,2690
1,207,46,650,650,650,650,650
1,207,47,2698,2698,2698,2698,2698
1,207,48,2690,2690,2690,2690,2690
1,207,49,650,650,650,650,650
1,207,50,2698,2698,2698,2698,2698
1,207,51,2690,2690,2690,2690,2690
1,207,52,650,650,650,650,650
1,207,53,2698,2698,2698,2698,2698
1,207,54,2688,2688,2688,2688,2688
1,207,55,648,648,648,648,648
1,207,56,2696,2696,2696,2696,2696
1,207,57,2688,2688,2688,2688,2688
1,207,58,648,648,648,648,648
1,207,59,2696,2696,2696,2696,2696
1,207,60,2688,2688,2688,2688,2688
1,207,61,648,648,648,648,648
1,207,62,2696,2696,2696,2696,2696
1,207,63,2178,2178,2178,2178,2178
1,207,64,138,138,138,138,138
1,207,65,2186,2186,2186,2186,2186
1,207,66,2178,2178,2178,2178,2178
1,207,67,138,138,138,138,138
1,207,68,2186,2186,2186,2186,2186
1,207,69,2178,2178,2178,2178,2178
1,207,70,138,138,138,138,138
1,207,71,2186,2186,2186,2186,2186
1,207,72,2690,2690,2690,2690,2690
1,207,73,650,650,650,650,650
1,207,74,2698,2698,2698,2698,2698
1,207,75,2690,2690,2690,2690,2690
1,207,76,650,650,650,650,650
1,207,77,2698,2698,2698,2698,2698
1,207,78,2690,2690,2690,2690,2690
1,207,79,650,650,650,650,650
1,207,80,2698,2698,2698,2698,2698
1,208,0,160,160,160,160,160
1,208,1,160,160,160,160,160
1,208,2,160,160,160,160,160
1,208,3,160,160,160,160,160
1,208,4,160,160,160,160,160
1,208,5,160,160,160,160,160
1,208,6,160,160,160,160,160
1,208,7,160,160,160,160,160
1,208,8,160,160,160,160,160
1,208,9,160,160,160,160,160
1,208,10,160,160,160,160,160
1,208,11,160,160,160,160,160
1,208,12,160,160,160,160,160
1,208,13,160,160,160,160,160
1,208,14,160,160,160,160,160
1,208,15,160,160,160,160,160
1,208,16,160,160,160,160,160
1,208,17,160,160,160,160,160
1,208,18,160,160,160,160,160
1,208,19,160,160,160,160,160
1,208,20,160,160,160,160,160
1,208,21,160,160,160,160,160
1,208,22,160,160,160,160,160
1,208,23,160,160,160,160,160
1,208,24,160,160,160,160,160
1,208,25,160,160,160,160,160
1,208,26,160,160,160,160,160
1,208,27,160,160,160,160,160
1,208,28,160,160,160,160,160
1,208,29,160,160,160,160,160
1,208,30,160,160,160,160,160
1,208,31,160,160,160,160,160
1,208,32,160,160,160,160,160
1,208,33,160,160,160,160,160
1,208,34,160,160,160,160,160
1,208,35,160,160,160,160,160
1,208,36,160,160,160,160,160
1,208,37,160,160,160,160,160
1,208,38,160,160,160,160,160
1,208,39,160,160,160,160,160
1,208,40,160,160,160,160,160
1,208,41,160,160,160,160,160
1,208,42,160,160,160,160,160
1,208,43,160,160,160,160,160
1,208,44,160,160,160,160,160
1,208,45,160,160,160,160,160
1,208,46,160,160,160,160,160
1,208,47,160,160,160,160,160
1,208,48,160,160,160,160,160
1,208,49,160,160,160,160,160
1,208,50,160,160,160,160,160
1,208,51,160,160,160,160,160
1,208,52,160,160,160,160,160
1,208,53,160,160,160,160,160
1,208,54,160,160,160,160,160
1,208,55,160,160,160,160,160
1,208,56,160,160,160,160,160
1,208,57,160,160,160,160,160
1,208,58,160,160,160,160,160
1,208,59,160,160,160,160,160
1,208,60,160,160,160,160,160
1,208,61,160,160,160,160,160
1,208,62,160,160,160,160,160
1,208,63,160,160,160,160,160
1,208,64,160,160,160,160,160
1,208,65,160,160,160,160,160
1,208,66,160,160,160,160,160
1,208,67,160,160,160,160,160
1,208,68,160,160,160,160,160
1,208,69,160,160,160,160,160
1,208,70,160,160,160,160,160
1,208,71,160,160,160,160,160
1,208,72,160,160,160,160,160
1,208,73,160,160,160,160,160
1,208,74,160,160,160,160,160
1,208,75,160,160,160,160,160
1,208,76,160,160,160,160,160
1,208,77,160,160,160,160,160
1,208,78,160,160,160,160,160
1,208,79,160,160,160,160,160
1,208,80,160,160,160,160,160
1,209,0,672,672,672,672,672
1,209,1,672,672,672,672,672
1,209,2,672,672,672,672,672
1,209,3,672,672,672,672,672
1,209,4,672,672,672,672,672
1,209,5,672,672,672,672,672
1,209,6,672,672,672,672,672
1,209,7,672,672,672,672,672
1,209,8,672,672,672,672,672
1,209,9,162,162,162,162,162
1,209,10,162,162,162,162,162
1,209,11,162,162,162,162,162
1,209,12,162,162,162,162,162
1,209,13,162,162,162,162,162
1,209,14,162,162,162,162,162
1,209,15,162,162,162,162,162
1,209,16,162,162,162,162,162
1,209,17,162,162,162,162,162
1,209,18,674,674,674,674,674
1,209,19,674,674,674,674,674
1,209,20,674,674,674,674,674
1,209,21,674,674,674,674,674
1,209,22,674,674,674,674,674
1,209,23,674,674,674,674,674
1,209,24,674,674,674,674,674
1,209,25,674,674,674,674,674
1,209,26,674,674,674,674,674
1,209,27,672,672,672,672,672
1,209,28,672,672,672,672,672
1,209,29,672,672,672,672,672
1,209,30,672,672,672,672,672
1,209,31,672,672,672,672,672
1,209,32,672,672,672,672,672
1,209,33,672,672,672,672,672
1,209,34,672,672,672,672,672
1,209,35,672,672,672,672,672
1,209,36,162,162,162,162,162
1,209,37,162,162,162,162,162
1,209,38,162,162,162,162,162
1,209,39,162,162,162,162,162
1,209,40,162,162,162,162,162
1,209,41,162,162,162,162,162
1,209,42,162,162,162,162,162
1,209,43,162,162,162,162,162
1,209,44,162,162,162,162,162
1,209,45,674,674,674,674,674
1,209,46,674,674,674,674,674
1,209,47,674,674,674,674,674
1,209,48,674,674,674,674,674
1,209,49,674,674,674,674,674
1,209,50,674,674,674,674,674
1,209,51,674,674,674,674,674
1,209,52,674,674,674,674,674
1,209,53,674,674,674,674,674
1,209,54,672,672,672,672,672
1,209,55,672,672,672,672,672
1,209,56,672,672,672,672,672
1,209,57,672,672,672,672,672
1,209,58,672,672,672,672,672
1,209,59,672,672,672,672,672
1,209,60,672,672,672,672,672
1,209,61,672,672,672,672,672
1,209,62,672,672,672,672,672
1,209,63,162,162,162,162,162
1,209,64,162,162,162,162,162
1,209,65,162,162,162,162,162
1,209,66,162,162,162,162,162
1,209,67,162,162,162,162,162
1,209,68,162,162,162,162,162
1,209,69,162,162,162,162,162
1,209,70,162,162,162,162,162
1,209,71,162,162,162,162,162
1,209,72,674,674,674,674,674
1,209,73,674,674,674,674,674
1,209,74,674,674,674,674,674
1,209,75,674,674,674,674,674
1,209,76,674,674,674,674,674
1,209,77,674,674,674,674,674
1,209,78,674,674,674,674,674
1,209,79,674,674,674,674,674
1,209,80,674,674,674,674,674
1,210,0,672,672,672,672,672
1,210,1,672,672,672,672,672
1,210,2,672,672,672,672,672
1,210,3,672,672,672,672,672
1,210,4,672,672,672,672,672
1,210,5,672,672,672,672,672
1,210,6,672,672,672,672,672
1,210,7,672,672,672,672,672
1,210,8,672,672,672,672,672
1,210,9,162,162,162,162,162
1,210,10,162,162,162,162,162
1,210,11,162,162,162,162,162
1,210,12,162,162,162,162,162
1,210,13,162,162,162,162,162
1,210,14,162,162,162,162,162
1,210,15,162,162,162,162,162
1,210,16,162,162,162,162,162
1,210,17,162,162,162,162,162
1,210,18,674,674,674,674,674
1,210,19,674,674,674,674,674
1,210,20,674,674,674,674,674
1,210,21,674,674,674,674,674
1,210,22,674,674,674,674,674
1,210,23,674,674,674,674,674
1,210,24,674,674,674,674,674
1,210,25,674,674,674,674,674
1,210,26,674,674,674,674,674
1,210,27,672,672,672,672,672
1,210,28,672,672,672,672,672
1,210,29,672,672,672,672,672
1,210,30,672,672,672,672,672
1,210,31,672,672,672,672,672
1,210,32,672,672,672,672,672
1,210,33,672,672,672,672,672
1,210,34,672,672,672,672,672
1,210,35,672,672,672,672,672
1,210,36,162,162,162,162,162
1,210,37,162,162,162,162,162
1,210,38,162,162,162,162,162
1,210,39,162,162,162,162,162
1,210,40,162,162,162,162,162
1,210,41,162,162,162,162,162
1,210,42,162,162,162,162,162
1,210,43,162,162,162,162,162
1,210,44,162,162,162,162,162
1,210,45,674,674,674,674,674
1,210,46,674,674,674,674,674
1,210,47,674,674,674,674,674
1,210,48,674,674,674,674,674
1,210,49,674,674,674,674,674
1,210,50,674,674,674,674,674
1,210,51,674,674,674,674,674
1,210,52,674,674,674,674,674
1,210,53,674,674,674,674,674
1,210,54,672,672,672,672,672
1,210,55,672,672,672,672,672
1,210,56,672,672,672,672,672
1,210,57,672,672,672,672,672
1,210,58,672,672,672,672,672
1,210,59,672,672,672,672,672
1,210,60,672,672,672,672,672
1,210,61,672,672,672,672,672
1,210,62,672,672,672,672,672
1,210,63,162,162,162,162,162
1,210,64,162,162,162,162,162
1,210,65,162,162,162,162,162
1,210,66,162,162,162,162,162
1,210,67,162,162,162,162,162
1,210,68,162,162,162,162,162
1,210,69,162,162,162,162,162
1,210,70,162,162,162,162,162
1,210,71,162,162,162,162,162
1,210,72,674,674,674,674,674
1,210,73,674,674,674,674,674
1,210,74,674,674,674,674,674
1,210,75,674,674,674,674,674
1,210,76,674,674,674,674,674
1,210,77,674,674,674,674,674
1,210,78,674,674,674,674,674
1,210,79,674,674,674,674,674
1,210,80,674,674,674,674,674
1,211,0,672,672,672,672,672
1,211,1,672,672,672,672,672
1,211,2,672,672,672,672,672
1,211,3,672,672,672,672,672
1,211,4,672,672,672,672,672
1,211,5,672,672,672,672,672
1,211,6,672,672,672,672,672
1,211,7,672,672,672,672,672
1,211,8,672,672,672,672,672
1,211,9,162,162,162,162,162
1,211,10,162,162,162,162,162
1,211,11,162,162,162,162,162
1,211,12,162,162,162,162,162
1,211,13,162,162,162,162,162
1,211,14,162,162,162,162,162
1,211,15,162,162,162,162,162
1,211,16,162,162,162,162,162
1,211,17,162,162,162,162,162
1,211,18,674,674,674,674,674
1,211,19,674,674,674,674,674
1,211,20,674,674,674,674,674
1,211,21,674,674,674,674,674
1,211,22,674,674,674,674,674
1,211,23,674,674,674,674,674
1,211,24,674,674,674,674,674
1,211,25,674,674,674,674,674
1,211,26,674,674,674,674,674
1,211,27,672,672,672,672,672
1,211,28,672,672,672,672,672
1,211,29,672,672,672,672,672
1,211,30,672,672,672,672,672
1,211,31,672,672,672,672,672
1,211,32,672,672,672,672,672
1,211,33,672,672,672,672,672
1,211,34,672,672,672,672,672
1,211,35,672,672,672,672,672
1,211,36,162,162,162,162,162
1,211,37,162,162,162,162,162
1,211,38,162,162,162,162,162
1,211,39,162,162,162,162,162
1,211,40,162,162,162,162,162
1,211,41,162,162,162,162,162
1,211,42,162,162,162,162,162
1,211,43,162,162,162,162,162
1,211,44,162,162,162,162,162
1,211,45,674,674,674,674,674
1,211,46,674,674,674,674,674
1,211,47,674,674,674,674,674
1,211,48,674,674,674,674,674
1,211,49,674,674,674,674,674
1,211,50,674,674,674,674,674
1,211,51,674,674,674,674,674
1,211,52,674,674,674,674,674
1,211,53,674,674,674,674,674
1,211,54,672,672,672,672,672
1,211,55,672,672,672,672,672
1,211,56,672,672,672,672,672
1,211,57,672,672,672,672,672
1,211,58,672,672,672,672,672
1,211,59,672,672,672,672,672
1,211,60,672,672,672,672,672
1,211,61,672,672,672,672,672
1,211,62,672,672,672,672,672
1,211,63,162,162,162,162,162
1,211,64,162,162,162,162,162
1,211,65,162,162,162,162,162
1,211,66,162,162,162,162,162
1,211,67,162,162,162,162,162
1,211,68,162,162,162,162,162
1,211,69,162,162,162,162,162
1,211,70,162,162,162,162,162
1,211,71,162,162,162,162,162
1,211,72,674,674,674,674,674
1,211,73,674,674,674,674,674
1,211,74,674,674,674,674,674
1,211,75,674,674,674,674,674
1,211,76,674,674,674,674,674
1,211,77,674,674,674,674,674
1,211,78,674,674,674,674,674
1,211,79,674,674,674,674,674
1,211,80,674,674,674,674,674
1,212,0,2208,2208,2208,2208,2208
1,212,1,168,168,168,168,168
1,212,2,2216,2216,2216,2216,2216
1,212,3,2208,2208,2208,2208,2208
1,212,4,168,168,168,168,168
1,212,5,2216,2216,2216,2216,2216
1,212,6,2208,2208,2208,2208,2208
1,212,7,168,168,168,168,168
1,212,8,2216,2216,2216,2216,2216
1,212,9,2208,2208,2208,2208,2208
1,212,10,168,168,168,168,168
1,212,11,2216,2216,2216,2216,2216
1,212,12,2208,2208,2208,2208,2208
1,212,13,168,168,168,168,168
1,212,14,2216,2216,2216,2216,2216
1,212,15,2208,2208,2208,2208,2208
1,212,16,168,168,168,168,168
1,212,17,2216,2216,2216,2216,2216
1,212,18,2208,2208,2208,2208,2208
1,212,19,168,168,168,168,168
1,212,20,2216,2216,2216,2216,2216
1,212,21,2208,2208,2208,2208,2208
1,212,22,168,168,168,168,168
1,212,23,2216,2216,2216,2216,2216
1,212,24,2208,2208,2208,2208,2208
1,212,25,168,168,168,168,168
1,212,26,2216,2216,2216,2216,2216
1,212,27,2208,2208,2208,2208,2208
1,212,28,168,168,168,168,168
1,212,29,2216,2216,2216,2216,2216
1,212,30,2208,2208,2208,2208,2208
1,212,31,168,168,168,168,168
1,212,32,2216,2216,2216,2216,2216
1,212,33,2208,2208,2208,2208,2208
1,212,34,168,168,168,168,168
1,212,35,2216,2216,2216,2216,2216
1,212,36,2208,2208,2208,2208,2208
1,212,37,168,168,168,168,168
1,212,38,2216,2216,2216,2216,2216
1,212,39,2208,2208,2208,2208,2208
1,212,40,168,168,168,168,168
1,212,41,2216,2216,2216,2216,2216
1,212,42,2208,2208,2208,2208,2208
1,212,43,168,168,168,168,168
1,212,44,2216,2216,2216,2216,2216
1,212,45,2208,2208,2208,2208,2208
1,212,46,168,168,168,168,168
1,212,47,2216,2216,2216,2216,2216
1,212,48,2208,2208,2208,2208,2208
1,212,49,168,168,168,168,168
1,212,50,2216,2216,2216,2216,2216
1,212,51,2208,2208,2208,2208,2208
1,212,52,168,168,168,168,168
1,212,53,2216,2216,2216,2216,2216
1,212,54,2208,2208,2208,2208,2208
1,212,55,168,168,168,168,168
1,212,56,2216,2216,2216,2216,2216
1,212,57,2208,2208,2208,2208,2208
1,212,58,168,168,168,168,168
1,212,59,2216,2216,2216,2216,2216
1,212,60,2208,2208,2208,2208,2208
1,212,61,168,168,168,168,168
1,212,62,2216,2216,2216,2216,2216
1,212,63,2208,2208,2208,2208,2208
1,212,64,168,168,168,168,168
1,212,65,2216,2216,2216,2216,2216
1,212,66,2208,2208,2208,2208,2208
1,212,67,168,168,168,168,168
1,212,68,2216,2216,2216,2216,2216
1,212,69,2208,2208,2208,2208,2208
1,212,70,168,168,168,168,168
1,212,71,2216,2216,2216,2216,2216
1,212,72,2208,2208,2208,2208,2208
1,212,73,168,168,168,168,168
1,212,74,2216,2216,2216,2216,2216
1,212,75,2208,2208,2208,2208,2208
1,212,76,168,168,168,168,168
1,212,77,2216,2216,2216,2216,2216
1,212,78,2208,2208,2208,2208,2208
1,212,79,168,168,168,168,168
1,212,80,2216,2216,2216,2216,2216
1,213,0,2720,2720,2720,2720,2720
1,213,1,680,680,680,680,680
1,213,2,2728,2728,2728,2728,2728
1,213,3,2720,2720,2720,2720,2720
1,213,4,680,680,680,680,680
1,213,5,2728,2728,2728,2728,2728
1,213,6,2720,2720,2720,2720,2720
1,213,7,680,680,680,680,680
1,213,8,2728,2728,2728,2728,2728
1,213,9,2210,2210,2210,2210,2210
1,213,10,170,170,170,170,170
1,213,11,2218,2218,2218,2218,2218
1,213,12,2210,2210,2210,2210,2210
1,213,13,170,170,170,170,170
1,213,14,2218,2218,2218,2218,2218
1,213,15,2210,2210,2210,2210,2210
1,213,16,170,170,170,170,170
1,213,17,2218,2218,2218,2218,2218
1,213,18,2722,2722,2722,2722,2722
1,213,19,682,682,682,682,682
1,213,20,2730,2730,2730,2730,2730
1,213,21,2722,2722,2722,2722,2722
1,213,22,682,682,682,682,682
1,213,23,2730,2730,2730,2730,2730
1,213,24,2722,2722,2722,2722,2722
1,213,25,682,682,682,682,682
1,213,26,2730,2730,2730,2730,2730
1,213,27,2720,2720,2720,2720,2720
1,213,28,680,680,680,680,680
1,213,29,2728,2728,2728,2728,2728
1,213,30,2720,2720,2720,2720,2720
1,213,31,680,680,680,680,680
1,213,32,2728,2728,2728,2728,2728
1,213,33,2720,2720,2720,2720,2720
1,213,34,680,680,680,680,680
1,213,35,2728,2728,2728,2728,2728
1,213,36,2210,2210,2210,2210,2210
1,213,37,170,170,170,170,170
1,213,38,2218,2218,2218,2218,2218
1,213,39,2210,2210,2210,2210,2210
1,213,40,170,170,170,170,170
1,213,41,2218,2218,2218,2218,2218
1,213,42,2210,2210,2210,2210,2210
1,213,43,170,170,170,170,170
1,213,44,2218,2218,2218,2218,2218
1,213,45,2722,2722,2722,2722,2722
1,213,46,682,682,682,682,682
1,213,47,2730,2730,2730,2730,2730
1,213,48,2722,2722,2722,2722,2722
1,213,49,682,682,682,682,682
1,213,50,2730,2730,2730,2730,2730
1,213,51,2722,2722,2722,2722,2722
1,213,52,682,682,682,682,682
1,213,53,2730,2730,2730,2730,2730
1,213,54,2720,2720,2720,2720,2720
1,213,55,680,680,680,680,680
1,213,56,2728,2728,2728,2728,2728
1,213,57,2720,2720,2720,2720,2720
1,213,58,680,680,680,680,680
1,213,59,2728,2728,2728,2728,2728
1,213,60,2720,2720,2720,2720,2720
1,213,61,680,680,680,680,680
1,213,62,2728,2728,2728,2728,2728
1,213,63,2210,2210,2210,2210,2210
1,213,64,170,170,170,170,170
1,213,65,2218,2218,2218,2218,2218
1,213,66,2210,2210,2210,2210,2210
1,213,67,170,170,170,170,170
1,213,68,2218,2218,2218,2218,2218
1,213,69,2210,2210,2210,2210,2210
1,213,70,170,170,170,170,170
1,213,71,2218,2218,2218,2218,2218
1,213,72,2722,2722,2722,2722,2722
1,213,73,682,682,682,682,682
1,213,74,2730,2730,2730,2730,2730
1,213,75,2722,2722,2722,2722,2722
1,213,76,682,682,682,682,682
1,213,77,2730,2730,2730,2730,2730
1,213,78,2722,2722,2722,2722,2722
1,213,79,682,682,682,682,682
1,213,80,2730,2730,2730,2730,2730
1,214,0,2720,2720,2720,2720,2720
1,214,1,680,680,680,680,680
1,214,2,2728,2728,2728,2728,2728
1,214,3,2720,2720,2720,2720,2720
1,214,4,680,680,680,680,680
1,214,5,2728,2728,2728,2728,2728
1,214,6,2720,2720,2720,2720,2720
1,214,7,680,680,680,680,680
1,214,8,2728,2728,2728,2728,2728
1,214,9,2210,2210,2210,2210,2210
1,214,10,170,170,170,170,170
1,214,11,2218,2218,2218,2218,2218
1,214,12,2210,2210,2210,2210,2210
1,214,13,170,170,170,170,170
1,214,14,2218,2218,2218,2218,2218
1,214,15,2210,2210,2210,2210,2210
1,214,16,170,170,170,170,170
1,214,17,2218,2218,2218,2218,2218
1,214,18,2722,2722,2722,2722,2722
1,214,19,682,682,682,682,682
1,214,20,2730,2730,2730,2730,2730
1,214,21,2722,2722,2722,2722,2722
1,214,22,682,682,682,682,682
1,214,23,2730,2730,2730,2730,2730
1,214,24,2722,2722,2722,2722,2722
1,214,25,682,682,682,682,682
1,214,26,2730,2730,2730,2730,2730
1,214,27,2720,2720,2720,2720,2720
1,214,28,680,680,680,680,680
1,214,29,2728,2728,2728,2728,2728
1,214,30,2720,2720,2720,2720,2720
1,214,31,680,680,680,680,680
1,214,32,2728,2728,2728,2728,2728
1,214,33,2720,2720,2720,2720,2720
1,214,34,680,680,680,680,680
1,214,35,2728,2728,2728,2728,2728
1,214,36,2210,2210,2210,2210,2210
1,214,37,170,170,170,170,170
1,214,38,2218,2218,2218,2218,2218
1,214,39,2210,2210,2210,2210,2210
1,214,40,170,170,170,170,170
1,214,41,2218,2218,2218,2218,2218
1,214,42,2210,2210,2210,2210,2210
1,214,43,170,170,170,170,170
1,214,44,2218,2218,2218,2218,2218
1,214,45,2722,2722,2722,2722,2722
1,214,46,682,682,682,682,682
1,214,47,2730,2730,2730,2730,2730
1,214,48,2722,2722,2722,2722,2722
1,214,49,682,682,682,682,682
1,214,50,2730,2730,2730,2730,2730
1,214,51,2722,2722,2722,2722,2722
1,214,52,682,682,682,682,682
1,214,53,2730,2730,2730,2730,2730
1,214,54,2720,2720,2720,2720,2720
1,214,55,680,680,680,680,680
1,214,56,2728,2728,2728,2728,2728
1,214,57,2720,2720,2720,2720,2720
1,214,58,680,680,680,680,680
1,214,59,2728,2728,2728,2728,2728
1,214,60,2720,2720,2720,2720,2720
1,214,61,680,680,680,680,680
1,214,62,2728,2728,2728,2728,2728
1,214,63,2210,2210,2210,2210,2210
1,214,64,170,170,170,170,170
1,214,65,2218,2218,2218,2218,2218
1,214,66,2210,2210,2210,2210,2210
1,214,67,170,170,170,170,170
1,214,68,2218,2218,2218,2218,2218
1,214,69,2210,2210,2210,2210,2210
1,214,70,170,170,170,170,170
1,214,71,2218,2218,2218,2218,2218
1,214,72,2722,2722,2722,2722,2722
1,214,73,682,682,682,682,682
1,214,74,2730,2730,2730,2730,2730
1,214,75,2722,2722,2722,2722,2722
1,214,76,682,682,682,682,682
1,214,77,2730,2730,2730,2730,2730
1,214,78,2722,2722,2722,2722,2722
1,214,79,682,682,682,682,682
1,214,80,2730,2730,2730,2730,2730
1,215,0,2720,2720,2720,2720,2720
1,215,1,680,680,680,680,680
1,215,2,2728,2728,2728,2728,2728
1,215,3,2720,2720,2720,2720,2720
1,215,4,680,680,680,680,680
1,215,5,2728,2728,2728,2728,2728
1,215,6,2720,2720,2720,2720,2720
1,215,7,680,680,680,680,680
1,215,8,2728,2728,2728,2728,2728
1,215,9,2210,2210,2210,2210,2210
1,215,10,170,170,170,170,170
1,215,11,2218,2218,2218,2218,2218
1,215,12,2210,2210,2210,2210,2210
1,215,13,170,170,170,170,170
1,215,14,2218,2218,2218,2218,2218
1,215,15,2210,2210,2210,2210,2210
1,215,16,170,170,170,170,170
1,215,17,2218,2218,2218,2218,2218
1,215,18,2722,2722,2722,2722,2722
1,215,19,682,682,682,682,682
1,215,20,2730,2730,2730,2730,2730
1,215,21,2722,2722,2722,2722,2722
1,215,22,682,682,682,682,682
1,215,23,2730,2730,2730,2730,2730
1,215,24,2722,2722,2722,2722,2722
1,215,25,682,682,682,682,682
1,215,26,2730,2730,2730,2730,2730
1,215,27,2720,2720,2720,2720,2720
1,215,28,680,680,680,680,680
1,215,29,2728,2728,2728,2728,2728
1,215,30,2720,2720,2720,2720,2720
1,215,31,680,680,680,680,680
1,215,32,2728,2728,2728,2728,2728
1,215,33,2720,2720,2720,2720,2720
1,215,34,680,680,680,680,680
1,215,35,2728,2728,2728,2728,2728
1,215,36,2210,2210,2210,2210,2210
1,215,37,170,170,170,170,170
1,215,38,2218,2218,2218,2218,2218
1,215,39,2210,2210,2210,2210,2210
1,215,40,170,170,170,170,170
1,215,41,2218,2218,2218,2218,2218
1,215,42,2210,2210,2210,2210,2210
1,215,43,170,170,170,170,170
1,215,44,2218,2218,2218,2218,2218
1,215,45,2722,2722,2722,2722,2722
1,215,46,682,682,682,682,682
1,215,47,2730,2730,2730,2730,2730
1,215,48,2722,2722,2722,2722,2722
1,215,49,682,682,682,682,682
1,215,50,2730,2730,2730,2730,2730
1,215,51,2722,2722,2722,2722,2722
1,215,52,682,682,682,682,682
1,215,53,2730,2730,2730,2730,2730
1,215,54,2720,2720,2720,2720,2720
1,215,55,680,680,680,680,680
1,215,56,2728,2728,2728,2728,2728
1,215,57,2720,2720,2720,2720,2720
1,215,58,680,680,680,680,680
1,215,59,2728,2728,2728,2728,2728
1,215,60,2720,2720,2720,2720,2720
1,215,61,680,680,680,680,680
1,215,62,2728,2728,2728,2728,2728
1,215,63,2210,2210,2210,2210,2210
1,215,64,170,170,170,170,170
1,215,65,2218,2218,2218,2218,2218
1,215,66,2210,2210,2210,2210,2210
1,215,67,170,170,170,170,170
1,215,68,2218,2218,2218,2218,2218
1,215,69,2210,2210,2210,2210,2210
1,215,70,170,170,170,170,170
1,215,71,2218,2218,2218,2218,2218
1,215,72,2722,2722,2722,2722,2722
1,215,73,682,682,682,682,682
1,215,74,2730,2730,2730,2730,2730
1,215,75,2722,2722,2722,2722,2722
1,215,76,682,682,682,682,682
1,215,77,2730,2730,2730,2730,2730
1,215,78,2722,2722,2722,2722,2722
1,215,79,682,682,682,682,682
1,215,80,2730,2730,2730,2730,2730
1,216,0,2208,2208,2208,2208,2208
1,216,1,168,168,168,168,168
1,216,2,2216,2216,2216,2216,2216
1,216,3,2208,2208,2208,2208,2208
1,216,4,168,168,168,168,168
1,216,5,2216,2216,2216,2216,2216
1,216,6,2208,2208,2208,2208,2208
1,216,7,168,168,168,168,168
1,216,8,2216,2216,2216,2216,2216
1,216,9,2208,2208,2208,2208,2208
1,216,10,168,168,168,168,168
1,216,11,2216,2216,2216,2216,2216
1,216,12,2208,2208,2208,2208,2208
1,216,13,168,168,168,168,168
1,216,14,2216,2216,2216,2216,2216
1,216,15,2208,2208,2208,2208,2208
1,216,16,168,168,168,168,168
1,216,17,2216,2216,2216,2216,2216
1,216,18,2208,2208,2208,2208,2208
1,216,19,168,168,168,168,168
1,216,20,2216,2216,2216,2216,2216
1,216,21,2208,2208,2208,2208,2208
1,216,22,168,168,168,168,168
1,216,23,2216,2216,2216,2216,2216
1,216,24,2208,2208,2208,2208,2208
1,216,25,168,168,168,168,168
1,216,26,2216,2216,2216,2216,2216
1,216,27,2208,2208,2208,2208,2208
1,216,28,168,168,168,168,168
1,216,29,2216,2216,2216,2216,2216
1,216,30,2208,2208,2208,2208,2208
1,216,31,168,168,168,168,168
1,216,32,2216,2216,2216,2216,2216
1,216,33,2208,2208,2208,2208,2208
1,216,34,168,168,168,168,168
1,216,35,2216,2216,2216,2216,2216
1,216,36,2208,2208,2208,2208,2208
1,216,37,168,168,168,168,168
1,216,38,2216,2216,2216,2216,2216
1,216,39,2208,2208,2208,2208,2208
1,216,40,168,168,168,168,168
1,216,41,2216,2216,2216,2216,2216
1,216,42,2208,2208,2208,2208,2208
1,216,43,168,168,168,168,168
1,216,44,2216,2216,2216,2216,2216
1,216,45,2208,2208,2208,2208,2208
1,216,46,168,168,168,168,168
1,216,47,2216,2216,2216,2216,2216
1,216,48,2208,2208,2208,2208,2208
1,216,49,168,168,168,168,168
1,216,50,2216,2216,2216,2216,2216
1,216,51,2208,2208,2208,2208,2208
1,216,52,168,168,168,168,168
1,216,53,2216,2216,2216,2216,2216
1,216,54,2208,2208,2208,2208,2208
1,216,55,168,168,168,168,168
1,216,56,2216,2216,2216,2216,2216
1,216,57,2208,2208,2208,2208,2208
1,216,58,168,168,168,168,168
1,216,59,2216,2216,2216,2216,2216
1,216,60,2208,2208,2208,2208,2208
1,216,61,168,168,168,168,168
1,216,62,2216,2216,2216,2216,2216
1,216,63,2208,2208,2208,2208,2208
1,216,64,168,168,168,168,168
1,216,65,2216,2216,2216,2216,2216
1,216,66,2208,2208,2208,2208,2208
1,216,67,168,168,168,168,168
1,216,68,2216,2216,2216,2216,2216
1,216,69,2208,2208,2208,2208,2208
1,216,70,168,168,168,168,168
1,216,71,2216,2216,2216,2216,2216
1,216,72,2208,2208,2208,2208,2208
1,216,73,168,168,168,168,168
1,216,74,2216,2216,2216,2216,2216
1,216,75,2208,2208,2208,2208,2208
1,216,76,168,168,168,168,168
1,216,77,2216,2216,2216,2216,2216
1,216,78,2208,2208,2208,2208,2208
1,216,79,168,168,168,168,168
1,216,80,2216,2216,2216,2216,2216
1,217,0,2720,2720,2720,2720,2720
1,217,1,680,680,680,680,680
1,217,2,2728,2728,2728,2728,2728
1,217,3,2720,2720,2720,2720,2720
1,217,4,680,680,680,680,680
1,217,5,2728,2728,2728,2728,2728
1,217,6,2720,2720,2720,2720,2720
1,217,7,680,680,680,680,680
1,217,8,2728,2728,2728,2728,2728
1,217,9,2210,2210,2210,2210,2210
1,217,10,170,170,170,170,170
1,217,11,2218,2218,2218,2218,2218
1,217,12,2210,2210,2210,2210,2210
1,217,13,170,170,170,170,170
1,217,14,2218,2218,2218,2218,2218
1,217,15,2210,2210,2210,2210,2210
1,217,16,170,170,170,170,170
1,217,17,2218,2218,2218,2218,2218
1,217,18,2722,2722,2722,2722,2722
1,217,19,682,682,682,682,682
1,217,20,2730,2730,2730,2730,2730
1,217,21,2722,2722,2722,2722,2722
1,217,22,682,682,682,682,682
1,217,23,2730,2730,2730,2730,2730
1,217,24,2722,2722,2722,2722,2722
1,217,25,682,682,682,682,682
1,217,26,2730,2730,2730,2730,2730
1,217,27,2720,2720,2720,2720,2720
1,217,28,680,680,680,680,680
1,217,29,2728,2728,2728,2728,2728
1,217,30,2720,2720,2720,2720,2720
1,217,31,680,680,680,680,680
1,217,32,2728,2728,2728,2728,2728
1,217,33,2720,2720,2720,2720,2720
1,217,34,680,680,680,680,680
1,217,35,2728,2728,2728,2728,2728
1,217,36,2210,2210,2210,2210,2210
1,217,37,170,170,170,170,170
1,217,38,2218,2218,2218,2218,2218
1,217,39,2210,2210,2210,2210,2210
1,217,40,170,170,170,170,170
1,217,41,2218,2218,2218,2218,2218
1,217,42,2210,2210,2210,2210,2210
1,217,43,170,170,170,170,170
1,217,44,2218,2218,2218,2218,2218
1,217,45,2722,2722,2722,2722,2722
1,217,46,682,682,682,682,682
1,217,47,2730,2730,2730,2730,2730
1,217,48,2722,2722,2722,2722,2722
1,217,49,682,682,682,682,682
1,217,50,2730,2730,2730,2730,2730
1,217,51,2722,2722,2722,2722,2722
1,217,52,682,682,682,682,682
1,217,53,2730,2730,2730,2730,2730
1,217,54,2720,2720,2720,2720,2720
1,217,55,680,680,680,680,680
1,217,56,2728,2728,2728,2728,2728
1,217,57,2720,2720,2720,2720,2720
1,217,58,680,680,680,680,680
1,217,59,2728,2728,2728,2728,2728
1,217,60,2720,2720,2720,2720,2720
1,217,61,680,680,680,680,680
1,217,62,2728,2728,2728,2728,2728
1,217,63,2210,2210,2210,2210,2210
1,217,64,170,170,170,170,170
1,217,65,2218,2218,2218,2218,2218
1,217,66,2210,2210,2210,2210,2210
1,217,67,170,170,170,170,170
1,217,68,2218,2218,2218,2218,2218
1,217,69,2210,2210,2210,2210,2210
1,217,70,170,170,170,170,170
1,217,71,2218,2218,2218,2218,2218
1,217,72,2722,2722,2722,2722,2722
1,217,73,682,682,682,682,682
1,217,74,2730,2730,2730,2730,2730
1,217,75,2722,2722,2722,2722,2722
1,217,76,682,682,682,682,682
1,217,77,2730,2730,2730,2730,2730
1,217,78,2722,2722,2722,2722,2722
1,217,79,682,682,682,682,682
1,217,80,2730,2730,2730,2730,2730
1,218,0,2720,2720,2720,2720,2720
1,218,1,680,680,680,680,680
1,218,2,2728,2728,2728,2728,2728
1,218,3,2720,2720,2720,2720,2720
1,218,4,680,680,680,680,680
1,218,5,2728,2728,2728,2728,2728
1,218,6,2720,2720,2720,2720,2720
1,218,7,680,680,680,680,680
1,218,8,2728,2728,2728,2728,2728
1,218,9,2210,2210,2210,2210,2210
1,218,10,170,170,170,170,170
1,218,11,2218,2218,2218,2218,2218
1,218,12,2210,2210,2210,2210,2210
1,218,13,170,170,170,170,170
1,218,14,2218,2218,2218,2218,2218
1,218,15,2210,2210,2210,2210,2210
1,218,16,170,170,170,170,170
1,218,17,2218,2218,2218,2218,2218
1,218,18,2722,2722,2722,2722,2722
1,218,19,682,682,682,682,682
1,218,20,2730,2730,2730,2730,2730
1,218,21,2722,2722,2722,2722,2722
1,218,22,682,682,682,682,682
1,218,23,2730,2730,2730,2730,2730
1,218,24,2722,2722,2722,2722,2722
1,218,25,682,682,682,682,682
1,218,26,2730,2730,2730,2730,2730
1,218,27,2720,2720,2720,2720,2720
1,218,28,680,680,680,680,680
1,218,29,2728,2728,2728,2728,2728
1,218,30,2720,2720,2720,2720,2720
1,218,31,680,680,680,680,680
1,218,32,2728,2728,2728,2728,2728
1,218,33,2720,2720,2720,2720,2720
1,218,34,680,680,680,680,680
1,218,35,2728,2728,2728,2728,2728
1,218,36,2210,2210,2210,2210,2210
1,218,37,170,170,170,170,170
1,218,38,2218,2218,2218,2218,2218
1,218,39,2210,2210,2210,2210,2210
1,218,40,170,170,170,170,170
1,218,41,2218,2218,2218,2218,2218
1,218,42,2210,2210,2210,2210,2210
1,218,43,170,170,170,170,170
1,218,44,2218,2218,2218,2218,2218
1,218,45,2722,2722,2722,2722,2722
1,218,46,682,682,682,682,682
1,218,47,2730,2730,2730,2730,2730
1,218,48,2722,2722,2722,2722,2722
1,218,49,682,682,682,682,682
1,218,50,2730,2730,2730,2730,2730
1,218,51,2722,2722,2722,2722,2722
1,218,52,682,682,682,682,682
1,218,53,2730,2730,2730,2730,2730
1,218,54,2720,2720,2720,2720,2720
1,218,55,680,680,680,680,680
1,218,56,2728,2728,2728,2728,2728
1,218,57,2720,2720,2720,2720,2720
1,218,58,680,680,680,680,680
1,218,59,2728,2728,2728,2728,2728
1,218,60,2720,2720,2720,2720,2720
1,218,61,680,680,680,680,680
1,218,62,2728,2728,2728,2728,2728
1,218,63,2210,2210,2210,2210,2210
1,218,64,170,170,170,170,170
1,218,65,2218,2218,2218,2218,2218
1,218,66,2210,2210,2210,2210,2210
1,218,67,170,170,170,170,170
1,218,68,2218,2218,2218,2218,2218
1,218,69,2210,2210,2210,2210,2210
1,218,70,170,170,170,170,170
1,218,71,2218,2218,2218,2218,2218
1,218,72,2722,2722,2722,2722,2722
1,218,73,682,682,682,682,682
1,218,74,2730,2730,2730,2730,2730
1,218,75,2722,2722,2722,2722,2722
1,218,76,682,682,682,682,682
1,218,77,2730,2730,2730,2730,2730
1,218,78,2722,2722,2722,2722,2722
1,218,79,682,682,682,682,682
1,218,80,2730,2730,2730,2730,2730
1,219,0,2720,2720,2720,2720,2720
1,219,1,680,680,680,680,680
1,219,2,2728,2728,2728,2728,2728
1,219,3,2720,2720,2720,2720,2720
1,219,4,680,680,680,680,680
1,219,5,2728,2728,2728,2728,2728
1,219,6,2720,2720,2720,2720,2720
1,219,7,680,680,680,680,680
1,219,8,2728,2728,2728,2728,2728
1,219,9,2210,2210,2210,2210,2210
1,219,10,170,170,170,170,170
1,219,11,2218,2218,2218,2218,2218
1,219,12,2210,2210,2210,2210,2210
1,219,13,170,170,170,170,170
1,219,14,2218,2218,2218,2218,2218
1,219,15,2210,2210,2210,2210,2210
1,219,16,170,170,170,170,170
1,219,17,2218,2218,2218,2218,2218
1,219,18,2722,2722,2722,2722,2722
1,219,19,682,682,682,682,682
1,219,20,2730,2730,2730,2730,2730
1,219,21,2722,2722,2722,2722,2722
1,219,22,682,682,682,682,682
1,219,23,2730,2730,2730,2730,2730
1,219,24,2722,2722,2722,2722,2722
1,219,25,682,682,682,682,682
1,219,26,2730,2730,2730,2730,2730
1,219,27,2720,2720,2720,2720,2720
1,219,28,680,680,680,680,680
1,219,29,2728,2728,2728,2728,2728
1,219,30,2720,2720,2720,2720,2720
1,219,31,680,680,680,680,680
1,219,32,2728,2728,2728,2728,2728
1,219,33,2720,2720,2720,2720,2720
1,219,34,680,680,680,680,680
1,219,35,2728,2728,2728,2728,2728
1,219,36,2210,2210,2210,2210,2210
1,219,37,170,170,170,170,170
1,219,38,2218,2218,2218,2218,2218
1,219,39,2210,2210,2210,2210,2210
1,219,40,170,170,170,170,170
1,219,41,2218,2218,2218,2218,2218
1,219,42,2210,2210,2210,2210,2210
1,219,43,170,170,170,170,170
1,219,44,2218,2218,2218,2218,2218
1,219,45,2722,2722,2722,2722,2722
1,219,46,682,682,682,682,682
1,219,47,2730,2730,2730,2730,2730
1,219,48,2722,2722,2722,2722,2722
1,219,49,682,682,682,682,682
1,219,50,2730,2730,2730,2730,2730
1,219,51,2722,2722,2722,2722,2722
1,219,52,682,682,682,682,682
1,219,53,2730,2730,2730,2730,2730
1,219,54,2720,2720,2720,2720,2720
1,219,55,680,680,680,680,680
1,219,56,2728,2728,2728,2728,2728
1,219,57,2720,2720,2720,2720,2720
1,219,58,680,680,680,680,680
1,219,59,2728,2728,2728,2728,2728
1,219,60,2720,2720,2720,2720,2720
1,219,61,680,680,680,680,680
1,219,62,2728,2728,2728,2728,2728
1,219,63,2210,2210,2210,2210,2210
1,219,64,170,170,170,170,170
1,219,65,2218,2218,2218,2218,2218
1,219,66,2210,2210,2210,2210,2210
1,219,67,170,170,170,170,170
1,219,68,2218,2218,2218,2218,2218
1,219,69,2210,2210,2210,2210,2210
1,219,70,170,170,170,170,170
1,219,71,2218,2218,2218,2218,2218
1,219,72,2722,2722,2722,2722,2722
1,219,73,682,682,682,682,682
1,219,74,2730,2730,2730,2730,2730
1,219,75,2722,2722,2722,2722,2722
1,219,76,682,682,682,682,682
1,219,77,2730,2730,2730,2730,2730
1,219,78,2722,2722,2722,2722,2722
1,219,79,682,682,682,682,682
1,219,80,2730,2730,2730,2730,2730
1,220,0,2208,2208,2208,2208,2208
1,220,1,168,168,168,168,168
1,220,2,2216,2216,2216,2216,2216
1,220,3,2208,2208,2208,2208,2208
1,220,4,168,168,168,168,168
1,220,5,2216,2216,2216,2216,2216
1,220,6,2208,2208,2208,2208,2208
1,220,7,168,168,168,168,168
1,220,8,2216,2216,2216,2216,2216
1,220,9,2208,2208,2208,2208,2208
1,220,10,168,168,168,168,168
1,220,11,2216,2216,2216,2216,2216
1,220,12,2208,2208,2208,2208,2208
1,220,13,168,168,168,168,168
1,220,14,2216,2216,2216,2216,2216
1,220,15,2208,2208,2208,2208,2208
1,220,16,168,168,168,168,168
1,220,17,2216,2216,2216,2216,2216
1,220,18,2208,2208,2208,2208,2208
1,220,19,168,168,168,168,168
1,220,20,2216,2216,2216,2216,2216
1,220,21,2208,2208,2208,2208,2208
1,220,22,168,168,168,168,168
1,220,23,2216,2216,2216,2216,2216
1,220,24,2208,2208,2208,2208,2208
1,220,25,168,168,168,168,168
1,220,26,2216,2216,2216,2216,2216
1,220,27,2208,2208,2208,2208,2208
1,220,28,168,168,168,168,168
1,220,29,2216,2216,2216,2216,2216
1,220,30,2208,2208,2208,2208,2208
1,220,31,168,168,168,168,168
1,220,32,2216,2216,2216,2216,2216
1,220,33,2208,2208,2208,2208,2208
1,220,34,168,168,168,168,168
1,220,35,2216,2216,2216,2216,2216
1,220,36,2208,2208,2208,2208,2208
1,220,37,168,168,168,168,168
1,220,38,2216,2216,2216,2216,2216
1,220,39,2208,2208,2208,2208,2208
1,220,40,168,168,168,168,168
1,220,41,2216,2216,2216,2216,2216
1,220,42,2208,2208,2208,2208,2208
1,220,43,168,168,168,168,168
1,220,44,2216,2216,2216,2216,2216
1,220,45,2208,2208,2208,2208,2208
1,220,46,168,168,168,168,168
1,220,47,2216,2216,2216,2216,2216
1,220,48,2208,2208,2208,2208,2208
1,220,49,168,168,168,168,168
1,220,50,2216,2216,2216,2216,2216
1,220,51,2208,2208,2208,2208,2208
1,220,52,168,168,168,168,168
1,220,53,2216,2216,2216,2216,2216
1,220,54,2208,2208,2208,2208,2208
1,220,55,168,168,168,168,168
1,220,56,2216,2216,2216,2216,2216
1,220,57,2208,2208,2208,2208,2208
1,220,58,168,168,168,168,168
1,220,59,2216,2216,2216,2216,2216
1,220,60,2208,2208,2208,2208,2208
1,220,61,168,168,168,168,168
1,220,62,2216,2216,2216,2216,2216
1,220,63,2208,2208,2208,2208,2208
1,220,64,168,168,168,168,168
1,220,65,2216,2216,2216,2216,2216
1,220,66,2208,2208,2208,2208,2208
1,220,67,168,168,168,168,168
1,220,68,2216,2216,2216,2216,2216
1,220,69,2208,2208,2208,2208,2208
1,220,70,168,168,168,168,168
1,220,71,2216,2216,2216,2216,2216
1,220,72,2208,2208,2208,2208,2208
1,220,73,168,168,168,168,168
1,220,74,2216,2216,2216,2216,2216
1,220,75,2208,2208,2208,2208,2208
1,220,76,168,168,168,168,168
1,220,77,2216,2216,2216,2216,2216
1,220,78,2208,2208,2208,2208,2208
1,220,79,168,168,168,168,168
1,220,80,2216,2216,2216,2216,2216
1,221,0,2720,2720,2720,2720,2720
1,221,1,680,680,680,680,680
1,221,2,2728,2728,2728,2728,2728
1,221,3,2720,2720,2720,2720,2720
1,221,4,680,680,680,680,680
1,221,5,2728,2728,2728,2728,2728
1,221,6,2720,2720,2720,2720,2720
1,221,7,680,680,680,680,680
1,221,8,2728,2728,2728,2728,2728
1,221,9,2210,2210,2210,2210,2210
1,221,10,170,170,170,170,170
1,221,11,2218,2218,2218,2218,2218
1,221,12,2210,2210,2210,2210,2210
1,221,13,170,170,170,170,170
1,221,14,2218,2218,2218,2218,2218
1,221,15,2210,2210,2210,2210,2210
1,221,16,170,170,170,170,170
1,221,17,2218,2218,2218,2218,2218
1,221,18,2722,2722,2722,2722,2722
1,221,19,682,682,682,682,682
1,221,20,2730,2730,2730,2730,2730
1,221,21,2722,2722,2722,2722,2722
1,221,22,682,682,682,682,682
1,221,23,2730,2730,2730,2730,2730
1,221,24,2722,2722,2722,2722,2722
1,221,25,682,682,682,682,682
1,221,26,2730,2730,2730,2730,2730
1,221,27,2720,2720,2720,2720,2720
1,221,28,680,680,680,680,680
1,221,29,2728,2728,2728,2728,2728
1,221,30,2720,2720,2720,2720,2720
1,221,31,680,680,680,680,680
1,221,32,2728,2728,2728,2728,2728
1,221,33,2720,2720,2720,2720,2720
1,221,34,680,680,680,680,680
1,221,35,2728,2728,2728,2728,2728
1,221,36,2210,2210,2210,2210,2210
1,221,37,170,170,170,170,170
1,221,38,2218,2218,2218,2218,2218
1,221,39,2210,2210,2210,2210,2210
1,221,40,170,170,170,170,170
1,221,41,2218,2218,2218,2218,2218
1,221,42,2210,2210,2210,2210,2210
1,221,43,170,170,170,170,170
1,221,44,2218,2218,2218,2218,2218
1,221,45,2722,2722,2722,2722,2722
1,221,46,682,682,682,682,682
1,221,47,2730,2730,2730,2730,2730
1,221,48,2722,2722,2722,2722,2722
1,221,49,682,682,682,682,682
1,221,50,2730,2730,2730,2730,2730
1,221,51,2722,2722,2722,2722,2722
1,221,52,682,682,682,682,682
1,221,53,2730,2730,2730,2730,2730
1,221,54,2720,2720,2720,2720,2720
1,221,55,680,680,680,680,680
1,221,56,2728,2728,2728,2728,2728
1,221,57,2720,2720,2720,2720,2720
1,221,58,680,680,680,680,680
1,221,59,2728,2728,2728,2728,2728
1,221,60,2720,2720,2720,2720,2720
1,221,61,680,680,680,680,680
1,221,62,2728,2728,2728,2728,2728
1,221,63,2210,2210,2210,2210,2210
1,221,64,170,170,170,170,170
1,221,65,2218,2218,2218,2218,2218
1,221,66,2210,2210,2210,2210,2210
1,221,67,170,170,170,170,170
1,221,68,2218,2218,2218,2218,2218
1,221,69,2210,2210,2210,2210,2210
1,221,70,170,170,170,170,170
1,221,71,2218,2218,2218,2218,2218
1,221,72,2722,2722,2722,2722,2722
1,221,73,682,682,682,682,682
1,221,74,2730,2730,2730,2730,2730
1,221,75,2722,2722,2722,2722,2722
1,221,76,682,682,682,682,682
1,221,77,2730,2730,2730,2730,2730
1,221,78,2722,2722,2722,2722,2722
1,221,79,682,682,682,682,682
1,221,80,2730,2730,2730,2730,2730
1,222,0,2720,2720,2720,2720,2720
1,222,1,680,680,680,680,680
1,222,2,2728,2728,2728,2728,2728
1,222,3,2720,2720,2720,2720,2720
1,222,4,680,680,680,680,680
1,222,5,2728,2728,2728,2728,2728
1,222,6,2720,2720,2720,2720,2720
1,222,7,680,680,680,680,680
1,222,8,2728,2728,2728,2728,2728
1,222,9,2210,2210,2210,2210,2210
1,222,10,170,170,170,170,170
1,222,11,2218,2218,2218,2218,2218
1,222,12,2210,2210,2210,2210,2210
1,222,13,170,170,170,170,170
1,222,14,2218,2218,2218,2218,2218
1,222,15,2210,2210,2210,2210,2210
1,222,16,170,170,170,170,170
1,222,17,2218,2218,2218,2218,2218
1,222,18,2722,2722,2722,2722,2722
1,222,19,682,682,682,682,682
1,222,20,2730,2730,2730,2730,2730
1,222,21,2722,2722,2722,2722,2722
1,222,22,682,682,682,682,682
1,222,23,2730,2730,2730,2730,2730
1,222,24,2722,2722,2722,2722,2722
1,222,25,682,682,682,682,682
1,222,26,2730,2730,2730,2730,2730
1,222,27,2720,2720,2720,2720,2720
1,222,28,680,680,680,680,680
1,222,29,2728,2728,2728,2728,2728
1,222,30,2720,2720,2720,2720,2720
1,222,31,680,680,680,680,680
1,222,32,2728,2728,2728,2728,2728
1,222,33,2720,2720,2720,2720,2720
1,222,34,680,680,680,680,680
1,222,35,2728,2728,2728,2728,2728
1,222,36,2210,2210,2210,2210,2210
1,222,37,170,170,170,170,170
1,222,38,2218,2218,2218,2218,2218
1,222,39,2210,2210,2210,2210,2210
1,222,40,170,170,170,170,170
1,222,41,2218,2218,2218,2218,2218
1,222,42,2210,2210,2210,2210,2210
1,222,43,170,170,170,170,170
1,222,44,2218,2218,2218,2218,2218
1,222,45,2722,2722,2722,2722,2722
1,222,46,682,682,682,682,682
1,222,47,2730,2730,2730,2730,2730
1,222,48,2722,2722,2722,2722,2722
1,222,49,682,682,682,682,682
1,222,50,2730,2730,2730,2730,2730
1,222,51,2722,2722,2722,2722,2722
1,222,52,682,682,682,682,682
1,222,53,2730,2730,2730,2730,2730
1,222,54,2720,2720,2720,2720,2720
1,222,55,680,680,680,680,680
1,222,56,2728,2728,2728,2728,2728
1,222,57,2720,2720,2720,2720,2720
1,222,58,680,680,680,680,680
1,222,59,2728,2728,2728,2728,2728
1,222,60,2720,2720,2720,2720,2720
1,222,61,680,680,680,680,680
1,222,62,2728,2728,2728,2728,2728
1,222,63,2210,2210,2210,2210,2210
1,222,64,170,170,170,170,170
1,222,65,2218,2218,2218,2218,2218
1,222,66,2210,2210,2210,2210,2210
1,222,67,170,170,170,170,170
1,222,68,2218,2218,2218,2218,2218
1,222,69,2210,2210,2210,2210,2210
1,222,70,170,170,170,170,170
1,222,71,2218,2218,2218,2218,2218
1,222,72,2722,2722,2722,2722,2722
1,222,73,682,682,682,682,682
1,222,74,2730,2730,2730,2730,2730
1,222,75,2722,2722,2722,2722,2722
1,222,76,682,682,682,682,682
1,222,77,2730,2730,2730,2730,2730
1,222,78,2722,2722,2722,2722,2722
1,222,79,682,682,682,682,682
1,222,80,2730,2730,2730,2730,2730
1,223,0,2720,2720,2720,2720,2720
1,223,1,680,680,680,680,680
1,223,2,2728,2728,2728,2728,2728
1,223,3,2720,2720,2720,2720,2720
1,223,4,680,680,680,680,680
1,223,5,2728,2728,2728,2728,2728
1,223,6,2720,2720,2720,2720,2720
1,223,7,680,680,680,680,680
1,223,8,2728,2728,2728,2728,2728
1,223,9,2210,2210,2210,2210,2210
1,223,10,170,170,170,170,170
1,223,11,2218,2218,2218,2218,2218
1,223,12,2210,2210,2210,2210,2210
1,223,13,170,170,170,170,170
1,223,14,2218,2218,2218,2218,2218
1,223,15,2210,2210,2210,2210,2210
1,223,16,170,170,170,170,170
1,223,17,2218,2218,2218,2218,2218
1,223,18,2722,2722,2722,2722,2722
1,223,19,682,682,682,682,682
1,223,20,2730,2730,2730,2730,2730
1,223,21,2722,2722,2722,2722,2722
1,223,22,682,682,682,682,682
1,223,23,2730,2730,2730,2730,2730
1,223,24,2722,2722,2722,2722,2722
1,223,25,682,682,682,682,682
1,223,26,2730,2730,2730,2730,2730
1,223,27,2720,2720,2720,2720,2720
1,223,28,680,680,680,680,680
1,223,29,2728,2728,2728,2728,2728
1,223,30,2720,2720,2720,2720,2720
1,223,31,680,680,680,680,680
1,223,32,2728,2728,2728,2728,2728
1,223,33,2720,2720,2720,2720,2720
1,223,34,680,680,680,680,680
1,223,35,2728,2728,2728,2728,2728
1,223,36,2210,2210,2210,2210,2210
1,223,37,170,170,170,170,170
1,223,38,2218,2218,2218,2218,2218
1,223,39,2210,2210,2210,2210,2210
1,223,40,170,170,170,170,170
1,223,41,2218,2218,2218,2218,2218
1,223,42,2210,2210,2210,2210,2210
1,223,43,170,170,170,170,170
1,223,44,2218,2218,2218,2218,2218
1,223,45,2722,2722,2722,2722,2722
1,223,46,682,682,682,682,682
1,223,47,2730,2730,2730,2730,2730
1,223,48,2722,2722,2722,2722,2722
1,223,49,682,682,682,682,682
1,223,50,2730,2730,2730,2730,2730
1,223,51,2722,2722,2722,2722,2722
1,223,52,682,682,682,682,682
1,223,53,2730,2730,2730,2730,2730
1,223,54,2720,2720,2720,2720,2720
1,223,55,680,680,680,680,680
1,223,56,2728,2728,2728,2728,2728
1,223,57,2720,2720,2720,2720,2720
1,223,58,680,680,680,680,680
1,223,59,2728,2728,2728,2728,2728
1,223,60,2720,2720,2720,2720,2720
1,223,61,680,680,680,680,680
1,223,62,2728,2728,2728,2728,2728
1,223,63,2210,2210,2210,2210,2210
1,223,64,170,170,170,170,170
1,223,65,2218,2218,2218,2218,2218
1,223,66,2210,2210,2210,2210,2210
1,223,67,170,170,170,170,170
1,223,68,2218,2218,2218,2218,2218
1,223,69,2210,2210,2210,2210,2210
1,223,70,170,170,170,170,170
1,223,71,2218,2218,2218,2218,2218
1,223,72,2722,2722,2722,2722,2722
1,223,73,682,682,682,682,682
1,223,74,2730,2730,2730,2730,2730
1,223,75,2722,2722,2722,2722,2722
1,223,76,682,682,682,682,682
1,223,77,2730,2730,2730,2730,2730
1,223,78,2722,2722,2722,2722,2722
1,223,79,682,682,682,682,682
1,223,80,2730,2730,2730,2730,2730
1,224,0,160,160,160,160,160
1,224,1,160,160,160,160,160
1,224,2,160,160,160,160,160
1,224,3,160,160,160,160,160
1,224,4,160,160,160,160,160
1,224,5,160,160,160,160,160
1,224,6,160,160,160,160,160
1,224,7,160,160,160,160,160
1,224,8,160,160,160,160,160
1,224,9,160,160,160,160,160
1,224,10,160,160,160,160,160
1,224,11,160,160,160,160,160
1,224,12,160,160,160,160,160
1,224,13,160,160,160,160,160
1,224,14,160,160,160,160,160
1,224,15,160,160,160,160,160
1,224,16,160,160,160,160,160
1,224,17,160,160,160,160,160
1,224,18,160,160,160,160,160
1,224,19,160,160,160,160,160
1,224,20,160,160,160,160,160
1,224,21,160,160,160,160,160
1,224,22,160,160,160,160,160
1,224,23,160,160,160,160,160
1,224,24,160,160,160,160,160
1,224,25,160,160,160,160,160
1,224,26,160,160,160,160,160
1,224,27,160,160,160,160,160
1,224,28,160,160,160,160,160
1,224,29,160,160,160,160,160
1,224,30,160,160,160,160,160
1,224,31,160,160,160,160,160
1,224,32,160,160,160,160,160
1,224,33,160,160,160,160,160
1,224,34,160,160,160,160,160
1,224,35,160,160,160,160,160
1,224,36,160,160,160,160,160
1,224,37,160,160,160,160,160
1,224,38,160,160,160,160,160
1,224,39,160,160,160,160,160
1,224,40,160,160,160,160,160
1,224,41,160,160,160,160,160
1,224,42,160,160,160,160,160
1,224,43,160,160,160,160,160
1,224,44,160,160,160,160,160
1,224,45,160,160,160,160,160
1,224,46,160,160,160,160,160
1,224,47,160,160,160,160,160
1,224,48,160,160,160,160,160
1,224,49,160,160,160,160,160
1,224,50,160,160,160,160,160
1,224,51,160,160,160,160,160
1,224,52,160,160,160,160,160
1,224,53,160,160,160,160,160
1,224,54,160,160,160,160,160
1,224,55,160,160,160,160,160
1,224,56,160,160,160,160,160
1,224,57,160,160,160,160,160
1,224,58,160,160,160,160,160
1,224,59,160,160,160,160,160
1,224,60,160,160,160,160,160
1,224,61,160,160,160,160,160
1,224,62,160,160,160,160,160
1,224,63,160,160,160,160,160
1,224,64,160,160,160,160,160
1,224,65,160,160,160,160,160
1,224,66,160,160,160,160,160
1,224,67,160,160,160,160,160
1,224,68,160,160,160,160,160
1,224,69,160,160,160,160,160
1,224,70,160,160,160,160,160
1,224,71,160,160,160,160,160
1,224,72,160,160,160,160,160
1,224,73,160,160,160,160,160
1,224,74,160,160,160,160,160
1,224,75,160,160,160,160,160
1,224,76,160,160,160,160,160
1,224,77,160,160,160,160,160
1,224,78,160,160,160,160,160
1,224,79,160,160,160,160,160
1,224,80,160,160,160,160,160
1,225,0,672,672,672,672,672
1,225,1,672,672,672,672,672
1,225,2,672,672,672,672,672
1,225,3,672,672,672,672,672
1,225,4,672,672,672,672,672
1,225,5,672,672,672,672,672
1,225,6,672,672,672,672,672
1,225,7,672,672,672,672,672
1,225,8,672,672,672,672,672
1,225,9,162,162,162,162,162
1,225,10,162,162,162,162,162
1,225,11,162,162,162,162,162
1,225,12,162,162,162,162,162
1,225,13,162,162,162,162,162
1,225,14,162,162,162,162,162
1,225,15,162,162,162,162,162
1,225,16,162,162,162,162,162
1,225,17,162,162,162,162,162
1,225,18,674,674,674,674,674
1,225,19,674,674,674,674,674
1,225,20,674,674,674,674,674
1,225,21,674,674,674,674,674
1,225,22,674,674,674,674,674
1,225,23,674,674,674,674,674
1,225,24,674,674,674,674,674
1,225,25,674,674,674,674,674
1,225,26,674,674,674,674,674
1,225,27,672,672,672,672,672
1,225,28,672,672,672,672,672
1,225,29,672,672,672,672,672
1,225,30,672,672,672,672,672
1,225,31,672,672,672,672,672
1,225,32,672,672,672,672,672
1,225,33,672,672,672,672,672
1,225,34,672,672,672,672,672
1,225,35,672,672,672,672,672
1,225,36,162,162,162,162,162
1,225,37,162,162,162,162,162
1,225,38,162,162,162,162,162
1,225,39,162,162,162,162,162
1,225,40,162,162,162,162,162
1,225,41,162,162,162,162,162
1,225,42,162,162,162,162,162
1,225,43,162,162,162,162,162
1,225,44,162,162,162,162,162
1,225,45,674,674,674,674,674
1,225,46,674,674,674,674,674
1,225,47,674,674,674,674,674
1,225,48,674,674,674,674,674
1,225,49,674,674,674,674,674
1,225,50,674,674,674,674,674
1,225,51,674,674,674,674,674
1,225,52,674,674,674,674,674
1,225,53,674,674,674,674,674
1,225,54,672,672,672,672,672
1,225,55,672,672,672,672,672
1,225,56,672,672,672,672,672
1,225,57,672,672,672,672,672
1,225,58,672,672,672,672,672
1,225,59,672,672,672,672,672
1,225,60,672,672,672,672,672
1,225,61,672,672,672,672,672
1,225,62,672,672,672,672,672
1,225,63,162,162,162,162,162
1,225,64,162,162,162,162,162
1,225,65,162,162,162,162,162
1,225,66,162,162,162,162,162
1,225,67,162,162,162,162,162
1,225,68,162,162,162,162,162
1,225,69,162,162,162,162,162
1,225,70,162,162,162,162,162
1,225,71,162,162,162,162,162
1,225,72,674,674,674,674,674
1,225,73,674,674,674,674,674
1,225,74,674,674,674,674,674
1,225,75,674,674,674,674,674
1,225,76,674,674,674,674,674
1,225,77,674,674,674,674,674
1,225,78,674,674,674,674,674
1,225,79,674,674,674,674,674
1,225,80,674,674,674,674,674
1,226,0,672,672,672,672,672
1,226,1,672,672,672,672,672
1,226,2,672,672,672,672,672
1,226,3,672,672,672,672,672
1,226,4,672,672,672,672,672
1,226,5,672,672,672,672,672
1,226,6,672,672,672,672,672
1,226,7,672,672,672,672,672
1,226,8,672,672,672,672,672
1,226,9,162,162,162,162,162
1,226,10,162,162,162,162,162
1,226,11,162,162,162,162,162
1,226,12,162,162,162,162,162
1,226,13,162,162,162,162,162
1,226,14,162,162,162,162,162
1,226,15,162,162,162,162,162
1,226,16,162,162,162,162,162
1,226,17,162,162,162,162,162
1,226,18,674,674,674,674,674
1,226,19,674,674,674,674,674
1,226,20,674,674,674,674,674
1,226,21,674,674,674,674,674
1,226,22,674,674,674,674,674
1,226,23,674,674,674,674,674
1,226,24,674,674,674,674,674
1,226,25,674,674,674,674,674
1,226,26,674,674,674,674,674
1,226,27,672,672,672,672,672
1,226,28,672,672,672,672,672
1,226,29,672,672,672,672,672
1,226,30,672,672,672,672,672
1,226,31,672,672,672,672,672
1,226,32,672,672,672,672,672
1,226,33,672,672,672,672,672
1,226,34,672,672,672,672,672
1,226,35,672,672,672,672,672
1,226,36,162,162,162,162,162
1,226,37,162,162,162,162,162
1,226,38,162,162,162,162,162
1,226,39,162,162,162,162,162
1,226,40,162,162,162,162,162
1,226,41,162,162,162,162,162
1,226,42,162,162,162,162,162
1,226,43,162,162,162,162,162
1,226,44,162,162,162,162,162
1,226,45,674,674,674,674,674
1,226,46,674,674,674,674,674
1,226,47,674,674,674,674,674
1,226,48,674,674,674,674,674
1,226,49,674,674,674,674,674
1,226,50,674,674,674,674,674
1,226,51,674,674,674,674,674
1,226,52,674,674,674,674,674
1,226,53,674,674,674,674,674
1,226,54,672,672,672,672,672
1,226,55,672,672,672,672,672
1,226,56,672,672,672,672,672
1,226,57,672,672,672,672,672
1,226,58,672,672,672,672,672
1,226,59,672,672,672,672,672
1,226,60,672,672,672,672,672
1,226,61,672,672,672,672,672
1,226,62,672,672,672,672,672
1,226,63,162,162,162,162,162
1,226,64,162,162,162,162,162
1,226,65,162,162,162,162,162
1,226,66,162,162,162,162,162
1,226,67,162,162,162,162,162
1,226,68,162,162,162,162,162
1,226,69,162,162,162,162,162
1,226,70,162,162,162,162,162
1,226,71,162,162,162,162,162
1,226,72,674,674,674,674,674
1,226,73,674,674,674,674,674
1,226,74,674,674,674,674,674
1,226,75,674,674,674,674,674
1,226,76,674,674,674,674,674
1,226,77,674,674,674,674,674
1,226,78,674,674,674,674,674
1,226,79,674,674,674,674,674
1,226,80,674,674,674,674,674
1,227,0,672,672,672,672,672
1,227,1,672,672,672,672,672
1,227,2,672,672,672,672,672
1,227,3,672,672,672,672,672
1,227,4,672,672,672,672,672
1,227,5,672,672,672,672,672
1,227,6,672,672,672,672,672
1,227,7,672,672,672,672,672
1,227,8,672,672,672,672,672
1,227,9,162,162,162,162,162
1,227,10,162,162,162,162,162
1,227,11,162,162,162,162,162
1,227,12,162,162,162,162,162
1,227,13,162,162,162,162,162
1,227,14,162,162,162,162,162
1,227,15,162,162,162,162,162
1,227,16,162,162,162,162,162
1,227,17,162,162,162,162,162
1,227,18,674,674,674,674,674
1,227,19,674,674,674,674,674
1,227,20,674,674,674,674,674
1,227,21,674,674,674,674,674
1,227,22,674,674,674,674,674
1,227,23,674,674,674,674,674
1,227,24,674,674,674,674,674
1,227,25,674,674,674,674,674
1,227,26,674,674,674,674,674
1,227,27,672,672,672,672,672
1,227,28,672,672,672,672,672
1,227,29,672,672,672,672,672
1,227,30,672,672,672,672,672
1,227,31,672,672,672,672,672
1,227,32,672,672,672,672,672
1,227,33,672,672,672,672,672
1,227,34,672,672,672,672,672
1,227,35,672,672,672,672,672
1,227,36,162,162,162,162,162
1,227,37,162,162,162,162,162
1,227,38,162,162,162,162,162
1,227,39,162,162,162,162,162
1,227,40,162,162,162,162,162
1,227,41,162,162,162,162,162
1,227,42,162,162,162,162,162
1,227,43,162,162,162,162,162
1,227,44,162,162,162,162,162
1,227,45,674,674,674,674,674
1,227,46,674,674,674,674,674
1,227,47,674,674,674,674,674
1,227,48,674,674,674,674,674
1,227,49,674,674,674,674,674
1,227,50,674,674,674,674,674
1,227,51,674,674,674,674,674
1,227,52,674,674,674,674,674
1,227,53,674,674,674,674,674
1,227,54,672,672,672,672,672
1,227,55,672,672,672,672,672
1,227,56,672,672,672,672,672
1,227,57,672,672,672,672,672
1,227,58,672,672,672,672,672
1,227,59,672,672,672,672,672
1,227,60,672,672,672,672,672
1,227,61,672,672,672,672,672
1,227,62,672,672,672,672,672
1,227,63,162,162,162,162,162
1,227,64,162,162,162,162,162
1,227,65,162,162,162,162,162
1,227,66,162,162,162,162,162
1,227,67,162,162,162,162,162
1,227,68,162,162,162,162,162
1,227,69,162,162,162,162,162
1,227,70,162,162,162,162,162
1,227,71,162,162,162,162,162
1,227,72,674,674,674,674,674
1,227,73,674,674,674,674,674
1,227,74,674,674,674,674,674
1,227,75,674,674,674,674,674
1,227,76,674,674,674,674,674
1,227,77,674,674,674,674,674
1,227,78,674,674,674,674,674
1,227,79,674,674,674,674,674
1,227,80,674,674,674,674,674
1,228,0,2208,2208,2208,2208,2208
1,228,1,168,168,168,168,168
1,228,2,2216,2216,2216,2216,2216
1,228,3,2208,2208,2208,2208,2208
1,228,4,168,168,168,168,168
1,228,5,2216,2216,2216,2216,2216
1,228,6,2208,2208,2208,2208,2208
1,228,7,168,168,168,168,168
1,228,8,2216,2216,2216,2216,2216
1,228,9,2208,2208,2208,2208,2208
1,228,10,168,168,168,168,168
1,228,11,2216,2216,2216,2216,2216
1,228,12,2208,2208,2208,2208,2208
1,228,13,168,168,168,168,168
1,228,14,2216,2216,2216,2216,2216
1,228,15,2208,2208,2208,2208,2208
1,228,16,168,168,168,168,168
1,228,17,2216,2216,2216,2216,2216
1,228,18,2208,2208,2208,2208,2208
1,228,19,168,168,168,168,168
1,228,20,2216,2216,2216,2216,2216
1,228,21,2208,2208,2208,2208,2208
1,228,22,168,168,168,168,168
1,228,23,2216,2216,2216,2216,2216
1,228,24,2208,2208,2208,2208,2208
1,228,25,168,168,168,168,168
1,228,26,2216,2216,2216,2216,2216
1,228,27,2208,2208,2208,2208,2208
1,228,28,168,168,168,168,168
1,228,29,2216,2216,2216,2216,2216
1,228,30,2208,2208,2208,2208,2208
1,228,31,168,168,168,168,168
1,228,32,2216,2216,2216,2216,2216
1,228,33,2208,2208,2208,2208,2208
1,228,34,168,168,168,168,168
1,228,35,2216,2216,2216,2216,2216
1,228,36,2208,2208,2208,2208,2208
1,228,37,168,168,168,168,168
1,228,38,2216,2216,2216,2216,2216
1,228,39,2208,2208,2208,2208,2208
1,228,40,168,168,168,168,168
1,228,41,2216,2216,2216,2216,2216
1,228,42,2208,2208,2208,2208,2208
1,228,43,168,168,168,168,168
1,228,44,2216,2216,2216,2216,2216
1,228,45,2208,2208,2208,2208,2208
1,228,46,168,168,168,168,168
1,228,47,2216,2216,2216,2216,2216
1,228,48,2208,2208,2208,2208,2208
1,228,49,168,168,168,168,168
1,228,50,2216,2216,2216,2216,2216
1,228,51,2208,2208,2208,2208,2208
1,228,52,168,168,168,168,168
1,228,53,2216,2216,2216,2216,2216
1,228,54,2208,2208,2208,2208,2208
1,228,55,168,168,168,168,168
1,228,56,2216,2216,2216,2216,2216
1,228,57,2208,2208,2208,2208,2208
1,228,58,168,168,168,168,168
1,228,59,2216,2216,2216,2216,2216
1,228,60,2208,2208,2208,2208,2208
1,228,61,168,168,168,168,168
1,228,62,2216,2216,2216,2216,2216
1,228,63,2208,2208,2208,2208,2208
1,228,64,168,168,168,168,168
1,228,65,2216,2216,2216,2216,2216
1,228,66,2208,2208,2208,2208,2208
1,228,67,168,168,168,168,168
1,228,68,2216,2216,2216,2216,2216
1,228,69,2208,2208,2208,2208,2208
1,228,70,168,168,168,168,168
1,228,71,2216,2216,2216,2216,2216
1,228,72,2208,2208,2208,2208,2208
1,228,73,168,168,168,168,168
1,228,74,2216,2216,2216,2216,2216
1,228,75,2208,2208,2208,2208,2208
1,228,76,168,168,168,168,168
1,228,77,2216,2216,2216,2216,2216
1,228,78,2208,2208,2208,2208,2208
1,228,79,168,168,168,168,168
1,228,80,2216,2216,2216,2216,2216
1,229,0,2720,2720,2720,2720,2720
1,229,1,680,680,680,680,680
1,229,2,2728,2728,2728,2728,2728
1,229,3,2720,2720,2720,2720,2720
1,229,4,680,680,680,680,680
1,229,5,2728,2728,2728,2728,2728
1,229,6,2720,2720,2720,2720,2720
1,229,7,680,680,680,680,680
1,229,8,2728,2728,2728,2728,2728
1,229,9,2210,2210,2210,2210,2210
1,229,10,170,170,170,170,170
1,229,11,2218,2218,2218,2218,2218
1,229,12,2210,2210,2210,2210,2210
1,229,13,170,170,170,170,170
1,229,14,2218,2218,2218,2218,2218
1,229,15,2210,2210,2210,2210,2210
1,229,16,170,170,170,170,170
1,229,17,2218,2218,2218,2218,2218
1,229,18,2722,2722,2722,2722,2722
1,229,19,682,682,682,682,682
1,229,20,2730,2730,2730,2730,2730
1,229,21,2722,2722,2722,2722,2722
1,229,22,682,682,682,682,682
1,229,23,2730,2730,2730,2730,2730
1,229,24,2722,2722,2722,2722,2722
1,229,25,682,682,682,682,682
1,229,26,2730,2730,2730,2730,2730
1,229,27,2720,2720,2720,2720,2720
1,229,28,680,680,680,680,680
1,229,29,2728,2728,2728,2728,2728
1,229,30,2720,2720,2720,2720,2720
1,229,31,680,680,680,680,680
1,229,32,2728,2728,2728,2728,2728
1,229,33,2720,2720,2720,2720,2720
1,229,34,680,680,680,680,680
1,229,35,2728,2728,2728,2728,2728
1,229,36,2210,2210,2210,2210,2210
1,229,37,170,170,170,170,170
1,229,38,2218,2218,2218,2218,2218
1,229,39,2210,2210,2210,2210,2210
1,229,40,170,170,170,170,170
1,229,41,2218,2218,2218,2218,2218
1,229,42,2210,2210,2210,2210,2210
1,229,43,170,170,170,170,170
1,229,44,2218,2218,2218,2218,2218
1,229,45,2722,2722,2722,2722,2722
1,229,46,682,682,682,682,682
1,229,47,2730,2730,2730,2730,2730
1,229,48,2722,2722,2722,2722,2722
1,229,49,682,682,682,682,682
1,229,50,2730,2730,2730,2730,2730
1,229,51,2722,2722,2722,2722,2722
1,229,52,682,682,682,682,682
1,229,53,2730,2730,2730,2730,2730
1,229,54,2720,2720,2720,2720,2720
1,229,55,680,680,680,680,680
1,229,56,2728,2728,2728,2728,2728
1,229,57,2720,2720,2720,2720,2720
1,229,58,680,680,680,680,680
1,229,59,2728,2728,2728,2728,2728
1,229,60,2720,2720,2720,2720,2720
1,229,61,680,680,680,680,680
1,229,62,2728,2728,2728,2728,2728
1,229,63,2210,2210,2210,2210,2210
1,229,64,170,170,170,170,170
1,229,65,2218,2218,2218,2218,2218
1,229,66,2210,2210,2210,2210,2210
1,229,67,170,170,170,170,170
1,229,68,2218,2218,2218,2218,2218
1,229,69,2210,2210,2210,2210,2210
1,229,70,170,170,170,170,170
1,229,71,2218,2218,2218,2218,2218
1,229,72,2722,2722,2722,2722,2722
1,229,73,682,682,682,682,682
1,229,74,2730,2730,2730,2730,2730
1,229,75,2722,2722,2722,2722,2722
1,229,76,682,682,682,682,682
1,229,77,2730,2730,2730,2730,2730
1,229,78,2722,2722,2722,2722,2722
1,229,79,682,682,682,682,682
1,229,80,2730,2730,2730,2730,2730
1,230,0,2720,2720,2720,2720,2720
1,230,1,680,680,680,680,680
1,230,2,2728,2728,2728,2728,2728
1,230,3,2720,2720,2720,2720,2720
1,230,4,680,680,680,680,680
1,230,5,2728,2728,2728,2728,2728
1,230,6,2720,2720,2720,2720,2720
1,230,7,680,680,680,680,680
1,230,8,2728,2728,2728,2728,2728
1,230,9,2210,2210,2210,2210,2210
1,230,10,170,170,170,170,170
1,230,11,2218,2218,2218,2218,2218
1,230,12,2210,2210,2210,2210,2210
1,230,13,170,170,170,170,170
1,230,14,2218,2218,2218,2218,2218
1,230,15,2210,2210,2210,2210,2210
1,230,16,170,170,170,170,170
1,230,17,2218,2218,2218,2218,2218
1,230,18,2722,2722,2722,2722,2722
1,230,19,682,682,682,682,682
1,230,20,2730,2730,2730,2730,2730
1,230,21,2722,2722,2722,2722,2722
1,230,22,682,682,682,682,682
1,230,23,2730,2730,2730,2730,2730
1,230,24,2722,2722,2722,2722,2722
1,230,25,682,682,682,682,682
1,230,26,2730,2730,2730,2730,2730
1,230,27,2720,2720,2720,2720,2720
1,230,28,680,680,680,680,680
1,230,29,2728,2728,2728,2728,2728
1,230,30,2720,2720,2720,2720,2720
1,230,31,680,680,680,680,680
1,230,32,2728,2728,2728,2728,2728
1,230,33,2720,2720,2720,2720,2720
1,230,34,680,680,680,680,680
1,230,35,2728,2728,2728,2728,2728
1,230,36,2210,2210,2210,2210,2210
1,230,37,170,170,170,170,170
1,230,38,2218,2218,2218,2218,2218
1,230,39,2210,2210,2210,2210,2210
1,230,40,170,170,170,170,170
1,230,41,2218,2218,2218,2218,2218
1,230,42,2210,2210,2210,2210,2210
1,230,43,170,170,170,170,170
1,230,44,2218,2218,2218,2218,2218
1,230,45,2722,2722,2722,2722,2722
1,230,46,682,682,682,682,682
1,230,47,2730,2730,2730,2730,2730
1,230,48,2722,2722,2722,2722,2722
1,230,49,682,682,682,682,682
1,230,50,2730,2730,2730,2730,2730
1,230,51,2722,2722,2722,2722,2722
1,230,52,682,682,682,682,682
1,230,53,2730,2730,2730,2730,2730
1,230,54,2720,2720,2720,2720,2720
1,230,55,680,680,680,680,680
1,230,56,2728,2728,2728,2728,2728
1,230,57,2720,2720,2720,2720,2720
1,230,58,680,680,680,680,680
1,230,59,2728,2728,2728,2728,2728
1,230,60,2720,2720,2720,2720,2720
1,230,61,680,680,680,680,680
1,230,62,2728,2728,2728,2728,2728
1,230,63,2210,2210,2210,2210,2210
1,230,64,170,170,170,170,170
1,230,65,2218,2218,2218,2218,2218
1,230,66,2210,2210,2210,2210,2210
1,230,67,170,170,170,170,170
1,230,68,2218,2218,2218,2218,2218
1,230,69,2210,2210,2210,2210,2210
1,230,70,170,170,170,170,170
1,230,71,2218,2218,2218,2218,2218
1,230,72,2722,2722,2722,2722,2722
1,230,73,682,682,682,682,682
1,230,74,2730,2730,2730,2730,2730
1,230,75,2722,2722,2722,2722,2722
1,230,76,682,682,682,682,682
1,230,77,2730,2730,2730,2730,2730
1,230,78,2722,2722,2722,2722,2722
1,230,79,682,682,682,682,682
1,230,80,2730,2730,2730,2730,2730
1,231,0,2720,2720,2720,2720,2720
1,231,1,680,680,680,680,680
1,231,2,2728,2728,2728,2728,2728
1,231,3,2720,2720,2720,2720,2720
1,231,4,680,680,680,680,680
1,231,5,2728,2728,2728,2728,2728
1,231,6,2720,2720,2720,2720,2720
1,231,7,680,680,680,680,680
1,231,8,2728,2728,2728,2728,2728
1,231,9,2210,2210,2210,2210,2210
1,231,10,170,170,170,170,170
1,231,11,2218,2218,2218,2218,2218
1,231,12,2210,2210,2210,2210,2210
1,231,13,170,170,170,170,170
1,231,14,2218,2218,2218,2218,2218
1,231,15,2210,2210,2210,2210,2210
1,231,16,170,170,170,170,170
1,231,17,2218,2218,2218,2218,2218
1,231,18,2722,2722,2722,2722,2722
1,231,19,682,682,682,682,682
1,231,20,2730,2730,2730,2730,2730
1,231,21,2722,2722,2722,2722,2722
1,231,22,682,682,682,682,682
1,231,23,2730,2730,2730,2730,2730
1,231,24,2722,2722,2722,2722,2722
1,231,25,682,682,682,682,682
1,231,26,2730,2730,2730,2730,2730
1,231,27,2720,2720,2720,2720,2720
1,231,28,680,680,680,680,680
1,231,29,2728,2728,2728,2728,2728
1,231,30,2720,2720,2720,2720,2720
1,231,31,680,680,680,680,680
1,231,32,2728,2728,2728,2728,2728
1,231,33,2720,2720,2720,2720,2720
1,231,34,680,680,680,680,680
1,231,35,2728,2728,2728,2728,2728
1,231,36,2210,2210,2210,2210,2210
1,231,37,170,170,170,170,170
1,231,38,2218,2218,2218,2218,2218
1,231,39,2210,2210,2210,2210,2210
1,231,40,170,170,170,170,170
1,231,41,2218,2218,2218,2218,2218
1,231,42,2210,2210,2210,2210,2210
1,231,43,170,170,170,170,170
1,231,44,2218,2218,2218,2218,2218
1,231,45,2722,2722,2722,2722,2722
1,231,46,682,682,682,682,682
1,231,47,2730,2730,2730,2730,2730
1,231,48,2722,2722,2722,2722,2722
1,231,49,682,682,682,682,682
1,231,50,2730,2730,2730,2730,2730
1,231,51,2722,2722,2722,2722,2722
1,231,52,682,682,682,682,682
1,231,53,2730,2730,2730,2730,2730
1,231,54,2720,2720,2720,2720,2720
1,231,55,680,680,680,680,680
1,231,56,2728,2728,2728,2728,2728
1,231,57,2720,2720,2720,2720,2720
1,231,58,680,680,680,680,680
1,231,59,2728,2728,2728,2728,2728
1,231,60,2720,2720,2720,2720,2720
1,231,61,680,680,680,680,680
1,231,62,2728,2728,2728,2728,2728
1,231,63,2210,2210,2210,2210,2210
1,231,64,170,170,170,170,170
1,231,65,2218,2218,2218,2218,2218
1,231,66,2210,2210,2210,2210,2210
1,231,67,170,170,170,170,170
1,231,68,2218,2218,2218,2218,2218
1,231,69,2210,2210,2210,2210,2210
1,231,70,170,170,170,170,170
1,231,71,2218,2218,2218,2218,2218
1,231,72,2722,2722,2722,2722,2722
1,231,73,682,682,682,682,682
1,231,74,2730,2730,2730,2730,2730
1,231,75,2722,2722,2722,2722,2722
1,231,76,682,682,682,682,682
1,231,77,2730,2730,2730,2730,2730
1,231,78,2722,2722,2722,2722,2722
1,231,79,682,682,682,682,682
1,231,80,2730,2730,2730,2730,2730
1,232,0,2208,2208,2208,2208,2208
1,232,1,168,168,168,168,168
1,232,2,2216,2216,2216,2216,2216
1,232,3,2208,2208,2208,2208,2208
1,232,4,168,168,168,168,168
1,232,5,2216,2216,2216,2216,2216
1,232,6,2208,2208,2208,2208,2208
1,232,7,168,168,168,168,168
1,232,8,2216,2216,2216,2216,2216
1,232,9,2208,2208,2208,2208,2208
1,232,10,168,168,168,168,168
1,232,11,2216,2216,2216,2216,2216
1,232,12,2208,2208,2208,2208,2208
1,232,13,168,168,168,168,168
1,232,14,2216,2216,2216,2216,2216
1,232,15,2208,2208,2208,2208,2208
1,232,16,168,168,168,168,168
1,232,17,2216,2216,2216,2216,2216
1,232,18,2208,2208,2208,2208,2208
1,232,19,168,168,168,168,168
1,232,20,2216,2216,2216,2216,2216
1,232,21,2208,2208,2208,2208,2208
1,232,22,168,168,168,168,168
1,232,23,2216,2216,2216,2216,2216
1,232,24,2208,2208,2208,2208,2208
1,232,25,168,168,168,168,168
1,232,26,2216,2216,2216,2216,2216
1,232,27,2208,2208,2208,2208,2208
1,232,28,168,168,168,168,168
1,232,29,2216,2216,2216,2216,2216
1,232,30,2208,2208,2208,2208,2208
1,232,31,168,168,168,168,168
1,232,32,2216,2216,2216,2216,2216
1,232,33,2208,2208,2208,2208,2208
1,232,34,168,168,168,168,168
1,232,35,2216,2216,2216,2216,2216
1,232,36,2208,2208,2208,2208,2208
1,232,37,168,168,168,168,168
1,232,38,2216,2216,2216,2216,2216
1,232,39,2208,2208,2208,2208,2208
1,232,40,168,168,168,168,168
1,232,41,2216,2216,2216,2216,2216
1,232,42,2208,2208,2208,2208,2208
1,232,43,168,168,168,168,168
1,232,44,2216,2216,2216,2216,2216
1,232,45,2208,2208,2208,2208,2208
1,232,46,168,168,168,168,168
1,232,47,2216,2216,2216,2216,2216
1,232,48,2208,2208,2208,2208,2208
1,232,49,168,168,168,168,168
1,232,50,2216,2216,2216,2216,2216
1,232,51,2208,2208,2208,2208,2208
1,232,52,168,168,168,168,168
1,232,53,2216,2216,2216,2216,2216
1,232,54,2208,2208,2208,2208,2208
1,232,55,168,168,168,168,168
1,232,56,2216,2216,2216,2216,2216
1,232,57,2208,2208,2208,2208,2208
1,232,58,168,168,168,168,168
1,232,59,2216,2216,2216,2216,2216
1,232,60,2208,2208,2208,2208,2208
1,232,61,168,168,168,168,168
1,232,62,2216,2216,2216,2216,2216
1,232,63,2208,2208,2208,2208,2208
1,232,64,168,168,168,168,168
1,232,65,2216,2216,2216,2216,2216
1,232,66,2208,2208,2208,2208,2208
1,232,67,168,168,168,168,168
1,232,68,2216,2216,2216,2216,2216
1,232,69,2208,2208,2208,2208,2208
1,232,70,168,168,168,168,168
1,232,71,2216,2216,2216,2216,2216
1,232,72,2208,2208,2208,2208,2208
1,232,73,168,168,168,168,168
1,232,74,2216,2216,2216,2216,2216
1,232,75,2208,2208,2208,2208,2208
1,232,76,168,168,168,168,168
1,232,77,2216,2216,2216,2216,2216
1,232,78,2208,2208,2208,2208,2208
1,232,79,168,168,168,168,168
1,232,80,2216,2216,2216,2216,2216
1,233,0,2720,2720,2720,2720,2720
1,233,1,680,680,680,680,680
1,233,2,2728,2728,2728,2728,2728
1,233,3,2720,2720,2720,2720,2720
1,233,4,680,680,680,680,680
1,233,5,2728,2728,2728,2728,2728
1,233,6,2720,2720,2720,2720,2720
1,233,7,680,680,680,680,680
1,233,8,2728,2728,2728,2728,2728
1,233,9,2210,2210,2210,2210,2210
1,233,10,170,170,170,170,170
1,233,11,2218,2218,2218,2218,2218
1,233,12,2210,2210,2210,2210,2210
1,233,13,170,170,170,170,170
1,233,14,2218,2218,2218,2218,2218
1,233,15,2210,2210,2210,2210,2210
1,233,16,170,170,170,170,170
1,233,17,2218,2218,2218,2218,2218
1,233,18,2722,2722,2722,2722,2722
1,233,19,682,682,682,682,682
1,233,20,2730,2730,2730,2730,2730
1,233,21,2722,2722,2722,2722,2722
1,233,22,682,682,682,682,682
1,233,23,2730,2730,2730,2730,2730
1,233,24,2722,2722,2722,2722,2722
1,233,25,682,682,682,682,682
1,233,26,2730,2730,2730,2730,2730
1,233,27,2720,2720,2720,2720,2720
1,233,28,680,680,680,680,680
1,233,29,2728,2728,2728,2728,2728
1,233,30,2720,2720,2720,2720,2720
1,233,31,680,680,680,680,680
1,233,32,2728,2728,2728,2728,2728
1,233,33,2720,2720,2720,2720,2720
1,233,34,680,680,680,680,680
1,233,35,2728,2728,2728,2728,2728
1,233,36,2210,2210,2210,2210,2210
1,233,37,170,170,170,170,170
1,233,38,2218,2218,2218,2218,2218
1,233,39,2210,2210,2210,2210,2210
1,233,40,170,170,170,170,170
1,233,41,2218,2218,2218,2218,2218
1,233,42,2210,2210,2210,2210,2210
1,233,43,170,170,170,170,170
1,233,44,2218,2218,2218,2218,2218
1,233,45,2722,2722,2722,2722,2722
1,233,46,682,682,682,682,682
1,233,47,2730,2730,2730,2730,2730
1,233,48,2722,2722,2722,2722,2722
1,233,49,682,682,682,682,682
1,233,50,2730,2730,2730,2730,2730
1,233,51,2722,2722,2722,2722,2722
1,233,52,682,682,682,682,682
1,233,53,2730,2730,2730,2730,2730
1,233,54,2720,2720,2720,2720,2720
1,233,55,680,680,680,680,680
1,233,56,2728,2728,2728,2728,2728
1,233,57,2720,2720,2720,2720,2720
1,233,58,680,680,680,680,680
1,233,59,2728,2728,2728,2728,2728
1,233,60,2720,2720,2720,2720,2720
1,233,61,680,680,680,680,680
1,233,62,2728,2728,2728,2728,2728
1,233,63,2210,2210,2210,2210,2210
1,233,64,170,170,170,170,170
1,233,65,2218,2218,2218,2218,2218
1,233,66,2210,2210,2210,2210,2210
1,233,67,170,170,170,170,170
1,233,68,2218,2218,2218,2218,2218
1,233,69,2210,2210,2210,2210,2210
1,233,70,170,170,170,170,170
1,233,71,2218,2218,2218,2218,2218
1,233,72,2722,2722,2722,2722,2722
1,233,73,682,682,682,682,682
1,233,74,2730,2730,2730,2730,2730
1,233,75,2722,2722,2722,2722,2722
1,233,76,682,682,682,682,682
1,233,77,2730,2730,2730,2730,2730
1,233,78,2722,2722,2722,2722,2722
1,233,79,682,682,682,682,682
1,233,80,2730,2730,2730,2730,2730
1,234,0,2720,2720,2720,2720,2720
1,234,1,680,680,680,680,680
1,234,2,2728,2728,2728,2728,2728
1,234,3,2720,2720,2720,2720,2720
1,234,4,680,680,680,680,680
1,234,5,2728,2728,2728,2728,2728
1,234,6,2720,2720,2720,2720,2720
1,234,7,680,680,680,680,680
1,234,8,2728,2728,2728,2728,2728
1,234,9,2210,2210,2210,2210,2210
1,234,10,170,170,170,170,170
1,234,11,2218,2218,2218,2218,2218
1,234,12,2210,2210,2210,2210,2210
1,234,13,170,170,170,170,170
1,234,14,2218,2218,2218,2218,2218
1,234,15,2210,2210,2210,2210,2210
1,234,16,170,170,170,170,170
1,234,17,2218,2218,2218,2218,2218
1,234,18,2722,2722,2722,2722,2722
1,234,19,682,682,682,682,682
1,234,20,2730,2730,2730,2730,2730
1,234,21,2722,2722,2722,2722,2722
1,234,22,682,682,682,682,682
1,234,23,2730,2730,2730,2730,2730
1,234,24,2722,2722,2722,2722,2722
1,234,25,682,682,682,682,682
1,234,26,2730,2730,2730,2730,2730
1,234,27,2720,2720,2720,2720,2720
1,234,28,680,680,680,680,680
1,234,29,2728,2728,2728,2728,2728
1,234,30,2720,2720,2720,2720,2720
1,234,31,680,680,680,680,680
1,234,32,2728,2728,2728,2728,2728
1,234,33,2720,2720,2720,2720,2720
1,234,34,680,680,680,680,680
1,234,35,2728,2728,2728,2728,2728
1,234,36,2210,2210,2210,2210,2210
1,234,37,170,170,170,170,170
1,234,38,2218,2218,2218,2218,2218
1,234,39,2210,2210,2210,2210,2210
1,234,40,170,170,170,170,170
1,234,41,2218,2218,2218,2218,2218
1,234,42,2210,2210,2210,2210,2210
1,234,43,170,170,170,170,170
1,234,44,2218,2218,2218,2218,2218
1,234,45,2722,2722,2722,2722,2722
1,234,46,682,682,682,682,682
1,234,47,2730,2730,2730,2730,2730
1,234,48,2722,2722,2722,2722,2722
1,234,49,682,682,682,682,682
1,234,50,2730,2730,2730,2730,2730
1,234,51,2722,2722,2722,2722,2722
1,234,52,682,682,682,682,682
1,234,53,2730,2730,2730,2730,2730
1,234,54,2720,2720,2720,2720,2720
1,234,55,680,680,680,680,680
1,234,56,2728,2728,2728,2728,2728
1,234,57,2720,2720,2720,2720,2720
1,234,58,680,680,680,680,680
1,234,59,2728,2728,2728,2728,2728
1,234,60,2720,2720,2720,2720,2720
1,234,61,680,680,680,680,680
1,234,62,2728,2728,2728,2728,2728
1,234,63,2210,2210,2210,2210,2210
1,234,64,170,170,170,170,170
1,234,65,2218,2218,2218,2218,2218
1,234,66,2210,2210,2210,2210,2210
1,234,67,170,170,170,170,170
1,234,68,2218,2218,2218,2218,2218
1,234,69,2210,2210,2210,2210,2210
1,234,70,170,170,170,170,170
1,234,71,2218,2218,2218,2218,2218
1,234,72,2722,2722,2722,2722,2722
1,234,73,682,682,682,682,682
1,234,74,2730,2730,2730,2730,2730
1,234,75,2722,2722,2722,2722,2722
1,234,76,682,682,682,682,682
1,234,77,2730,2730,2730,2730,2730
1,234,78,2722,2722,2722,2722,2722
1,234,79,682,682,682,682,682
1,234,80,2730,2730,2730,2730,2730
1,235,0,2720,2720,2720,2720,2720
1,235,1,680,680,680,680,680
1,235,2,2728,2728,2728,2728,2728
1,235,3,2720,2720,2720,2720,2720
1,235,4,680,680,680,680,680
1,235,5,2728,2728,2728,2728,2728
1,235,6,2720,2720,2720,2720,2720
1,235,7,680,680,680,680,680
1,235,8,2728,2728,2728,2728,2728
1,235,9,2210,2210,2210,2210,2210
1,235,10,170,170,170,170,170
1,235,11,2218,2218,2218,2218,2218
1,235,12,2210,2210,2210,2210,2210
1,235,13,170,170,170,170,170
1,235,14,2218,2218,2218,2218,2218
1,235,15,2210,2210,2210,2210,2210
1,235,16,170,170,170,170,170
1,235,17,2218,2218,2218,2218,2218
1,235,18,2722,2722,2722,2722,2722
1,235,19,682,682,682,682,682
1,235,20,2730,2730,2730,2730,2730
1,235,21,2722,2722,2722,2722,2722
1,235,22,682,682,682,682,682
1,235,23,2730,2730,2730,2730,2730
1,235,24,2722,2722,2722,2722,2722
1,235,25,682,682,682,682,682
1,235,26,2730,2730,2730,2730,2730
1,235,27,2720,2720,2720,2720,2720
1,235,28,680,680,680,680,680
1,235,29,2728,2728,2728,2728,2728
1,235,30,2720,2720,2720,2720,2720
1,235,31,680,680,680,680,680
1,235,32,2728,2728,2728,2728,2728
1,235,33,2720,2720,2720,2720,2720
1,235,34,680,680,680,680,680
1,235,35,2728,2728,2728,2728,2728
1,235,36,2210,2210,2210,2210,2210
1,235,37,170,170,170,170,170
1,235,38,2218,2218,2218,2218,2218
1,235,39,2210,2210,2210,2210,2210
1,235,40,170,170,170,170,170
1,235,41,2218,2218,2218,2218,2218
1,235,42,2210,2210,2210,2210,2210
1,235,43,170,170,170,170,170
1,235,44,2218,2218,2218,2218,2218
1,235,45,2722,2722,2722,2722,2722
1,235,46,682,682,682,682,682
1,235,47,2730,2730,2730,2730,2730
1,235,48,2722,2722,2722,2722,2722
1,235,49,682,682,682,682,682
1,235,50,2730,2730,2730,2730,2730
1,235,51,2722,2722,2722,2722,2722
1,235,52,682,682,682,682,682
1,235,53,2730,2730,2730,2730,2730
1,235,54,2720,2720,2720,2720,2720
1,235,55,680,680,680,680,680
1,235,56,2728,2728,2728,2728,2728
1,235,57,2720,2720,2720,2720,2720
1,235,58,680,680,680,680,680
1,235,59,2728,2728,2728,2728,2728
1,235,60,2720,2720,2720,2720,2720
1,235,61,680,680,680,680,680
1,235,62,2728,2728,2728,2728,2728
1,235,63,2210,2210,2210,2210,2210
1,235,64,170,170,170,170,170
1,235,65,2218,2218,2218,2218,2218
1,235,66,2210,2210,2210,2210,2210
1,235,67,170,170,170,170,170
1,235,68,2218,2218,2218,2218,2218
1,235,69,2210,2210,2210,2210,2210
1,235,70,170,170,170,170,170
1,235,71,2218,2218,2218,2218,2218
1,235,72,2722,2722,2722,2722,2722
1,235,73,682,682,682,682,682
1,235,74,2730,2730,2730,2730,2730
1,235,75,2722,2722,2722,2722,2722
1,235,76,682,682,682,682,682
1,235,77,2730,2730,2730,2730,2730
1,235,78,2722,2722,2722,2722,2722
1,235,79,682,682,682,682,682
1,235,80,2730,2730,2730,2730,2730
1,236,0,2208,2208,2208,2208,2208
1,236,1,168,168,168,168,168
1,236,2,2216,2216,2216,2216,2216
1,236,3,2208,2208,2208,2208,2208
1,236,4,168,168,168,168,168
1,236,5,2216,2216,2216,2216,2216
1,236,6,2208,2208,2208,2208,2208
1,236,7,168,168,168,168,168
1,236,8,2216,2216,2216,2216,2216
1,236,9,2208,2208,2208,2208,2208
1,236,10,168,168,168,168,168
1,236,11,2216,2216,2216,2216,2216
1,236,12,2208,2208,2208,2208,2208
1,236,13,168,168,168,168,168
1,236,14,2216,2216,2216,2216,2216
1,236,15,2208,2208,2208,2208,2208
1,236,16,168,168,168,168,168
1,236,17,2216,2216,2216,2216,2216
1,236,18,2208,2208,2208,2208,2208
1,236,19,168,168,168,168,168
1,236,20,2216,2216,2216,2216,2216
1,236,21,2208,2208,2208,2208,2208
1,236,22,168,168,168,168,168
1,236,23,2216,2216,2216,2216,2216
1,236,24,2208,2208,2208,2208,2208
1,236,25,168,168,168,168,168
1,236,26,2216,2216,2216,2216,2216
1,236,27,2208,2208,2208,2208,2208
1,236,28,168,168,168,168,168
1,236,29,2216,2216,2216,2216,2216
1,236,30,2208,2208,2208,2208,2208
1,236,31,168,168,168,168,168
1,236,32,2216,2216,2216,2216,2216
1,236,33,2208,2208,2208,2208,2208
1,236,34,168,168,168,168,168
1,236,35,2216,2216,2216,2216,2216
1,236,36,2208,2208,2208,2208,2208
1,236,37,168,168,168,168,168
1,236,38,2216,2216,2216,2216,2216
1,236,39,2208,2208,2208,2208,2208
1,236,40,168,168,168,168,168
1,236,41,2216,2216,2216,2216,2216
1,236,42,2208,2208,2208,2208,2208
1,236,43,168,168,168,168,168
1,236,44,2216,2216,2216,2216,2216
1,236,45,2208,2208,2208,2208,2208
1,236,46,168,168,168,168,168
1,236,47,2216,2216,2216,2216,2216
1,236,48,2208,2208,2208,2208,2208
1,236,49,168,168,168,168,168
1,236,50,2216,2216,2216,2216,2216
1,236,51,2208,2208,2208,2208,2208
1,236,52,168,168,168,168,168
1,236,53,2216,2216,2216,2216,2216
1,236,54,2208,2208,2208,2208,2208
1,236,55,168,168,168,168,168
1,236,56,2216,2216,2216,2216,2216
1,236,57,2208,2208,2208,2208,2208
1,236,58,168,168,168,168,168
1,236,59,2216,2216,2216,2216,2216
1,236,60,2208,2208,2208,2208,2208
1,236,61,168,168,168,168,168
1,236,62,2216,2216,2216,2216,2216
1,236,63,2208,2208,2208,2208,2208
1,236,64,168,168,168,168,168
1,236,65,2216,2216,2216,2216,2216
1,236,66,2208,2208,2208,2208,2208
1,236,67,168,168,168,168,168
1,236,68,2216,2216,2216,2216,2216
1,236,69,2208,2208,2208,2208,2208
1,236,70,168,168,168,168,168
1,236,71,2216,2216,2216,2216,2216
1,236,72,2208,2208,2208,2208,2208
1,236,73,168,168,168,168,168
1,236,74,2216,2216,2216,2216,2216
1,236,75,2208,2208,2208,2208,2208
1,236,76,168,168,168,168,168
1,236,77,2216,2216,2216,2216,2216
1,236,78,2208,2208,2208,2208,2208
1,236,79,168,168,168,168,168
1,236,80,2216,2216,2216,2216,2216
1,237,0,2720,2720,2720,2720,2720
1,237,1,680,680,680,680,680
1,237,2,2728,2728,2728,2728,2728
1,237,3,2720,2720,2720,2720,2720
1,237,4,680,680,680,680,680
1,237,5,2728,2728,2728,2728,2728
1,237,6,2720,2720,2720,2720,2720
1,237,7,680,680,680,680,680
1,237,8,2728,2728,2728,2728,2728
1,237,9,2210,2210,2210,2210,2210
1,237,10,170,170,170,170,170
1,237,11,2218,2218,2218,2218,2218
1,237,12,2210,2210,2210,2210,2210
1,237,13,170,170,170,170,170
1,237,14,2218,2218,2218,2218,2218
1,237,15,2210,2210,2210,2210,2210
1,237,16,170,170,170,170,170
1,237,17,2218,2218,2218,2218,2218
1,237,18,2722,2722,2722,2722,2722
1,237,19,682,682,682,682,682
1,237,20,2730,2730,2730,2730,2730
1,237,21,2722,2722,2722,2722,2722
1,237,22,682,682,682,682,682
1,237,23,2730,2730,2730,2730,2730
1,237,24,2722,2722,2722,2722,2722
1,237,25,682,682,682,682,682
1,237,26,2730,2730,2730,2730,2730
1,237,27,2720,2720,2720,2720,2720
1,237,28,680,680,680,680,680
1,237,29,2728,2728,2728,2728,2728
1,237,30,2720,2720,2720,2720,2720
1,237,31,680,680,680,680,680
1,237,32,2728,2728,2728,2728,2728
1,237,33,2720,2720,2720,2720,2720
1,237,34,680,680,680,680,680
1,237,35,2728,2728,2728,2728,2728
1,237,36,2210,2210,2210,2210,2210
1,237,37,170,170,170,170,170
1,237,38,2218,2218,2218,2218,2218
1,237,39,2210,2210,2210,2210,2210
1,237,40,170,170,170,170,170
1,237,41,2218,2218,2218,2218,2218
1,237,42,2210,2210,2210,2210,2210
1,237,43,170,170,170,170,170
1,237,44,2218,2218,2218,2218,2218
1,237,45,2722,2722,2722,2722,2722
1,237,46,682,682,682,682,682
1,237,47,2730,2730,2730,2730,2730
1,237,48,2722,2722,2722,2722,2722
1,237,49,682,682,682,682,682
1,237,50,2730,2730,2730,2730,2730
1,237,51,2722,2722,2722,2722,2722
1,237,52,682,682,682,682,682
1,237,53,2730,2730,2730,2730,2730
1,237,54,2720,2720,2720,2720,2720
1,237,55,680,680,680,680,680
1,237,56,2728,2728,2728,2728,2728
1,237,57,2720,2720,2720,2720,2720
1,237,58,680,680,680,680,680
1,237,59,2728,2728,2728,2728,2728
1,237,60,2720,2720,2720,2720,2720
1,237,61,680,680,680,680,680
1,237,62,2728,2728,2728,2728,2728
1,237,63,2210,2210,2210,2210,2210
1,237,64,170,170,170,170,170
1,237,65,2218,2218,2218,2218,2218
1,237,66,2210,2210,2210,2210,2210
1,237,67,170,170,170,170,170
1,237,68,2218,2218,2218,2218,2218
1,237,69,2210,2210,2210,2210,2210
1,237,70,170,170,170,170,170
1,237,71,2218,2218,2218,2218,2218
1,237,72,2722,2722,2722,2722,2722
1,237,73,682,682,682,682,682
1,237,74,2730,2730,2730,2730,2730
1,237,75,2722,2722,2722,2722,2722
1,237,76,682,682,682,682,682
1,237,77,2730,2730,2730,2730,2730
1,237,78,2722,2722,2722,2722,2722
1,237,79,682,682,682,682,682
1,237,80,2730,2730,2730,2730,2730
1,238,0,2720,2720,2720,2720,2720
1,238,1,680,680,680,680,680
1,238,2,2728,2728,2728,2728,2728
1,238,3,2720,2720,2720,2720,2720
1,238,4,680,680,680,680,680
1,238,5,2728,2728,2728,2728,2728
1,238,6,2720,2720,2720,2720,2720
1,238,7,680,680,680,680,680
1,238,8,2728,2728,2728,2728,2728
1,238,9,2210,2210,2210,2210,2210
1,238,10,170,170,170,170,170
1,238,11,2218,2218,2218,2218,2218
1,238,12,2210,2210,2210,2210,2210
1,238,13,170,170,170,170,170
1,238,14,2218,2218,2218,2218,2218
1,238,15,2210,2210,2210,2210,2210
1,238,16,170,170,170,170,170
1,238,17,2218,2218,2218,2218,2218
1,238,18,2722,2722,2722,2722,2722
1,238,19,682,682,682,682,682
1,238,20,2730,2730,2730,2730,2730
1,238,21,2722,2722,2722,2722,2722
1,238,22,682,682,682,682,682
1,238,23,2730,2730,2730,2730,2730
1,238,24,2722,2722,2722,2722,2722
1,238,25,682,682,682,682,682
1,238,26,2730,2730,2730,2730,2730
1,238,27,2720,2720,2720,2720,2720
1,238,28,680,680,680,680,680
1,238,29,2728,2728,2728,2728,2728
1,238,30,2720,2720,2720,2720,2720
1,238,31,680,680,680,680,680
1,238,32,2728,2728,2728,2728,2728
1,238,33,2720,2720,2720,2720,2720
1,238,34,680,680,680,680,680
1,238,35,2728,2728,2728,2728,2728
1,238,36,2210,2210,2210,2210,2210
1,238,37,170,170,170,170,170
1,238,38,2218,2218,2218,2218,2218
1,238,39,2210,2210,2210,2210,2210
1,238,40,170,170,170,170,170
1,238,41,2218,2218,2218,2218,2218
1,238,42,2210,2210,2210,2210,2210
1,238,43,170,170,170,170,170
1,238,44,2218,2218,2218,2218,2218
1,238,45,2722,2722,2722,2722,2722
1,238,46,682,682,682,682,682
1,238,47,2730,2730,2730,2730,2730
1,238,48,2722,2722,2722,2722,2722
1,238,49,682,682,682,682,682
1,238,50,2730,2730,2730,2730,2730
1,238,51,2722,2722,2722,2722,2722
1,238,52,682,682,682,682,682
1,238,53,2730,2730,2730,2730,2730
1,238,54,2720,2720,2720,2720,2720
1,238,55,680,680,680,680,680
1,238,56,2728,2728,2728,2728,2728
1,238,57,2720,2720,2720,2720,2720
1,238,58,680,680,680,680,680
1,238,59,2728,2728,2728,2728,2728
1,238,60,2720,2720,2720,2720,2720
1,238,61,680,680,680,680,680
1,238,62,2728,2728,2728,2728,2728
1,238,63,2210,2210,2210,2210,2210
1,238,64,170,170,170,170,170
1,238,65,2218,2218,2218,2218,2218
1,238,66,2210,2210,2210,2210,2210
1,238,67,170,170,170,170,170
1,238,68,2218,2218,2218,2218,2218
1,238,69,2210,2210,2210,2210,2210
1,238,70,170,170,170,170,170
1,238,71,2218,2218,2218,2218,2218
1,238,72,2722,2722,2722,2722,2722
1,238,73,682,682,682,682,682
1,238,74,2730,2730,2730,2730,2730
1,238,75,2722,2722,2722,2722,2722
1,238,76,682,682,682,682,682
1,238,77,2730,2730,2730,2730,2730
1,238,78,2722,2722,2722,2722,2722
1,238,79,682,682,682,682,682
1,238,80,2730,2730,2730,2730,2730
1,239,0,2720,2720,2720,2720,2720
1,239,1,680,680,680,680,680
1,239,2,2728,2728,2728,2728,2728
1,239,3,2720,2720,2720,2720,2720
1,239,4,680,680,680,680,680
1,239,5,2728,2728,2728,2728,2728
1,239,6,2720,2720,2720,2720,2720
1,239,7,680,680,680,680,680
1,239,8,2728,2728,2728,2728,2728
1,239,9,2210,2210,2210,2210,2210
1,239,10,170,170,170,170,170
1,239,11,2218,2218,2218,2218,2218
1,239,12,2210,2210,2210,2210,2210
1,239,13,170,170,170,170,170
1,239,14,2218,2218,2218,2218,2218
1,239,15,2210,2210,2210,2210,2210
1,239,16,170,170,170,170,170
1,239,17,2218,2218,2218,2218,2218
1,239,18,2722,2722,2722,2722,2722
1,239,19,682,682,682,682,682
1,239,20,2730,2730,2730,2730,2730
1,239,21,2722,2722,2722,2722,2722
1,239,22,682,682,682,682,682
1,239,23,2730,2730,2730,2730,2730
1,239,24,2722,2722,2722,2722,2722
1,239,25,682,682,682,682,682
1,239,26,2730,2730,2730,2730,2730
1,239,27,2720,2720,2720,2720,2720
1,239,28,680,680,680,680,680
1,239,29,2728,2728,2728,2728,2728
1,239,30,2720,2720,2720,2720,2720
1,239,31,680,680,680,680,680
1,239,32,2728,2728,2728,2728,2728
1,239,33,2720,2720,2720,2720,2720
1,239,34,680,680,680,680,680
1,239,35,2728,2728,2728,2728,2728
1,239,36,2210,2210,2210,2210,2210
1,239,37,170,170,170,170,170
1,239,38,2218,2218,2218,2218,2218
1,239,39,2210,2210,2210,2210,2210
1,239,40,170,170,170,170,170
1,239,41,2218,2218,2218,2218,2218
1,239,42,2210,2210,2210,2210,2210
1,239,43,170,170,170,170,170
1,239,44,2218,2218,2218,2218,2218
1,239,45,2722,2722,2722,2722,2722
1,239,46,682,682,682,682,682
1,239,47,2730,2730,2730,2730,2730
1,239,48,2722,2722,2722,2722,2722
1,239,49,682,682,682,682,682
1,239,50,2730,2730,2730,2730,2730
1,239,51,2722,2722,2722,2722,2722
1,239,52,682,682,682,682,682
1,239,53,2730,2730,2730,2730,2730
1,239,54,2720,2720,2720,2720,2720
1,239,55,680,680,680,680,680
1,239,56,2728,2728,2728,2728,2728
1,239,57,2720,2720,2720,2720,2720
1,239,58,680,680,680,680,680
1,239,59,2728,2728,2728,2728,2728
1,239,60,2720,2720,2720,2720,2720
1,239,61,680,680,680,680,680
1,239,62,2728,2728,2728,2728,2728
1,239,63,2210,2210,2210,2210,2210
1,239,64,170,170,170,170,170
1,239,65,2218,2218,2218,2218,2218
1,239,66,2210,2210,2210,2210,2210
1,239,67,170,170,170,170,170
1,239,68,2218,2218,2218,2218,2218
1,239,69,2210,2210,2210,2210,2210
1,239,70,170,170,170,170,170
1,239,71,2218,2218,2218,2218,2218
1,239,72,2722,2722,2722,2722,2722
1,239,73,682,682,682,682,682
1,239,74,2730,2730,2730,2730,2730
1,239,75,2722,2722,2722,2722,2722
1,239,76,682,682,682,682,682
1,239,77,2730,2730,2730,2730,2730
1,239,78,2722,2722,2722,2722,2722
1,239,79,682,682,682,682,682
1,239,80,2730,2730,2730,2730,2730
1,240,0,160,160,160,160,160
1,240,1,160,160,160,160,160
1,240,2,160,160,160,160,160
1,240,3,160,160,160,160,160
1,240,4,160,160,160,160,160
1,240,5,160,160,160,160,160
1,240,6,160,160,160,160,160
1,240,7,160,160,160,160,160
1,240,8,160,160,160,160,160
1,240,9,160,160,160,160,160
1,240,10,160,160,160,160,160
1,240,11,160,160,160,160,160
1,240,12,160,160,160,160,160
1,240,13,160,160,160,160,160
1,240,14,160,160,160,160,160
1,240,15,160,160,160,160,160
1,240,16,160,160,160,160,160
1,240,17,160,160,160,160,160
1,240,18,160,160,160,160,160
1,240,19,160,160,160,160,160
1,240,20,160,160,160,160,160
1,240,21,160,160,160,160,160
1,240,22,160,160,160,160,160
1,240,23,160,160,160,160,160
1,240,24,160,160,160,160,160
1,240,25,160,160,160,160,160
1,240,26,160,160,160,160,160
1,240,27,160,160,160,160,160
1,240,28,160,160,160,160,160
1,240,29,160,160,160,160,160
1,240,30,160,160,160,160,160
1,240,31,160,160,160,160,160
1,240,32,160,160,160,160,160
1,240,33,160,160,160,160,160
1,240,34,160,160,160,160,160
1,240,35,160,160,160,160,160
1,240,36,160,160,160,160,160
1,240,37,160,160,160,160,160
1,240,38,160,160,160,160,160
1,240,39,160,160,160,160,160
1,240,40,160,160,160,160,160
1,240,41,160,160,160,160,160
1,240,42,160,160,160,160,160
1,240,43,160,160,160,160,160
1,240,44,160,160,160,160,160
1,240,45,160,160,160,160,160
1,240,46,160,160,160,160,160
1,240,47,160,160,160,160,160
1,240,48,160,160,160,160,160
1,240,49,160,160,160,160,160
1,240,50,160,160,160,160,160
1,240,51,160,160,160,160,160
1,240,52,160,160,160,160,160
1,240,53,160,160,160,160,160
1,240,54,160,160,160,160,160
1,240,55,160,160,160,160,160
1,240,56,160,160,160,160,160
1,240,57,160,160,160,160,160
1,240,58,160,160,160,160,160
1,240,59,160,160,160,160,160
1,240,60,160,160,160,160,160
1,240,61,160,160,160,160,160
1,240,62,160,160,160,160,160
1,240,63,160,160,160,160,160
1,240,64,160,160,160,160,160
1,240,65,160,160,160,160,160
1,240,66,160,160,160,160,160
1,240,67,160,160,160,160,160
1,240,68,160,160,160,160,160
1,240,69,160,160,160,160,160
1,240,70,160,160,160,160,160
1,240,71,160,160,160,160,160
1,240,72,160,160,160,160,160
1,240,73,160,160,160,160,160
1,240,74,160,160,160,160,160
1,240,75,160,160,160,160,160
1,240,76,160,160,160,160,160
1,240,77,160,160,160,160,160
1,240,78,160,160,160,160,160
1,240,79,160,160,160,160,160
1,240,80,160,160,160,160,160
1,241,0,672,672,672,672,672
1,241,1,672,672,672,672,672
1,241,2,672,672,672,672,672
1,241,3,672,672,672,672,672
1,241,4,672,672,672,672,672
1,241,5,672,672,672,672,672
1,241,6,672,672,672,672,672
1,241,7,672,672,672,672,672
1,241,8,672,672,672,672,672
1,241,9,162,162,162,162,162
1,241,10,162,162,162,162,162
1,241,11,162,162,162,162,162
1,241,12,162,162,162,162,162
1,241,13,162,162,162,162,162
1,241,14,162,162,162,162,162
1,241,15,162,162,162,162,162
1,241,16,162,162,162,162,162
1,241,17,162,162,162,162,162
1,241,18,674,674,674,674,674
1,241,19,674,674,674,674,674
1,241,20,674,674,674,674,674
1,241,21,674,674,674,674,674
1,241,22,674,674,674,674,674
1,241,23,674,674,674,674,674
1,241,24,674,674,674,674,674
1,241,25,674,674,674,674,674
1,241,26,674,674,674,674,674
1,241,27,672,672,672,672,672
1,241,28,672,672,672,672,672
1,241,29,672,672,672,672,672
1,241,30,672,672,672,672,672
1,241,31,672,672,672,672,672
1,241,32,672,672,672,672,672
1,241,33,672,672,672,672,672
1,241,34,672,672,672,672,672
1,241,35,672,672,672,672,672
1,241,36,162,162,162,162,162
1,241,37,162,162,162,162,162
1,241,38,162,162,162,162,162
1,241,39,162,162,162,162,162
1,241,40,162,162,162,162,162
1,241,41,162,162,162,162,162
1,241,42,162,162,162,162,162
1,241,43,162,162,162,162,162
1,241,44,162,162,162,162,162
1,241,45,674,674,674,674,674
1,241,46,674,674,674,674,674
1,241,47,674,674,674,674,674
1,241,48,674,674,674,674,674
1,241,49,674,674,674,674,674
1,241,50,674,674,674,674,674
1,241,51,674,674,674,674,674
1,241,52,674,674,674,674,674
1,241,53,674,674,674,674,674
1,241,54,672,672,672,672,672
1,241,55,672,672,672,672,672
1,241,56,672,672,672,672,672
1,241,57,672,672,672,672,672
1,241,58,672,672,672,672,672
1,241,59,672,672,672,672,672
1,241,60,672,672,672,672,672
1,241,61,672,672,672,672,672
1,241,62,672,672,672,672,672
1,241,63,162,162,162,162,162
1,241,64,162,162,162,162,162
1,241,65,162,162,162,162,162
1,241,66,162,162,162,162,162
1,241,67,162,162,162,162,162
1,241,68,162,162,162,162,162
1,241,69,162,162,162,162,162
1,241,70,162,162,162,162,162
1,241,71,162,162,162,162,162
1,241,72,674,674,674,674,674
1,241,73,674,674,674,674,674
1,241,74,674,674,674,674,674
1,241,75,674,674,674,674,674
1,241,76,674,674,674,674,674
1,241,77,674,674,674,674,674
1,241,78,674,674,674,674,674
1,241,79,674,674,674,674,674
1,241,80,674,674,674,674,674
1,242,0,672,672,672,672,672
1,242,1,672,672,672,672,672
1,242,2,672,672,672,672,672
1,242,3,672,672,672,672,672
1,242,4,672,672,672,672,672
1,242,5,672,672,672,672,672
1,242,6,672,672,672,672,672
1,242,7,672,672,672,672,672
1,242,8,672,672,672,672,672
1,242,9,162,162,162,162,162
1,242,10,162,162,162,162,162
1,242,11,162,162,162,162,162
1,242,12,162,162,162,162,162
1,242,13,162,162,162,162,162
1,242,14,162,162,162,162,162
1,242,15,162,162,162,162,162
1,242,16,162,162,162,162,162
1,242,17,162,162,162,162,162
1,242,18,674,674,674,674,674
1,242,19,674,674,674,674,674
1,242,20,674,674,674,674,674
1,242,21,674,674,674,674,674
1,242,22,674,674,674,674,674
1,242,23,674,674,674,674,674
1,242,24,674,674,674,674,674
1,242,25,674,674,674,674,674
1,242,26,674,674,674,674,674
1,242,27,672,672,672,672,672
1,242,28,672,672,672,672,672
1,242,29,672,672,672,672,672
1,242,30,672,672,672,672,672
1,242,31,672,672,672,672,672
1,242,32,672,672,672,672,672
1,242,33,672,672,672,672,672
1,242,34,672,672,672,672,672
1,242,35,672,672,672,672,672
1,242,36,162,162,162,162,162
1,242,37,162,162,162,162,162
1,242,38,162,162,162,162,162
1,242,39,162,162,162,162,162
1,242,40,162,162,162,162,162
1,242,41,162,162,162,162,162
1,242,42,162,162,162,162,162
1,242,43,162,162,162,162,162
1,242,44,162,162,162,162,162
1,242,45,674,674,674,674,674
1,242,46,674,674,674,674,674
1,242,47,674,674,674,674,674
1,242,48,674,674,674,674,674
1,242,49,674,674,674,674,674
1,242,50,674,674,674,674,674
1,242,51,674,674,674,674,674
1,242,52,674,674,674,674,674
1,242,53,674,674,674,674,674
1,242,54,672,672,672,672,672
1,242,55,672,672,672,672,672
1,242,56,672,672,672,672,672
1,242,57,672,672,672,672,672
1,242,58,672,672,672,672,672
1,242,59,672,672,672,672,672
1,242,60,672,672,672,672,672
1,242,61,672,672,672,672,672
1,242,62,672,672,672,672,672
1,242,63,162,162,162,162,162
1,242,64,162,162,162,162,162
1,242,65,162,162,162,162,162
1,242,66,162,162,162,162,162
1,242,67,162,162,162,162,162
1,242,68,162,162,162,162,162
1,242,69,162,162,162,162,162
1,242,70,162,162,162,162,162
1,242,71,162,162,162,162,162
1,242,72,674,674,674,674,674
1,242,73,674,674,674,674,674
1,242,74,674,674,674,674,674
1,242,75,674,674,674,674,674
1,242,76,674,674,674,674,674
1,242,77,674,674,674,674,674
1,242,78,674,674,674,674,674
1,242,79,674,674,674,674,674
1,242,80,674,674,674,674,674
1,243,0,672,672,672,672,672
1,243,1,672,672,672,672,672
1,243,2,672,672,672,672,672
1,243,3,672,672,672,672,672
1,243,4,672,672,672,672,672
1,243,5,672,672,672,672,672
1,243,6,672,672,672,672,672
1,243,7,672,672,672,672,672
1,243,8,672,672,672,672,672
1,243,9,162,162,162,162,162
1,243,10,162,162,162,162,162
1,243,11,162,162,162,162,162
1,243,12,162,162,162,162,162
1,243,13,162,162,162,162,162
1,243,14,162,162,162,162,162
1,243,15,162,162,162,162,162
1,243,16,162,162,162,162,162
1,243,17,162,162,162,162,162
1,243,18,674,674,674,674,674
1,243,19,674,674,674,674,674
1,243,20,674,674,674,674,674
1,243,21,674,674,674,674,674
1,243,22,674,674,674,674,674
1,243,23,674,674,674,674,674
1,243,24,674,674,674,674,674
1,243,25,674,674,674,674,674
1,243,26,674,674,674,674,674
1,243,27,672,672,672,672,672
1,243,28,672,672,672,672,672
1,243,29,672,672,672,672,672
1,243,30,672,672,672,672,672
1,243,31,672,672,672,672,672
1,243,32,672,672,672,672,672
1,243,33,672,672,672,672,672
1,243,34,672,672,672,672,672
1,243,35,672,672,672,672,672
1,243,36,162,162,162,162,162
1,243,37,162,162,162,162,162
1,243,38,162,162,162,162,162
1,243,39,162,162,162,162,162
1,243,40,162,162,162,162,162
1,243,41,162,162,162,162,162
1,243,42,162,162,162,162,162
1,243,43,162,162,162,162,162
1,243,44,162,162,162,162,162
1,243,45,674,674,674,674,674
1,243,46,674,674,674,674,674
1,243,47,674,674,674,674,674
1,243,48,674,674,674,674,674
1,243,49,674,674,674,674,674
1,243,50,674,674,674,674,674
1,243,51,674,674,674,674,674
1,243,52,674,674,674,674,674
1,243,53,674,674,674,674,674
1,243,54,672,672,672,672,672
1,243,55,672,672,672,672,672
1,243,56,672,672,672,672,672
1,243,57,672,672,672,672,672
1,243,58,672,672,672,672,672
1,243,59,672,672,672,672,672
1,243,60,672,672,672,672,672
1,243,61,672,672,672,672,672
1,243,62,672,672,672,672,672
1,243,63,162,162,162,162,162
1,243,64,162,162,162,162,162
1,243,65,162,162,162,162,162
1,243,66,162,162,162,162,162
1,243,67,162,162,162,162,162
1,243,68,162,162,162,162,162
1,243,69,162,162,162,162,162
1,243,70,162,162,162,162,162
1,243,71,162,162,162,162,162
1,243,72,674,674,674,674,674
1,243,73,674,674,674,674,674
1,243,74,674,674,674,674,674
1,243,75,674,674,674,674,674
1,243,76,674,674,674,674,674
1,243,77,674,674,674,674,674
1,243,78,674,674,674,674,674
1,243,79,674,674,674,674,674
1,243,80,674,674,674,674,674
1,244,0,2208,2208,2208,2208,2208
1,244,1,168,168,168,168,168
1,244,2,2216,2216,2216,2216,2216
1,244,3,2208,2208,2208,2208,2208
1,244,4,168,168,168,168,168
1,244,5,2216,2216,2216,2216,2216
1,244,6,2208,2208,2208,2208,2208
1,244,7,168,168,168,168,168
1,244,8,2216,2216,2216,2216,2216
1,244,9,2208,2208,2208,2208,2208
1,244,10,168,168,168,168,168
1,244,11,2216,2216,2216,2216,2216
1,244,12,2208,2208,2208,2208,2208
1,244,13,168,168,168,168,168
1,244,14,2216,2216,2216,2216,2216
1,244,15,2208,2208,2208,2208,2208
1,244,16,168,168,168,168,168
1,244,17,2216,2216,2216,2216,2216
1,244,18,2208,2208,2208,2208,2208
1,244,19,168,168,168,168,168
1,244,20,2216,2216,2216,2216,2216
1,244,21,2208,2208,2208,2208,2208
1,244,22,168,168,168,168,168
1,244,23,2216,2216,2216,2216,2216
1,244,24,2208,2208,2208,2208,2208
1,244,25,168,168,168,168,168
1,244,26,2216,2216,2216,2216,2216
1,244,27,2208,2208,2208,2208,2208
1,244,28,168,168,168,168,168
1,244,29,2216,2216,2216,2216,2216
1,244,30,2208,2208,2208,2208,2208
1,244,31,168,168,168,168,168
1,244,32,2216,2216,2216,2216,2216
1,244,33,2208,2208,2208,2208,2208
1,244,34,168,168,168,168,168
1,244,35,2216,2216,2216,2216,2216
1,244,36,2208,2208,2208,2208,2208
1,244,37,168,168,168,168,168
1,244,38,2216,2216,2216,2216,2216
1,244,39,2208,2208,2208,2208,2208
1,244,40,168,168,168,168,168
1,244,41,2216,2216,2216,2216,2216
1,244,42,2208,2208,2208,2208,2208
1,244,43,168,168,168,168,168
1,244,44,2216,2216,2216,2216,2216
1,244,45,2208,2208,2208,2208,2208
1,244,46,168,168,168,168,168
1,244,47,2216,2216,2216,2216,2216
1,244,48,2208,2208,2208,2208,2208
1,244,49,168,168,168,168,168
1,244,50,2216,2216,2216,2216,2216
1,244,51,2208,2208,2208,2208,2208
1,244,52,168,168,168,168,168
1,244,53,2216,2216,2216,2216,2216
1,244,54,2208,2208,2208,2208,2208
1,244,55,168,168,168,168,168
1,244,56,2216,2216,2216,2216,2216
1,244,57,2208,2208,2208,2208,2208
1,244,58,168,168,168,168,168
1,244,59,2216,2216,2216,2216,2216
1,244,60,2208,2208,2208,2208,2208
1,244,61,168,168,168,168,168
1,244,62,2216,2216,2216,2216,2216
1,244,63,2208,2208,2208,2208,2208
1,244,64,168,168,168,168,168
1,244,65,2216,2216,2216,2216,2216
1,244,66,2208,2208,2208,2208,2208
1,244,67,168,168,168,168,168
1,244,68,2216,2216,2216,2216,2216
1,244,69,2208,2208,2208,2208,2208
1,244,70,168,168,168,168,168
1,244,71,2216,2216,2216,2216,2216
1,244,72,2208,2208,2208,2208,2208
1,244,73,168,168,168,168,168
1,244,74,2216,2216,2216,2216,2216
1,244,75,2208,2208,2208,2208,2208
1,244,76,168,168,168,168,168
1,244,77,2216,2216,2216,2216,2216
1,244,78,2208,2208,2208,2208,2208
1,244,79,168,168,168,168,168
1,244,80,2216,2216,2216,2216,2216
1,245,0,2720,2720,2720,2720,2720
1,245,1,680,680,680,680,680
1,245,2,2728,2728,2728,2728,2728
1,245,3,2720,2720,2720,2720,2720
1,245,4,680,680,680,680,680
1,245,5,2728,2728,2728,2728,2728
1,245,6,2720,2720,2720,2720,2720
1,245,7,680,680,680,680,680
1,245,8,2728,2728,2728,2728,2728
1,245,9,2210,2210,2210,2210,2210
1,245,10,170,170,170,170,170
1,245,11,2218,2218,2218,2218,2218
1,245,12,2210,2210,2210,2210,2210
1,245,13,170,170,170,170,170
1,245,14,2218,2218,2218,2218,2218
1,245,15,2210,2210,2210,2210,2210
1,245,16,170,170,170,170,170
1,245,17,2218,2218,2218,2218,2218
1,245,18,2722,2722,2722,2722,2722
1,245,19,682,682,682,682,682
1,245,20,2730,2730,2730,2730,2730
1,245,21,2722,2722,2722,2722,2722
1,245,22,682,682,682,682,682
1,245,23,2730,2730,2730,2730,2730
1,245,24,2722,2722,2722,2722,2722
1,245,25,682,682,682,682,682
1,245,26,2730,2730,2730,2730,2730
1,245,27,2720,2720,2720,2720,2720
1,245,28,680,680,680,680,680
1,245,29,2728,2728,2728,2728,2728
1,245,30,2720,2720,2720,2720,2720
1,245,31,680,680,680,680,680
1,245,32,2728,2728,2728,2728,2728
1,245,33,2720,2720,2720,2720,2720
1,245,34,680,680,680,680,680
1,245,35,2728,2728,2728,2728,2728
1,245,36,2210,2210,2210,2210,2210
1,245,37,170,170,170,170,170
1,245,38,2218,2218,2218,2218,2218
1,245,39,2210,2210,2210,2210,2210
1,245,40,170,170,170,170,170
1,245,41,2218,2218,2218,2218,2218
1,245,42,2210,2210,2210,2210,2210
1,245,43,170,170,170,170,170
1,245,44,2218,2218,2218,2218,2218
1,245,45,2722,2722,2722,2722,2722
1,245,46,682,682,682,682,682
1,245,47,2730,2730,2730,2730,2730
1,245,48,2722,2722,2722,2722,2722
1,245,49,682,682,682,682,682
1,245,50,2730,2730,2730,2730,2730
1,245,51,2722,2722,2722,2722,2722
1,245,52,682,682,682,682,682
1,245,53,2730,2730,2730,2730,2730
1,245,54,2720,2720,2720,2720,2720
1,245,55,680,680,680,680,680
1,245,56,2728,2728,2728,2728,2728
1,245,57,2720,2720,2720,2720,2720
1,245,58,680,680,680,680,680
1,245,59,2728,2728,2728,2728,2728
1,245,60,2720,2720,2720,2720,2720
1,245,61,680,680,680,680,680
1,245,62,2728,2728,2728,2728,2728
1,245,63,2210,2210,2210,2210,2210
1,245,64,170,170,170,170,170
1,245,65,2218,2218,2218,2218,2218
1,245,66,2210,2210,2210,2210,2210
1,245,67,170,170,170,170,170
1,245,68,2218,2218,2218,2218,2218
1,245,69,2210,2210,2210,2210,2210
1,245,70,170,170,170,170,170
1,245,71,2218,2218,2218,2218,2218
1,245,72,2722,2722,2722,2722,2722
1,245,73,682,682,682,682,682
1,245,74,2730,2730,2730,2730,2730
1,245,75,2722,2722,2722,2722,2722
1,245,76,682,682,682,682,682
1,245,77,2730,2730,2730,2730,2730
1,245,78,2722,2722,2722,2722,2722
1,245,79,682,682,682,682,682
1,245,80,2730,2730,2730,2730,2730
1,246,0,2720,2720,2720,2720,2720
1,246,1,680,680,680,680,680
1,246,2,2728,2728,2728,2728,2728
1,246,3,2720,2720,2720,2720,2720
1,246,4,680,680,680,680,680
1,246,5,2728,2728,2728,2728,2728
1,246,6,2720,2720,2720,2720,2720
1,246,7,680,680,680,680,680
1,246,8,2728,2728,2728,2728,2728
1,246,9,2210,2210,2210,2210,2210
1,246,10,170,170,170,170,170
1,246,11,2218,2218,2218,2218,2218
1,246,12,2210,2210,2210,2210,2210
1,246,13,170,170,170,170,170
1,246,14,2218,2218,2218,2218,2218
1,246,15,2210,2210,2210,2210,2210
1,246,16,170,170,170,170,170
1,246,17,2218,2218,2218,2218,2218
1,246,18,2722,2722,2722,2722,2722
1,246,19,682,682,682,682,682
1,246,20,2730,2730,2730,2730,2730
1,246,21,2722,2722,2722,2722,2722
1,246,22,682,682,682,682,682
1,246,23,2730,2730,2730,2730,2730
1,246,24,2722,2722,2722,2722,2722
1,246,25,682,682,682,682,682
1,246,26,2730,2730,2730,2730,2730
1,246,27,2720,2720,2720,2720,2720
1,246,28,680,680,680,680,680
1,246,29,2728,2728,2728,2728,2728
1,246,30,2720,2720,2720,2720,2720
1,246,31,680,680,680,680,680
1,246,32,2728,2728,2728,2728,2728
1,246,33,2720,2720,2720,2720,2720
1,246,34,680,680,680,680,680
1,246,35,2728,2728,2728,2728,2728
1,246,36,2210,2210,2210,2210,2210
1,246,37,170,170,170,170,170
1,246,38,2218,2218,2218,2218,2218
1,246,39,2210,2210,2210,2210,2210
1,246,40,170,170,170,170,170
1,246,41,2218,2218,2218,2218,2218
1,246,42,2210,2210,2210,2210,2210
1,246,43,170,170,170,170,170
1,246,44,2218,2218,2218,2218,2218
1,246,45,2722,2722,2722,2722,2722
1,246,46,682,682,682,682,682
1,246,47,2730,2730,2730,2730,2730
1,246,48,2722,2722,2722,2722,2722
1,246,49,682,682,682,682,682
1,246,50,2730,2730,2730,2730,2730
1,246,51,2722,2722,2722,2722,2722
1,246,52,682,682,682,682,682
1,246,53,2730,2730,2730,2730,2730
1,246,54,2720,2720,2720,2720,2720
1,246,55,680,680,680,680,680
1,246,56,2728,2728,2728,2728,2728
1,246,57,2720,2720,2720,2720,2720
1,246,58,680,680,680,680,680
1,246,59,2728,2728,2728,2728,2728
1,246,60,2720,2720,2720,2720,2720
1,246,61,680,680,680,680,680
1,246,62,2728,2728,2728,2728,2728
1,246,63,2210,2210,2210,2210,2210
1,246,64,170,170,170,170,170
1,246,65,2218,2218,2218,2218,2218
1,246,66,2210,2210,2210,2210,2210
1,246,67,170,170,170,170,170
1,246,68,2218,2218,2218,2218,2218
1,246,69,2210,2210,2210,2210,2210
1,246,70,170,170,170,170,170
1,246,71,2218,2218,2218,2218,2218
1,246,72,2722,2722,2722,2722,2722
1,246,73,682,682,682,682,682
1,246,74,2730,2730,2730,2730,2730
1,246,75,2722,2722,2722,2722,2722
1,246,76,682,682,682,682,682
1,246,77,2730,2730,2730,2730,2730
1,246,78,2722,2722,2722,2722,2722
1,246,79,682,682,682,682,682
1,246,80,2730,2730,2730,2730,2730
1,247,0,2720,2720,2720,2720,2720
1,247,1,680,680,680,680,680
1,247,2,2728,2728,2728,2728,2728
1,247,3,2720,2720,2720,2720,2720
1,247,4,680,680,680,680,680
1,247,5,2728,2728,2728,2728,2728
1,247,6,2720,2720,2720,2720,2720
1,247,7,680,680,680,680,680
1,247,8,2728,2728,2728,2728,2728
1,247,9,2210,2210,2210,2210,2210
1,247,10,170,170,170,170,170
1,247,11,2218,2218,2218,2218,2218
1,247,12,2210,2210,2210,2210,2210
1,247,13,170,170,170,170,170
1,247,14,2218,2218,2218,2218,2218
1,247,15,2210,2210,2210,2210,2210
1,247,16,170,170,170,170,170
1,247,17,2218,2218,2218,2218,2218
1,247,18,2722,2722,2722,2722,2722
1,247,19,682,682,682,682,682
1,247,20,2730,2730,2730,2730,2730
1,247,21,2722,2722,2722,2722,2722
1,247,22,682,682,682,682,682
1,247,23,2730,2730,2730,2730,2730
1,247,24,2722,2722,2722,2722,2722
1,247,25,682,682,682,682,682
1,247,26,2730,2730,2730,2730,2730
1,247,27,2720,2720,2720,2720,2720
1,247,28,680,680,680,680,680
1,247,29,2728,2728,2728,2728,2728
1,247,30,2720,2720,2720,2720,2720
1,247,31,680,680,680,680,680
1,247,32,2728,2728,2728,2728,2728
1,247,33,2720,2720,2720,2720,2720
1,247,34,680,680,680,680,680
1,247,35,2728,2728,2728,2728,2728
1,247,36,2210,2210,2210,2210,2210
1,247,37,170,170,170,170,170
1,247,38,2218,2218,2218,2218,2218
1,247,39,2210,2210,2210,2210,2210
1,247,40,170,170,170,170,170
1,247,41,2218,2218,2218,2218,2218
1,247,42,2210,2210,2210,2210,2210
1,247,43,170,170,170,170,170
1,247,44,2218,2218,2218,2218,2218
1,247,45,2722,2722,2722,2722,2722
1,247,46,682,682,682,682,682
1,247,47,2730,2730,2730,2730,2730
1,247,48,2722,2722,2722,2722,2722
1,247,49,682,682,682,682,682
1,247,50,2730,2730,2730,2730,2730
1,247,51,2722,2722,2722,2722,2722
1,247,52,682,682,682,682,682
1,247,53,2730,2730,2730,2730,2730
1,247,54,2720,2720,2720,2720,2720
1,247,55,680,680,680,680,680
1,247,56,2728,2728,2728,2728,2728
1,247,57,2720,2720,2720,2720,2720
1,247,58,680,680,680,680,680
1,247,59,2728,2728,2728,2728,2728
1,247,60,2720,2720,2720,2720,2720
1,247,61,680,680,680,680,680
1,247,62,2728,2728,2728,2728,2728
1,247,63,2210,2210,2210,2210,2210
1,247,64,170,170,170,170,170
1,247,65,2218,2218,2218,2218,2218
1,247,66,2210,2210,2210,2210,2210
1,247,67,170,170,170,170,170
1,247,68,2218,2218,2218,2218,2218
1,247,69,2210,2210,2210,2210,2210
1,247,70,170,170,170,170,170
1,247,71,2218,2218,2218,2218,2218
1,247,72,2722,2722,2722,2722,2722
1,247,73,682,682,682,682,682
1,247,74,2730,2730,2730,2730,2730
1,247,75,2722,2722,2722,2722,2722
1,247,76,682,682,682,682,682
1,247,77,2730,2730,2730,2730,2730
1,247,78,2722,2722,2722,2722,2722
1,247,79,682,682,682,682,682
1,247,80,2730,2730,2730,2730,2730
1,248,0,2208,2208,2208,2208,2208
1,248,1,168,168,168,168,168
1,248,2,2216,2216,2216,2216,2216
1,248,3,2208,2208,2208,2208,2208
1,248,4,168,168,168,168,168
1,248,5,2216,2216,2216,2216,2216
1,248,6,2208,2208,2208,2208,2208
1,248,7,168,168,168,168,168
1,248,8,2216,2216,2216,2216,2216
1,248,9,2208,2208,2208,2208,2208
1,248,10,168,168,168,168,168
1,248,11,2216,2216,2216,2216,2216
1,248,12,2208,2208,2208,2208,2208
1,248,13,168,168,168,168,168
1,248,14,2216,2216,2216,2216,2216
1,248,15,2208,2208,2208,2208,2208
1,248,16,168,168,168,168,168
1,248,17,2216,2216,2216,2216,2216
1,248,18,2208,2208,2208,2208,2208
1,248,19,168,168,168,168,168
1,248,20,2216,2216,2216,2216,2216
1,248,21,2208,2208,2208,2208,2208
1,248,22,168,168,168,168,168
1,248,23,2216,2216,2216,2216,2216
1,248,24,2208,2208,2208,2208,2208
1,248,25,168,168,168,168,168
1,248,26,2216,2216,2216,2216,2216
1,248,27,2208,2208,2208,2208,2208
1,248,28,168,168,168,168,168
1,248,29,2216,2216,2216,2216,2216
1,248,30,2208,2208,2208,2208,2208
1,248,31,168,168,168,168,168
1,248,32,2216,2216,2216,2216,2216
1,248,33,2208,2208,2208,2208,2208
1,248,34,168,168,168,168,168
1,248,35,2216,2216,2216,2216,2216
1,248,36,2208,2208,2208,2208,2208
1,248,37,168,168,168,168,168
1,248,38,2216,2216,2216,2216,2216
1,248,39,2208,2208,2208,2208,2208
1,248,40,168,168,168,168,168
1,248,41,2216,2216,2216,2216,2216
1,248,42,2208,2208,2208,2208,2208
1,248,43,168,168,168,168,168
1,248,44,2216,2216,2216,2216,2216
1,248,45,2208,2208,2208,2208,2208
1,248,46,168,168,168,168,168
1,248,47,2216,2216,2216,2216,2216
1,248,48,2208,2208,2208,2208,2208
1,248,49,168,168,168,168,168
1,248,50,2216,2216,2216,2216,2216
1,248,51,2208,2208,2208,2208,2208
1,248,52,168,168,168,168,168
1,248,53,2216,2216,2216,2216,2216
1,248,54,2208,2208,2208,2208,2208
1,248,55,168,168,168,168,168
1,248,56,2216,2216,2216,2216,2216
1,248,57,2208,2208,2208,2208,2208
1,248,58,168,168,168,168,168
1,248,59,2216,2216,2216,2216,2216
1,248,60,2208,2208,2208,2208,2208
1,248,61,168,168,168,168,168
1,248,62,2216,2216,2216,2216,2216
1,248,63,2208,2208,2208,2208,2208
1,248,64,168,168,168,168,168
1,248,65,2216,2216,2216,2216,2216
1,248,66,2208,2208,2208,2208,2208
1,248,67,168,168,168,168,168
1,248,68,2216,2216,2216,2216,2216
1,248,69,2208,2208,2208,2208,2208
1,248,70,168,168,168,168,168
1,248,71,2216,2216,2216,2216,2216
1,248,72,2208,2208,2208,2208,2208
1,248,73,168,168,168,168,168
1,248,74,2216,2216,2216,2216,2216
1,248,75,2208,2208,2208,2208,2208
1,248,76,168,168,168,168,168
1,248,77,2216,2216,2216,2216,2216
1,248,78,2208,2208,2208,2208,2208
1,248,79,168,168,168,168,168
1,248,80,2216,2216,2216,2216,2216
1,249,0,2720,2720,2720,2720,2720
1,249,1,680,680,680,680,680
1,249,2,2728,2728,2728,2728,2728
1,249,3,2720,2720,2720,2720,2720
1,249,4,680,680,680,680,680
1,249,5,2728,2728,2728,2728,2728
1,249,6,2720,2720,2720,2720,2720
1,249,7,680,680,680,680,680
1,249,8,2728,2728,2728,2728,2728
1,249,9,2210,2210,2210,2210,2210
1,249,10,170,170,170,170,170
1,249,11,2218,2218,2218,2218,2218
1,249,12,2210,2210,2210,2210,2210
1,249,13,170,170,170,170,170
1,249,14,2218,2218,2218,2218,2218
1,249,15,2210,2210,2210,2210,2210
1,249,16,170,170,170,170,170
1,249,17,2218,2218,2218,2218,2218
1,249,18,2722,2722,2722,2722,2722
1,249,19,682,682,682,682,682
1,249,20,2730,2730,2730,2730,2730
1,249,21,2722,2722,2722,2722,2722
1,249,22,682,682,682,682,682
1,249,23,2730,2730,2730,2730,2730
1,249,24,2722,2722,2722,2722,2722
1,249,25,682,682,682,682,682
1,249,26,2730,2730,2730,2730,2730
1,249,27,2720,2720,2720,2720,2720
1,249,28,680,680,680,680,680
1,249,29,2728,2728,2728,2728,2728
1,249,30,2720,2720,2720,2720,2720
1,249,31,680,680,680,680,680
1,249,32,2728,2728,2728,2728,2728
1,249,33,2720,2720,2720,2720,2720
1,249,34,680,680,680,680,680
1,249,35,2728,2728,2728,2728,2728
1,249,36,2210,2210,2210,2210,2210
1,249,37,170,170,170,170,170
1,249,38,2218,2218,2218,2218,2218
1,249,39,2210,2210,2210,2210,2210
1,249,40,170,170,170,170,170
1,249,41,2218,2218,2218,2218,2218
1,249,42,2210,2210,2210,2210,2210
1,249,43,170,170,170,170,170
1,249,44,2218,2218,2218,2218,2218
1,249,45,2722,2722,2722,2722,2722
1,249,46,682,682,682,682,682
1,249,47,2730,2730,2730,2730,2730
1,249,48,2722,2722,2722,2722,2722
1,249,49,682,682,682,682,682
1,249,50,2730,2730,2730,2730,2730
1,249,51,2722,2722,2722,2722,2722
1,249,52,682,682,682,682,682
1,249,53,2730,2730,2730,2730,2730
1,249,54,2720,2720,2720,2720,2720
1,249,55,680,680,680,680,680
1,249,56,2728,2728,2728,2728,2728
1,249,57,2720,2720,2720,2720,2720
1,249,58,680,680,680,680,680
1,249,59,2728,2728,2728,2728,2728
1,249,60,2720,2720,2720,2720,2720
1,249,61,680,680,680,680,680
1,249,62,2728,2728,2728,2728,2728
1,249,63,2210,2210,2210,2210,2210
1,249,64,170,170,170,170,170
1,249,65,2218,2218,2218,2218,2218
1,249,66,2210,2210,2210,2210,2210
1,249,67,170,170,170,170,170
1,249,68,2218,2218,2218,2218,2218
1,249,69,2210,2210,2210,2210,2210
1,249,70,170,170,170,170,170
1,249,71,2218,2218,2218,2218,2218
1,249,72,2722,2722,2722,2722,2722
1,249,73,682,682,682,682,682
1,249,74,2730,2730,2730,2730,2730
1,249,75,2722,2722,2722,2722,2722
1,249,76,682,682,682,682,682
1,249,77,2730,2730,2730,2730,2730
1,249,78,2722,2722,2722,2722,2722
1,249,79,682,682,682,682,682
1,249,80,2730,2730,2730,2730,2730
1,250,0,2720,2720,2720,2720,2720
1,250,1,680,680,680,680,680
1,250,2,2728,2728,2728,2728,2728
1,250,3,2720,2720,2720,2720,2720
1,250,4,680,680,680,680,680
1,250,5,2728,2728,2728,2728,2728
1,250,6,2720,2720,2720,2720,2720
1,250,7,680,680,680,680,680
1,250,8,2728,2728,2728,2728,2728
1,250,9,2210,2210,2210,2210,2210
1,250,10,170,170,170,170,170
1,250,11,2218,2218,2218,2218,2218
1,250,12,2210,2210,2210,2210,2210
1,250,13,170,170,170,170,170
1,250,14,2218,2218,2218,2218,2218
1,250,15,2210,2210,2210,2210,2210
1,250,16,170,170,170,170,170
1,250,17,2218,2218,2218,2218,2218
1,250,18,2722,2722,2722,2722,2722
1,250,19,682,682,682,682,682
1,250,20,2730,2730,2730,2730,2730
1,250,21,2722,2722,2722,2722,2722
1,250,22,682,682,682,682,682
1,250,23,2730,2730,2730,2730,2730
1,250,24,2722,2722,2722,2722,2722
1,250,25,682,682,682,682,682
1,250,26,2730,2730,2730,2730,2730
1,250,27,2720,2720,2720,2720,2720
1,250,28,680,680,680,680,680
1,250,29,2728,2728,2728,2728,2728
1,250,30,2720,2720,2720,2720,2720
1,250,31,680,680,680,680,680
1,250,32,2728,2728,2728,2728,2728
1,250,33,2720,2720,2720,2720,2720
1,250,34,680,680,680,680,680
1,250,35,2728,2728,2728,2728,2728
1,250,36,2210,2210,2210,2210,2210
1,250,37,170,170,170,170,170
1,250,38,2218,2218,2218,2218,2218
1,250,39,2210,2210,2210,2210,2210
1,250,40,170,170,170,170,170
1,250,41,2218,2218,2218,2218,2218
1,250,42,2210,2210,2210,2210,2210
1,250,43,170,170,170,170,170
1,250,44,2218,2218,2218,2218,2218
1,250,45,2722,2722,2722,2722,2722
1,250,46,682,682,682,682,682
1,250,47,2730,2730,2730,2730,2730
1,250,48,2722,2722,2722,2722,2722
1,250,49,682,682,682,682,682
1,250,50,2730,2730,2730,2730,2730
1,250,51,2722,2722,2722,2722,2722
1,250,52,682,682,682,682,682
1,250,53,2730,2730,2730,2730,2730
1,250,54,2720,2720,2720,2720,2720
1,250,55,680,680,680,680,680
1,250,56,2728,2728,2728,2728,2728
1,250,57,2720,2720,2720,2720,2720
1,250,58,680,680,680,680,680
1,250,59,2728,2728,2728,2728,2728
1,250,60,2720,2720,2720,2720,2720
1,250,61,680,680,680,680,680
1,250,62,2728,2728,2728,2728,2728
1,250,63,2210,2210,2210,2210,2210
1,250,64,170,170,170,170,170
1,250,65,2218,2218,2218,2218,2218
1,250,66,2210,2210,2210,2210,2210
1,250,67,170,170,170,170,170
1,250,68,2218,2218,2218,2218,2218
1,250,69,2210,2210,2210,2210,2210
1,250,70,170,170,170,170,170
1,250,71,2218,2218,2218,2218,2218
1,250,72,2722,2722,2722,2722,2722
1,250,73,682,682,682,682,682
1,250,74,2730,2730,2730,2730,2730
1,250,75,2722,2722,2722,2722,2722
1,250,76,682,682,682,682,682
1,250,77,2730,2730,2730,2730,2730
1,250,78,2722,2722,2722,2722,2722
1,250,79,682,682,682,682,682
1,250,80,2730,2730,2730,2730,2730
1,251,0,2720,2720,2720,2720,2720
1,251,1,680,680,680,680,680
1,251,2,2728,2728,2728,2728,2728
1,251,3,2720,2720,2720,2720,2720
1,251,4,680,680,680,680,680
1,251,5,2728,2728,2728,2728,2728
1,251,6,2720,2720,2720,2720,2720
1,251,7,680,680,680,680,680
1,251,8,2728,2728,2728,2728,2728
1,251,9,2210,2210,2210,2210,2210
1,251,10,170,170,170,170,170
1,251,11,2218,2218,2218,2218,2218
1,251,12,2210,2210,2210,2210,2210
1,251,13,170,170,170,170,170
1,251,14,2218,2218,2218,2218,2218
1,251,15,2210,2210,2210,2210,2210
1,251,16,170,170,170,170,170
1,251,17,2218,2218,2218,2218,2218
1,251,18,2722,2722,2722,2722,2722
1,251,19,682,682,682,682,682
1,251,20,2730,2730,2730,2730,2730
1,251,21,2722,2722,2722,2722,2722
1,251,22,682,682,682,682,682
1,251,23,2730,2730,2730,2730,2730
1,251,24,2722,2722,2722,2722,2722
1,251,25,682,682,682,682,682
1,251,26,2730,2730,2730,2730,2730
1,251,27,2720,2720,2720,2720,2720
1,251,28,680,680,680,680,680
1,251,29,2728,2728,2728,2728,2728
1,251,30,2720,2720,2720,2720,2720
1,251,31,680,680,680,680,680
1,251,32,2728,2728,2728,2728,2728
1,251,33,2720,2720,2720,2720,2720
1,251,34,680,680,680,680,680
1,251,35,2728,2728,2728,2728,2728
1,251,36,2210,2210,2210,2210,2210
1,251,37,170,170,170,170,170
1,251,38,2218,2218,2218,2218,2218
1,251,39,2210,2210,2210,2210,2210
1,251,40,170,170,170,170,170
1,251,41,2218,2218,2218,2218,2218
1,251,42,2210,2210,2210,2210,2210
1,251,43,170,170,170,170,170
1,251,44,2218,2218,2218,2218,2218
1,251,45,2722,2722,2722,2722,2722
1,251,46,682,682,682,682,682
1,251,47,2730,2730,2730,2730,2730
1,251,48,2722,2722,2722,2722,2722
1,251,49,682,682,682,682,682
1,251,50,2730,2730,2730,2730,2730
1,251,51,2722,2722,2722,2722,2722
1,251,52,682,682,682,682,682
1,251,53,2730,2730,2730,2730,2730
1,251,54,2720,2720,2720,2720,2720
1,251,55,680,680,680,680,680
1,251,56,2728,2728,2728,2728,2728
1,251,57,2720,2720,2720,2720,2720
1,251,58,680,680,680,680,680
1,251,59,2728,2728,2728,2728,2728
1,251,60,2720,2720,2720,2720,2720
1,251,61,680,680,680,680,680
1,251,62,2728,2728,2728,2728,2728
1,251,63,2210,2210,2210,2210,2210
1,251,64,170,170,170,170,170
1,251,65,2218,2218,2218,2218,2218
1,251,66,2210,2210,2210,2210,2210
1,251,67,170,170,170,170,170
1,251,68,2218,2218,2218,2218,2218
1,251,69,2210,2210,2210,2210,2210
1,251,70,170,170,170,170,170
1,251,71,2218,2218,2218,2218,2218
1,251,72,2722,2722,2722,2722,2722
1,251,73,682,682,682,682,682
1,251,74,2730,2730,2730,2730,2730
1,251,75,2722,2722,2722,2722,2722
1,251,76,682,682,682,682,682
1,251,77,2730,2730,2730,2730,2730
1,251,78,2722,2722,2722,2722,2722
1,251,79,682,682,682,682,682
1,251,80,2730,2730,2730,2730,2730
1,252,0,2208,2208,2208,2208,2208
1,252,1,168,168,168,168,168
1,252,2,2216,2216,2216,2216,2216
1,252,3,2208,2208,2208,2208,2208
1,252,4,168,168,168,168,168
1,252,5,2216,2216,2216,2216,2216
1,252,6,2208,2208,2208,2208,2208
1,252,7,168,168,168,168,168
1,252,8,2216,2216,2216,2216,2216
1,252,9,2208,2208,2208,2208,2208
1,252,10,168,168,168,168,168
1,252,11,2216,2216,2216,2216,2216
1,252,12,2208,2208,2208,2208,2208
1,252,13,168,168,168,168,168
1,252,14,2216,2216,2216,2216,2216
1,252,15,2208,2208,2208,2208,2208
1,252,16,168,168,168,168,168
1,252,17,2216,2216,2216,2216,2216
1,252,18,2208,2208,2208,2208,2208
1,252,19,168,168,168,168,168
1,252,20,2216,2216,2216,2216,2216
1,252,21,2208,2208,2208,2208,2208
1,252,22,168,168,168,168,168
1,252,23,2216,2216,2216,2216,2216
1,252,24,2208,2208,2208,2208,2208
1,252,25,168,168,168,168,168
1,252,26,2216,2216,2216,2216,2216
1,252,27,2208,2208,2208,2208,2208
1,252,28,168,168,168,168,168
1,252,29,2216,2216,2216,2216,2216
1,252,30,2208,2208,2208,2208,2208
1,252,31,168,168,168,168,168
1,252,32,2216,2216,2216,2216,2216
1,252,33,2208,2208,2208,2208,2208
1,252,34,168,168,168,168,168
1,252,35,2216,2216,2216,2216,2216
1,252,36,2208,2208,2208,2208,2208
1,252,37,168,168,168,168,168
1,252,38,2216,2216,2216,2216,2216
1,252,39,2208,2208,2208,2208,2208
1,252,40,168,168,168,168,168
1,252,41,2216,2216,2216,2216,2216
1,252,42,2208,2208,2208,2208,2208
1,252,43,168,168,168,168,168
1,252,44,2216,2216,2216,2216,2216
1,252,45,2208,2208,2208,2208,2208
1,252,46,168,168,168,168,168
1,252,47,2216,2216,2216,2216,2216
1,252,48,2208,2208,2208,2208,2208
1,252,49,168,168,168,168,168
1,252,50,2216,2216,2216,2216,2216
1,252,51,2208,2208,2208,2208,2208
1,252,52,168,168,168,168,168
1,252,53,2216,2216,2216,2216,2216
1,252,54,2208,2208,2208,2208,2208
1,252,55,168,168,168,168,168
1,252,56,2216,2216,2216,2216,2216
1,252,57,2208,2208,2208,2208,2208
1,252,58,168,168,168,168,168
1,252,59,2216,2216,2216,2216,2216
1,252,60,2208,2208,2208,2208,2208
1,252,61,168,168,168,168,168
1,252,62,2216,2216,2216,2216,2216
1,252,63,2208,2208,2208,2208,2208
1,252,64,168,168,168,168,168
1,252,65,2216,2216,2216,2216,2216
1,252,66,2208,2208,2208,2208,2208
1,252,67,168,168,168,168,168
1,252,68,2216,2216,2216,2216,2216
1,252,69,2208,2208,2208,2208,2208
1,252,70,168,168,168,168,168
1,252,71,2216,2216,2216,2216,2216
1,252,72,2208,2208,2208,2208,2208
1,252,73,168,168,168,168,168
1,252,74,2216,2216,2216,2216,2216
1,252,75,2208,2208,2208,2208,2208
1,252,76,168,168,168,168,168
1,252,77,2216,2216,2216,2216,2216
1,252,78,2208,2208,2208,2208,2208
1,252,79,168,168,168,168,168
1,252,80,2216,2216,2216,2216,2216
1,253,0,2720,2720,2720,2720,2720
1,253,1,680,680,680,680,680
1,253,2,2728,2728,2728,2728,2728
1,253,3,2720,2720,2720,2720,2720
1,253,4,680,680,680,680,680
1,253,5,2728,2728,2728,2728,2728
1,253,6,2720,2720,2720,2720,2720
1,253,7,680,680,680,680,680
1,253,8,2728,2728,2728,2728,2728
1,253,9,2210,2210,2210,2210,2210
1,253,10,170,170,170,170,170
1,253,11,2218,2218,2218,2218,2218
1,253,12,2210,2210,2210,2210,2210
1,253,13,170,170,170,170,170
1,253,14,2218,2218,2218,2218,2218
1,253,15,2210,2210,2210,2210,2210
1,253,16,170,170,170,170,170
1,253,17,2218,2218,2218,2218,2218
1,253,18,2722,2722,2722,2722,2722
1,253,19,682,682,682,682,682
1,253,20,2730,2730,2730,2730,2730
1,253,21,2722,2722,2722,2722,2722
1,253,22,682,682,682,682,682
1,253,23,2730,2730,2730,2730,2730
1,253,24,2722,2722,2722,2722,2722
1,253,25,682,682,682,682,682
1,253,26,2730,2730,2730,2730,2730
1,253,27,2720,2720,2720,2720,2720
1,253,28,680,680,680,680,680
1,253,29,2728,2728,2728,2728,2728
1,253,30,2720,2720,2720,2720,2720
1,253,31,680,680,680,680,680
1,253,32,2728,2728,2728,2728,2728
1,253,33,2720,2720,2720,2720,2720
1,253,34,680,680,680,680,680
1,253,35,2728,2728,2728,2728,2728
1,253,36,2210,2210,2210,2210,2210
1,253,37,170,170,170,170,170
1,253,38,2218,2218,2218,2218,2218
1,253,39,2210,2210,2210,2210,2210
1,253,40,170,170,170,170,170
1,253,41,2218,2218,2218,2218,2218
1,253,42,2210,2210,2210,2210,2210
1,253,43,170,170,170,170,170
1,253,44,2218,2218,2218,2218,2218
1,253,45,2722,2722,2722,2722,2722
1,253,46,682,682,682,682,682
1,253,47,2730,2730,2730,2730,2730
1,253,48,2722,2722,2722,2722,2722
1,253,49,682,682,682,682,682
1,253,50,2730,2730,2730,2730,2730
1,253,51,2722,2722,2722,2722,2722
1,253,52,682,682,682,682,682
1,253,53,2730,2730,2730,2730,2730
1,253,54,2720,2720,2720,2720,2720
1,253,55,680,680,680,680,680
1,253,56,2728,2728,2728,2728,2728
1,253,57,2720,2720,2720,2720,2720
1,253,58,680,680,680,680,680
1,253,59,2728,2728,2728,2728,2728
1,253,60,2720,2720,2720,2720,2720
1,253,61,680,680,680,680,680
1,253,62,2728,2728,2728,2728,2728
1,253,63,2210,2210,2210,2210,2210
1,253,64,170,170,170,170,170
1,253,65,2218,2218,2218,2218,2218
1,253,66,2210,2210,2210,2210,2210
1,253,67,170,170,170,170,170
1,253,68,2218,2218,2218,2218,2218
1,253,69,2210,2210,2210,2210,2210
1,253,70,170,170,170,170,170
1,253,71,2218,2218,2218,2218,2218
1,253,72,2722,2722,2722,2722,2722
1,253,73,682,682,682,682,682
1,253,74,2730,2730,2730,2730,2730
1,253,75,2722,2722,2722,2722,2722
1,253,76,682,682,682,682,682
1,253,77,2730,2730,2730,2730,2730
1,253,78,2722,2722,2722,2722,2722
1,253,79,682,682,682,682,682
1,253,80,2730,2730,2730,2730,2730
1,254,0,2720,2720,2720,2720,2720
1,254,1,680,680,680,680,680
1,254,2,2728,2728,2728,2728,2728
1,254,3,2720,2720,2720,2720,2720
1,254,4,680,680,680,680,680
1,254,5,2728,2728,2728,2728,2728
1,254,6,2720,2720,2720,2720,2720
1,254,7,680,680,680,680,680
1,254,8,2728,2728,2728,2728,2728
1,254,9,2210,2210,2210,2210,2210
1,254,10,170,170,170,170,170
1,254,11,2218,2218,2218,2218,2218
1,254,12,2210,2210,2210,2210,2210
1,254,13,170,170,170,170,170
1,254,14,2218,2218,2218,2218,2218
1,254,15,2210,2210,2210,2210,2210
1,254,16,170,170,170,170,170
1,254,17,2218,2218,2218,2218,2218
1,254,18,2722,2722,2722,2722,2722
1,254,19,682,682,682,682,682
1,254,20,2730,2730,2730,2730,2730
1,254,21,2722,2722,2722,2722,2722
1,254,22,682,682,682,682,682
1,254,23,2730,2730,2730,2730,2730
1,254,24,2722,2722,2722,2722,2722
1,254,25,682,682,682,682,682
1,254,26,2730,2730,2730,2730,2730
1,254,27,2720,2720,2720,2720,2720
1,254,28,680,680,680,680,680
1,254,29,2728,2728,2728,2728,2728
1,254,30,2720,2720,2720,2720,2720
1,254,31,680,680,680,680,680
1,254,32,2728,2728,2728,2728,2728
1,254,33,2720,2720,2720,2720,2720
1,254,34,680,680,680,680,680
1,254,35,2728,2728,2728,2728,2728
1,254,36,2210,2210,2210,2210,2210
1,254,37,170,170,170,170,170
1,254,38,2218,2218,2218,2218,2218
1,254,39,2210,2210,2210,2210,2210
1,254,40,170,170,170,170,170
1,254,41,2218,2218,2218,2218,2218
1,254,42,2210,2210,2210,2210,2210
1,254,43,170,170,170,170,170
1,254,44,2218,2218,2218,2218,2218
1,254,45,2722,2722,2722,2722,2722
1,254,46,682,682,682,682,682
1,254,47,2730,2730,2730,2730,2730
1,254,48,2722,2722,2722,2722,2722
1,254,49,682,682,682,682,682
1,254,50,2730,2730,2730,2730,2730
1,254,51,2722,2722,2722,2722,2722
1,254,52,682,682,682,682,682
1,254,53,2730,2730,2730,2730,2730
1,254,54,2720,2720,2720,2720,2720
1,254,55,680,680,680,680,680
1,254,56,2728,2728,2728,2728,2728
1,254,57,2720,2720,2720,2720,2720
1,254,58,680,680,680,680,680
1,254,59,2728,2728,2728,2728,2728
1,254,60,2720,2720,2720,2720,2720
1,254,61,680,680,680,680,680
1,254,62,2728,2728,2728,2728,2728
1,254,63,2210,2210,2210,2210,2210
1,254,64,170,170,170,170,170
1,254,65,2218,2218,2218,2218,2218
1,254,66,2210,2210,2210,2210,2210
1,254,67,170,170,170,170,170
1,254,68,2218,2218,2218,2218,2218
1,254,69,2210,2210,2210,2210,2210
1,254,70,170,170,170,170,170
1,254,71,2218,2218,2218,2218,2218
1,254,72,2722,2722,2722,2722,2722
1,254,73,682,682,682,682,682
1,254,74,2730,2730,2730,2730,2730
1,254,75,2722,2722,2722,2722,2722
1,254,76,682,682,682,682,682
1,254,77,2730,2730,2730,2730,2730
1,254,78,2722,2722,2722,2722,2722
1,254,79,682,682,682,682,682
1,254,80,2730,2730,2730,2730,2730
1,255,0,2720,2720,2720,2720,2720
1,255,1,680,680,680,680,680
1,255,2,2728,2728,2728,2728,2728
1,255,3,2720,2720,2720,2720,2720
1,255,4,680,680,680,680,680
1,255,5,2728,2728,2728,2728,2728
1,255,6,2720,2720,2720,2720,2720
1,255,7,680,680,680,680,680
1,255,8,2728,2728,2728,2728,2728
1,255,9,2210,2210,2210,2210,2210
1,255,10,170,170,170,170,170
1,255,11,2218,2218,2218,2218,2218
1,255,12,2210,2210,2210,2210,2210
1,255,13,170,170,170,170,170
1,255,14,2218,2218,2218,2218,2218
1,255,15,2210,2210,2210,2210,2210
1,255,16,170,170,170,170,170
1,255,17,2218,2218,2218,2218,2218
1,255,18,2722,2722,2722,2722,2722
1,255,19,682,682,682,682,682
1,255,20,2730,2730,2730,2730,2730
1,255,21,2722,2722,2722,2722,2722
1,255,22,682,682,682,682,682
1,255,23,2730,2730,2730,2730,2730
1,255,24,2722,2722,2722,2722,2722
1,255,25,682,682,682,682,682
1,255,26,2730,2730,2730,2730,2730
1,255,27,2720,2720,2720,2720,2720
1,255,28,680,680,680,680,680
1,255,29,2728,2728,2728,2728,2728
1,255,30,2720,2720,2720,2720,2720
1,255,31,680,680,680,680,680
1,255,32,2728,2728,2728,2728,2728
1,255,33,2720,2720,2720,2720,2720
1,255,34,680,680,680,680,680
1,255,35,2728,2728,2728,2728,2728
1,255,36,2210,2210,2210,2210,2210
1,255,37,170,170,170,170,170
1,255,38,2218,2218,2218,2218,2218
1,255,39,2210,2210,2210,2210,2210
1,255,40,170,170,170,170,170
1,255,41,2218,2218,2218,2218,2218
1,255,42,2210,2210,2210,2210,2210
1,255,43,170,170,170,170,170
1,255,44,2218,2218,2218,2218,2218
1,255,45,2722,2722,2722,2722,2722
1,255,46,682,682,682,682,682
1,255,47,2730,2730,2730,2730,2730
1,255,48,2722,2722,2722,2722,2722
1,255,49,682,682,682,682,682
1,255,50,2730,2730,2730,2730,2730
1,255,51,2722,2722,2722,2722,2722
1,255,52,682,682,682,682,682
1,255,53,2730,2730,2730,2730,2730
1,255,54,2720,2720,2720,2720,2720
1,255,55,680,680,680,680,680
1,255,56,2728,2728,2728,2728,2728
1,255,57,2720,2720,2720,2720,2720
1,255,58,680,680,680,680,680
1,255,59,2728,2728,2728,2728,2728
1,255,60,2720,2720,2720,2720,2720
1,255,61,680,680,680,680,680
1,255,62,2728,2728,2728,2728,2728
1,255,63,2210,2210,2210,2210,2210
1,255,64,170,170,170,170,170
1,255,65,2218,2218,2218,2218,2218
1,255,66,2210,2210,2210,2210,2210
1,255,67,170,170,170,170,170
1,255,68,2218,2218,2218,2218,2218
1,255,69,2210,2210,2210,2210,2210
1,255,70,170,170,170,170,170
1,255,71,2218,2218,2218,2218,2218
1,255,72,2722,2722,2722,2722,2722
1,255,73,682,682,682,682,682
1,255,74,2730,2730,2730,2730,2730
1,255,75,2722,2722,2722,2722,2722
1,255,76,682,682,682,682,682
1,255,77,2730,2730,2730,2730,2730
1,255,78,2722,2722,2722,2722,2722
1,255,79,682,682,682,682,682
1,255,80,2730,2730,2730,2730,2730
