initial,signature,feedback,H1,H2,H3,H4,H5
0,1,0,256,256,256,256,256
0,1,1,256,256,256,256,256
0,1,2,256,256,256,256,256
0,1,3,256,256,256,256,256
0,1,4,256,256,256,256,256
0,1,5,256,256,256,256,256
0,1,6,256,256,256,256,256
0,1,7,256,256,256,256,256
0,1,8,256,256,256,256,256
0,1,9,256,256,256,256,256
0,1,10,256,256,256,256,256
0,1,11,256,256,256,256,256
0,1,12,256,256,256,256,256
0,1,13,256,256,256,256,256
0,1,14,256,256,256,256,256
0,1,15,256,256,256,256,256
0,1,16,256,256,256,256,256
0,1,17,256,256,256,256,256
0,1,18,256,256,256,256,256
0,1,19,256,256,256,256,256
0,1,20,256,256,256,256,256
0,1,21,256,256,256,256,256
0,1,22,256,256,256,256,256
0,1,23,256,256,256,256,256
0,1,24,256,256,256,256,256
0,1,25,256,256,256,256,256
0,1,26,256,256,256,256,256
0,1,27,1,1,1,1,1
0,1,28,1,1,1,1,1
0,1,29,1,1,1,1,1
0,1,30,1,1,1,1,1
0,1,31,1,1,1,1,1
0,1,32,1,1,1,1,1
0,1,33,1,1,1,1,1
0,1,34,1,1,1,1,1
0,1,35,1,1,1,1,1
0,1,36,1,1,1,1,1
0,1,37,1,1,1,1,1
0,1,38,1,1,1,1,1
0,1,39,1,1,1,1,1
0,1,40,1,1,1,1,1
0,1,41,1,1,1,1,1
0,1,42,1,1,1,1,1
0,1,43,1,1,1,1,1
0,1,44,1,1,1,1,1
0,1,45,1,1,1,1,1
0,1,46,1,1,1,1,1
0,1,47,1,1,1,1,1
0,1,48,1,1,1,1,1
0,1,49,1,1,1,1,1
0,1,50,1,1,1,1,1
0,1,51,1,1,1,1,1
0,1,52,1,1,1,1,1
0,1,53,1,1,1,1,1
0,1,54,257,257,257,257,257
0,1,55,257,257,257,257,257
0,1,56,257,257,257,257,257
0,1,57,257,257,257,257,257
0,1,58,257,257,257,257,257
0,1,59,257,257,257,257,257
0,1,60,257,257,257,257,257
0,1,61,257,257,257,257,257
0,1,62,257,257,257,257,257
0,1,63,257,257,257,257,257
0,1,64,257,257,257,257,257
0,1,65,257,257,257,257,257
0,1,66,257,257,257,257,257
0,1,67,257,257,257,257,257
0,1,68,257,257,257,257,257
0,1,69,257,257,257,257,257
0,1,70,257,257,257,257,257
0,1,71,257,257,257,257,257
0,1,72,257,257,257,257,257
0,1,73,257,257,257,257,257
0,1,74,257,257,257,257,257
0,1,75,257,257,257,257,257
0,1,76,257,257,257,257,257
0,1,77,257,257,257,257,257
0,1,78,257,257,257,257,257
0,1,79,257,257,257,257,257
0,1,80,257,257,257,257,257
0,2,0,512,512,512,512,512
0,2,1,512,512,512,512,512
0,2,2,512,512,512,512,512
0,2,3,512,512,512,512,512
0,2,4,512,512,512,512,512
0,2,5,512,512,512,512,512
0,2,6,512,512,512,512,512
0,2,7,512,512,512,512,512
0,2,8,512,512,512,512,512
0,2,9,2,2,2,2,2
0,2,10,2,2,2,2,2
0,2,11,2,2,2,2,2
0,2,12,2,2,2,2,2
0,2,13,2,2,2,2,2
0,2,14,2,2,2,2,2
0,2,15,2,2,2,2,2
0,2,16,2,2,2,2,2
0,2,17,2,2,2,2,2
0,2,18,514,514,514,514,514
0,2,19,514,514,514,514,514
0,2,20,514,514,514,514,514
0,2,21,514,514,514,514,514
0,2,22,514,514,514,514,514
0,2,23,514,514,514,514,514
0,2,24,514,514,514,514,514
0,2,25,514,514,514,514,514
0,2,26,514,514,514,514,514
0,2,27,512,512,512,512,512
0,2,28,512,512,512,512,512
0,2,29,512,512,512,512,512
0,2,30,512,512,512,512,512
0,2,31,512,512,512,512,512
0,2,32,512,512,512,512,512
0,2,33,512,512,512,512,512
0,2,34,512,512,512,512,512
0,2,35,512,512,512,512,512
0,2,36,2,2,2,2,2
0,2,37,2,2,2,2,2
0,2,38,2,2,2,2,2
0,2,39,2,2,2,2,2
0,2,40,2,2,2,2,2
0,2,41,2,2,2,2,2
0,2,42,2,2,2,2,2
0,2,43,2,2,2,2,2
0,2,44,2,2,2,2,2
0,2,45,514,514,514,514,514
0,2,46,514,514,514,514,514
0,2,47,514,514,514,514,514
0,2,48,514,514,514,514,514
0,2,49,514,514,514,514,514
0,2,50,514,514,514,514,514
0,2,51,514,514,514,514,514
0,2,52,514,514,514,514,514
0,2,53,514,514,514,514,514
0,2,54,512,512,512,512,512
0,2,55,512,512,512,512,512
0,2,56,512,512,512,512,512
0,2,57,512,512,512,512,512
0,2,58,512,512,512,512,512
0,2,59,512,512,512,512,512
0,2,60,512,512,512,512,512
0,2,61,512,512,512,512,512
0,2,62,512,512,512,512,512
0,2,63,2,2,2,2,2
0,2,64,2,2,2,2,2
0,2,65,2,2,2,2,2
0,2,66,2,2,2,2,2
0,2,67,2,2,2,2,2
0,2,68,2,2,2,2,2
0,2,69,2,2,2,2,2
0,2,70,2,2,2,2,2
0,2,71,2,2,2,2,2
0,2,72,514,514,514,514,514
0,2,73,514,514,514,514,514
0,2,74,514,514,514,514,514
0,2,75,514,514,514,514,514
0,2,76,514,514,514,514,514
0,2,77,514,514,514,514,514
0,2,78,514,514,514,514,514
0,2,79,514,514,514,514,514
0,2,80,514,514,514,514,514
0,3,0,768,768,768,768,768
0,3,1,768,768,768,768,768
0,3,2,768,768,768,768,768
0,3,3,768,768,768,768,768
0,3,4,768,768,768,768,768
0,3,5,768,768,768,768,768
0,3,6,768,768,768,768,768
0,3,7,768,768,768,768,768
0,3,8,768,768,768,768,768
0,3,9,258,258,258,258,258
0,3,10,258,258,258,258,258
0,3,11,258,258,258,258,258
0,3,12,258,258,258,258,258
0,3,13,258,258,258,258,258
0,3,14,258,258,258,258,258
0,3,15,258,258,258,258,258
0,3,16,258,258,258,258,258
0,3,17,258,258,258,258,258
0,3,18,770,770,770,770,770
0,3,19,770,770,770,770,770
0,3,20,770,770,770,770,770
0,3,21,770,770,770,770,770
0,3,22,770,770,770,770,770
0,3,23,770,770,770,770,770
0,3,24,770,770,770,770,770
0,3,25,770,770,770,770,770
0,3,26,770,770,770,770,770
0,3,27,513,513,513,513,513
0,3,28,513,513,513,513,513
0,3,29,513,513,513,513,513
0,3,30,513,513,513,513,513
0,3,31,513,513,513,513,513
0,3,32,513,513,513,513,513
0,3,33,513,513,513,513,513
0,3,34,513,513,513,513,513
0,3,35,513,513,513,513,513
0,3,36,3,3,3,3,3
0,3,37,3,3,3,3,3
0,3,38,3,3,3,3,3
0,3,39,3,3,3,3,3
0,3,40,3,3,3,3,3
0,3,41,3,3,3,3,3
0,3,42,3,3,3,3,3
0,3,43,3,3,3,3,3
0,3,44,3,3,3,3,3
0,3,45,515,515,515,515,515
0,3,46,515,515,515,515,515
0,3,47,515,515,515,515,515
0,3,48,515,515,515,515,515
0,3,49,515,515,515,515,515
0,3,50,515,515,515,515,515
0,3,51,515,515,515,515,515
0,3,52,515,515,515,515,515
0,3,53,515,515,515,515,515
0,3,54,769,769,769,769,769
0,3,55,769,769,769,769,769
0,3,56,769,769,769,769,769
0,3,57,769,769,769,769,769
0,3,58,769,769,769,769,769
0,3,59,769,769,769,769,769
0,3,60,769,769,769,769,769
0,3,61,769,769,769,769,769
0,3,62,769,769,769,769,769
0,3,63,259,259,259,259,259
0,3,64,259,259,259,259,259
0,3,65,259,259,259,259,259
0,3,66,259,259,259,259,259
0,3,67,259,259,259,259,259
0,3,68,259,259,259,259,259
0,3,69,259,259,259,259,259
0,3,70,259,259,259,259,259
0,3,71,259,259,259,259,259
0,3,72,771,771,771,771,771
0,3,73,771,771,771,771,771
0,3,74,771,771,771,771,771
0,3,75,771,771,771,771,771
0,3,76,771,771,771,771,771
0,3,77,771,771,771,771,771
0,3,78,771,771,771,771,771
0,3,79,771,771,771,771,771
0,3,80,771,771,771,771,771
0,4,0,1024,1024,1024,1024,1024
0,4,1,1024,1024,1024,1024,1024
0,4,2,1024,1024,1024,1024,1024
0,4,3,4,4,4,4,4
0,4,4,4,4,4,4,4
0,4,5,4,4,4,4,4
0,4,6,1028,1028,1028,1028,1028
0,4,7,1028,1028,1028,1028,1028
0,4,8,1028,1028,1028,1028,1028
0,4,9,1024,1024,1024,1024,1024
0,4,10,1024,1024,1024,1024,1024
0,4,11,1024,1024,1024,1024,1024
0,4,12,4,4,4,4,4
0,4,13,4,4,4,4,4
0,4,14,4,4,4,4,4
0,4,15,1028,1028,1028,1028,1028
0,4,16,1028,1028,1028,1028,1028
0,4,17,1028,1028,1028,1028,1028
0,4,18,1024,1024,1024,1024,1024
0,4,19,1024,1024,1024,1024,1024
0,4,20,1024,1024,1024,1024,1024
0,4,21,4,4,4,4,4
0,4,22,4,4,4,4,4
0,4,23,4,4,4,4,4
0,4,24,1028,1028,1028,1028,1028
0,4,25,1028,1028,1028,1028,1028
0,4,26,1028,1028,1028,1028,1028
0,4,27,1024,1024,1024,1024,1024
0,4,28,1024,1024,1024,1024,1024
0,4,29,1024,1024,1024,1024,1024
0,4,30,4,4,4,4,4
0,4,31,4,4,4,4,4
0,4,32,4,4,4,4,4
0,4,33,1028,1028,1028,1028,1028
0,4,34,1028,1028,1028,1028,1028
0,4,35,1028,1028,1028,1028,1028
0,4,36,1024,1024,1024,1024,1024
0,4,37,1024,1024,1024,1024,1024
0,4,38,1024,1024,1024,1024,1024
0,4,39,4,4,4,4,4
0,4,40,4,4,4,4,4
0,4,41,4,4,4,4,4
0,4,42,1028,1028,1028,1028,1028
0,4,43,1028,1028,1028,1028,1028
0,4,44,1028,1028,1028,1028,1028
0,4,45,1024,1024,1024,1024,1024
0,4,46,1024,1024,1024,1024,1024
0,4,47,1024,1024,1024,1024,1024
0,4,48,4,4,4,4,4
0,4,49,4,4,4,4,4
0,4,50,4,4,4,4,4
0,4,51,1028,1028,1028,1028,1028
0,4,52,1028,1028,1028,1028,1028
0,4,53,1028,1028,1028,1028,1028
0,4,54,1024,1024,1024,1024,1024
0,4,55,1024,1024,1024,1024,1024
0,4,56,1024,1024,1024,1024,1024
0,4,57,4,4,4,4,4
0,4,58,4,4,4,4,4
0,4,59,4,4,4,4,4
0,4,60,1028,1028,1028,1028,1028
0,4,61,1028,1028,1028,1028,1028
0,4,62,1028,1028,1028,1028,1028
0,4,63,1024,1024,1024,1024,1024
0,4,64,1024,1024,1024,1024,1024
0,4,65,1024,1024,1024,1024,1024
0,4,66,4,4,4,4,4
0,4,67,4,4,4,4,4
0,4,68,4,4,4,4,4
0,4,69,1028,1028,1028,1028,1028
0,4,70,1028,1028,1028,1028,1028
0,4,71,1028,1028,1028,1028,1028
0,4,72,1024,1024,1024,1024,1024
0,4,73,1024,1024,1024,1024,1024
0,4,74,1024,1024,1024,1024,1024
0,4,75,4,4,4,4,4
0,4,76,4,4,4,4,4
0,4,77,4,4,4,4,4
0,4,78,1028,1028,1028,1028,1028
0,4,79,1028,1028,1028,1028,1028
0,4,80,1028,1028,1028,1028,1028
0,5,0,1280,1280,1280,1280,1280
0,5,1,1280,1280,1280,1280,1280
0,5,2,1280,1280,1280,1280,1280
0,5,3,260,260,260,260,260
0,5,4,260,260,260,260,260
0,5,5,260,260,260,260,260
0,5,6,1284,1284,1284,1284,1284
0,5,7,1284,1284,1284,1284,1284
0,5,8,1284,1284,1284,1284,1284
0,5,9,1280,1280,1280,1280,1280
0,5,10,1280,1280,1280,1280,1280
0,5,11,1280,1280,1280,1280,1280
0,5,12,260,260,260,260,260
0,5,13,260,260,260,260,260
0,5,14,260,260,260,260,260
0,5,15,1284,1284,1284,1284,1284
0,5,16,1284,1284,1284,1284,1284
0,5,17,1284,1284,1284,1284,1284
0,5,18,1280,1280,1280,1280,1280
0,5,19,1280,1280,1280,1280,1280
0,5,20,1280,1280,1280,1280,1280
0,5,21,260,260,260,260,260
0,5,22,260,260,260,260,260
0,5,23,260,260,260,260,260
0,5,24,1284,1284,1284,1284,1284
0,5,25,1284,1284,1284,1284,1284
0,5,26,1284,1284,1284,1284,1284
0,5,27,1025,1025,1025,1025,1025
0,5,28,1025,1025,1025,1025,1025
0,5,29,1025,1025,1025,1025,1025
0,5,30,5,5,5,5,5
0,5,31,5,5,5,5,5
0,5,32,5,5,5,5,5
0,5,33,1029,1029,1029,1029,1029
0,5,34,1029,1029,1029,1029,1029
0,5,35,1029,1029,1029,1029,1029
0,5,36,1025,1025,1025,1025,1025
0,5,37,1025,1025,1025,1025,1025
0,5,38,1025,1025,1025,1025,1025
0,5,39,5,5,5,5,5
0,5,40,5,5,5,5,5
0,5,41,5,5,5,5,5
0,5,42,1029,1029,1029,1029,1029
0,5,43,1029,1029,1029,1029,1029
0,5,44,1029,1029,1029,1029,1029
0,5,45,1025,1025,1025,1025,1025
0,5,46,1025,1025,1025,1025,1025
0,5,47,1025,1025,1025,1025,1025
0,5,48,5,5,5,5,5
0,5,49,5,5,5,5,5
0,5,50,5,5,5,5,5
0,5,51,1029,1029,1029,1029,1029
0,5,52,1029,1029,1029,1029,1029
0,5,53,1029,1029,1029,1029,1029
0,5,54,1281,1281,1281,1281,1281
0,5,55,1281,1281,1281,1281,1281
0,5,56,1281,1281,1281,1281,1281
0,5,57,261,261,261,261,261
0,5,58,261,261,261,261,261
0,5,59,261,261,261,261,261
0,5,60,1285,1285,1285,1285,1285
0,5,61,1285,1285,1285,1285,1285
0,5,62,1285,1285,1285,1285,1285
0,5,63,1281,1281,1281,1281,1281
0,5,64,1281,1281,1281,1281,1281
0,5,65,1281,1281,1281,1281,1281
0,5,66,261,261,261,261,261
0,5,67,261,261,261,261,261
0,5,68,261,261,261,261,261
0,5,69,1285,1285,1285,1285,1285
0,5,70,1285,1285,1285,1285,1285
0,5,71,1285,1285,1285,1285,1285
0,5,72,1281,1281,1281,1281,1281
0,5,73,1281,1281,1281,1281,1281
0,5,74,1281,1281,1281,1281,1281
0,5,75,261,261,261,261,261
0,5,76,261,261,261,261,261
0,5,77,261,261,261,261,261
0,5,78,1285,1285,1285,1285,1285
0,5,79,1285,1285,1285,1285,1285
0,5,80,1285,1285,1285,1285,1285
0,6,0,1536,3584,3584,3584,3584
0,6,1,1536,1544,1544,1544,1544
0,6,2,1536,3592,3592,3592,3592
0,6,3,516,2564,2564,2564,2564
0,6,4,516,524,524,524,524
0,6,5,516,2572,2572,2572,2572
0,6,6,1540,3588,3588,3588,3588
0,6,7,1540,1548,1548,1548,1548
0,6,8,1540,3596,3596,3596,3596
0,6,9,1026,3074,3074,3074,3074
0,6,10,1026,1034,1034,1034,1034
0,6,11,1026,3082,3082,3082,3082
0,6,12,6,6,6,6,6
0,6,13,6,6,6,6,6
0,6,14,6,6,6,6,6
0,6,15,1030,3078,3078,3078,3078
0,6,16,1030,1038,1038,1038,1038
0,6,17,1030,3086,3086,3086,3086
0,6,18,1538,3586,3586,3586,3586
0,6,19,1538,1546,1546,1546,1546
0,6,20,1538,3594,3594,3594,3594
0,6,21,518,2566,2566,2566,2566
0,6,22,518,526,526,526,526
0,6,23,518,2574,2574,2574,2574
0,6,24,1542,3590,3590,3590,3590
0,6,25,1542,1550,1550,1550,1550
0,6,26,1542,3598,3598,3598,3598
0,6,27,1536,3584,3584,3584,3584
0,6,28,1536,1544,1544,1544,1544
0,6,29,1536,3592,3592,3592,3592
0,6,30,516,2564,2564,2564,2564
0,6,31,516,524,524,524,524
0,6,32,516,2572,2572,2572,2572
0,6,33,1540,3588,3588,3588,3588
0,6,34,1540,1548,1548,1548,1548
0,6,35,1540,3596,3596,3596,3596
0,6,36,1026,3074,3074,3074,3074
0,6,37,1026,1034,1034,1034,1034
0,6,38,1026,3082,3082,3082,3082
0,6,39,6,6,6,6,6
0,6,40,6,6,6,6,6
0,6,41,6,6,6,6,6
0,6,42,1030,3078,3078,3078,3078
0,6,43,1030,1038,1038,1038,1038
0,6,44,1030,3086,3086,3086,3086
0,6,45,1538,3586,3586,3586,3586
0,6,46,1538,1546,1546,1546,1546
0,6,47,1538,3594,3594,3594,3594
0,6,48,518,2566,2566,2566,2566
0,6,49,518,526,526,526,526
0,6,50,518,2574,2574,2574,2574
0,6,51,1542,3590,3590,3590,3590
0,6,52,1542,1550,1550,1550,1550
0,6,53,1542,3598,3598,3598,3598
0,6,54,1536,3584,3584,3584,3584
0,6,55,1536,1544,1544,1544,1544
0,6,56,1536,3592,3592,3592,3592
0,6,57,516,2564,2564,2564,2564
0,6,58,516,524,524,524,524
0,6,59,516,2572,2572,2572,2572
0,6,60,1540,3588,3588,3588,3588
0,6,61,1540,1548,1548,1548,1548
0,6,62,1540,3596,3596,3596,3596
0,6,63,1026,3074,3074,3074,3074
0,6,64,1026,1034,1034,1034,1034
0,6,65,1026,3082,3082,3082,3082
0,6,66,6,6,6,6,6
0,6,67,6,6,6,6,6
0,6,68,6,6,6,6,6
0,6,69,1030,3078,3078,3078,3078
0,6,70,1030,1038,1038,1038,1038
0,6,71,1030,3086,3086,3086,3086
0,6,72,1538,3586,3586,3586,3586
0,6,73,1538,1546,1546,1546,1546
0,6,74,1538,3594,3594,3594,3594
0,6,75,518,2566,2566,2566,2566
0,6,76,518,526,526,526,526
0,6,77,518,2574,2574,2574,2574
0,6,78,1542,3590,3590,3590,3590
0,6,79,1542,1550,1550,1550,1550
0,6,80,1542,3598,3598,3598,3598
0,7,0,1792,3840,3840,3840,3840
0,7,1,1792,1800,1800,1800,1800
0,7,2,1792,3848,3848,3848,3848
0,7,3,772,2820,2820,2820,2820
0,7,4,772,780,780,780,780
0,7,5,772,2828,2828,2828,2828
0,7,6,1796,3844,3844,3844,3844
0,7,7,1796,1804,1804,1804,1804
0,7,8,1796,3852,3852,3852,3852
0,7,9,1282,3330,3330,3330,3330
0,7,10,1282,1290,1290,1290,1290
0,7,11,1282,3338,3338,3338,3338
0,7,12,262,262,262,262,262
0,7,13,262,262,262,262,262
0,7,14,262,262,262,262,262
0,7,15,1286,3334,3334,3334,3334
0,7,16,1286,1294,1294,1294,1294
0,7,17,1286,3342,3342,3342,3342
0,7,18,1794,3842,3842,3842,3842
0,7,19,1794,1802,1802,1802,1802
0,7,20,1794,3850,3850,3850,3850
0,7,21,774,2822,2822,2822,2822
0,7,22,774,782,782,782,782
0,7,23,774,2830,2830,2830,2830
0,7,24,1798,3846,3846,3846,3846
0,7,25,1798,1806,1806,1806,1806
0,7,26,1798,3854,3854,3854,3854
0,7,27,1537,3585,3585,3585,3585
0,7,28,1537,1545,1545,1545,1545
0,7,29,1537,3593,3593,3593,3593
0,7,30,517,2565,2565,2565,2565
0,7,31,517,525,525,525,525
0,7,32,517,2573,2573,2573,2573
0,7,33,1541,3589,3589,3589,3589
0,7,34,1541,1549,1549,1549,1549
0,7,35,1541,3597,3597,3597,3597
0,7,36,1027,3075,3075,3075,3075
0,7,37,1027,1035,1035,1035,1035
0,7,38,1027,3083,3083,3083,3083
0,7,39,7,7,7,7,7
0,7,40,7,7,7,7,7
0,7,41,7,7,7,7,7
0,7,42,1031,3079,3079,3079,3079
0,7,43,1031,1039,1039,1039,1039
0,7,44,1031,3087,3087,3087,3087
0,7,45,1539,3587,3587,3587,3587
0,7,46,1539,1547,1547,1547,1547
0,7,47,1539,3595,3595,3595,3595
0,7,48,519,2567,2567,2567,2567
0,7,49,519,527,527,527,527
0,7,50,519,2575,2575,2575,2575
0,7,51,1543,3591,3591,3591,3591
0,7,52,1543,1551,1551,1551,1551
0,7,53,1543,3599,3599,3599,3599
0,7,54,1793,3841,3841,3841,3841
0,7,55,1793,1801,1801,1801,1801
0,7,56,1793,3849,3849,3849,3849
0,7,57,773,2821,2821,2821,2821
0,7,58,773,781,781,781,781
0,7,59,773,2829,2829,2829,2829
0,7,60,1797,3845,3845,3845,3845
0,7,61,1797,1805,1805,1805,1805
0,7,62,1797,3853,3853,3853,3853
0,7,63,1283,3331,3331,3331,3331
0,7,64,1283,1291,1291,1291,1291
0,7,65,1283,3339,3339,3339,3339
0,7,66,263,263,263,263,263
0,7,67,263,263,263,263,263
0,7,68,263,263,263,263,263
0,7,69,1287,3335,3335,3335,3335
0,7,70,1287,1295,1295,1295,1295
0,7,71,1287,3343,3343,3343,3343
0,7,72,1795,3843,3843,3843,3843
0,7,73,1795,1803,1803,1803,1803
0,7,74,1795,3851,3851,3851,3851
0,7,75,775,2823,2823,2823,2823
0,7,76,775,783,783,783,783
0,7,77,775,2831,2831,2831,2831
0,7,78,1799,3847,3847,3847,3847
0,7,79,1799,1807,1807,1807,1807
0,7,80,1799,3855,3855,3855,3855
0,8,0,2048,2048,2048,2048,2048
0,8,1,8,8,8,8,8
0,8,2,2056,2056,2056,2056,2056
0,8,3,2048,2048,2048,2048,2048
0,8,4,8,8,8,8,8
0,8,5,2056,2056,2056,2056,2056
0,8,6,2048,2048,2048,2048,2048
0,8,7,8,8,8,8,8
0,8,8,2056,2056,2056,2056,2056
0,8,9,2048,2048,2048,2048,2048
0,8,10,8,8,8,8,8
0,8,11,2056,2056,2056,2056,2056
0,8,12,2048,2048,2048,2048,2048
0,8,13,8,8,8,8,8
0,8,14,2056,2056,2056,2056,2056
0,8,15,2048,2048,2048,2048,2048
0,8,16,8,8,8,8,8
0,8,17,2056,2056,2056,2056,2056
0,8,18,2048,2048,2048,2048,2048
0,8,19,8,8,8,8,8
0,8,20,2056,2056,2056,2056,2056
0,8,21,2048,2048,2048,2048,2048
0,8,22,8,8,8,8,8
0,8,23,2056,2056,2056,2056,2056
0,8,24,2048,2048,2048,2048,2048
0,8,25,8,8,8,8,8
0,8,26,2056,2056,2056,2056,2056
0,8,27,2048,2048,2048,2048,2048
0,8,28,8,8,8,8,8
0,8,29,2056,2056,2056,2056,2056
0,8,30,2048,2048,2048,2048,2048
0,8,31,8,8,8,8,8
0,8,32,2056,2056,2056,2056,2056
0,8,33,2048,2048,2048,2048,2048
0,8,34,8,8,8,8,8
0,8,35,2056,2056,2056,2056,2056
0,8,36,2048,2048,2048,2048,2048
0,8,37,8,8,8,8,8
0,8,38,2056,2056,2056,2056,2056
0,8,39,2048,2048,2048,2048,2048
0,8,40,8,8,8,8,8
0,8,41,2056,2056,2056,2056,2056
0,8,42,2048,2048,2048,2048,2048
0,8,43,8,8,8,8,8
0,8,44,2056,2056,2056,2056,2056
0,8,45,2048,2048,2048,2048,2048
0,8,46,8,8,8,8,8
0,8,47,2056,2056,2056,2056,2056
0,8,48,2048,2048,2048,2048,2048
0,8,49,8,8,8,8,8
0,8,50,2056,2056,2056,2056,2056
0,8,51,2048,2048,2048,2048,2048
0,8,52,8,8,8,8,8
0,8,53,2056,2056,2056,2056,2056
0,8,54,2048,2048,2048,2048,2048
0,8,55,8,8,8,8,8
0,8,56,2056,2056,2056,2056,2056
0,8,57,2048,2048,2048,2048,2048
0,8,58,8,8,8,8,8
0,8,59,2056,2056,2056,2056,2056
0,8,60,2048,2048,2048,2048,2048
0,8,61,8,8,8,8,8
0,8,62,2056,2056,2056,2056,2056
0,8,63,2048,2048,2048,2048,2048
0,8,64,8,8,8,8,8
0,8,65,2056,2056,2056,2056,2056
0,8,66,2048,2048,2048,2048,2048
0,8,67,8,8,8,8,8
0,8,68,2056,2056,2056,2056,2056
0,8,69,2048,2048,2048,2048,2048
0,8,70,8,8,8,8,8
0,8,71,2056,2056,2056,2056,2056
0,8,72,2048,2048,2048,2048,2048
0,8,73,8,8,8,8,8
0,8,74,2056,2056,2056,2056,2056
0,8,75,2048,2048,2048,2048,2048
0,8,76,8,8,8,8,8
0,8,77,2056,2056,2056,2056,2056
0,8,78,2048,2048,2048,2048,2048
0,8,79,8,8,8,8,8
0,8,80,2056,2056,2056,2056,2056
0,9,0,2304,2304,2304,2304,2304
0,9,1,264,264,264,264,264
0,9,2,2312,2312,2312,2312,2312
0,9,3,2304,2304,2304,2304,2304
0,9,4,264,264,264,264,264
0,9,5,2312,2312,2312,2312,2312
0,9,6,2304,2304,2304,2304,2304
0,9,7,264,264,264,264,264
0,9,8,2312,2312,2312,2312,2312
0,9,9,2304,2304,2304,2304,2304
0,9,10,264,264,264,264,264
0,9,11,2312,2312,2312,2312,2312
0,9,12,2304,2304,2304,2304,2304
0,9,13,264,264,264,264,264
0,9,14,2312,2312,2312,2312,2312
0,9,15,2304,2304,2304,2304,2304
0,9,16,264,264,264,264,264
0,9,17,2312,2312,2312,2312,2312
0,9,18,2304,2304,2304,2304,2304
0,9,19,264,264,264,264,264
0,9,20,2312,2312,2312,2312,2312
0,9,21,2304,2304,2304,2304,2304
0,9,22,264,264,264,264,264
0,9,23,2312,2312,2312,2312,2312
0,9,24,2304,2304,2304,2304,2304
0,9,25,264,264,264,264,264
0,9,26,2312,2312,2312,2312,2312
0,9,27,2049,2049,2049,2049,2049
0,9,28,9,9,9,9,9
0,9,29,2057,2057,2057,2057,2057
0,9,30,2049,2049,2049,2049,2049
0,9,31,9,9,9,9,9
0,9,32,2057,2057,2057,2057,2057
0,9,33,2049,2049,2049,2049,2049
0,9,34,9,9,9,9,9
0,9,35,2057,2057,2057,2057,2057
0,9,36,2049,2049,2049,2049,2049
0,9,37,9,9,9,9,9
0,9,38,2057,2057,2057,2057,2057
0,9,39,2049,2049,2049,2049,2049
0,9,40,9,9,9,9,9
0,9,41,2057,2057,2057,2057,2057
0,9,42,2049,2049,2049,2049,2049
0,9,43,9,9,9,9,9
0,9,44,2057,2057,2057,2057,2057
0,9,45,2049,2049,2049,2049,2049
0,9,46,9,9,9,9,9
0,9,47,2057,2057,2057,2057,2057
0,9,48,2049,2049,2049,2049,2049
0,9,49,9,9,9,9,9
0,9,50,2057,2057,2057,2057,2057
0,9,51,2049,2049,2049,2049,2049
0,9,52,9,9,9,9,9
0,9,53,2057,2057,2057,2057,2057
0,9,54,2305,2305,2305,2305,2305
0,9,55,265,265,265,265,265
0,9,56,2313,2313,2313,2313,2313
0,9,57,2305,2305,2305,2305,2305
0,9,58,265,265,265,265,265
0,9,59,2313,2313,2313,2313,2313
0,9,60,2305,2305,2305,2305,2305
0,9,61,265,265,265,265,265
0,9,62,2313,2313,2313,2313,2313
0,9,63,2305,2305,2305,2305,2305
0,9,64,265,265,265,265,265
0,9,65,2313,2313,2313,2313,2313
0,9,66,2305,2305,2305,2305,2305
0,9,67,265,265,265,265,265
0,9,68,2313,2313,2313,2313,2313
0,9,69,2305,2305,2305,2305,2305
0,9,70,265,265,265,265,265
0,9,71,2313,2313,2313,2313,2313
0,9,72,2305,2305,2305,2305,2305
0,9,73,265,265,265,265,265
0,9,74,2313,2313,2313,2313,2313
0,9,75,2305,2305,2305,2305,2305
0,9,76,265,265,265,265,265
0,9,77,2313,2313,2313,2313,2313
0,9,78,2305,2305,2305,2305,2305
0,9,79,265,265,265,265,265
0,9,80,2313,2313,2313,2313,2313
0,10,0,2560,2560,2560,2560,2560
0,10,1,520,520,520,520,520
0,10,2,2568,2568,2568,2568,2568
0,10,3,2560,2560,2560,2560,2560
0,10,4,520,520,520,520,520
0,10,5,2568,2568,2568,2568,2568
0,10,6,2560,2560,2560,2560,2560
0,10,7,520,520,520,520,520
0,10,8,2568,2568,2568,2568,2568
0,10,9,2050,2050,2050,2050,2050
0,10,10,10,10,10,10,10
0,10,11,2058,2058,2058,2058,2058
0,10,12,2050,2050,2050,2050,2050
0,10,13,10,10,10,10,10
0,10,14,2058,2058,2058,2058,2058
0,10,15,2050,2050,2050,2050,2050
0,10,16,10,10,10,10,10
0,10,17,2058,2058,2058,2058,2058
0,10,18,2562,2562,2562,2562,2562
0,10,19,522,522,522,522,522
0,10,20,2570,2570,2570,2570,2570
0,10,21,2562,2562,2562,2562,2562
0,10,22,522,522,522,522,522
0,10,23,2570,2570,2570,2570,2570
0,10,24,2562,2562,2562,2562,2562
0,10,25,522,522,522,522,522
0,10,26,2570,2570,2570,2570,2570
0,10,27,2560,2560,2560,2560,2560
0,10,28,520,520,520,520,520
0,10,29,2568,2568,2568,2568,2568
0,10,30,2560,2560,2560,2560,2560
0,10,31,520,520,520,520,520
0,10,32,2568,2568,2568,2568,2568
0,10,33,2560,2560,2560,2560,2560
0,10,34,520,520,520,520,520
0,10,35,2568,2568,2568,2568,2568
0,10,36,2050,2050,2050,2050,2050
0,10,37,10,10,10,10,10
0,10,38,2058,2058,2058,2058,2058
0,10,39,2050,2050,2050,2050,2050
0,10,40,10,10,10,10,10
0,10,41,2058,2058,2058,2058,2058
0,10,42,2050,2050,2050,2050,2050
0,10,43,10,10,10,10,10
0,10,44,2058,2058,2058,2058,2058
0,10,45,2562,2562,2562,2562,2562
0,10,46,522,522,522,522,522
0,10,47,2570,2570,2570,2570,2570
0,10,48,2562,2562,2562,2562,2562
0,10,49,522,522,522,522,522
0,10,50,2570,2570,2570,2570,2570
0,10,51,2562,2562,2562,2562,2562
0,10,52,522,522,522,522,522
0,10,53,2570,2570,2570,2570,2570
0,10,54,2560,2560,2560,2560,2560
0,10,55,520,520,520,520,520
0,10,56,2568,2568,2568,2568,2568
0,10,57,2560,2560,2560,2560,2560
0,10,58,520,520,520,520,520
0,10,59,2568,2568,2568,2568,2568
0,10,60,2560,2560,2560,2560,2560
0,10,61,520,520,520,520,520
0,10,62,2568,2568,2568,2568,2568
0,10,63,2050,2050,2050,2050,2050
0,10,64,10,10,10,10,10
0,10,65,2058,2058,2058,2058,2058
0,10,66,2050,2050,2050,2050,2050
0,10,67,10,10,10,10,10
0,10,68,2058,2058,2058,2058,2058
0,10,69,2050,2050,2050,2050,2050
0,10,70,10,10,10,10,10
0,10,71,2058,2058,2058,2058,2058
0,10,72,2562,2562,2562,2562,2562
0,10,73,522,522,522,522,522
0,10,74,2570,2570,2570,2570,2570
0,10,75,2562,2562,2562,2562,2562
0,10,76,522,522,522,522,522
0,10,77,2570,2570,2570,2570,2570
0,10,78,2562,2562,2562,2562,2562
0,10,79,522,522,522,522,522
0,10,80,2570,2570,2570,2570,2570
0,11,0,2816,2816,2816,2816,2816
0,11,1,776,776,776,776,776
0,11,2,2824,2824,2824,2824,2824
0,11,3,2816,2816,2816,2816,2816
0,11,4,776,776,776,776,776
0,11,5,2824,2824,2824,2824,2824
0,11,6,2816,2816,2816,2816,2816
0,11,7,776,776,776,776,776
0,11,8,2824,2824,2824,2824,2824
0,11,9,2306,2306,2306,2306,2306
0,11,10,266,266,266,266,266
0,11,11,2314,2314,2314,2314,2314
0,11,12,2306,2306,2306,2306,2306
0,11,13,266,266,266,266,266
0,11,14,2314,2314,2314,2314,2314
0,11,15,2306,2306,2306,2306,2306
0,11,16,266,266,266,266,266
0,11,17,2314,2314,2314,2314,2314
0,11,18,2818,2818,2818,2818,2818
0,11,19,778,778,778,778,778
0,11,20,2826,2826,2826,2826,2826
0,11,21,2818,2818,2818,2818,2818
0,11,22,778,778,778,778,778
0,11,23,2826,2826,2826,2826,2826
0,11,24,2818,2818,2818,2818,2818
0,11,25,778,778,778,778,778
0,11,26,2826,2826,2826,2826,2826
0,11,27,2561,2561,2561,2561,2561
0,11,28,521,521,521,521,521
0,11,29,2569,2569,2569,2569,2569
0,11,30,2561,2561,2561,2561,2561
0,11,31,521,521,521,521,521
0,11,32,2569,2569,2569,2569,2569
0,11,33,2561,2561,2561,2561,2561
0,11,34,521,521,521,521,521
0,11,35,2569,2569,2569,2569,2569
0,11,36,2051,2051,2051,2051,2051
0,11,37,11,11,11,11,11
0,11,38,2059,2059,2059,2059,2059
0,11,39,2051,2051,2051,2051,2051
0,11,40,11,11,11,11,11
0,11,41,2059,2059,2059,2059,2059
0,11,42,2051,2051,2051,2051,2051
0,11,43,11,11,11,11,11
0,11,44,2059,2059,2059,2059,2059
0,11,45,2563,2563,2563,2563,2563
0,11,46,523,523,523,523,523
0,11,47,2571,2571,2571,2571,2571
0,11,48,2563,2563,2563,2563,2563
0,11,49,523,523,523,523,523
0,11,50,2571,2571,2571,2571,2571
0,11,51,2563,2563,2563,2563,2563
0,11,52,523,523,523,523,523
0,11,53,2571,2571,2571,2571,2571
0,11,54,2817,2817,2817,2817,2817
0,11,55,777,777,777,777,777
0,11,56,2825,2825,2825,2825,2825
0,11,57,2817,2817,2817,2817,2817
0,11,58,777,777,777,777,777
0,11,59,2825,2825,2825,2825,2825
0,11,60,2817,2817,2817,2817,2817
0,11,61,777,777,777,777,777
0,11,62,2825,2825,2825,2825,2825
0,11,63,2307,2307,2307,2307,2307
0,11,64,267,267,267,267,267
0,11,65,2315,2315,2315,2315,2315
0,11,66,2307,2307,2307,2307,2307
0,11,67,267,267,267,267,267
0,11,68,2315,2315,2315,2315,2315
0,11,69,2307,2307,2307,2307,2307
0,11,70,267,267,267,267,267
0,11,71,2315,2315,2315,2315,2315
0,11,72,2819,2819,2819,2819,2819
0,11,73,779,779,779,779,779
0,11,74,2827,2827,2827,2827,2827
0,11,75,2819,2819,2819,2819,2819
0,11,76,779,779,779,779,779
0,11,77,2827,2827,2827,2827,2827
0,11,78,2819,2819,2819,2819,2819
0,11,79,779,779,779,779,779
0,11,80,2827,2827,2827,2827,2827
0,12,0,3072,3072,3072,3072,3072
0,12,1,1032,1032,1032,1032,1032
0,12,2,3080,3080,3080,3080,3080
0,12,3,2052,2052,2052,2052,2052
0,12,4,12,12,12,12,12
0,12,5,2060,2060,2060,2060,2060
0,12,6,3076,3076,3076,3076,3076
0,12,7,1036,1036,1036,1036,1036
0,12,8,3084,3084,3084,3084,3084
0,12,9,3072,3072,3072,3072,3072
0,12,10,1032,1032,1032,1032,1032
0,12,11,3080,3080,3080,3080,3080
0,12,12,2052,2052,2052,2052,2052
0,12,13,12,12,12,12,12
0,12,14,2060,2060,2060,2060,2060
0,12,15,3076,3076,3076,3076,3076
0,12,16,1036,1036,1036,1036,1036
0,12,17,3084,3084,3084,3084,3084
0,12,18,3072,3072,3072,3072,3072
0,12,19,1032,1032,1032,1032,1032
0,12,20,3080,3080,3080,3080,3080
0,12,21,2052,2052,2052,2052,2052
0,12,22,12,12,12,12,12
0,12,23,2060,2060,2060,2060,2060
0,12,24,3076,3076,3076,3076,3076
0,12,25,1036,1036,1036,1036,1036
0,12,26,3084,3084,3084,3084,3084
0,12,27,3072,3072,3072,3072,3072
0,12,28,1032,1032,1032,1032,1032
0,12,29,3080,3080,3080,3080,3080
0,12,30,2052,2052,2052,2052,2052
0,12,31,12,12,12,12,12
0,12,32,2060,2060,2060,2060,2060
0,12,33,3076,3076,3076,3076,3076
0,12,34,1036,1036,1036,1036,1036
0,12,35,3084,3084,3084,3084,3084
0,12,36,3072,3072,3072,3072,3072
0,12,37,1032,1032,1032,1032,1032
0,12,38,3080,3080,3080,3080,3080
0,12,39,2052,2052,2052,2052,2052
0,12,40,12,12,12,12,12
0,12,41,2060,2060,2060,2060,2060
0,12,42,3076,3076,3076,3076,3076
0,12,43,1036,1036,1036,1036,1036
0,12,44,3084,3084,3084,3084,3084
0,12,45,3072,3072,3072,3072,3072
0,12,46,1032,1032,1032,1032,1032
0,12,47,3080,3080,3080,3080,3080
0,12,48,2052,2052,2052,2052,2052
0,12,49,12,12,12,12,12
0,12,50,2060,2060,2060,2060,2060
0,12,51,3076,3076,3076,3076,3076
0,12,52,1036,1036,1036,1036,1036
0,12,53,3084,3084,3084,3084,3084
0,12,54,3072,3072,3072,3072,3072
0,12,55,1032,1032,1032,1032,1032
0,12,56,3080,3080,3080,3080,3080
0,12,57,2052,2052,2052,2052,2052
0,12,58,12,12,12,12,12
0,12,59,2060,2060,2060,2060,2060
0,12,60,3076,3076,3076,3076,3076
0,12,61,1036,1036,1036,1036,1036
0,12,62,3084,3084,3084,3084,3084
0,12,63,3072,3072,3072,3072,3072
0,12,64,1032,1032,1032,1032,1032
0,12,65,3080,3080,3080,3080,3080
0,12,66,2052,2052,2052,2052,2052
0,12,67,12,12,12,12,12
0,12,68,2060,2060,2060,2060,2060
0,12,69,3076,3076,3076,3076,3076
0,12,70,1036,1036,1036,1036,1036
0,12,71,3084,3084,3084,3084,3084
0,12,72,3072,3072,3072,3072,3072
0,12,73,1032,1032,1032,1032,1032
0,12,74,3080,3080,3080,3080,3080
0,12,75,2052,2052,2052,2052,2052
0,12,76,12,12,12,12,12
0,12,77,2060,2060,2060,2060,2060
0,12,78,3076,3076,3076,3076,3076
0,12,79,1036,1036,1036,1036,1036
0,12,80,3084,3084,3084,3084,3084
0,13,0,3328,3328,3328,3328,3328
0,13,1,1288,1288,1288,1288,1288
0,13,2,3336,3336,3336,3336,3336
0,13,3,2308,2308,2308,2308,2308
0,13,4,268,268,268,268,268
0,13,5,2316,2316,2316,2316,2316
0,13,6,3332,3332,3332,3332,3332
0,13,7,1292,1292,1292,1292,1292
0,13,8,3340,3340,3340,3340,3340
0,13,9,3328,3328,3328,3328,3328
0,13,10,1288,1288,1288,1288,1288
0,13,11,3336,3336,3336,3336,3336
0,13,12,2308,2308,2308,2308,2308
0,13,13,268,268,268,268,268
0,13,14,2316,2316,2316,2316,2316
0,13,15,3332,3332,3332,3332,3332
0,13,16,1292,1292,1292,1292,1292
0,13,17,3340,3340,3340,3340,3340
0,13,18,3328,3328,3328,3328,3328
0,13,19,1288,1288,1288,1288,1288
0,13,20,3336,3336,3336,3336,3336
0,13,21,2308,2308,2308,2308,2308
0,13,22,268,268,268,268,268
0,13,23,2316,2316,2316,2316,2316
0,13,24,3332,3332,3332,3332,3332
0,13,25,1292,1292,1292,1292,1292
0,13,26,3340,3340,3340,3340,3340
0,13,27,3073,3073,3073,3073,3073
0,13,28,1033,1033,1033,1033,1033
0,13,29,3081,3081,3081,3081,3081
0,13,30,2053,2053,2053,2053,2053
0,13,31,13,13,13,13,13
0,13,32,2061,2061,2061,2061,2061
0,13,33,3077,3077,3077,3077,3077
0,13,34,1037,1037,1037,1037,1037
0,13,35,3085,3085,3085,3085,3085
0,13,36,3073,3073,3073,3073,3073
0,13,37,1033,1033,1033,1033,1033
0,13,38,3081,3081,3081,3081,3081
0,13,39,2053,2053,2053,2053,2053
0,13,40,13,13,13,13,13
0,13,41,2061,2061,2061,2061,2061
0,13,42,3077,3077,3077,3077,3077
0,13,43,1037,1037,1037,1037,1037
0,13,44,3085,3085,3085,3085,3085
0,13,45,3073,3073,3073,3073,3073
0,13,46,1033,1033,1033,1033,1033
0,13,47,3081,3081,3081,3081,3081
0,13,48,2053,2053,2053,2053,2053
0,13,49,13,13,13,13,13
0,13,50,2061,2061,2061,2061,2061
0,13,51,3077,3077,3077,3077,3077
0,13,52,1037,1037,1037,1037,1037
0,13,53,3085,3085,3085,3085,3085
0,13,54,3329,3329,3329,3329,3329
0,13,55,1289,1289,1289,1289,1289
0,13,56,3337,3337,3337,3337,3337
0,13,57,2309,2309,2309,2309,2309
0,13,58,269,269,269,269,269
0,13,59,2317,2317,2317,2317,2317
0,13,60,3333,3333,3333,3333,3333
0,13,61,1293,1293,1293,1293,1293
0,13,62,3341,3341,3341,3341,3341
0,13,63,3329,3329,3329,3329,3329
0,13,64,1289,1289,1289,1289,1289
0,13,65,3337,3337,3337,3337,3337
0,13,66,2309,2309,2309,2309,2309
0,13,67,269,269,269,269,269
0,13,68,2317,2317,2317,2317,2317
0,13,69,3333,3333,3333,3333,3333
0,13,70,1293,1293,1293,1293,1293
0,13,71,3341,3341,3341,3341,3341
0,13,72,3329,3329,3329,3329,3329
0,13,73,1289,1289,1289,1289,1289
0,13,74,3337,3337,3337,3337,3337
0,13,75,2309,2309,2309,2309,2309
0,13,76,269,269,269,269,269
0,13,77,2317,2317,2317,2317,2317
0,13,78,3333,3333,3333,3333,3333
0,13,79,1293,1293,1293,1293,1293
0,13,80,3341,3341,3341,3341,3341
0,14,0,3584,3584,3584,3584,3584
0,14,1,1544,1544,1544,1544,1544
0,14,2,3592,3592,3592,3592,3592
0,14,3,2564,2564,2564,2564,2564
0,14,4,524,524,524,524,524
0,14,5,2572,2572,2572,2572,2572
0,14,6,3588,3588,3588,3588,3588
0,14,7,1548,1548,1548,1548,1548
0,14,8,3596,3596,3596,3596,3596
0,14,9,3074,3074,3074,3074,3074
0,14,10,1034,1034,1034,1034,1034
0,14,11,3082,3082,3082,3082,3082
0,14,12,2054,2054,2054,2054,2054
0,14,13,14,14,14,14,14
0,14,14,2062,2062,2062,2062,2062
0,14,15,3078,3078,3078,3078,3078
0,14,16,1038,1038,1038,1038,1038
0,14,17,3086,3086,3086,3086,3086
0,14,18,3586,3586,3586,3586,3586
0,14,19,1546,1546,1546,1546,1546
0,14,20,3594,3594,3594,3594,3594
0,14,21,2566,2566,2566,2566,2566
0,14,22,526,526,526,526,526
0,14,23,2574,2574,2574,2574,2574
0,14,24,3590,3590,3590,3590,3590
0,14,25,1550,1550,1550,1550,1550
0,14,26,3598,3598,3598,3598,3598
0,14,27,3584,3584,3584,3584,3584
0,14,28,1544,1544,1544,1544,1544
0,14,29,3592,3592,3592,3592,3592
0,14,30,2564,2564,2564,2564,2564
0,14,31,524,524,524,524,524
0,14,32,2572,2572,2572,2572,2572
0,14,33,3588,3588,3588,3588,3588
0,14,34,1548,1548,1548,1548,1548
0,14,35,3596,3596,3596,3596,3596
0,14,36,3074,3074,3074,3074,3074
0,14,37,1034,1034,1034,1034,1034
0,14,38,3082,3082,3082,3082,3082
0,14,39,2054,2054,2054,2054,2054
0,14,40,14,14,14,14,14
0,14,41,2062,2062,2062,2062,2062
0,14,42,3078,3078,3078,3078,3078
0,14,43,1038,1038,1038,1038,1038
0,14,44,3086,3086,3086,3086,3086
0,14,45,3586,3586,3586,3586,3586
0,14,46,1546,1546,1546,1546,1546
0,14,47,3594,3594,3594,3594,3594
0,14,48,2566,2566,2566,2566,2566
0,14,49,526,526,526,526,526
0,14,50,2574,2574,2574,2574,2574
0,14,51,3590,3590,3590,3590,3590
0,14,52,1550,1550,1550,1550,1550
0,14,53,3598,3598,3598,3598,3598
0,14,54,3584,3584,3584,3584,3584
0,14,55,1544,1544,1544,1544,1544
0,14,56,3592,3592,3592,3592,3592
0,14,57,2564,2564,2564,2564,2564
0,14,58,524,524,524,524,524
0,14,59,2572,2572,2572,2572,2572
0,14,60,3588,3588,3588,3588,3588
0,14,61,1548,1548,1548,1548,1548
0,14,62,3596,3596,3596,3596,3596
0,14,63,3074,3074,3074,3074,3074
0,14,64,1034,1034,1034,1034,1034
0,14,65,3082,3082,3082,3082,3082
0,14,66,2054,2054,2054,2054,2054
0,14,67,14,14,14,14,14
0,14,68,2062,2062,2062,2062,2062
0,14,69,3078,3078,3078,3078,3078
0,14,70,1038,1038,1038,1038,1038
0,14,71,3086,3086,3086,3086,3086
0,14,72,3586,3586,3586,3586,3586
0,14,73,1546,1546,1546,1546,1546
0,14,74,3594,3594,3594,3594,3594
0,14,75,2566,2566,2566,2566,2566
0,14,76,526,526,526,526,526
0,14,77,2574,2574,2574,2574,2574
0,14,78,3590,3590,3590,3590,3590
0,14,79,1550,1550,1550,1550,1550
0,14,80,3598,3598,3598,3598,3598
0,15,0,3840,3840,3840,3840,3840
0,15,1,1800,1800,1800,1800,1800
0,15,2,3848,3848,3848,3848,3848
0,15,3,2820,2820,2820,2820,2820
0,15,4,780,780,780,780,780
0,15,5,2828,2828,2828,2828,2828
0,15,6,3844,3844,3844,3844,3844
0,15,7,1804,1804,1804,1804,1804
0,15,8,3852,3852,3852,3852,3852
0,15,9,3330,3330,3330,3330,3330
0,15,10,1290,1290,1290,1290,1290
0,15,11,3338,3338,3338,3338,3338
0,15,12,2310,2310,2310,2310,2310
0,15,13,270,270,270,270,270
0,15,14,2318,2318,2318,2318,2318
0,15,15,3334,3334,3334,3334,3334
0,15,16,1294,1294,1294,1294,1294
0,15,17,3342,3342,3342,3342,3342
0,15,18,3842,3842,3842,3842,3842
0,15,19,1802,1802,1802,1802,1802
0,15,20,3850,3850,3850,3850,3850
0,15,21,2822,2822,2822,2822,2822
0,15,22,782,782,782,782,782
0,15,23,2830,2830,2830,2830,2830
0,15,24,3846,3846,3846,3846,3846
0,15,25,1806,1806,1806,1806,1806
0,15,26,3854,3854,3854,3854,3854
0,15,27,3585,3585,3585,3585,3585
0,15,28,1545,1545,1545,1545,1545
0,15,29,3593,3593,3593,3593,3593
0,15,30,2565,2565,2565,2565,2565
0,15,31,525,525,525,525,525
0,15,32,2573,2573,2573,2573,2573
0,15,33,3589,3589,3589,3589,3589
0,15,34,1549,1549,1549,1549,1549
0,15,35,3597,3597,3597,3597,3597
0,15,36,3075,3075,3075,3075,3075
0,15,37,1035,1035,1035,1035,1035
0,15,38,3083,3083,3083,3083,3083
0,15,39,2055,2055,2055,2055,2055
0,15,40,15,15,15,15,15
0,15,41,2063,2063,2063,2063,2063
0,15,42,3079,3079,3079,3079,3079
0,15,43,1039,1039,1039,1039,1039
0,15,44,3087,3087,3087,3087,3087
0,15,45,3587,3587,3587,3587,3587
0,15,46,1547,1547,1547,1547,1547
0,15,47,3595,3595,3595,3595,3595
0,15,48,2567,2567,2567,2567,2567
0,15,49,527,527,527,527,527
0,15,50,2575,2575,2575,2575,2575
0,15,51,3591,3591,3591,3591,3591
0,15,52,1551,1551,1551,1551,1551
0,15,53,3599,3599,3599,3599,3599
0,15,54,3841,3841,3841,3841,3841
0,15,55,1801,1801,1801,1801,1801
0,15,56,3849,3849,3849,3849,3849
0,15,57,2821,2821,2821,2821,2821
0,15,58,781,781,781,781,781
0,15,59,2829,2829,2829,2829,2829
0,15,60,3845,3845,3845,3845,3845
0,15,61,1805,1805,1805,1805,1805
0,15,62,3853,3853,3853,3853,3853
0,15,63,3331,3331,3331,3331,3331
0,15,64,1291,1291,1291,1291,1291
0,15,65,3339,3339,3339,3339,3339
0,15,66,2311,2311,2311,2311,2311
0,15,67,271,271,271,271,271
0,15,68,2319,2319,2319,2319,2319
0,15,69,3335,3335,3335,3335,3335
0,15,70,1295,1295,1295,1295,1295
0,15,71,3343,3343,3343,3343,3343
0,15,72,3843,3843,3843,3843,3843
0,15,73,1803,1803,1803,1803,1803
0,15,74,3851,3851,3851,3851,3851
0,15,75,2823,2823,2823,2823,2823
0,15,76,783,783,783,783,783
0,15,77,2831,2831,2831,2831,2831
0,15,78,3847,3847,3847,3847,3847
0,15,79,1807,1807,1807,1807,1807
0,15,80,3855,3855,3855,3855,3855
0,16,0,16,16,16,16,16
0,16,1,16,16,16,16,16
0,16,2,16,16,16,16,16
0,16,3,16,16,16,16,16
0,16,4,16,16,16,16,16
0,16,5,16,16,16,16,16
0,16,6,16,16,16,16,16
0,16,7,16,16,16,16,16
0,16,8,16,16,16,16,16
0,16,9,16,16,16,16,16
0,16,10,16,16,16,16,16
0,16,11,16,16,16,16,16
0,16,12,16,16,16,16,16
0,16,13,16,16,16,16,16
0,16,14,16,16,16,16,16
0,16,15,16,16,16,16,16
0,16,16,16,16,16,16,16
0,16,17,16,16,16,16,16
0,16,18,16,16,16,16,16
0,16,19,16,16,16,16,16
0,16,20,16,16,16,16,16
0,16,21,16,16,16,16,16
0,16,22,16,16,16,16,16
0,16,23,16,16,16,16,16
0,16,24,16,16,16,16,16
0,16,25,16,16,16,16,16
0,16,26,16,16,16,16,16
0,16,27,16,16,16,16,16
0,16,28,16,16,16,16,16
0,16,29,16,16,16,16,16
0,16,30,16,16,16,16,16
0,16,31,16,16,16,16,16
0,16,32,16,16,16,16,16
0,16,33,16,16,16,16,16
0,16,34,16,16,16,16,16
0,16,35,16,16,16,16,16
0,16,36,16,16,16,16,16
0,16,37,16,16,16,16,16
0,16,38,16,16,16,16,16
0,16,39,16,16,16,16,16
0,16,40,16,16,16,16,16
0,16,41,16,16,16,16,16
0,16,42,16,16,16,16,16
0,16,43,16,16,16,16,16
0,16,44,16,16,16,16,16
0,16,45,16,16,16,16,16
0,16,46,16,16,16,16,16
0,16,47,16,16,16,16,16
0,16,48,16,16,16,16,16
0,16,49,16,16,16,16,16
0,16,50,16,16,16,16,16
0,16,51,16,16,16,16,16
0,16,52,16,16,16,16,16
0,16,53,16,16,16,16,16
0,16,54,16,16,16,16,16
0,16,55,16,16,16,16,16
0,16,56,16,16,16,16,16
0,16,57,16,16,16,16,16
0,16,58,16,16,16,16,16
0,16,59,16,16,16,16,16
0,16,60,16,16,16,16,16
0,16,61,16,16,16,16,16
0,16,62,16,16,16,16,16
0,16,63,16,16,16,16,16
0,16,64,16,16,16,16,16
0,16,65,16,16,16,16,16
0,16,66,16,16,16,16,16
0,16,67,16,16,16,16,16
0,16,68,16,16,16,16,16
0,16,69,16,16,16,16,16
0,16,70,16,16,16,16,16
0,16,71,16,16,16,16,16
0,16,72,16,16,16,16,16
0,16,73,16,16,16,16,16
0,16,74,16,16,16,16,16
0,16,75,16,16,16,16,16
0,16,76,16,16,16,16,16
0,16,77,16,16,16,16,16
0,16,78,16,16,16,16,16
0,16,79,16,16,16,16,16
0,16,80,16,16,16,16,16
0,17,0,272,272,272,272,272
0,17,1,272,272,272,272,272
0,17,2,272,272,272,272,272
0,17,3,272,272,272,272,272
0,17,4,272,272,272,272,272
0,17,5,272,272,272,272,272
0,17,6,272,272,272,272,272
0,17,7,272,272,272,272,272
0,17,8,272,272,272,272,272
0,17,9,272,272,272,272,272
0,17,10,272,272,272,272,272
0,17,11,272,272,272,272,272
0,17,12,272,272,272,272,272
0,17,13,272,272,272,272,272
0,17,14,272,272,272,272,272
0,17,15,272,272,272,272,272
0,17,16,272,272,272,272,272
0,17,17,272,272,272,272,272
0,17,18,272,272,272,272,272
0,17,19,272,272,272,272,272
0,17,20,272,272,272,272,272
0,17,21,272,272,272,272,272
0,17,22,272,272,272,272,272
0,17,23,272,272,272,272,272
0,17,24,272,272,272,272,272
0,17,25,272,272,272,272,272
0,17,26,272,272,272,272,272
0,17,27,17,17,17,17,17
0,17,28,17,17,17,17,17
0,17,29,17,17,17,17,17
0,17,30,17,17,17,17,17
0,17,31,17,17,17,17,17
0,17,32,17,17,17,17,17
0,17,33,17,17,17,17,17
0,17,34,17,17,17,17,17
0,17,35,17,17,17,17,17
0,17,36,17,17,17,17,17
0,17,37,17,17,17,17,17
0,17,38,17,17,17,17,17
0,17,39,17,17,17,17,17
0,17,40,17,17,17,17,17
0,17,41,17,17,17,17,17
0,17,42,17,17,17,17,17
0,17,43,17,17,17,17,17
0,17,44,17,17,17,17,17
0,17,45,17,17,17,17,17
0,17,46,17,17,17,17,17
0,17,47,17,17,17,17,17
0,17,48,17,17,17,17,17
0,17,49,17,17,17,17,17
0,17,50,17,17,17,17,17
0,17,51,17,17,17,17,17
0,17,52,17,17,17,17,17
0,17,53,17,17,17,17,17
0,17,54,273,273,273,273,273
0,17,55,273,273,273,273,273
0,17,56,273,273,273,273,273
0,17,57,273,273,273,273,273
0,17,58,273,273,273,273,273
0,17,59,273,273,273,273,273
0,17,60,273,273,273,273,273
0,17,61,273,273,273,273,273
0,17,62,273,273,273,273,273
0,17,63,273,273,273,273,273
0,17,64,273,273,273,273,273
0,17,65,273,273,273,273,273
0,17,66,273,273,273,273,273
0,17,67,273,273,273,273,273
0,17,68,273,273,273,273,273
0,17,69,273,273,273,273,273
0,17,70,273,273,273,273,273
0,17,71,273,273,273,273,273
0,17,72,273,273,273,273,273
0,17,73,273,273,273,273,273
0,17,74,273,273,273,273,273
0,17,75,273,273,273,273,273
0,17,76,273,273,273,273,273
0,17,77,273,273,273,273,273
0,17,78,273,273,273,273,273
0,17,79,273,273,273,273,273
0,17,80,273,273,273,273,273
0,18,0,528,560,560,560,560
0,18,1,528,560,560,560,560
0,18,2,528,560,560,560,560
0,18,3,528,560,560,560,560
0,18,4,528,560,560,560,560
0,18,5,528,560,560,560,560
0,18,6,528,560,560,560,560
0,18,7,528,560,560,560,560
0,18,8,528,560,560,560,560
0,18,9,18,18,18,18,18
0,18,10,18,18,18,18,18
0,18,11,18,18,18,18,18
0,18,12,18,18,18,18,18
0,18,13,18,18,18,18,18
0,18,14,18,18,18,18,18
0,18,15,18,18,18,18,18
0,18,16,18,18,18,18,18
0,18,17,18,18,18,18,18
0,18,18,530,562,562,562,562
0,18,19,530,562,562,562,562
0,18,20,530,562,562,562,562
0,18,21,530,562,562,562,562
0,18,22,530,562,562,562,562
0,18,23,530,562,562,562,562
0,18,24,530,562,562,562,562
0,18,25,530,562,562,562,562
0,18,26,530,562,562,562,562
0,18,27,528,560,560,560,560
0,18,28,528,560,560,560,560
0,18,29,528,560,560,560,560
0,18,30,528,560,560,560,560
0,18,31,528,560,560,560,560
0,18,32,528,560,560,560,560
0,18,33,528,560,560,560,560
0,18,34,528,560,560,560,560
0,18,35,528,560,560,560,560
0,18,36,18,18,18,18,18
0,18,37,18,18,18,18,18
0,18,38,18,18,18,18,18
0,18,39,18,18,18,18,18
0,18,40,18,18,18,18,18
0,18,41,18,18,18,18,18
0,18,42,18,18,18,18,18
0,18,43,18,18,18,18,18
0,18,44,18,18,18,18,18
0,18,45,530,562,562,562,562
0,18,46,530,562,562,562,562
0,18,47,530,562,562,562,562
0,18,48,530,562,562,562,562
0,18,49,530,562,562,562,562
0,18,50,530,562,562,562,562
0,18,51,530,562,562,562,562
0,18,52,530,562,562,562,562
0,18,53,530,562,562,562,562
0,18,54,528,560,560,560,560
0,18,55,528,560,560,560,560
0,18,56,528,560,560,560,560
0,18,57,528,560,560,560,560
0,18,58,528,560,560,560,560
0,18,59,528,560,560,560,560
0,18,60,528,560,560,560,560
0,18,61,528,560,560,560,560
0,18,62,528,560,560,560,560
0,18,63,18,18,18,18,18
0,18,64,18,18,18,18,18
0,18,65,18,18,18,18,18
0,18,66,18,18,18,18,18
0,18,67,18,18,18,18,18
0,18,68,18,18,18,18,18
0,18,69,18,18,18,18,18
0,18,70,18,18,18,18,18
0,18,71,18,18,18,18,18
0,18,72,530,562,562,562,562
0,18,73,530,562,562,562,562
0,18,74,530,562,562,562,562
0,18,75,530,562,562,562,562
0,18,76,530,562,562,562,562
0,18,77,530,562,562,562,562
0,18,78,530,562,562,562,562
0,18,79,530,562,562,562,562
0,18,80,530,562,562,562,562
0,19,0,784,816,816,816,816
0,19,1,784,816,816,816,816
0,19,2,784,816,816,816,816
0,19,3,784,816,816,816,816
0,19,4,784,816,816,816,816
0,19,5,784,816,816,816,816
0,19,6,784,816,816,816,816
0,19,7,784,816,816,816,816
0,19,8,784,816,816,816,816
0,19,9,274,274,274,274,274
0,19,10,274,274,274,274,274
0,19,11,274,274,274,274,274
0,19,12,274,274,274,274,274
0,19,13,274,274,274,274,274
0,19,14,274,274,274,274,274
0,19,15,274,274,274,274,274
0,19,16,274,274,274,274,274
0,19,17,274,274,274,274,274
0,19,18,786,818,818,818,818
0,19,19,786,818,818,818,818
0,19,20,786,818,818,818,818
0,19,21,786,818,818,818,818
0,19,22,786,818,818,818,818
0,19,23,786,818,818,818,818
0,19,24,786,818,818,818,818
0,19,25,786,818,818,818,818
0,19,26,786,818,818,818,818
0,19,27,529,561,561,561,561
0,19,28,529,561,561,561,561
0,19,29,529,561,561,561,561
0,19,30,529,561,561,561,561
0,19,31,529,561,561,561,561
0,19,32,529,561,561,561,561
0,19,33,529,561,561,561,561
0,19,34,529,561,561,561,561
0,19,35,529,561,561,561,561
0,19,36,19,19,19,19,19
0,19,37,19,19,19,19,19
0,19,38,19,19,19,19,19
0,19,39,19,19,19,19,19
0,19,40,19,19,19,19,19
0,19,41,19,19,19,19,19
0,19,42,19,19,19,19,19
0,19,43,19,19,19,19,19
0,19,44,19,19,19,19,19
0,19,45,531,563,563,563,563
0,19,46,531,563,563,563,563
0,19,47,531,563,563,563,563
0,19,48,531,563,563,563,563
0,19,49,531,563,563,563,563
0,19,50,531,563,563,563,563
0,19,51,531,563,563,563,563
0,19,52,531,563,563,563,563
0,19,53,531,563,563,563,563
0,19,54,785,817,817,817,817
0,19,55,785,817,817,817,817
0,19,56,785,817,817,817,817
0,19,57,785,817,817,817,817
0,19,58,785,817,817,817,817
0,19,59,785,817,817,817,817
0,19,60,785,817,817,817,817
0,19,61,785,817,817,817,817
0,19,62,785,817,817,817,817
0,19,63,275,275,275,275,275
0,19,64,275,275,275,275,275
0,19,65,275,275,275,275,275
0,19,66,275,275,275,275,275
0,19,67,275,275,275,275,275
0,19,68,275,275,275,275,275
0,19,69,275,275,275,275,275
0,19,70,275,275,275,275,275
0,19,71,275,275,275,275,275
0,19,72,787,819,819,819,819
0,19,73,787,819,819,819,819
0,19,74,787,819,819,819,819
0,19,75,787,819,819,819,819
0,19,76,787,819,819,819,819
0,19,77,787,819,819,819,819
0,19,78,787,819,819,819,819
0,19,79,787,819,819,819,819
0,19,80,787,819,819,819,819
0,20,0,1040,1104,1104,1104,1104
0,20,1,1040,1104,1104,1104,1104
0,20,2,1040,1104,1104,1104,1104
0,20,3,20,20,20,20,20
0,20,4,20,20,20,20,20
0,20,5,20,20,20,20,20
0,20,6,1044,1108,1108,1108,1108
0,20,7,1044,1108,1108,1108,1108
0,20,8,1044,1108,1108,1108,1108
0,20,9,1040,1104,1104,1104,1104
0,20,10,1040,1104,1104,1104,1104
0,20,11,1040,1104,1104,1104,1104
0,20,12,20,20,20,20,20
0,20,13,20,20,20,20,20
0,20,14,20,20,20,20,20
0,20,15,1044,1108,1108,1108,1108
0,20,16,1044,1108,1108,1108,1108
0,20,17,1044,1108,1108,1108,1108
0,20,18,1040,1104,1104,1104,1104
0,20,19,1040,1104,1104,1104,1104
0,20,20,1040,1104,1104,1104,1104
0,20,21,20,20,20,20,20
0,20,22,20,20,20,20,20
0,20,23,20,20,20,20,20
0,20,24,1044,1108,1108,1108,1108
0,20,25,1044,1108,1108,1108,1108
0,20,26,1044,1108,1108,1108,1108
0,20,27,1040,1104,1104,1104,1104
0,20,28,1040,1104,1104,1104,1104
0,20,29,1040,1104,1104,1104,1104
0,20,30,20,20,20,20,20
0,20,31,20,20,20,20,20
0,20,32,20,20,20,20,20
0,20,33,1044,1108,1108,1108,1108
0,20,34,1044,1108,1108,1108,1108
0,20,35,1044,1108,1108,1108,1108
0,20,36,1040,1104,1104,1104,1104
0,20,37,1040,1104,1104,1104,1104
0,20,38,1040,1104,1104,1104,1104
0,20,39,20,20,20,20,20
0,20,40,20,20,20,20,20
0,20,41,20,20,20,20,20
0,20,42,1044,1108,1108,1108,1108
0,20,43,1044,1108,1108,1108,1108
0,20,44,1044,1108,1108,1108,1108
0,20,45,1040,1104,1104,1104,1104
0,20,46,1040,1104,1104,1104,1104
0,20,47,1040,1104,1104,1104,1104
0,20,48,20,20,20,20,20
0,20,49,20,20,20,20,20
0,20,50,20,20,20,20,20
0,20,51,1044,1108,1108,1108,1108
0,20,52,1044,1108,1108,1108,1108
0,20,53,1044,1108,1108,1108,1108
0,20,54,1040,1104,1104,1104,1104
0,20,55,1040,1104,1104,1104,1104
0,20,56,1040,1104,1104,1104,1104
0,20,57,20,20,20,20,20
0,20,58,20,20,20,20,20
0,20,59,20,20,20,20,20
0,20,60,1044,1108,1108,1108,1108
0,20,61,1044,1108,1108,1108,1108
0,20,62,1044,1108,1108,1108,1108
0,20,63,1040,1104,1104,1104,1104
0,20,64,1040,1104,1104,1104,1104
0,20,65,1040,1104,1104,1104,1104
0,20,66,20,20,20,20,20
0,20,67,20,20,20,20,20
0,20,68,20,20,20,20,20
0,20,69,1044,1108,1108,1108,1108
0,20,70,1044,1108,1108,1108,1108
0,20,71,1044,1108,1108,1108,1108
0,20,72,1040,1104,1104,1104,1104
0,20,73,1040,1104,1104,1104,1104
0,20,74,1040,1104,1104,1104,1104
0,20,75,20,20,20,20,20
0,20,76,20,20,20,20,20
0,20,77,20,20,20,20,20
0,20,78,1044,1108,1108,1108,1108
0,20,79,1044,1108,1108,1108,1108
0,20,80,1044,1108,1108,1108,1108
0,21,0,1296,1360,1360,1360,1360
0,21,1,1296,1360,1360,1360,1360
0,21,2,1296,1360,1360,1360,1360
0,21,3,276,276,276,276,276
0,21,4,276,276,276,276,276
0,21,5,276,276,276,276,276
0,21,6,1300,1364,1364,1364,1364
0,21,7,1300,1364,1364,1364,1364
0,21,8,1300,1364,1364,1364,1364
0,21,9,1296,1360,1360,1360,1360
0,21,10,1296,1360,1360,1360,1360
0,21,11,1296,1360,1360,1360,1360
0,21,12,276,276,276,276,276
0,21,13,276,276,276,276,276
0,21,14,276,276,276,276,276
0,21,15,1300,1364,1364,1364,1364
0,21,16,1300,1364,1364,1364,1364
0,21,17,1300,1364,1364,1364,1364
0,21,18,1296,1360,1360,1360,1360
0,21,19,1296,1360,1360,1360,1360
0,21,20,1296,1360,1360,1360,1360
0,21,21,276,276,276,276,276
0,21,22,276,276,276,276,276
0,21,23,276,276,276,276,276
0,21,24,1300,1364,1364,1364,1364
0,21,25,1300,1364,1364,1364,1364
0,21,26,1300,1364,1364,1364,1364
0,21,27,1041,1105,1105,1105,1105
0,21,28,1041,1105,1105,1105,1105
0,21,29,1041,1105,1105,1105,1105
0,21,30,21,21,21,21,21
0,21,31,21,21,21,21,21
0,21,32,21,21,21,21,21
0,21,33,1045,1109,1109,1109,1109
0,21,34,1045,1109,1109,1109,1109
0,21,35,1045,1109,1109,1109,1109
0,21,36,1041,1105,1105,1105,1105
0,21,37,1041,1105,1105,1105,1105
0,21,38,1041,1105,1105,1105,1105
0,21,39,21,21,21,21,21
0,21,40,21,21,21,21,21
0,21,41,21,21,21,21,21
0,21,42,1045,1109,1109,1109,1109
0,21,43,1045,1109,1109,1109,1109
0,21,44,1045,1109,1109,1109,1109
0,21,45,1041,1105,1105,1105,1105
0,21,46,1041,1105,1105,1105,1105
0,21,47,1041,1105,1105,1105,1105
0,21,48,21,21,21,21,21
0,21,49,21,21,21,21,21
0,21,50,21,21,21,21,21
0,21,51,1045,1109,1109,1109,1109
0,21,52,1045,1109,1109,1109,1109
0,21,53,1045,1109,1109,1109,1109
0,21,54,1297,1361,1361,1361,1361
0,21,55,1297,1361,1361,1361,1361
0,21,56,1297,1361,1361,1361,1361
0,21,57,277,277,277,277,277
0,21,58,277,277,277,277,277
0,21,59,277,277,277,277,277
0,21,60,1301,1365,1365,1365,1365
0,21,61,1301,1365,1365,1365,1365
0,21,62,1301,1365,1365,1365,1365
0,21,63,1297,1361,1361,1361,1361
0,21,64,1297,1361,1361,1361,1361
0,21,65,1297,1361,1361,1361,1361
0,21,66,277,277,277,277,277
0,21,67,277,277,277,277,277
0,21,68,277,277,277,277,277
0,21,69,1301,1365,1365,1365,1365
0,21,70,1301,1365,1365,1365,1365
0,21,71,1301,1365,1365,1365,1365
0,21,72,1297,1361,1361,1361,1361
0,21,73,1297,1361,1361,1361,1361
0,21,74,1297,1361,1361,1361,1361
0,21,75,277,277,277,277,277
0,21,76,277,277,277,277,277
0,21,77,277,277,277,277,277
0,21,78,1301,1365,1365,1365,1365
0,21,79,1301,1365,1365,1365,1365
0,21,80,1301,1365,1365,1365,1365
0,22,0,1552,3696,3824,3824,3824
0,22,1,1552,1656,1656,1656,1656
0,22,2,1552,3704,3832,3832,3832
0,22,3,532,2612,2740,2740,2740
0,22,4,532,572,572,572,572
0,22,5,532,2620,2748,2748,2748
0,22,6,1556,3700,3828,3828,3828
0,22,7,1556,1660,1660,1660,1660
0,22,8,1556,3708,3836,3836,3836
0,22,9,1042,3154,3282,3282,3282
0,22,10,1042,1114,1114,1114,1114
0,22,11,1042,3162,3290,3290,3290
0,22,12,22,22,22,22,22
0,22,13,22,22,22,22,22
0,22,14,22,22,22,22,22
0,22,15,1046,3158,3286,3286,3286
0,22,16,1046,1118,1118,1118,1118
0,22,17,1046,3166,3294,3294,3294
0,22,18,1554,3698,3826,3826,3826
0,22,19,1554,1658,1658,1658,1658
0,22,20,1554,3706,3834,3834,3834
0,22,21,534,2614,2742,2742,2742
0,22,22,534,574,574,574,574
0,22,23,534,2622,2750,2750,2750
0,22,24,1558,3702,3830,3830,3830
0,22,25,1558,1662,1662,1662,1662
0,22,26,1558,3710,3838,3838,3838
0,22,27,1552,3696,3824,3824,3824
0,22,28,1552,1656,1656,1656,1656
0,22,29,1552,3704,3832,3832,3832
0,22,30,532,2612,2740,2740,2740
0,22,31,532,572,572,572,572
0,22,32,532,2620,2748,2748,2748
0,22,33,1556,3700,3828,3828,3828
0,22,34,1556,1660,1660,1660,1660
0,22,35,1556,3708,3836,3836,3836
0,22,36,1042,3154,3282,3282,3282
0,22,37,1042,1114,1114,1114,1114
0,22,38,1042,3162,3290,3290,3290
0,22,39,22,22,22,22,22
0,22,40,22,22,22,22,22
0,22,41,22,22,22,22,22
0,22,42,1046,3158,3286,3286,3286
0,22,43,1046,1118,1118,1118,1118
0,22,44,1046,3166,3294,3294,3294
0,22,45,1554,3698,3826,3826,3826
0,22,46,1554,1658,1658,1658,1658
0,22,47,1554,3706,3834,3834,3834
0,22,48,534,2614,2742,2742,2742
0,22,49,534,574,574,574,574
0,22,50,534,2622,2750,2750,2750
0,22,51,1558,3702,3830,3830,3830
0,22,52,1558,1662,1662,1662,1662
0,22,53,1558,3710,3838,3838,3838
0,22,54,1552,3696,3824,3824,3824
0,22,55,1552,1656,1656,1656,1656
0,22,56,1552,3704,3832,3832,3832
0,22,57,532,2612,2740,2740,2740
0,22,58,532,572,572,572,572
0,22,59,532,2620,2748,2748,2748
0,22,60,1556,3700,3828,3828,3828
0,22,61,1556,1660,1660,1660,1660
0,22,62,1556,3708,3836,3836,3836
0,22,63,1042,3154,3282,3282,3282
0,22,64,1042,1114,1114,1114,1114
0,22,65,1042,3162,3290,3290,3290
0,22,66,22,22,22,22,22
0,22,67,22,22,22,22,22
0,22,68,22,22,22,22,22
0,22,69,1046,3158,3286,3286,3286
0,22,70,1046,1118,1118,1118,1118
0,22,71,1046,3166,3294,3294,3294
0,22,72,1554,3698,3826,3826,3826
0,22,73,1554,1658,1658,1658,1658
0,22,74,1554,3706,3834,3834,3834
0,22,75,534,2614,2742,2742,2742
0,22,76,534,574,574,574,574
0,22,77,534,2622,2750,2750,2750
0,22,78,1558,3702,3830,3830,3830
0,22,79,1558,1662,1662,1662,1662
0,22,80,1558,3710,3838,3838,3838
0,23,0,1808,3952,4080,4080,4080
0,23,1,1808,1912,1912,1912,1912
0,23,2,1808,3960,4088,4088,4088
0,23,3,788,2868,2996,2996,2996
0,23,4,788,828,828,828,828
0,23,5,788,2876,3004,3004,3004
0,23,6,1812,3956,4084,4084,4084
0,23,7,1812,1916,1916,1916,1916
0,23,8,1812,3964,4092,4092,4092
0,23,9,1298,3410,3538,3538,3538
0,23,10,1298,1370,1370,1370,1370
0,23,11,1298,3418,3546,3546,3546
0,23,12,278,278,278,278,278
0,23,13,278,278,278,278,278
0,23,14,278,278,278,278,278
0,23,15,1302,3414,3542,3542,3542
0,23,16,1302,1374,1374,1374,1374
0,23,17,1302,3422,3550,3550,3550
0,23,18,1810,3954,4082,4082,4082
0,23,19,1810,1914,1914,1914,1914
0,23,20,1810,3962,4090,4090,4090
0,23,21,790,2870,2998,2998,2998
0,23,22,790,830,830,830,830
0,23,23,790,2878,3006,3006,3006
0,23,24,1814,3958,4086,4086,4086
0,23,25,1814,1918,1918,1918,1918
0,23,26,1814,3966,4094,4094,4094
0,23,27,1553,3697,3825,3825,3825
0,23,28,1553,1657,1657,1657,1657
0,23,29,1553,3705,3833,3833,3833
0,23,30,533,2613,2741,2741,2741
0,23,31,533,573,573,573,573
0,23,32,533,2621,2749,2749,2749
0,23,33,1557,3701,3829,3829,3829
0,23,34,1557,1661,1661,1661,1661
0,23,35,1557,3709,3837,3837,3837
0,23,36,1043,3155,3283,3283,3283
0,23,37,1043,1115,1115,1115,1115
0,23,38,1043,3163,3291,3291,3291
0,23,39,23,23,23,23,23
0,23,40,23,23,23,23,23
0,23,41,23,23,23,23,23
0,23,42,1047,3159,3287,3287,3287
0,23,43,1047,1119,1119,1119,1119
0,23,44,1047,3167,3295,3295,3295
0,23,45,1555,3699,3827,3827,3827
0,23,46,1555,1659,1659,1659,1659
0,23,47,1555,3707,3835,3835,3835
0,23,48,535,2615,2743,2743,2743
0,23,49,535,575,575,575,575
0,23,50,535,2623,2751,2751,2751
0,23,51,1559,3703,3831,3831,3831
0,23,52,1559,1663,1663,1663,1663
0,23,53,1559,3711,3839,3839,3839
0,23,54,1809,3953,4081,4081,4081
0,23,55,1809,1913,1913,1913,1913
0,23,56,1809,3961,4089,4089,4089
0,23,57,789,2869,2997,2997,2997
0,23,58,789,829,829,829,829
0,23,59,789,2877,3005,3005,3005
0,23,60,1813,3957,4085,4085,4085
0,23,61,1813,1917,1917,1917,1917
0,23,62,1813,3965,4093,4093,4093
0,23,63,1299,3411,3539,3539,3539
0,23,64,1299,1371,1371,1371,1371
0,23,65,1299,3419,3547,3547,3547
0,23,66,279,279,279,279,279
0,23,67,279,279,279,279,279
0,23,68,279,279,279,279,279
0,23,69,1303,3415,3543,3543,3543
0,23,70,1303,1375,1375,1375,1375
0,23,71,1303,3423,3551,3551,3551
0,23,72,1811,3955,4083,4083,4083
0,23,73,1811,1915,1915,1915,1915
0,23,74,1811,3963,4091,4091,4091
0,23,75,791,2871,2999,2999,2999
0,23,76,791,831,831,831,831
0,23,77,791,2879,3007,3007,3007
0,23,78,1815,3959,4087,4087,4087
0,23,79,1815,1919,1919,1919,1919
0,23,80,1815,3967,4095,4095,4095
0,24,0,2064,2192,2192,2192,2192
0,24,1,24,24,24,24,24
0,24,2,2072,2200,2200,2200,2200
0,24,3,2064,2192,2192,2192,2192
0,24,4,24,24,24,24,24
0,24,5,2072,2200,2200,2200,2200
0,24,6,2064,2192,2192,2192,2192
0,24,7,24,24,24,24,24
0,24,8,2072,2200,2200,2200,2200
0,24,9,2064,2192,2192,2192,2192
0,24,10,24,24,24,24,24
0,24,11,2072,2200,2200,2200,2200
0,24,12,2064,2192,2192,2192,2192
0,24,13,24,24,24,24,24
0,24,14,2072,2200,2200,2200,2200
0,24,15,2064,2192,2192,2192,2192
0,24,16,24,24,24,24,24
0,24,17,2072,2200,2200,2200,2200
0,24,18,2064,2192,2192,2192,2192
0,24,19,24,24,24,24,24
0,24,20,2072,2200,2200,2200,2200
0,24,21,2064,2192,2192,2192,2192
0,24,22,24,24,24,24,24
0,24,23,2072,2200,2200,2200,2200
0,24,24,2064,2192,2192,2192,2192
0,24,25,24,24,24,24,24
0,24,26,2072,2200,2200,2200,2200
0,24,27,2064,2192,2192,2192,2192
0,24,28,24,24,24,24,24
0,24,29,2072,2200,2200,2200,2200
0,24,30,2064,2192,2192,2192,2192
0,24,31,24,24,24,24,24
0,24,32,2072,2200,2200,2200,2200
0,24,33,2064,2192,2192,2192,2192
0,24,34,24,24,24,24,24
0,24,35,2072,2200,2200,2200,2200
0,24,36,2064,2192,2192,2192,2192
0,24,37,24,24,24,24,24
0,24,38,2072,2200,2200,2200,2200
0,24,39,2064,2192,2192,2192,2192
0,24,40,24,24,24,24,24
0,24,41,2072,2200,2200,2200,2200
0,24,42,2064,2192,2192,2192,2192
0,24,43,24,24,24,24,24
0,24,44,2072,2200,2200,2200,2200
0,24,45,2064,2192,2192,2192,2192
0,24,46,24,24,24,24,24
0,24,47,2072,2200,2200,2200,2200
0,24,48,2064,2192,2192,2192,2192
0,24,49,24,24,24,24,24
0,24,50,2072,2200,2200,2200,2200
0,24,51,2064,2192,2192,2192,2192
0,24,52,24,24,24,24,24
0,24,53,2072,2200,2200,2200,2200
0,24,54,2064,2192,2192,2192,2192
0,24,55,24,24,24,24,24
0,24,56,2072,2200,2200,2200,2200
0,24,57,2064,2192,2192,2192,2192
0,24,58,24,24,24,24,24
0,24,59,2072,2200,2200,2200,2200
0,24,60,2064,2192,2192,2192,2192
0,24,61,24,24,24,24,24
0,24,62,2072,2200,2200,2200,2200
0,24,63,2064,2192,2192,2192,2192
0,24,64,24,24,24,24,24
0,24,65,2072,2200,2200,2200,2200
0,24,66,2064,2192,2192,2192,2192
0,24,67,24,24,24,24,24
0,24,68,2072,2200,2200,2200,2200
0,24,69,2064,2192,2192,2192,2192
0,24,70,24,24,24,24,24
0,24,71,2072,2200,2200,2200,2200
0,24,72,2064,2192,2192,2192,2192
0,24,73,24,24,24,24,24
0,24,74,2072,2200,2200,2200,2200
0,24,75,2064,2192,2192,2192,2192
0,24,76,24,24,24,24,24
0,24,77,2072,2200,2200,2200,2200
0,24,78,2064,2192,2192,2192,2192
0,24,79,24,24,24,24,24
0,24,80,2072,2200,2200,2200,2200
0,25,0,2320,2448,2448,2448,2448
0,25,1,280,280,280,280,280
0,25,2,2328,2456,2456,2456,2456
0,25,3,2320,2448,2448,2448,2448
0,25,4,280,280,280,280,280
0,25,5,2328,2456,2456,2456,2456
0,25,6,2320,2448,2448,2448,2448
0,25,7,280,280,280,280,280
0,25,8,2328,2456,2456,2456,2456
0,25,9,2320,2448,2448,2448,2448
0,25,10,280,280,280,280,280
0,25,11,2328,2456,2456,2456,2456
0,25,12,2320,2448,2448,2448,2448
0,25,13,280,280,280,280,280
0,25,14,2328,2456,2456,2456,2456
0,25,15,2320,2448,2448,2448,2448
0,25,16,280,280,280,280,280
0,25,17,2328,2456,2456,2456,2456
0,25,18,2320,2448,2448,2448,2448
0,25,19,280,280,280,280,280
0,25,20,2328,2456,2456,2456,2456
0,25,21,2320,2448,2448,2448,2448
0,25,22,280,280,280,280,280
0,25,23,2328,2456,2456,2456,2456
0,25,24,2320,2448,2448,2448,2448
0,25,25,280,280,280,280,280
0,25,26,2328,2456,2456,2456,2456
0,25,27,2065,2193,2193,2193,2193
0,25,28,25,25,25,25,25
0,25,29,2073,2201,2201,2201,2201
0,25,30,2065,2193,2193,2193,2193
0,25,31,25,25,25,25,25
0,25,32,2073,2201,2201,2201,2201
0,25,33,2065,2193,2193,2193,2193
0,25,34,25,25,25,25,25
0,25,35,2073,2201,2201,2201,2201
0,25,36,2065,2193,2193,2193,2193
0,25,37,25,25,25,25,25
0,25,38,2073,2201,2201,2201,2201
0,25,39,2065,2193,2193,2193,2193
0,25,40,25,25,25,25,25
0,25,41,2073,2201,2201,2201,2201
0,25,42,2065,2193,2193,2193,2193
0,25,43,25,25,25,25,25
0,25,44,2073,2201,2201,2201,2201
0,25,45,2065,2193,2193,2193,2193
0,25,46,25,25,25,25,25
0,25,47,2073,2201,2201,2201,2201
0,25,48,2065,2193,2193,2193,2193
0,25,49,25,25,25,25,25
0,25,50,2073,2201,2201,2201,2201
0,25,51,2065,2193,2193,2193,2193
0,25,52,25,25,25,25,25
0,25,53,2073,2201,2201,2201,2201
0,25,54,2321,2449,2449,2449,2449
0,25,55,281,281,281,281,281
0,25,56,2329,2457,2457,2457,2457
0,25,57,2321,2449,2449,2449,2449
0,25,58,281,281,281,281,281
0,25,59,2329,2457,2457,2457,2457
0,25,60,2321,2449,2449,2449,2449
0,25,61,281,281,281,281,281
0,25,62,2329,2457,2457,2457,2457
0,25,63,2321,2449,2449,2449,2449
0,25,64,281,281,281,281,281
0,25,65,2329,2457,2457,2457,2457
0,25,66,2321,2449,2449,2449,2449
0,25,67,281,281,281,281,281
0,25,68,2329,2457,2457,2457,2457
0,25,69,2321,2449,2449,2449,2449
0,25,70,281,281,281,281,281
0,25,71,2329,2457,2457,2457,2457
0,25,72,2321,2449,2449,2449,2449
0,25,73,281,281,281,281,281
0,25,74,2329,2457,2457,2457,2457
0,25,75,2321,2449,2449,2449,2449
0,25,76,281,281,281,281,281
0,25,77,2329,2457,2457,2457,2457
0,25,78,2321,2449,2449,2449,2449
0,25,79,281,281,281,281,281
0,25,80,2329,2457,2457,2457,2457
0,26,0,2576,2736,2736,2736,2736
0,26,1,536,568,568,568,568
0,26,2,2584,2744,2744,2744,2744
0,26,3,2576,2736,2736,2736,2736
0,26,4,536,568,568,568,568
0,26,5,2584,2744,2744,2744,2744
0,26,6,2576,2736,2736,2736,2736
0,26,7,536,568,568,568,568
0,26,8,2584,2744,2744,2744,2744
0,26,9,2066,2194,2194,2194,2194
0,26,10,26,26,26,26,26
0,26,11,2074,2202,2202,2202,2202
0,26,12,2066,2194,2194,2194,2194
0,26,13,26,26,26,26,26
0,26,14,2074,2202,2202,2202,2202
0,26,15,2066,2194,2194,2194,2194
0,26,16,26,26,26,26,26
0,26,17,2074,2202,2202,2202,2202
0,26,18,2578,2738,2738,2738,2738
0,26,19,538,570,570,570,570
0,26,20,2586,2746,2746,2746,2746
0,26,21,2578,2738,2738,2738,2738
0,26,22,538,570,570,570,570
0,26,23,2586,2746,2746,2746,2746
0,26,24,2578,2738,2738,2738,2738
0,26,25,538,570,570,570,570
0,26,26,2586,2746,2746,2746,2746
0,26,27,2576,2736,2736,2736,2736
0,26,28,536,568,568,568,568
0,26,29,2584,2744,2744,2744,2744
0,26,30,2576,2736,2736,2736,2736
0,26,31,536,568,568,568,568
0,26,32,2584,2744,2744,2744,2744
0,26,33,2576,2736,2736,2736,2736
0,26,34,536,568,568,568,568
0,26,35,2584,2744,2744,2744,2744
0,26,36,2066,2194,2194,2194,2194
0,26,37,26,26,26,26,26
0,26,38,2074,2202,2202,2202,2202
0,26,39,2066,2194,2194,2194,2194
0,26,40,26,26,26,26,26
0,26,41,2074,2202,2202,2202,2202
0,26,42,2066,2194,2194,2194,2194
0,26,43,26,26,26,26,26
0,26,44,2074,2202,2202,2202,2202
0,26,45,2578,2738,2738,2738,2738
0,26,46,538,570,570,570,570
0,26,47,2586,2746,2746,2746,2746
0,26,48,2578,2738,2738,2738,2738
0,26,49,538,570,570,570,570
0,26,50,2586,2746,2746,2746,2746
0,26,51,2578,2738,2738,2738,2738
0,26,52,538,570,570,570,570
0,26,53,2586,2746,2746,2746,2746
0,26,54,2576,2736,2736,2736,2736
0,26,55,536,568,568,568,568
0,26,56,2584,2744,2744,2744,2744
0,26,57,2576,2736,2736,2736,2736
0,26,58,536,568,568,568,568
0,26,59,2584,2744,2744,2744,2744
0,26,60,2576,2736,2736,2736,2736
0,26,61,536,568,568,568,568
0,26,62,2584,2744,2744,2744,2744
0,26,63,2066,2194,2194,2194,2194
0,26,64,26,26,26,26,26
0,26,65,2074,2202,2202,2202,2202
0,26,66,2066,2194,2194,2194,2194
0,26,67,26,26,26,26,26
0,26,68,2074,2202,2202,2202,2202
0,26,69,2066,2194,2194,2194,2194
0,26,70,26,26,26,26,26
0,26,71,2074,2202,2202,2202,2202
0,26,72,2578,2738,2738,2738,2738
0,26,73,538,570,570,570,570
0,26,74,2586,2746,2746,2746,2746
0,26,75,2578,2738,2738,2738,2738
0,26,76,538,570,570,570,570
0,26,77,2586,2746,2746,2746,2746
0,26,78,2578,2738,2738,2738,2738
0,26,79,538,570,570,570,570
0,26,80,2586,2746,2746,2746,2746
0,27,0,2832,2992,2992,2992,2992
0,27,1,792,824,824,824,824
0,27,2,2840,3000,3000,3000,3000
0,27,3,2832,2992,2992,2992,2992
0,27,4,792,824,824,824,824
0,27,5,2840,3000,3000,3000,3000
0,27,6,2832,2992,2992,2992,2992
0,27,7,792,824,824,824,824
0,27,8,2840,3000,3000,3000,3000
0,27,9,2322,2450,2450,2450,2450
0,27,10,282,282,282,282,282
0,27,11,2330,2458,2458,2458,2458
0,27,12,2322,2450,2450,2450,2450
0,27,13,282,282,282,282,282
0,27,14,2330,2458,2458,2458,2458
0,27,15,2322,2450,2450,2450,2450
0,27,16,282,282,282,282,282
0,27,17,2330,2458,2458,2458,2458
0,27,18,2834,2994,2994,2994,2994
0,27,19,794,826,826,826,826
0,27,20,2842,3002,3002,3002,3002
0,27,21,2834,2994,2994,2994,2994
0,27,22,794,826,826,826,826
0,27,23,2842,3002,3002,3002,3002
0,27,24,2834,2994,2994,2994,2994
0,27,25,794,826,826,826,826
0,27,26,2842,3002,3002,3002,3002
0,27,27,2577,2737,2737,2737,2737
0,27,28,537,569,569,569,569
0,27,29,2585,2745,2745,2745,2745
0,27,30,2577,2737,2737,2737,2737
0,27,31,537,569,569,569,569
0,27,32,2585,2745,2745,2745,2745
0,27,33,2577,2737,2737,2737,2737
0,27,34,537,569,569,569,569
0,27,35,2585,2745,2745,2745,2745
0,27,36,2067,2195,2195,2195,2195
0,27,37,27,27,27,27,27
0,27,38,2075,2203,2203,2203,2203
0,27,39,2067,2195,2195,2195,2195
0,27,40,27,27,27,27,27
0,27,41,2075,2203,2203,2203,2203
0,27,42,2067,2195,2195,2195,2195
0,27,43,27,27,27,27,27
0,27,44,2075,2203,2203,2203,2203
0,27,45,2579,2739,2739,2739,2739
0,27,46,539,571,571,571,571
0,27,47,2587,2747,2747,2747,2747
0,27,48,2579,2739,2739,2739,2739
0,27,49,539,571,571,571,571
0,27,50,2587,2747,2747,2747,2747
0,27,51,2579,2739,2739,2739,2739
0,27,52,539,571,571,571,571
0,27,53,2587,2747,2747,2747,2747
0,27,54,2833,2993,2993,2993,2993
0,27,55,793,825,825,825,825
0,27,56,2841,3001,3001,3001,3001
0,27,57,2833,2993,2993,2993,2993
0,27,58,793,825,825,825,825
0,27,59,2841,3001,3001,3001,3001
0,27,60,2833,2993,2993,2993,2993
0,27,61,793,825,825,825,825
0,27,62,2841,3001,3001,3001,3001
0,27,63,2323,2451,2451,2451,2451
0,27,64,283,283,283,283,283
0,27,65,2331,2459,2459,2459,2459
0,27,66,2323,2451,2451,2451,2451
0,27,67,283,283,283,283,283
0,27,68,2331,2459,2459,2459,2459
0,27,69,2323,2451,2451,2451,2451
0,27,70,283,283,283,283,283
0,27,71,2331,2459,2459,2459,2459
0,27,72,2835,2995,2995,2995,2995
0,27,73,795,827,827,827,827
0,27,74,2843,3003,3003,3003,3003
0,27,75,2835,2995,2995,2995,2995
0,27,76,795,827,827,827,827
0,27,77,2843,3003,3003,3003,3003
0,27,78,2835,2995,2995,2995,2995
0,27,79,795,827,827,827,827
0,27,80,2843,3003,3003,3003,3003
0,28,0,3088,3280,3280,3280,3280
0,28,1,1048,1112,1112,1112,1112
0,28,2,3096,3288,3288,3288,3288
0,28,3,2068,2196,2196,2196,2196
0,28,4,28,28,28,28,28
0,28,5,2076,2204,2204,2204,2204
0,28,6,3092,3284,3284,3284,3284
0,28,7,1052,1116,1116,1116,1116
0,28,8,3100,3292,3292,3292,3292
0,28,9,3088,3280,3280,3280,3280
0,28,10,1048,1112,1112,1112,1112
0,28,11,3096,3288,3288,3288,3288
0,28,12,2068,2196,2196,2196,2196
0,28,13,28,28,28,28,28
0,28,14,2076,2204,2204,2204,2204
0,28,15,3092,3284,3284,3284,3284
0,28,16,1052,1116,1116,1116,1116
0,28,17,3100,3292,3292,3292,3292
0,28,18,3088,3280,3280,3280,3280
0,28,19,1048,1112,1112,1112,1112
0,28,20,3096,3288,3288,3288,3288
0,28,21,2068,2196,2196,2196,2196
0,28,22,28,28,28,28,28
0,28,23,2076,2204,2204,2204,2204
0,28,24,3092,3284,3284,3284,3284
0,28,25,1052,1116,1116,1116,1116
0,28,26,3100,3292,3292,3292,3292
0,28,27,3088,3280,3280,3280,3280
0,28,28,1048,1112,1112,1112,1112
0,28,29,3096,3288,3288,3288,3288
0,28,30,2068,2196,2196,2196,2196
0,28,31,28,28,28,28,28
0,28,32,2076,2204,2204,2204,2204
0,28,33,3092,3284,3284,3284,3284
0,28,34,1052,1116,1116,1116,1116
0,28,35,3100,3292,3292,3292,3292
0,28,36,3088,3280,3280,3280,3280
0,28,37,1048,1112,1112,1112,1112
0,28,38,3096,3288,3288,3288,3288
0,28,39,2068,2196,2196,2196,2196
0,28,40,28,28,28,28,28
0,28,41,2076,2204,2204,2204,2204
0,28,42,3092,3284,3284,3284,3284
0,28,43,1052,1116,1116,1116,1116
0,28,44,3100,3292,3292,3292,3292
0,28,45,3088,3280,3280,3280,3280
0,28,46,1048,1112,1112,1112,1112
0,28,47,3096,3288,3288,3288,3288
0,28,48,2068,2196,2196,2196,2196
0,28,49,28,28,28,28,28
0,28,50,2076,2204,2204,2204,2204
0,28,51,3092,3284,3284,3284,3284
0,28,52,1052,1116,1116,1116,1116
0,28,53,3100,3292,3292,3292,3292
0,28,54,3088,3280,3280,3280,3280
0,28,55,1048,1112,1112,1112,1112
0,28,56,3096,3288,3288,3288,3288
0,28,57,2068,2196,2196,2196,2196
0,28,58,28,28,28,28,28
0,28,59,2076,2204,2204,2204,2204
0,28,60,3092,3284,3284,3284,3284
0,28,61,1052,1116,1116,1116,1116
0,28,62,3100,3292,3292,3292,3292
0,28,63,3088,3280,3280,3280,3280
0,28,64,1048,1112,1112,1112,1112
0,28,65,3096,3288,3288,3288,3288
0,28,66,2068,2196,2196,2196,2196
0,28,67,28,28,28,28,28
0,28,68,2076,2204,2204,2204,2204
0,28,69,3092,3284,3284,3284,3284
0,28,70,1052,1116,1116,1116,1116
0,28,71,3100,3292,3292,3292,3292
0,28,72,3088,3280,3280,3280,3280
0,28,73,1048,1112,1112,1112,1112
0,28,74,3096,3288,3288,3288,3288
0,28,75,2068,2196,2196,2196,2196
0,28,76,28,28,28,28,28
0,28,77,2076,2204,2204,2204,2204
0,28,78,3092,3284,3284,3284,3284
0,28,79,1052,1116,1116,1116,1116
0,28,80,3100,3292,3292,3292,3292
0,29,0,3344,3536,3536,3536,3536
0,29,1,1304,1368,1368,1368,1368
0,29,2,3352,3544,3544,3544,3544
0,29,3,2324,2452,2452,2452,2452
0,29,4,284,284,284,284,284
0,29,5,2332,2460,2460,2460,2460
0,29,6,3348,3540,3540,3540,3540
0,29,7,1308,1372,1372,1372,1372
0,29,8,3356,3548,3548,3548,3548
0,29,9,3344,3536,3536,3536,3536
0,29,10,1304,1368,1368,1368,1368
0,29,11,3352,3544,3544,3544,3544
0,29,12,2324,2452,2452,2452,2452
0,29,13,284,284,284,284,284
0,29,14,2332,2460,2460,2460,2460
0,29,15,3348,3540,3540,3540,3540
0,29,16,1308,1372,1372,1372,1372
0,29,17,3356,3548,3548,3548,3548
0,29,18,3344,3536,3536,3536,3536
0,29,19,1304,1368,1368,1368,1368
0,29,20,3352,3544,3544,3544,3544
0,29,21,2324,2452,2452,2452,2452
0,29,22,284,284,284,284,284
0,29,23,2332,2460,2460,2460,2460
0,29,24,3348,3540,3540,3540,3540
0,29,25,1308,1372,1372,1372,1372
0,29,26,3356,3548,3548,3548,3548
0,29,27,3089,3281,3281,3281,3281
0,29,28,1049,1113,1113,1113,1113
0,29,29,3097,3289,3289,3289,3289
0,29,30,2069,2197,2197,2197,2197
0,29,31,29,29,29,29,29
0,29,32,2077,2205,2205,2205,2205
0,29,33,3093,3285,3285,3285,3285
0,29,34,1053,1117,1117,1117,1117
0,29,35,3101,3293,3293,3293,3293
0,29,36,3089,3281,3281,3281,3281
0,29,37,1049,1113,1113,1113,1113
0,29,38,3097,3289,3289,3289,3289
0,29,39,2069,2197,2197,2197,2197
0,29,40,29,29,29,29,29
0,29,41,2077,2205,2205,2205,2205
0,29,42,3093,3285,3285,3285,3285
0,29,43,1053,1117,1117,1117,1117
0,29,44,3101,3293,3293,3293,3293
0,29,45,3089,3281,3281,3281,3281
0,29,46,1049,1113,1113,1113,1113
0,29,47,3097,3289,3289,3289,3289
0,29,48,2069,2197,2197,2197,2197
0,29,49,29,29,29,29,29
0,29,50,2077,2205,2205,2205,2205
0,29,51,3093,3285,3285,3285,3285
0,29,52,1053,1117,1117,1117,1117
0,29,53,3101,3293,3293,3293,3293
0,29,54,3345,3537,3537,3537,3537
0,29,55,1305,1369,1369,1369,1369
0,29,56,3353,3545,3545,3545,3545
0,29,57,2325,2453,2453,2453,2453
0,29,58,285,285,285,285,285
0,29,59,2333,2461,2461,2461,2461
0,29,60,3349,3541,3541,3541,3541
0,29,61,1309,1373,1373,1373,1373
0,29,62,3357,3549,3549,3549,3549
0,29,63,3345,3537,3537,3537,3537
0,29,64,1305,1369,1369,1369,1369
0,29,65,3353,3545,3545,3545,3545
0,29,66,2325,2453,2453,2453,2453
0,29,67,285,285,285,285,285
0,29,68,2333,2461,2461,2461,2461
0,29,69,3349,3541,3541,3541,3541
0,29,70,1309,1373,1373,1373,1373
0,29,71,3357,3549,3549,3549,3549
0,29,72,3345,3537,3537,3537,3537
0,29,73,1305,1369,1369,1369,1369
0,29,74,3353,3545,3545,3545,3545
0,29,75,2325,2453,2453,2453,2453
0,29,76,285,285,285,285,285
0,29,77,2333,2461,2461,2461,2461
0,29,78,3349,3541,3541,3541,3541
0,29,79,1309,1373,1373,1373,1373
0,29,80,3357,3549,3549,3549,3549
0,30,0,3600,3824,3824,3824,3824
0,30,1,1560,1656,1656,1656,1656
0,30,2,3608,3832,3832,3832,3832
0,30,3,2580,2740,2740,2740,2740
0,30,4,540,572,572,572,572
0,30,5,2588,2748,2748,2748,2748
0,30,6,3604,3828,3828,3828,3828
0,30,7,1564,1660,1660,1660,1660
0,30,8,3612,3836,3836,3836,3836
0,30,9,3090,3282,3282,3282,3282
0,30,10,1050,1114,1114,1114,1114
0,30,11,3098,3290,3290,3290,3290
0,30,12,2070,2198,2198,2198,2198
0,30,13,30,30,30,30,30
0,30,14,2078,2206,2206,2206,2206
0,30,15,3094,3286,3286,3286,3286
0,30,16,1054,1118,1118,1118,1118
0,30,17,3102,3294,3294,3294,3294
0,30,18,3602,3826,3826,3826,3826
0,30,19,1562,1658,1658,1658,1658
0,30,20,3610,3834,3834,3834,3834
0,30,21,2582,2742,2742,2742,2742
0,30,22,542,574,574,574,574
0,30,23,2590,2750,2750,2750,2750
0,30,24,3606,3830,3830,3830,3830
0,30,25,1566,1662,1662,1662,1662
0,30,26,3614,3838,3838,3838,3838
0,30,27,3600,3824,3824,3824,3824
0,30,28,1560,1656,1656,1656,1656
0,30,29,3608,3832,3832,3832,3832
0,30,30,2580,2740,2740,2740,2740
0,30,31,540,572,572,572,572
0,30,32,2588,2748,2748,2748,2748
0,30,33,3604,3828,3828,3828,3828
0,30,34,1564,1660,1660,1660,1660
0,30,35,3612,3836,3836,3836,3836
0,30,36,3090,3282,3282,3282,3282
0,30,37,1050,1114,1114,1114,1114
0,30,38,3098,3290,3290,3290,3290
0,30,39,2070,2198,2198,2198,2198
0,30,40,30,30,30,30,30
0,30,41,2078,2206,2206,2206,2206
0,30,42,3094,3286,3286,3286,3286
0,30,43,1054,1118,1118,1118,1118
0,30,44,3102,3294,3294,3294,3294
0,30,45,3602,3826,3826,3826,3826
0,30,46,1562,1658,1658,1658,1658
0,30,47,3610,3834,3834,3834,3834
0,30,48,2582,2742,2742,2742,2742
0,30,49,542,574,574,574,574
0,30,50,2590,2750,2750,2750,2750
0,30,51,3606,3830,3830,3830,3830
0,30,52,1566,1662,1662,1662,1662
0,30,53,3614,3838,3838,3838,3838
0,30,54,3600,3824,3824,3824,3824
0,30,55,1560,1656,1656,1656,1656
0,30,56,3608,3832,3832,3832,3832
0,30,57,2580,2740,2740,2740,2740
0,30,58,540,572,572,572,572
0,30,59,2588,2748,2748,2748,2748
0,30,60,3604,3828,3828,3828,3828
0,30,61,1564,1660,1660,1660,1660
0,30,62,3612,3836,3836,3836,3836
0,30,63,3090,3282,3282,3282,3282
0,30,64,1050,1114,1114,1114,1114
0,30,65,3098,3290,3290,3290,3290
0,30,66,2070,2198,2198,2198,2198
0,30,67,30,30,30,30,30
0,30,68,2078,2206,2206,2206,2206
0,30,69,3094,3286,3286,3286,3286
0,30,70,1054,1118,1118,1118,1118
0,30,71,3102,3294,3294,3294,3294
0,30,72,3602,3826,3826,3826,3826
0,30,73,1562,1658,1658,1658,1658
0,30,74,3610,3834,3834,3834,3834
0,30,75,2582,2742,2742,2742,2742
0,30,76,542,574,574,574,574
0,30,77,2590,2750,2750,2750,2750
0,30,78,3606,3830,3830,3830,3830
0,30,79,1566,1662,1662,1662,1662
0,30,80,3614,3838,3838,3838,3838
0,31,0,3856,4080,4080,4080,4080
0,31,1,1816,1912,1912,1912,1912
0,31,2,3864,4088,4088,4088,4088
0,31,3,2836,2996,2996,2996,2996
0,31,4,796,828,828,828,828
0,31,5,2844,3004,3004,3004,3004
0,31,6,3860,4084,4084,4084,4084
0,31,7,1820,1916,1916,1916,1916
0,31,8,3868,4092,4092,4092,4092
0,31,9,3346,3538,3538,3538,3538
0,31,10,1306,1370,1370,1370,1370
0,31,11,3354,3546,3546,3546,3546
0,31,12,2326,2454,2454,2454,2454
0,31,13,286,286,286,286,286
0,31,14,2334,2462,2462,2462,2462
0,31,15,3350,3542,3542,3542,3542
0,31,16,1310,1374,1374,1374,1374
0,31,17,3358,3550,3550,3550,3550
0,31,18,3858,4082,4082,4082,4082
0,31,19,1818,1914,1914,1914,1914
0,31,20,3866,4090,4090,4090,4090
0,31,21,2838,2998,2998,2998,2998
0,31,22,798,830,830,830,830
0,31,23,2846,3006,3006,3006,3006
0,31,24,3862,4086,4086,4086,4086
0,31,25,1822,1918,1918,1918,1918
0,31,26,3870,4094,4094,4094,4094
0,31,27,3601,3825,3825,3825,3825
0,31,28,1561,1657,1657,1657,1657
0,31,29,3609,3833,3833,3833,3833
0,31,30,2581,2741,2741,2741,2741
0,31,31,541,573,573,573,573
0,31,32,2589,2749,2749,2749,2749
0,31,33,3605,3829,3829,3829,3829
0,31,34,1565,1661,1661,1661,1661
0,31,35,3613,3837,3837,3837,3837
0,31,36,3091,3283,3283,3283,3283
0,31,37,1051,1115,1115,1115,1115
0,31,38,3099,3291,3291,3291,3291
0,31,39,2071,2199,2199,2199,2199
0,31,40,31,31,31,31,31
0,31,41,2079,2207,2207,2207,2207
0,31,42,3095,3287,3287,3287,3287
0,31,43,1055,1119,1119,1119,1119
0,31,44,3103,3295,3295,3295,3295
0,31,45,3603,3827,3827,3827,3827
0,31,46,1563,1659,1659,1659,1659
0,31,47,3611,3835,3835,3835,3835
0,31,48,2583,2743,2743,2743,2743
0,31,49,543,575,575,575,575
0,31,50,2591,2751,2751,2751,2751
0,31,51,3607,3831,3831,3831,3831
0,31,52,1567,1663,1663,1663,1663
0,31,53,3615,3839,3839,3839,3839
0,31,54,3857,4081,4081,4081,4081
0,31,55,1817,1913,1913,1913,1913
0,31,56,3865,4089,4089,4089,4089
0,31,57,2837,2997,2997,2997,2997
0,31,58,797,829,829,829,829
0,31,59,2845,3005,3005,3005,3005
0,31,60,3861,4085,4085,4085,4085
0,31,61,1821,1917,1917,1917,1917
0,31,62,3869,4093,4093,4093,4093
0,31,63,3347,3539,3539,3539,3539
0,31,64,1307,1371,1371,1371,1371
0,31,65,3355,3547,3547,3547,3547
0,31,66,2327,2455,2455,2455,2455
0,31,67,287,287,287,287,287
0,31,68,2335,2463,2463,2463,2463
0,31,69,3351,3543,3543,3543,3543
0,31,70,1311,1375,1375,1375,1375
0,31,71,3359,3551,3551,3551,3551
0,31,72,3859,4083,4083,4083,4083
0,31,73,1819,1915,1915,1915,1915
0,31,74,3867,4091,4091,4091,4091
0,31,75,2839,2999,2999,2999,2999
0,31,76,799,831,831,831,831
0,31,77,2847,3007,3007,3007,3007
0,31,78,3863,4087,4087,4087,4087
0,31,79,1823,1919,1919,1919,1919
0,31,80,3871,4095,4095,4095,4095
0,32,0,32,32,32,32,32
0,32,1,32,32,32,32,32
0,32,2,32,32,32,32,32
0,32,3,32,32,32,32,32
0,32,4,32,32,32,32,32
0,32,5,32,32,32,32,32
0,32,6,32,32,32,32,32
0,32,7,32,32,32,32,32
0,32,8,32,32,32,32,32
0,32,9,32,32,32,32,32
0,32,10,32,32,32,32,32
0,32,11,32,32,32,32,32
0,32,12,32,32,32,32,32
0,32,13,32,32,32,32,32
0,32,14,32,32,32,32,32
0,32,15,32,32,32,32,32
0,32,16,32,32,32,32,32
0,32,17,32,32,32,32,32
0,32,18,32,32,32,32,32
0,32,19,32,32,32,32,32
0,32,20,32,32,32,32,32
0,32,21,32,32,32,32,32
0,32,22,32,32,32,32,32
0,32,23,32,32,32,32,32
0,32,24,32,32,32,32,32
0,32,25,32,32,32,32,32
0,32,26,32,32,32,32,32
0,32,27,32,32,32,32,32
0,32,28,32,32,32,32,32
0,32,29,32,32,32,32,32
0,32,30,32,32,32,32,32
0,32,31,32,32,32,32,32
0,32,32,32,32,32,32,32
0,32,33,32,32,32,32,32
0,32,34,32,32,32,32,32
0,32,35,32,32,32,32,32
0,32,36,32,32,32,32,32
0,32,37,32,32,32,32,32
0,32,38,32,32,32,32,32
0,32,39,32,32,32,32,32
0,32,40,32,32,32,32,32
0,32,41,32,32,32,32,32
0,32,42,32,32,32,32,32
0,32,43,32,32,32,32,32
0,32,44,32,32,32,32,32
0,32,45,32,32,32,32,32
0,32,46,32,32,32,32,32
0,32,47,32,32,32,32,32
0,32,48,32,32,32,32,32
0,32,49,32,32,32,32,32
0,32,50,32,32,32,32,32
0,32,51,32,32,32,32,32
0,32,52,32,32,32,32,32
0,32,53,32,32,32,32,32
0,32,54,32,32,32,32,32
0,32,55,32,32,32,32,32
0,32,56,32,32,32,32,32
0,32,57,32,32,32,32,32
0,32,58,32,32,32,32,32
0,32,59,32,32,32,32,32
0,32,60,32,32,32,32,32
0,32,61,32,32,32,32,32
0,32,62,32,32,32,32,32
0,32,63,32,32,32,32,32
0,32,64,32,32,32,32,32
0,32,65,32,32,32,32,32
0,32,66,32,32,32,32,32
0,32,67,32,32,32,32,32
0,32,68,32,32,32,32,32
0,32,69,32,32,32,32,32
0,32,70,32,32,32,32,32
0,32,71,32,32,32,32,32
0,32,72,32,32,32,32,32
0,32,73,32,32,32,32,32
0,32,74,32,32,32,32,32
0,32,75,32,32,32,32,32
0,32,76,32,32,32,32,32
0,32,77,32,32,32,32,32
0,32,78,32,32,32,32,32
0,32,79,32,32,32,32,32
0,32,80,32,32,32,32,32
0,33,0,288,288,288,288,288
0,33,1,288,288,288,288,288
0,33,2,288,288,288,288,288
0,33,3,288,288,288,288,288
0,33,4,288,288,288,288,288
0,33,5,288,288,288,288,288
0,33,6,288,288,288,288,288
0,33,7,288,288,288,288,288
0,33,8,288,288,288,288,288
0,33,9,288,288,288,288,288
0,33,10,288,288,288,288,288
0,33,11,288,288,288,288,288
0,33,12,288,288,288,288,288
0,33,13,288,288,288,288,288
0,33,14,288,288,288,288,288
0,33,15,288,288,288,288,288
0,33,16,288,288,288,288,288
0,33,17,288,288,288,288,288
0,33,18,288,288,288,288,288
0,33,19,288,288,288,288,288
0,33,20,288,288,288,288,288
0,33,21,288,288,288,288,288
0,33,22,288,288,288,288,288
0,33,23,288,288,288,288,288
0,33,24,288,288,288,288,288
0,33,25,288,288,288,288,288
0,33,26,288,288,288,288,288
0,33,27,33,33,33,33,33
0,33,28,33,33,33,33,33
0,33,29,33,33,33,33,33
0,33,30,33,33,33,33,33
0,33,31,33,33,33,33,33
0,33,32,33,33,33,33,33
0,33,33,33,33,33,33,33
0,33,34,33,33,33,33,33
0,33,35,33,33,33,33,33
0,33,36,33,33,33,33,33
0,33,37,33,33,33,33,33
0,33,38,33,33,33,33,33
0,33,39,33,33,33,33,33
0,33,40,33,33,33,33,33
0,33,41,33,33,33,33,33
0,33,42,33,33,33,33,33
0,33,43,33,33,33,33,33
0,33,44,33,33,33,33,33
0,33,45,33,33,33,33,33
0,33,46,33,33,33,33,33
0,33,47,33,33,33,33,33
0,33,48,33,33,33,33,33
0,33,49,33,33,33,33,33
0,33,50,33,33,33,33,33
0,33,51,33,33,33,33,33
0,33,52,33,33,33,33,33
0,33,53,33,33,33,33,33
0,33,54,289,289,289,289,289
0,33,55,289,289,289,289,289
0,33,56,289,289,289,289,289
0,33,57,289,289,289,289,289
0,33,58,289,289,289,289,289
0,33,59,289,289,289,289,289
0,33,60,289,289,289,289,289
0,33,61,289,289,289,289,289
0,33,62,289,289,289,289,289
0,33,63,289,289,289,289,289
0,33,64,289,289,289,289,289
0,33,65,289,289,289,289,289
0,33,66,289,289,289,289,289
0,33,67,289,289,289,289,289
0,33,68,289,289,289,289,289
0,33,69,289,289,289,289,289
0,33,70,289,289,289,289,289
0,33,71,289,289,289,289,289
0,33,72,289,289,289,289,289
0,33,73,289,289,289,289,289
0,33,74,289,289,289,289,289
0,33,75,289,289,289,289,289
0,33,76,289,289,289,289,289
0,33,77,289,289,289,289,289
0,33,78,289,289,289,289,289
0,33,79,289,289,289,289,289
0,33,80,289,289,289,289,289
0,34,0,544,544,544,544,544
0,34,1,544,544,544,544,544
0,34,2,544,544,544,544,544
0,34,3,544,544,544,544,544
0,34,4,544,544,544,544,544
0,34,5,544,544,544,544,544
0,34,6,544,544,544,544,544
0,34,7,544,544,544,544,544
0,34,8,544,544,544,544,544
0,34,9,34,34,34,34,34
0,34,10,34,34,34,34,34
0,34,11,34,34,34,34,34
0,34,12,34,34,34,34,34
0,34,13,34,34,34,34,34
0,34,14,34,34,34,34,34
0,34,15,34,34,34,34,34
0,34,16,34,34,34,34,34
0,34,17,34,34,34,34,34
0,34,18,546,546,546,546,546
0,34,19,546,546,546,546,546
0,34,20,546,546,546,546,546
0,34,21,546,546,546,546,546
0,34,22,546,546,546,546,546
0,34,23,546,546,546,546,546
0,34,24,546,546,546,546,546
0,34,25,546,546,546,546,546
0,34,26,546,546,546,546,546
0,34,27,544,544,544,544,544
0,34,28,544,544,544,544,544
0,34,29,544,544,544,544,544
0,34,30,544,544,544,544,544
0,34,31,544,544,544,544,544
0,34,32,544,544,544,544,544
0,34,33,544,544,544,544,544
0,34,34,544,544,544,544,544
0,34,35,544,544,544,544,544
0,34,36,34,34,34,34,34
0,34,37,34,34,34,34,34
0,34,38,34,34,34,34,34
0,34,39,34,34,34,34,34
0,34,40,34,34,34,34,34
0,34,41,34,34,34,34,34
0,34,42,34,34,34,34,34
0,34,43,34,34,34,34,34
0,34,44,34,34,34,34,34
0,34,45,546,546,546,546,546
0,34,46,546,546,546,546,546
0,34,47,546,546,546,546,546
0,34,48,546,546,546,546,546
0,34,49,546,546,546,546,546
0,34,50,546,546,546,546,546
0,34,51,546,546,546,546,546
0,34,52,546,546,546,546,546
0,34,53,546,546,546,546,546
0,34,54,544,544,544,544,544
0,34,55,544,544,544,544,544
0,34,56,544,544,544,544,544
0,34,57,544,544,544,544,544
0,34,58,544,544,544,544,544
0,34,59,544,544,544,544,544
0,34,60,544,544,544,544,544
0,34,61,544,544,544,544,544
0,34,62,544,544,544,544,544
0,34,63,34,34,34,34,34
0,34,64,34,34,34,34,34
0,34,65,34,34,34,34,34
0,34,66,34,34,34,34,34
0,34,67,34,34,34,34,34
0,34,68,34,34,34,34,34
0,34,69,34,34,34,34,34
0,34,70,34,34,34,34,34
0,34,71,34,34,34,34,34
0,34,72,546,546,546,546,546
0,34,73,546,546,546,546,546
0,34,74,546,546,546,546,546
0,34,75,546,546,546,546,546
0,34,76,546,546,546,546,546
0,34,77,546,546,546,546,546
0,34,78,546,546,546,546,546
0,34,79,546,546,546,546,546
0,34,80,546,546,546,546,546
0,35,0,800,800,800,800,800
0,35,1,800,800,800,800,800
0,35,2,800,800,800,800,800
0,35,3,800,800,800,800,800
0,35,4,800,800,800,800,800
0,35,5,800,800,800,800,800
0,35,6,800,800,800,800,800
0,35,7,800,800,800,800,800
0,35,8,800,800,800,800,800
0,35,9,290,290,290,290,290
0,35,10,290,290,290,290,290
0,35,11,290,290,290,290,290
0,35,12,290,290,290,290,290
0,35,13,290,290,290,290,290
0,35,14,290,290,290,290,290
0,35,15,290,290,290,290,290
0,35,16,290,290,290,290,290
0,35,17,290,290,290,290,290
0,35,18,802,802,802,802,802
0,35,19,802,802,802,802,802
0,35,20,802,802,802,802,802
0,35,21,802,802,802,802,802
0,35,22,802,802,802,802,802
0,35,23,802,802,802,802,802
0,35,24,802,802,802,802,802
0,35,25,802,802,802,802,802
0,35,26,802,802,802,802,802
0,35,27,545,545,545,545,545
0,35,28,545,545,545,545,545
0,35,29,545,545,545,545,545
0,35,30,545,545,545,545,545
0,35,31,545,545,545,545,545
0,35,32,545,545,545,545,545
0,35,33,545,545,545,545,545
0,35,34,545,545,545,545,545
0,35,35,545,545,545,545,545
0,35,36,35,35,35,35,35
0,35,37,35,35,35,35,35
0,35,38,35,35,35,35,35
0,35,39,35,35,35,35,35
0,35,40,35,35,35,35,35
0,35,41,35,35,35,35,35
0,35,42,35,35,35,35,35
0,35,43,35,35,35,35,35
0,35,44,35,35,35,35,35
0,35,45,547,547,547,547,547
0,35,46,547,547,547,547,547
0,35,47,547,547,547,547,547
0,35,48,547,547,547,547,547
0,35,49,547,547,547,547,547
0,35,50,547,547,547,547,547
0,35,51,547,547,547,547,547
0,35,52,547,547,547,547,547
0,35,53,547,547,547,547,547
0,35,54,801,801,801,801,801
0,35,55,801,801,801,801,801
0,35,56,801,801,801,801,801
0,35,57,801,801,801,801,801
0,35,58,801,801,801,801,801
0,35,59,801,801,801,801,801
0,35,60,801,801,801,801,801
0,35,61,801,801,801,801,801
0,35,62,801,801,801,801,801
0,35,63,291,291,291,291,291
0,35,64,291,291,291,291,291
0,35,65,291,291,291,291,291
0,35,66,291,291,291,291,291
0,35,67,291,291,291,291,291
0,35,68,291,291,291,291,291
0,35,69,291,291,291,291,291
0,35,70,291,291,291,291,291
0,35,71,291,291,291,291,291
0,35,72,803,803,803,803,803
0,35,73,803,803,803,803,803
0,35,74,803,803,803,803,803
0,35,75,803,803,803,803,803
0,35,76,803,803,803,803,803
0,35,77,803,803,803,803,803
0,35,78,803,803,803,803,803
0,35,79,803,803,803,803,803
0,35,80,803,803,803,803,803
0,36,0,1056,1184,1184,1184,1184
0,36,1,1056,1184,1184,1184,1184
0,36,2,1056,1184,1184,1184,1184
0,36,3,36,36,36,36,36
0,36,4,36,36,36,36,36
0,36,5,36,36,36,36,36
0,36,6,1060,1188,1188,1188,1188
0,36,7,1060,1188,1188,1188,1188
0,36,8,1060,1188,1188,1188,1188
0,36,9,1056,1184,1184,1184,1184
0,36,10,1056,1184,1184,1184,1184
0,36,11,1056,1184,1184,1184,1184
0,36,12,36,36,36,36,36
0,36,13,36,36,36,36,36
0,36,14,36,36,36,36,36
0,36,15,1060,1188,1188,1188,1188
0,36,16,1060,1188,1188,1188,1188
0,36,17,1060,1188,1188,1188,1188
0,36,18,1056,1184,1184,1184,1184
0,36,19,1056,1184,1184,1184,1184
0,36,20,1056,1184,1184,1184,1184
0,36,21,36,36,36,36,36
0,36,22,36,36,36,36,36
0,36,23,36,36,36,36,36
0,36,24,1060,1188,1188,1188,1188
0,36,25,1060,1188,1188,1188,1188
0,36,26,1060,1188,1188,1188,1188
0,36,27,1056,1184,1184,1184,1184
0,36,28,1056,1184,1184,1184,1184
0,36,29,1056,1184,1184,1184,1184
0,36,30,36,36,36,36,36
0,36,31,36,36,36,36,36
0,36,32,36,36,36,36,36
0,36,33,1060,1188,1188,1188,1188
0,36,34,1060,1188,1188,1188,1188
0,36,35,1060,1188,1188,1188,1188
0,36,36,1056,1184,1184,1184,1184
0,36,37,1056,1184,1184,1184,1184
0,36,38,1056,1184,1184,1184,1184
0,36,39,36,36,36,36,36
0,36,40,36,36,36,36,36
0,36,41,36,36,36,36,36
0,36,42,1060,1188,1188,1188,1188
0,36,43,1060,1188,1188,1188,1188
0,36,44,1060,1188,1188,1188,1188
0,36,45,1056,1184,1184,1184,1184
0,36,46,1056,1184,1184,1184,1184
0,36,47,1056,1184,1184,1184,1184
0,36,48,36,36,36,36,36
0,36,49,36,36,36,36,36
0,36,50,36,36,36,36,36
0,36,51,1060,1188,1188,1188,1188
0,36,52,1060,1188,1188,1188,1188
0,36,53,1060,1188,1188,1188,1188
0,36,54,1056,1184,1184,1184,1184
0,36,55,1056,1184,1184,1184,1184
0,36,56,1056,1184,1184,1184,1184
0,36,57,36,36,36,36,36
0,36,58,36,36,36,36,36
0,36,59,36,36,36,36,36
0,36,60,1060,1188,1188,1188,1188
0,36,61,1060,1188,1188,1188,1188
0,36,62,1060,1188,1188,1188,1188
0,36,63,1056,1184,1184,1184,1184
0,36,64,1056,1184,1184,1184,1184
0,36,65,1056,1184,1184,1184,1184
0,36,66,36,36,36,36,36
0,36,67,36,36,36,36,36
0,36,68,36,36,36,36,36
0,36,69,1060,1188,1188,1188,1188
0,36,70,1060,1188,1188,1188,1188
0,36,71,1060,1188,1188,1188,1188
0,36,72,1056,1184,1184,1184,1184
0,36,73,1056,1184,1184,1184,1184
0,36,74,1056,1184,1184,1184,1184
0,36,75,36,36,36,36,36
0,36,76,36,36,36,36,36
0,36,77,36,36,36,36,36
0,36,78,1060,1188,1188,1188,1188
0,36,79,1060,1188,1188,1188,1188
0,36,80,1060,1188,1188,1188,1188
0,37,0,1312,1440,1440,1440,1440
0,37,1,1312,1440,1440,1440,1440
0,37,2,1312,1440,1440,1440,1440
0,37,3,292,292,292,292,292
0,37,4,292,292,292,292,292
0,37,5,292,292,292,292,292
0,37,6,1316,1444,1444,1444,1444
0,37,7,1316,1444,1444,1444,1444
0,37,8,1316,1444,1444,1444,1444
0,37,9,1312,1440,1440,1440,1440
0,37,10,1312,1440,1440,1440,1440
0,37,11,1312,1440,1440,1440,1440
0,37,12,292,292,292,292,292
0,37,13,292,292,292,292,292
0,37,14,292,292,292,292,292
0,37,15,1316,1444,1444,1444,1444
0,37,16,1316,1444,1444,1444,1444
0,37,17,1316,1444,1444,1444,1444
0,37,18,1312,1440,1440,1440,1440
0,37,19,1312,1440,1440,1440,1440
0,37,20,1312,1440,1440,1440,1440
0,37,21,292,292,292,292,292
0,37,22,292,292,292,292,292
0,37,23,292,292,292,292,292
0,37,24,1316,1444,1444,1444,1444
0,37,25,1316,1444,1444,1444,1444
0,37,26,1316,1444,1444,1444,1444
0,37,27,1057,1185,1185,1185,1185
0,37,28,1057,1185,1185,1185,1185
0,37,29,1057,1185,1185,1185,1185
0,37,30,37,37,37,37,37
0,37,31,37,37,37,37,37
0,37,32,37,37,37,37,37
0,37,33,1061,1189,1189,1189,1189
0,37,34,1061,1189,1189,1189,1189
0,37,35,1061,1189,1189,1189,1189
0,37,36,1057,1185,1185,1185,1185
0,37,37,1057,1185,1185,1185,1185
0,37,38,1057,1185,1185,1185,1185
0,37,39,37,37,37,37,37
0,37,40,37,37,37,37,37
0,37,41,37,37,37,37,37
0,37,42,1061,1189,1189,1189,1189
0,37,43,1061,1189,1189,1189,1189
0,37,44,1061,1189,1189,1189,1189
0,37,45,1057,1185,1185,1185,1185
0,37,46,1057,1185,1185,1185,1185
0,37,47,1057,1185,1185,1185,1185
0,37,48,37,37,37,37,37
0,37,49,37,37,37,37,37
0,37,50,37,37,37,37,37
0,37,51,1061,1189,1189,1189,1189
0,37,52,1061,1189,1189,1189,1189
0,37,53,1061,1189,1189,1189,1189
0,37,54,1313,1441,1441,1441,1441
0,37,55,1313,1441,1441,1441,1441
0,37,56,1313,1441,1441,1441,1441
0,37,57,293,293,293,293,293
0,37,58,293,293,293,293,293
0,37,59,293,293,293,293,293
0,37,60,1317,1445,1445,1445,1445
0,37,61,1317,1445,1445,1445,1445
0,37,62,1317,1445,1445,1445,1445
0,37,63,1313,1441,1441,1441,1441
0,37,64,1313,1441,1441,1441,1441
0,37,65,1313,1441,1441,1441,1441
0,37,66,293,293,293,293,293
0,37,67,293,293,293,293,293
0,37,68,293,293,293,293,293
0,37,69,1317,1445,1445,1445,1445
0,37,70,1317,1445,1445,1445,1445
0,37,71,1317,1445,1445,1445,1445
0,37,72,1313,1441,1441,1441,1441
0,37,73,1313,1441,1441,1441,1441
0,37,74,1313,1441,1441,1441,1441
0,37,75,293,293,293,293,293
0,37,76,293,293,293,293,293
0,37,77,293,293,293,293,293
0,37,78,1317,1445,1445,1445,1445
0,37,79,1317,1445,1445,1445,1445
0,37,80,1317,1445,1445,1445,1445
0,38,0,1568,3744,3744,3744,3744
0,38,1,1568,1704,1704,1704,1704
0,38,2,1568,3752,3752,3752,3752
0,38,3,548,2596,2724,2724,2724
0,38,4,548,556,556,556,556
0,38,5,548,2604,2732,2732,2732
0,38,6,1572,3748,3748,3748,3748
0,38,7,1572,1708,1708,1708,1708
0,38,8,1572,3756,3756,3756,3756
0,38,9,1058,3234,3234,3234,3234
0,38,10,1058,1194,1194,1194,1194
0,38,11,1058,3242,3242,3242,3242
0,38,12,38,38,38,38,38
0,38,13,38,38,38,38,38
0,38,14,38,38,38,38,38
0,38,15,1062,3238,3238,3238,3238
0,38,16,1062,1198,1198,1198,1198
0,38,17,1062,3246,3246,3246,3246
0,38,18,1570,3746,3746,3746,3746
0,38,19,1570,1706,1706,1706,1706
0,38,20,1570,3754,3754,3754,3754
0,38,21,550,2598,2726,2726,2726
0,38,22,550,558,558,558,558
0,38,23,550,2606,2734,2734,2734
0,38,24,1574,3750,3750,3750,3750
0,38,25,1574,1710,1710,1710,1710
0,38,26,1574,3758,3758,3758,3758
0,38,27,1568,3744,3744,3744,3744
0,38,28,1568,1704,1704,1704,1704
0,38,29,1568,3752,3752,3752,3752
0,38,30,548,2596,2724,2724,2724
0,38,31,548,556,556,556,556
0,38,32,548,2604,2732,2732,2732
0,38,33,1572,3748,3748,3748,3748
0,38,34,1572,1708,1708,1708,1708
0,38,35,1572,3756,3756,3756,3756
0,38,36,1058,3234,3234,3234,3234
0,38,37,1058,1194,1194,1194,1194
0,38,38,1058,3242,3242,3242,3242
0,38,39,38,38,38,38,38
0,38,40,38,38,38,38,38
0,38,41,38,38,38,38,38
0,38,42,1062,3238,3238,3238,3238
0,38,43,1062,1198,1198,1198,1198
0,38,44,1062,3246,3246,3246,3246
0,38,45,1570,3746,3746,3746,3746
0,38,46,1570,1706,1706,1706,1706
0,38,47,1570,3754,3754,3754,3754
0,38,48,550,2598,2726,2726,2726
0,38,49,550,558,558,558,558
0,38,50,550,2606,2734,2734,2734
0,38,51,1574,3750,3750,3750,3750
0,38,52,1574,1710,1710,1710,1710
0,38,53,1574,3758,3758,3758,3758
0,38,54,1568,3744,3744,3744,3744
0,38,55,1568,1704,1704,1704,1704
0,38,56,1568,3752,3752,3752,3752
0,38,57,548,2596,2724,2724,2724
0,38,58,548,556,556,556,556
0,38,59,548,2604,2732,2732,2732
0,38,60,1572,3748,3748,3748,3748
0,38,61,1572,1708,1708,1708,1708
0,38,62,1572,3756,3756,3756,3756
0,38,63,1058,3234,3234,3234,3234
0,38,64,1058,1194,1194,1194,1194
0,38,65,1058,3242,3242,3242,3242
0,38,66,38,38,38,38,38
0,38,67,38,38,38,38,38
0,38,68,38,38,38,38,38
0,38,69,1062,3238,3238,3238,3238
0,38,70,1062,1198,1198,1198,1198
0,38,71,1062,3246,3246,3246,3246
0,38,72,1570,3746,3746,3746,3746
0,38,73,1570,1706,1706,1706,1706
0,38,74,1570,3754,3754,3754,3754
0,38,75,550,2598,2726,2726,2726
0,38,76,550,558,558,558,558
0,38,77,550,2606,2734,2734,2734
0,38,78,1574,3750,3750,3750,3750
0,38,79,1574,1710,1710,1710,1710
0,38,80,1574,3758,3758,3758,3758
0,39,0,1824,4000,4000,4000,4000
0,39,1,1824,1960,1960,1960,1960
0,39,2,1824,4008,4008,4008,4008
0,39,3,804,2852,2980,2980,2980
0,39,4,804,812,812,812,812
0,39,5,804,2860,2988,2988,2988
0,39,6,1828,4004,4004,4004,4004
0,39,7,1828,1964,1964,1964,1964
0,39,8,1828,4012,4012,4012,4012
0,39,9,1314,3490,3490,3490,3490
0,39,10,1314,1450,1450,1450,1450
0,39,11,1314,3498,3498,3498,3498
0,39,12,294,294,294,294,294
0,39,13,294,294,294,294,294
0,39,14,294,294,294,294,294
0,39,15,1318,3494,3494,3494,3494
0,39,16,1318,1454,1454,1454,1454
0,39,17,1318,3502,3502,3502,3502
0,39,18,1826,4002,4002,4002,4002
0,39,19,1826,1962,1962,1962,1962
0,39,20,1826,4010,4010,4010,4010
0,39,21,806,2854,2982,2982,2982
0,39,22,806,814,814,814,814
0,39,23,806,2862,2990,2990,2990
0,39,24,1830,4006,4006,4006,4006
0,39,25,1830,1966,1966,1966,1966
0,39,26,1830,4014,4014,4014,4014
0,39,27,1569,3745,3745,3745,3745
0,39,28,1569,1705,1705,1705,1705
0,39,29,1569,3753,3753,3753,3753
0,39,30,549,2597,2725,2725,2725
0,39,31,549,557,557,557,557
0,39,32,549,2605,2733,2733,2733
0,39,33,1573,3749,3749,3749,3749
0,39,34,1573,1709,1709,1709,1709
0,39,35,1573,3757,3757,3757,3757
0,39,36,1059,3235,3235,3235,3235
0,39,37,1059,1195,1195,1195,1195
0,39,38,1059,3243,3243,3243,3243
0,39,39,39,39,39,39,39
0,39,40,39,39,39,39,39
0,39,41,39,39,39,39,39
0,39,42,1063,3239,3239,3239,3239
0,39,43,1063,1199,1199,1199,1199
0,39,44,1063,3247,3247,3247,3247
0,39,45,1571,3747,3747,3747,3747
0,39,46,1571,1707,1707,1707,1707
0,39,47,1571,3755,3755,3755,3755
0,39,48,551,2599,2727,2727,2727
0,39,49,551,559,559,559,559
0,39,50,551,2607,2735,2735,2735
0,39,51,1575,3751,3751,3751,3751
0,39,52,1575,1711,1711,1711,1711
0,39,53,1575,3759,3759,3759,3759
0,39,54,1825,4001,4001,4001,4001
0,39,55,1825,1961,1961,1961,1961
0,39,56,1825,4009,4009,4009,4009
0,39,57,805,2853,2981,2981,2981
0,39,58,805,813,813,813,813
0,39,59,805,2861,2989,2989,2989
0,39,60,1829,4005,4005,4005,4005
0,39,61,1829,1965,1965,1965,1965
0,39,62,1829,4013,4013,4013,4013
0,39,63,1315,3491,3491,3491,3491
0,39,64,1315,1451,1451,1451,1451
0,39,65,1315,3499,3499,3499,3499
0,39,66,295,295,295,295,295
0,39,67,295,295,295,295,295
0,39,68,295,295,295,295,295
0,39,69,1319,3495,3495,3495,3495
0,39,70,1319,1455,1455,1455,1455
0,39,71,1319,3503,3503,3503,3503
0,39,72,1827,4003,4003,4003,4003
0,39,73,1827,1963,1963,1963,1963
0,39,74,1827,4011,4011,4011,4011
0,39,75,807,2855,2983,2983,2983
0,39,76,807,815,815,815,815
0,39,77,807,2863,2991,2991,2991
0,39,78,1831,4007,4007,4007,4007
0,39,79,1831,1967,1967,1967,1967
0,39,80,1831,4015,4015,4015,4015
0,40,0,2080,2208,2208,2208,2208
0,40,1,40,40,40,40,40
0,40,2,2088,2216,2216,2216,2216
0,40,3,2080,2208,2208,2208,2208
0,40,4,40,40,40,40,40
0,40,5,2088,2216,2216,2216,2216
0,40,6,2080,2208,2208,2208,2208
0,40,7,40,40,40,40,40
0,40,8,2088,2216,2216,2216,2216
0,40,9,2080,2208,2208,2208,2208
0,40,10,40,40,40,40,40
0,40,11,2088,2216,2216,2216,2216
0,40,12,2080,2208,2208,2208,2208
0,40,13,40,40,40,40,40
0,40,14,2088,2216,2216,2216,2216
0,40,15,2080,2208,2208,2208,2208
0,40,16,40,40,40,40,40
0,40,17,2088,2216,2216,2216,2216
0,40,18,2080,2208,2208,2208,2208
0,40,19,40,40,40,40,40
0,40,20,2088,2216,2216,2216,2216
0,40,21,2080,2208,2208,2208,2208
0,40,22,40,40,40,40,40
0,40,23,2088,2216,2216,2216,2216
0,40,24,2080,2208,2208,2208,2208
0,40,25,40,40,40,40,40
0,40,26,2088,2216,2216,2216,2216
0,40,27,2080,2208,2208,2208,2208
0,40,28,40,40,40,40,40
0,40,29,2088,2216,2216,2216,2216
0,40,30,2080,2208,2208,2208,2208
0,40,31,40,40,40,40,40
0,40,32,2088,2216,2216,2216,2216
0,40,33,2080,2208,2208,2208,2208
0,40,34,40,40,40,40,40
0,40,35,2088,2216,2216,2216,2216
0,40,36,2080,2208,2208,2208,2208
0,40,37,40,40,40,40,40
0,40,38,2088,2216,2216,2216,2216
0,40,39,2080,2208,2208,2208,2208
0,40,40,40,40,40,40,40
0,40,41,2088,2216,2216,2216,2216
0,40,42,2080,2208,2208,2208,2208
0,40,43,40,40,40,40,40
0,40,44,2088,2216,2216,2216,2216
0,40,45,2080,2208,2208,2208,2208
0,40,46,40,40,40,40,40
0,40,47,2088,2216,2216,2216,2216
0,40,48,2080,2208,2208,2208,2208
0,40,49,40,40,40,40,40
0,40,50,2088,2216,2216,2216,2216
0,40,51,2080,2208,2208,2208,2208
0,40,52,40,40,40,40,40
0,40,53,2088,2216,2216,2216,2216
0,40,54,2080,2208,2208,2208,2208
0,40,55,40,40,40,40,40
0,40,56,2088,2216,2216,2216,2216
0,40,57,2080,2208,2208,2208,2208
0,40,58,40,40,40,40,40
0,40,59,2088,2216,2216,2216,2216
0,40,60,2080,2208,2208,2208,2208
0,40,61,40,40,40,40,40
0,40,62,2088,2216,2216,2216,2216
0,40,63,2080,2208,2208,2208,2208
0,40,64,40,40,40,40,40
0,40,65,2088,2216,2216,2216,2216
0,40,66,2080,2208,2208,2208,2208
0,40,67,40,40,40,40,40
0,40,68,2088,2216,2216,2216,2216
0,40,69,2080,2208,2208,2208,2208
0,40,70,40,40,40,40,40
0,40,71,2088,2216,2216,2216,2216
0,40,72,2080,2208,2208,2208,2208
0,40,73,40,40,40,40,40
0,40,74,2088,2216,2216,2216,2216
0,40,75,2080,2208,2208,2208,2208
0,40,76,40,40,40,40,40
0,40,77,2088,2216,2216,2216,2216
0,40,78,2080,2208,2208,2208,2208
0,40,79,40,40,40,40,40
0,40,80,2088,2216,2216,2216,2216
0,41,0,2336,2464,2464,2464,2464
0,41,1,296,296,296,296,296
0,41,2,2344,2472,2472,2472,2472
0,41,3,2336,2464,2464,2464,2464
0,41,4,296,296,296,296,296
0,41,5,2344,2472,2472,2472,2472
0,41,6,2336,2464,2464,2464,2464
0,41,7,296,296,296,296,296
0,41,8,2344,2472,2472,2472,2472
0,41,9,2336,2464,2464,2464,2464
0,41,10,296,296,296,296,296
0,41,11,2344,2472,2472,2472,2472
0,41,12,2336,2464,2464,2464,2464
0,41,13,296,296,296,296,296
0,41,14,2344,2472,2472,2472,2472
0,41,15,2336,2464,2464,2464,2464
0,41,16,296,296,296,296,296
0,41,17,2344,2472,2472,2472,2472
0,41,18,2336,2464,2464,2464,2464
0,41,19,296,296,296,296,296
0,41,20,2344,2472,2472,2472,2472
0,41,21,2336,2464,2464,2464,2464
0,41,22,296,296,296,296,296
0,41,23,2344,2472,2472,2472,2472
0,41,24,2336,2464,2464,2464,2464
0,41,25,296,296,296,296,296
0,41,26,2344,2472,2472,2472,2472
0,41,27,2081,2209,2209,2209,2209
0,41,28,41,41,41,41,41
0,41,29,2089,2217,2217,2217,2217
0,41,30,2081,2209,2209,2209,2209
0,41,31,41,41,41,41,41
0,41,32,2089,2217,2217,2217,2217
0,41,33,2081,2209,2209,2209,2209
0,41,34,41,41,41,41,41
0,41,35,2089,2217,2217,2217,2217
0,41,36,2081,2209,2209,2209,2209
0,41,37,41,41,41,41,41
0,41,38,2089,2217,2217,2217,2217
0,41,39,2081,2209,2209,2209,2209
0,41,40,41,41,41,41,41
0,41,41,2089,2217,2217,2217,2217
0,41,42,2081,2209,2209,2209,2209
0,41,43,41,41,41,41,41
0,41,44,2089,2217,2217,2217,2217
0,41,45,2081,2209,2209,2209,2209
0,41,46,41,41,41,41,41
0,41,47,2089,2217,2217,2217,2217
0,41,48,2081,2209,2209,2209,2209
0,41,49,41,41,41,41,41
0,41,50,2089,2217,2217,2217,2217
0,41,51,2081,2209,2209,2209,2209
0,41,52,41,41,41,41,41
0,41,53,2089,2217,2217,2217,2217
0,41,54,2337,2465,2465,2465,2465
0,41,55,297,297,297,297,297
0,41,56,2345,2473,2473,2473,2473
0,41,57,2337,2465,2465,2465,2465
0,41,58,297,297,297,297,297
0,41,59,2345,2473,2473,2473,2473
0,41,60,2337,2465,2465,2465,2465
0,41,61,297,297,297,297,297
0,41,62,2345,2473,2473,2473,2473
0,41,63,2337,2465,2465,2465,2465
0,41,64,297,297,297,297,297
0,41,65,2345,2473,2473,2473,2473
0,41,66,2337,2465,2465,2465,2465
0,41,67,297,297,297,297,297
0,41,68,2345,2473,2473,2473,2473
0,41,69,2337,2465,2465,2465,2465
0,41,70,297,297,297,297,297
0,41,71,2345,2473,2473,2473,2473
0,41,72,2337,2465,2465,2465,2465
0,41,73,297,297,297,297,297
0,41,74,2345,2473,2473,2473,2473
0,41,75,2337,2465,2465,2465,2465
0,41,76,297,297,297,297,297
0,41,77,2345,2473,2473,2473,2473
0,41,78,2337,2465,2465,2465,2465
0,41,79,297,297,297,297,297
0,41,80,2345,2473,2473,2473,2473
0,42,0,2592,2720,2720,2720,2720
0,42,1,552,552,552,552,552
0,42,2,2600,2728,2728,2728,2728
0,42,3,2592,2720,2720,2720,2720
0,42,4,552,552,552,552,552
0,42,5,2600,2728,2728,2728,2728
0,42,6,2592,2720,2720,2720,2720
0,42,7,552,552,552,552,552
0,42,8,2600,2728,2728,2728,2728
0,42,9,2082,2210,2210,2210,2210
0,42,10,42,42,42,42,42
0,42,11,2090,2218,2218,2218,2218
0,42,12,2082,2210,2210,2210,2210
0,42,13,42,42,42,42,42
0,42,14,2090,2218,2218,2218,2218
0,42,15,2082,2210,2210,2210,2210
0,42,16,42,42,42,42,42
0,42,17,2090,2218,2218,2218,2218
0,42,18,2594,2722,2722,2722,2722
0,42,19,554,554,554,554,554
0,42,20,2602,2730,2730,2730,2730
0,42,21,2594,2722,2722,2722,2722
0,42,22,554,554,554,554,554
0,42,23,2602,2730,2730,2730,2730
0,42,24,2594,2722,2722,2722,2722
0,42,25,554,554,554,554,554
0,42,26,2602,2730,2730,2730,2730
0,42,27,2592,2720,2720,2720,2720
0,42,28,552,552,552,552,552
0,42,29,2600,2728,2728,2728,2728
0,42,30,2592,2720,2720,2720,2720
0,42,31,552,552,552,552,552
0,42,32,2600,2728,2728,2728,2728
0,42,33,2592,2720,2720,2720,2720
0,42,34,552,552,552,552,552
0,42,35,2600,2728,2728,2728,2728
0,42,36,2082,2210,2210,2210,2210
0,42,37,42,42,42,42,42
0,42,38,2090,2218,2218,2218,2218
0,42,39,2082,2210,2210,2210,2210
0,42,40,42,42,42,42,42
0,42,41,2090,2218,2218,2218,2218
0,42,42,2082,2210,2210,2210,2210
0,42,43,42,42,42,42,42
0,42,44,2090,2218,2218,2218,2218
0,42,45,2594,2722,2722,2722,2722
0,42,46,554,554,554,554,554
0,42,47,2602,2730,2730,2730,2730
0,42,48,2594,2722,2722,2722,2722
0,42,49,554,554,554,554,554
0,42,50,2602,2730,2730,2730,2730
0,42,51,2594,2722,2722,2722,2722
0,42,52,554,554,554,554,554
0,42,53,2602,2730,2730,2730,2730
0,42,54,2592,2720,2720,2720,2720
0,42,55,552,552,552,552,552
0,42,56,2600,2728,2728,2728,2728
0,42,57,2592,2720,2720,2720,2720
0,42,58,552,552,552,552,552
0,42,59,2600,2728,2728,2728,2728
0,42,60,2592,2720,2720,2720,2720
0,42,61,552,552,552,552,552
0,42,62,2600,2728,2728,2728,2728
0,42,63,2082,2210,2210,2210,2210
0,42,64,42,42,42,42,42
0,42,65,2090,2218,2218,2218,2218
0,42,66,2082,2210,2210,2210,2210
0,42,67,42,42,42,42,42
0,42,68,2090,2218,2218,2218,2218
0,42,69,2082,2210,2210,2210,2210
0,42,70,42,42,42,42,42
0,42,71,2090,2218,2218,2218,2218
0,42,72,2594,2722,2722,2722,2722
0,42,73,554,554,554,554,554
0,42,74,2602,2730,2730,2730,2730
0,42,75,2594,2722,2722,2722,2722
0,42,76,554,554,554,554,554
0,42,77,2602,2730,2730,2730,2730
0,42,78,2594,2722,2722,2722,2722
0,42,79,554,554,554,554,554
0,42,80,2602,2730,2730,2730,2730
0,43,0,2848,2976,2976,2976,2976
0,43,1,808,808,808,808,808
0,43,2,2856,2984,2984,2984,2984
0,43,3,2848,2976,2976,2976,2976
0,43,4,808,808,808,808,808
0,43,5,2856,2984,2984,2984,2984
0,43,6,2848,2976,2976,2976,2976
0,43,7,808,808,808,808,808
0,43,8,2856,2984,2984,2984,2984
0,43,9,2338,2466,2466,2466,2466
0,43,10,298,298,298,298,298
0,43,11,2346,2474,2474,2474,2474
0,43,12,2338,2466,2466,2466,2466
0,43,13,298,298,298,298,298
0,43,14,2346,2474,2474,2474,2474
0,43,15,2338,2466,2466,2466,2466
0,43,16,298,298,298,298,298
0,43,17,2346,2474,2474,2474,2474
0,43,18,2850,2978,2978,2978,2978
0,43,19,810,810,810,810,810
0,43,20,2858,2986,2986,2986,2986
0,43,21,2850,2978,2978,2978,2978
0,43,22,810,810,810,810,810
0,43,23,2858,2986,2986,2986,2986
0,43,24,2850,2978,2978,2978,2978
0,43,25,810,810,810,810,810
0,43,26,2858,2986,2986,2986,2986
0,43,27,2593,2721,2721,2721,2721
0,43,28,553,553,553,553,553
0,43,29,2601,2729,2729,2729,2729
0,43,30,2593,2721,2721,2721,2721
0,43,31,553,553,553,553,553
0,43,32,2601,2729,2729,2729,2729
0,43,33,2593,2721,2721,2721,2721
0,43,34,553,553,553,553,553
0,43,35,2601,2729,2729,2729,2729
0,43,36,2083,2211,2211,2211,2211
0,43,37,43,43,43,43,43
0,43,38,2091,2219,2219,2219,2219
0,43,39,2083,2211,2211,2211,2211
0,43,40,43,43,43,43,43
0,43,41,2091,2219,2219,2219,2219
0,43,42,2083,2211,2211,2211,2211
0,43,43,43,43,43,43,43
0,43,44,2091,2219,2219,2219,2219
0,43,45,2595,2723,2723,2723,2723
0,43,46,555,555,555,555,555
0,43,47,2603,2731,2731,2731,2731
0,43,48,2595,2723,2723,2723,2723
0,43,49,555,555,555,555,555
0,43,50,2603,2731,2731,2731,2731
0,43,51,2595,2723,2723,2723,2723
0,43,52,555,555,555,555,555
0,43,53,2603,2731,2731,2731,2731
0,43,54,2849,2977,2977,2977,2977
0,43,55,809,809,809,809,809
0,43,56,2857,2985,2985,2985,2985
0,43,57,2849,2977,2977,2977,2977
0,43,58,809,809,809,809,809
0,43,59,2857,2985,2985,2985,2985
0,43,60,2849,2977,2977,2977,2977
0,43,61,809,809,809,809,809
0,43,62,2857,2985,2985,2985,2985
0,43,63,2339,2467,2467,2467,2467
0,43,64,299,299,299,299,299
0,43,65,2347,2475,2475,2475,2475
0,43,66,2339,2467,2467,2467,2467
0,43,67,299,299,299,299,299
0,43,68,2347,2475,2475,2475,2475
0,43,69,2339,2467,2467,2467,2467
0,43,70,299,299,299,299,299
0,43,71,2347,2475,2475,2475,2475
0,43,72,2851,2979,2979,2979,2979
0,43,73,811,811,811,811,811
0,43,74,2859,2987,2987,2987,2987
0,43,75,2851,2979,2979,2979,2979
0,43,76,811,811,811,811,811
0,43,77,2859,2987,2987,2987,2987
0,43,78,2851,2979,2979,2979,2979
0,43,79,811,811,811,811,811
0,43,80,2859,2987,2987,2987,2987
0,44,0,3104,3232,3232,3232,3232
0,44,1,1064,1192,1192,1192,1192
0,44,2,3112,3240,3240,3240,3240
0,44,3,2084,2212,2212,2212,2212
0,44,4,44,44,44,44,44
0,44,5,2092,2220,2220,2220,2220
0,44,6,3108,3236,3236,3236,3236
0,44,7,1068,1196,1196,1196,1196
0,44,8,3116,3244,3244,3244,3244
0,44,9,3104,3232,3232,3232,3232
0,44,10,1064,1192,1192,1192,1192
0,44,11,3112,3240,3240,3240,3240
0,44,12,2084,2212,2212,2212,2212
0,44,13,44,44,44,44,44
0,44,14,2092,2220,2220,2220,2220
0,44,15,3108,3236,3236,3236,3236
0,44,16,1068,1196,1196,1196,1196
0,44,17,3116,3244,3244,3244,3244
0,44,18,3104,3232,3232,3232,3232
0,44,19,1064,1192,1192,1192,1192
0,44,20,3112,3240,3240,3240,3240
0,44,21,2084,2212,2212,2212,2212
0,44,22,44,44,44,44,44
0,44,23,2092,2220,2220,2220,2220
0,44,24,3108,3236,3236,3236,3236
0,44,25,1068,1196,1196,1196,1196
0,44,26,3116,3244,3244,3244,3244
0,44,27,3104,3232,3232,3232,3232
0,44,28,1064,1192,1192,1192,1192
0,44,29,3112,3240,3240,3240,3240
0,44,30,2084,2212,2212,2212,2212
0,44,31,44,44,44,44,44
0,44,32,2092,2220,2220,2220,2220
0,44,33,3108,3236,3236,3236,3236
0,44,34,1068,1196,1196,1196,1196
0,44,35,3116,3244,3244,3244,3244
0,44,36,3104,3232,3232,3232,3232
0,44,37,1064,1192,1192,1192,1192
0,44,38,3112,3240,3240,3240,3240
0,44,39,2084,2212,2212,2212,2212
0,44,40,44,44,44,44,44
0,44,41,2092,2220,2220,2220,2220
0,44,42,3108,3236,3236,3236,3236
0,44,43,1068,1196,1196,1196,1196
0,44,44,3116,3244,3244,3244,3244
0,44,45,3104,3232,3232,3232,3232
0,44,46,1064,1192,1192,1192,1192
0,44,47,3112,3240,3240,3240,3240
0,44,48,2084,2212,2212,2212,2212
0,44,49,44,44,44,44,44
0,44,50,2092,2220,2220,2220,2220
0,44,51,3108,3236,3236,3236,3236
0,44,52,1068,1196,1196,1196,1196
0,44,53,3116,3244,3244,3244,3244
0,44,54,3104,3232,3232,3232,3232
0,44,55,1064,1192,1192,1192,1192
0,44,56,3112,3240,3240,3240,3240
0,44,57,2084,2212,2212,2212,2212
0,44,58,44,44,44,44,44
0,44,59,2092,2220,2220,2220,2220
0,44,60,3108,3236,3236,3236,3236
0,44,61,1068,1196,1196,1196,1196
0,44,62,3116,3244,3244,3244,3244
0,44,63,3104,3232,3232,3232,3232
0,44,64,1064,1192,1192,1192,1192
0,44,65,3112,3240,3240,3240,3240
0,44,66,2084,2212,2212,2212,2212
0,44,67,44,44,44,44,44
0,44,68,2092,2220,2220,2220,2220
0,44,69,3108,3236,3236,3236,3236
0,44,70,1068,1196,1196,1196,1196
0,44,71,3116,3244,3244,3244,3244
0,44,72,3104,3232,3232,3232,3232
0,44,73,1064,1192,1192,1192,1192
0,44,74,3112,3240,3240,3240,3240
0,44,75,2084,2212,2212,2212,2212
0,44,76,44,44,44,44,44
0,44,77,2092,2220,2220,2220,2220
0,44,78,3108,3236,3236,3236,3236
0,44,79,1068,1196,1196,1196,1196
0,44,80,3116,3244,3244,3244,3244
0,45,0,3360,3488,3488,3488,3488
0,45,1,1320,1448,1448,1448,1448
0,45,2,3368,3496,3496,3496,3496
0,45,3,2340,2468,2468,2468,2468
0,45,4,300,300,300,300,300
0,45,5,2348,2476,2476,2476,2476
0,45,6,3364,3492,3492,3492,3492
0,45,7,1324,1452,1452,1452,1452
0,45,8,3372,3500,3500,3500,3500
0,45,9,3360,3488,3488,3488,3488
0,45,10,1320,1448,1448,1448,1448
0,45,11,3368,3496,3496,3496,3496
0,45,12,2340,2468,2468,2468,2468
0,45,13,300,300,300,300,300
0,45,14,2348,2476,2476,2476,2476
0,45,15,3364,3492,3492,3492,3492
0,45,16,1324,1452,1452,1452,1452
0,45,17,3372,3500,3500,3500,3500
0,45,18,3360,3488,3488,3488,3488
0,45,19,1320,1448,1448,1448,1448
0,45,20,3368,3496,3496,3496,3496
0,45,21,2340,2468,2468,2468,2468
0,45,22,300,300,300,300,300
0,45,23,2348,2476,2476,2476,2476
0,45,24,3364,3492,3492,3492,3492
0,45,25,1324,1452,1452,1452,1452
0,45,26,3372,3500,3500,3500,3500
0,45,27,3105,3233,3233,3233,3233
0,45,28,1065,1193,1193,1193,1193
0,45,29,3113,3241,3241,3241,3241
0,45,30,2085,2213,2213,2213,2213
0,45,31,45,45,45,45,45
0,45,32,2093,2221,2221,2221,2221
0,45,33,3109,3237,3237,3237,3237
0,45,34,1069,1197,1197,1197,1197
0,45,35,3117,3245,3245,3245,3245
0,45,36,3105,3233,3233,3233,3233
0,45,37,1065,1193,1193,1193,1193
0,45,38,3113,3241,3241,3241,3241
0,45,39,2085,2213,2213,2213,2213
0,45,40,45,45,45,45,45
0,45,41,2093,2221,2221,2221,2221
0,45,42,3109,3237,3237,3237,3237
0,45,43,1069,1197,1197,1197,1197
0,45,44,3117,3245,3245,3245,3245
0,45,45,3105,3233,3233,3233,3233
0,45,46,1065,1193,1193,1193,1193
0,45,47,3113,3241,3241,3241,3241
0,45,48,2085,2213,2213,2213,2213
0,45,49,45,45,45,45,45
0,45,50,2093,2221,2221,2221,2221
0,45,51,3109,3237,3237,3237,3237
0,45,52,1069,1197,1197,1197,1197
0,45,53,3117,3245,3245,3245,3245
0,45,54,3361,3489,3489,3489,3489
0,45,55,1321,1449,1449,1449,1449
0,45,56,3369,3497,3497,3497,3497
0,45,57,2341,2469,2469,2469,2469
0,45,58,301,301,301,301,301
0,45,59,2349,2477,2477,2477,2477
0,45,60,3365,3493,3493,3493,3493
0,45,61,1325,1453,1453,1453,1453
0,45,62,3373,3501,3501,3501,3501
0,45,63,3361,3489,3489,3489,3489
0,45,64,1321,1449,1449,1449,1449
0,45,65,3369,3497,3497,3497,3497
0,45,66,2341,2469,2469,2469,2469
0,45,67,301,301,301,301,301
0,45,68,2349,2477,2477,2477,2477
0,45,69,3365,3493,3493,3493,3493
0,45,70,1325,1453,1453,1453,1453
0,45,71,3373,3501,3501,3501,3501
0,45,72,3361,3489,3489,3489,3489
0,45,73,1321,1449,1449,1449,1449
0,45,74,3369,3497,3497,3497,3497
0,45,75,2341,2469,2469,2469,2469
0,45,76,301,301,301,301,301
0,45,77,2349,2477,2477,2477,2477
0,45,78,3365,3493,3493,3493,3493
0,45,79,1325,1453,1453,1453,1453
0,45,80,3373,3501,3501,3501,3501
0,46,0,3616,3744,3744,3744,3744
0,46,1,1576,1704,1704,1704,1704
0,46,2,3624,3752,3752,3752,3752
0,46,3,2596,2724,2724,2724,2724
0,46,4,556,556,556,556,556
0,46,5,2604,2732,2732,2732,2732
0,46,6,3620,3748,3748,3748,3748
0,46,7,1580,1708,1708,1708,1708
0,46,8,3628,3756,3756,3756,3756
0,46,9,3106,3234,3234,3234,3234
0,46,10,1066,1194,1194,1194,1194
0,46,11,3114,3242,3242,3242,3242
0,46,12,2086,2214,2214,2214,2214
0,46,13,46,46,46,46,46
0,46,14,2094,2222,2222,2222,2222
0,46,15,3110,3238,3238,3238,3238
0,46,16,1070,1198,1198,1198,1198
0,46,17,3118,3246,3246,3246,3246
0,46,18,3618,3746,3746,3746,3746
0,46,19,1578,1706,1706,1706,1706
0,46,20,3626,3754,3754,3754,3754
0,46,21,2598,2726,2726,2726,2726
0,46,22,558,558,558,558,558
0,46,23,2606,2734,2734,2734,2734
0,46,24,3622,3750,3750,3750,3750
0,46,25,1582,1710,1710,1710,1710
0,46,26,3630,3758,3758,3758,3758
0,46,27,3616,3744,3744,3744,3744
0,46,28,1576,1704,1704,1704,1704
0,46,29,3624,3752,3752,3752,3752
0,46,30,2596,2724,2724,2724,2724
0,46,31,556,556,556,556,556
0,46,32,2604,2732,2732,2732,2732
0,46,33,3620,3748,3748,3748,3748
0,46,34,1580,1708,1708,1708,1708
0,46,35,3628,3756,3756,3756,3756
0,46,36,3106,3234,3234,3234,3234
0,46,37,1066,1194,1194,1194,1194
0,46,38,3114,3242,3242,3242,3242
0,46,39,2086,2214,2214,2214,2214
0,46,40,46,46,46,46,46
0,46,41,2094,2222,2222,2222,2222
0,46,42,3110,3238,3238,3238,3238
0,46,43,1070,1198,1198,1198,1198
0,46,44,3118,3246,3246,3246,3246
0,46,45,3618,3746,3746,3746,3746
0,46,46,1578,1706,1706,1706,1706
0,46,47,3626,3754,3754,3754,3754
0,46,48,2598,2726,2726,2726,2726
0,46,49,558,558,558,558,558
0,46,50,2606,2734,2734,2734,2734
0,46,51,3622,3750,3750,3750,3750
0,46,52,1582,1710,1710,1710,1710
0,46,53,3630,3758,3758,3758,3758
0,46,54,3616,3744,3744,3744,3744
0,46,55,1576,1704,1704,1704,1704
0,46,56,3624,3752,3752,3752,3752
0,46,57,2596,2724,2724,2724,2724
0,46,58,556,556,556,556,556
0,46,59,2604,2732,2732,2732,2732
0,46,60,3620,3748,3748,3748,3748
0,46,61,1580,1708,1708,1708,1708
0,46,62,3628,3756,3756,3756,3756
0,46,63,3106,3234,3234,3234,3234
0,46,64,1066,1194,1194,1194,1194
0,46,65,3114,3242,3242,3242,3242
0,46,66,2086,2214,2214,2214,2214
0,46,67,46,46,46,46,46
0,46,68,2094,2222,2222,2222,2222
0,46,69,3110,3238,3238,3238,3238
0,46,70,1070,1198,1198,1198,1198
0,46,71,3118,3246,3246,3246,3246
0,46,72,3618,3746,3746,3746,3746
0,46,73,1578,1706,1706,1706,1706
0,46,74,3626,3754,3754,3754,3754
0,46,75,2598,2726,2726,2726,2726
0,46,76,558,558,558,558,558
0,46,77,2606,2734,2734,2734,2734
0,46,78,3622,3750,3750,3750,3750
0,46,79,1582,1710,1710,1710,1710
0,46,80,3630,3758,3758,3758,3758
0,47,0,3872,4000,4000,4000,4000
0,47,1,1832,1960,1960,1960,1960
0,47,2,3880,4008,4008,4008,4008
0,47,3,2852,2980,2980,2980,2980
0,47,4,812,812,812,812,812
0,47,5,2860,2988,2988,2988,2988
0,47,6,3876,4004,4004,4004,4004
0,47,7,1836,1964,1964,1964,1964
0,47,8,3884,4012,4012,4012,4012
0,47,9,3362,3490,3490,3490,3490
0,47,10,1322,1450,1450,1450,1450
0,47,11,3370,3498,3498,3498,3498
0,47,12,2342,2470,2470,2470,2470
0,47,13,302,302,302,302,302
0,47,14,2350,2478,2478,2478,2478
0,47,15,3366,3494,3494,3494,3494
0,47,16,1326,1454,1454,1454,1454
0,47,17,3374,3502,3502,3502,3502
0,47,18,3874,4002,4002,4002,4002
0,47,19,1834,1962,1962,1962,1962
0,47,20,3882,4010,4010,4010,4010
0,47,21,2854,2982,2982,2982,2982
0,47,22,814,814,814,814,814
0,47,23,2862,2990,2990,2990,2990
0,47,24,3878,4006,4006,4006,4006
0,47,25,1838,1966,1966,1966,1966
0,47,26,3886,4014,4014,4014,4014
0,47,27,3617,3745,3745,3745,3745
0,47,28,1577,1705,1705,1705,1705
0,47,29,3625,3753,3753,3753,3753
0,47,30,2597,2725,2725,2725,2725
0,47,31,557,557,557,557,557
0,47,32,2605,2733,2733,2733,2733
0,47,33,3621,3749,3749,3749,3749
0,47,34,1581,1709,1709,1709,1709
0,47,35,3629,3757,3757,3757,3757
0,47,36,3107,3235,3235,3235,3235
0,47,37,1067,1195,1195,1195,1195
0,47,38,3115,3243,3243,3243,3243
0,47,39,2087,2215,2215,2215,2215
0,47,40,47,47,47,47,47
0,47,41,2095,2223,2223,2223,2223
0,47,42,3111,3239,3239,3239,3239
0,47,43,1071,1199,1199,1199,1199
0,47,44,3119,3247,3247,3247,3247
0,47,45,3619,3747,3747,3747,3747
0,47,46,1579,1707,1707,1707,1707
0,47,47,3627,3755,3755,3755,3755
0,47,48,2599,2727,2727,2727,2727
0,47,49,559,559,559,559,559
0,47,50,2607,2735,2735,2735,2735
0,47,51,3623,3751,3751,3751,3751
0,47,52,1583,1711,1711,1711,1711
0,47,53,3631,3759,3759,3759,3759
0,47,54,3873,4001,4001,4001,4001
0,47,55,1833,1961,1961,1961,1961
0,47,56,3881,4009,4009,4009,4009
0,47,57,2853,2981,2981,2981,2981
0,47,58,813,813,813,813,813
0,47,59,2861,2989,2989,2989,2989
0,47,60,3877,4005,4005,4005,4005
0,47,61,1837,1965,1965,1965,1965
0,47,62,3885,4013,4013,4013,4013
0,47,63,3363,3491,3491,3491,3491
0,47,64,1323,1451,1451,1451,1451
0,47,65,3371,3499,3499,3499,3499
0,47,66,2343,2471,2471,2471,2471
0,47,67,303,303,303,303,303
0,47,68,2351,2479,2479,2479,2479
0,47,69,3367,3495,3495,3495,3495
0,47,70,1327,1455,1455,1455,1455
0,47,71,3375,3503,3503,3503,3503
0,47,72,3875,4003,4003,4003,4003
0,47,73,1835,1963,1963,1963,1963
0,47,74,3883,4011,4011,4011,4011
0,47,75,2855,2983,2983,2983,2983
0,47,76,815,815,815,815,815
0,47,77,2863,2991,2991,2991,2991
0,47,78,3879,4007,4007,4007,4007
0,47,79,1839,1967,1967,1967,1967
0,47,80,3887,4015,4015,4015,4015
0,48,0,48,48,48,48,48
0,48,1,48,48,48,48,48
0,48,2,48,48,48,48,48
0,48,3,48,48,48,48,48
0,48,4,48,48,48,48,48
0,48,5,48,48,48,48,48
0,48,6,48,48,48,48,48
0,48,7,48,48,48,48,48
0,48,8,48,48,48,48,48
0,48,9,48,48,48,48,48
0,48,10,48,48,48,48,48
0,48,11,48,48,48,48,48
0,48,12,48,48,48,48,48
0,48,13,48,48,48,48,48
0,48,14,48,48,48,48,48
0,48,15,48,48,48,48,48
0,48,16,48,48,48,48,48
0,48,17,48,48,48,48,48
0,48,18,48,48,48,48,48
0,48,19,48,48,48,48,48
0,48,20,48,48,48,48,48
0,48,21,48,48,48,48,48
0,48,22,48,48,48,48,48
0,48,23,48,48,48,48,48
0,48,24,48,48,48,48,48
0,48,25,48,48,48,48,48
0,48,26,48,48,48,48,48
0,48,27,48,48,48,48,48
0,48,28,48,48,48,48,48
0,48,29,48,48,48,48,48
0,48,30,48,48,48,48,48
0,48,31,48,48,48,48,48
0,48,32,48,48,48,48,48
0,48,33,48,48,48,48,48
0,48,34,48,48,48,48,48
0,48,35,48,48,48,48,48
0,48,36,48,48,48,48,48
0,48,37,48,48,48,48,48
0,48,38,48,48,48,48,48
0,48,39,48,48,48,48,48
0,48,40,48,48,48,48,48
0,48,41,48,48,48,48,48
0,48,42,48,48,48,48,48
0,48,43,48,48,48,48,48
0,48,44,48,48,48,48,48
0,48,45,48,48,48,48,48
0,48,46,48,48,48,48,48
0,48,47,48,48,48,48,48
0,48,48,48,48,48,48,48
0,48,49,48,48,48,48,48
0,48,50,48,48,48,48,48
0,48,51,48,48,48,48,48
0,48,52,48,48,48,48,48
0,48,53,48,48,48,48,48
0,48,54,48,48,48,48,48
0,48,55,48,48,48,48,48
0,48,56,48,48,48,48,48
0,48,57,48,48,48,48,48
0,48,58,48,48,48,48,48
0,48,59,48,48,48,48,48
0,48,60,48,48,48,48,48
0,48,61,48,48,48,48,48
0,48,62,48,48,48,48,48
0,48,63,48,48,48,48,48
0,48,64,48,48,48,48,48
0,48,65,48,48,48,48,48
0,48,66,48,48,48,48,48
0,48,67,48,48,48,48,48
0,48,68,48,48,48,48,48
0,48,69,48,48,48,48,48
0,48,70,48,48,48,48,48
0,48,71,48,48,48,48,48
0,48,72,48,48,48,48,48
0,48,73,48,48,48,48,48
0,48,74,48,48,48,48,48
0,48,75,48,48,48,48,48
0,48,76,48,48,48,48,48
0,48,77,48,48,48,48,48
0,48,78,48,48,48,48,48
0,48,79,48,48,48,48,48
0,48,80,48,48,48,48,48
0,49,0,304,304,304,304,304
0,49,1,304,304,304,304,304
0,49,2,304,304,304,304,304
0,49,3,304,304,304,304,304
0,49,4,304,304,304,304,304
0,49,5,304,304,304,304,304
0,49,6,304,304,304,304,304
0,49,7,304,304,304,304,304
0,49,8,304,304,304,304,304
0,49,9,304,304,304,304,304
0,49,10,304,304,304,304,304
0,49,11,304,304,304,304,304
0,49,12,304,304,304,304,304
0,49,13,304,304,304,304,304
0,49,14,304,304,304,304,304
0,49,15,304,304,304,304,304
0,49,16,304,304,304,304,304
0,49,17,304,304,304,304,304
0,49,18,304,304,304,304,304
0,49,19,304,304,304,304,304
0,49,20,304,304,304,304,304
0,49,21,304,304,304,304,304
0,49,22,304,304,304,304,304
0,49,23,304,304,304,304,304
0,49,24,304,304,304,304,304
0,49,25,304,304,304,304,304
0,49,26,304,304,304,304,304
0,49,27,49,49,49,49,49
0,49,28,49,49,49,49,49
0,49,29,49,49,49,49,49
0,49,30,49,49,49,49,49
0,49,31,49,49,49,49,49
0,49,32,49,49,49,49,49
0,49,33,49,49,49,49,49
0,49,34,49,49,49,49,49
0,49,35,49,49,49,49,49
0,49,36,49,49,49,49,49
0,49,37,49,49,49,49,49
0,49,38,49,49,49,49,49
0,49,39,49,49,49,49,49
0,49,40,49,49,49,49,49
0,49,41,49,49,49,49,49
0,49,42,49,49,49,49,49
0,49,43,49,49,49,49,49
0,49,44,49,49,49,49,49
0,49,45,49,49,49,49,49
0,49,46,49,49,49,49,49
0,49,47,49,49,49,49,49
0,49,48,49,49,49,49,49
0,49,49,49,49,49,49,49
0,49,50,49,49,49,49,49
0,49,51,49,49,49,49,49
0,49,52,49,49,49,49,49
0,49,53,49,49,49,49,49
0,49,54,305,305,305,305,305
0,49,55,305,305,305,305,305
0,49,56,305,305,305,305,305
0,49,57,305,305,305,305,305
0,49,58,305,305,305,305,305
0,49,59,305,305,305,305,305
0,49,60,305,305,305,305,305
0,49,61,305,305,305,305,305
0,49,62,305,305,305,305,305
0,49,63,305,305,305,305,305
0,49,64,305,305,305,305,305
0,49,65,305,305,305,305,305
0,49,66,305,305,305,305,305
0,49,67,305,305,305,305,305
0,49,68,305,305,305,305,305
0,49,69,305,305,305,305,305
0,49,70,305,305,305,305,305
0,49,71,305,305,305,305,305
0,49,72,305,305,305,305,305
0,49,73,305,305,305,305,305
0,49,74,305,305,305,305,305
0,49,75,305,305,305,305,305
0,49,76,305,305,305,305,305
0,49,77,305,305,305,305,305
0,49,78,305,305,305,305,305
0,49,79,305,305,305,305,305
0,49,80,305,305,305,305,305
0,50,0,560,560,560,560,560
0,50,1,560,560,560,560,560
0,50,2,560,560,560,560,560
0,50,3,560,560,560,560,560
0,50,4,560,560,560,560,560
0,50,5,560,560,560,560,560
0,50,6,560,560,560,560,560
0,50,7,560,560,560,560,560
0,50,8,560,560,560,560,560
0,50,9,50,50,50,50,50
0,50,10,50,50,50,50,50
0,50,11,50,50,50,50,50
0,50,12,50,50,50,50,50
0,50,13,50,50,50,50,50
0,50,14,50,50,50,50,50
0,50,15,50,50,50,50,50
0,50,16,50,50,50,50,50
0,50,17,50,50,50,50,50
0,50,18,562,562,562,562,562
0,50,19,562,562,562,562,562
0,50,20,562,562,562,562,562
0,50,21,562,562,562,562,562
0,50,22,562,562,562,562,562
0,50,23,562,562,562,562,562
0,50,24,562,562,562,562,562
0,50,25,562,562,562,562,562
0,50,26,562,562,562,562,562
0,50,27,560,560,560,560,560
0,50,28,560,560,560,560,560
0,50,29,560,560,560,560,560
0,50,30,560,560,560,560,560
0,50,31,560,560,560,560,560
0,50,32,560,560,560,560,560
0,50,33,560,560,560,560,560
0,50,34,560,560,560,560,560
0,50,35,560,560,560,560,560
0,50,36,50,50,50,50,50
0,50,37,50,50,50,50,50
0,50,38,50,50,50,50,50
0,50,39,50,50,50,50,50
0,50,40,50,50,50,50,50
0,50,41,50,50,50,50,50
0,50,42,50,50,50,50,50
0,50,43,50,50,50,50,50
0,50,44,50,50,50,50,50
0,50,45,562,562,562,562,562
0,50,46,562,562,562,562,562
0,50,47,562,562,562,562,562
0,50,48,562,562,562,562,562
0,50,49,562,562,562,562,562
0,50,50,562,562,562,562,562
0,50,51,562,562,562,562,562
0,50,52,562,562,562,562,562
0,50,53,562,562,562,562,562
0,50,54,560,560,560,560,560
0,50,55,560,560,560,560,560
0,50,56,560,560,560,560,560
0,50,57,560,560,560,560,560
0,50,58,560,560,560,560,560
0,50,59,560,560,560,560,560
0,50,60,560,560,560,560,560
0,50,61,560,560,560,560,560
0,50,62,560,560,560,560,560
0,50,63,50,50,50,50,50
0,50,64,50,50,50,50,50
0,50,65,50,50,50,50,50
0,50,66,50,50,50,50,50
0,50,67,50,50,50,50,50
0,50,68,50,50,50,50,50
0,50,69,50,50,50,50,50
0,50,70,50,50,50,50,50
0,50,71,50,50,50,50,50
0,50,72,562,562,562,562,562
0,50,73,562,562,562,562,562
0,50,74,562,562,562,562,562
0,50,75,562,562,562,562,562
0,50,76,562,562,562,562,562
0,50,77,562,562,562,562,562
0,50,78,562,562,562,562,562
0,50,79,562,562,562,562,562
0,50,80,562,562,562,562,562
0,51,0,816,816,816,816,816
0,51,1,816,816,816,816,816
0,51,2,816,816,816,816,816
0,51,3,816,816,816,816,816
0,51,4,816,816,816,816,816
0,51,5,816,816,816,816,816
0,51,6,816,816,816,816,816
0,51,7,816,816,816,816,816
0,51,8,816,816,816,816,816
0,51,9,306,306,306,306,306
0,51,10,306,306,306,306,306
0,51,11,306,306,306,306,306
0,51,12,306,306,306,306,306
0,51,13,306,306,306,306,306
0,51,14,306,306,306,306,306
0,51,15,306,306,306,306,306
0,51,16,306,306,306,306,306
0,51,17,306,306,306,306,306
0,51,18,818,818,818,818,818
0,51,19,818,818,818,818,818
0,51,20,818,818,818,818,818
0,51,21,818,818,818,818,818
0,51,22,818,818,818,818,818
0,51,23,818,818,818,818,818
0,51,24,818,818,818,818,818
0,51,25,818,818,818,818,818
0,51,26,818,818,818,818,818
0,51,27,561,561,561,561,561
0,51,28,561,561,561,561,561
0,51,29,561,561,561,561,561
0,51,30,561,561,561,561,561
0,51,31,561,561,561,561,561
0,51,32,561,561,561,561,561
0,51,33,561,561,561,561,561
0,51,34,561,561,561,561,561
0,51,35,561,561,561,561,561
0,51,36,51,51,51,51,51
0,51,37,51,51,51,51,51
0,51,38,51,51,51,51,51
0,51,39,51,51,51,51,51
0,51,40,51,51,51,51,51
0,51,41,51,51,51,51,51
0,51,42,51,51,51,51,51
0,51,43,51,51,51,51,51
0,51,44,51,51,51,51,51
0,51,45,563,563,563,563,563
0,51,46,563,563,563,563,563
0,51,47,563,563,563,563,563
0,51,48,563,563,563,563,563
0,51,49,563,563,563,563,563
0,51,50,563,563,563,563,563
0,51,51,563,563,563,563,563
0,51,52,563,563,563,563,563
0,51,53,563,563,563,563,563
0,51,54,817,817,817,817,817
0,51,55,817,817,817,817,817
0,51,56,817,817,817,817,817
0,51,57,817,817,817,817,817
0,51,58,817,817,817,817,817
0,51,59,817,817,817,817,817
0,51,60,817,817,817,817,817
0,51,61,817,817,817,817,817
0,51,62,817,817,817,817,817
0,51,63,307,307,307,307,307
0,51,64,307,307,307,307,307
0,51,65,307,307,307,307,307
0,51,66,307,307,307,307,307
0,51,67,307,307,307,307,307
0,51,68,307,307,307,307,307
0,51,69,307,307,307,307,307
0,51,70,307,307,307,307,307
0,51,71,307,307,307,307,307
0,51,72,819,819,819,819,819
0,51,73,819,819,819,819,819
0,51,74,819,819,819,819,819
0,51,75,819,819,819,819,819
0,51,76,819,819,819,819,819
0,51,77,819,819,819,819,819
0,51,78,819,819,819,819,819
0,51,79,819,819,819,819,819
0,51,80,819,819,819,819,819
0,52,0,1072,1264,1264,1264,1264
0,52,1,1072,1264,1264,1264,1264
0,52,2,1072,1264,1264,1264,1264
0,52,3,52,52,52,52,52
0,52,4,52,52,52,52,52
0,52,5,52,52,52,52,52
0,52,6,1076,1268,1268,1268,1268
0,52,7,1076,1268,1268,1268,1268
0,52,8,1076,1268,1268,1268,1268
0,52,9,1072,1264,1264,1264,1264
0,52,10,1072,1264,1264,1264,1264
0,52,11,1072,1264,1264,1264,1264
0,52,12,52,52,52,52,52
0,52,13,52,52,52,52,52
0,52,14,52,52,52,52,52
0,52,15,1076,1268,1268,1268,1268
0,52,16,1076,1268,1268,1268,1268
0,52,17,1076,1268,1268,1268,1268
0,52,18,1072,1264,1264,1264,1264
0,52,19,1072,1264,1264,1264,1264
0,52,20,1072,1264,1264,1264,1264
0,52,21,52,52,52,52,52
0,52,22,52,52,52,52,52
0,52,23,52,52,52,52,52
0,52,24,1076,1268,1268,1268,1268
0,52,25,1076,1268,1268,1268,1268
0,52,26,1076,1268,1268,1268,1268
0,52,27,1072,1264,1264,1264,1264
0,52,28,1072,1264,1264,1264,1264
0,52,29,1072,1264,1264,1264,1264
0,52,30,52,52,52,52,52
0,52,31,52,52,52,52,52
0,52,32,52,52,52,52,52
0,52,33,1076,1268,1268,1268,1268
0,52,34,1076,1268,1268,1268,1268
0,52,35,1076,1268,1268,1268,1268
0,52,36,1072,1264,1264,1264,1264
0,52,37,1072,1264,1264,1264,1264
0,52,38,1072,1264,1264,1264,1264
0,52,39,52,52,52,52,52
0,52,40,52,52,52,52,52
0,52,41,52,52,52,52,52
0,52,42,1076,1268,1268,1268,1268
0,52,43,1076,1268,1268,1268,1268
0,52,44,1076,1268,1268,1268,1268
0,52,45,1072,1264,1264,1264,1264
0,52,46,1072,1264,1264,1264,1264
0,52,47,1072,1264,1264,1264,1264
0,52,48,52,52,52,52,52
0,52,49,52,52,52,52,52
0,52,50,52,52,52,52,52
0,52,51,1076,1268,1268,1268,1268
0,52,52,1076,1268,1268,1268,1268
0,52,53,1076,1268,1268,1268,1268
0,52,54,1072,1264,1264,1264,1264
0,52,55,1072,1264,1264,1264,1264
0,52,56,1072,1264,1264,1264,1264
0,52,57,52,52,52,52,52
0,52,58,52,52,52,52,52
0,52,59,52,52,52,52,52
0,52,60,1076,1268,1268,1268,1268
0,52,61,1076,1268,1268,1268,1268
0,52,62,1076,1268,1268,1268,1268
0,52,63,1072,1264,1264,1264,1264
0,52,64,1072,1264,1264,1264,1264
0,52,65,1072,1264,1264,1264,1264
0,52,66,52,52,52,52,52
0,52,67,52,52,52,52,52
0,52,68,52,52,52,52,52
0,52,69,1076,1268,1268,1268,1268
0,52,70,1076,1268,1268,1268,1268
0,52,71,1076,1268,1268,1268,1268
0,52,72,1072,1264,1264,1264,1264
0,52,73,1072,1264,1264,1264,1264
0,52,74,1072,1264,1264,1264,1264
0,52,75,52,52,52,52,52
0,52,76,52,52,52,52,52
0,52,77,52,52,52,52,52
0,52,78,1076,1268,1268,1268,1268
0,52,79,1076,1268,1268,1268,1268
0,52,80,1076,1268,1268,1268,1268
0,53,0,1328,1520,1520,1520,1520
0,53,1,1328,1520,1520,1520,1520
0,53,2,1328,1520,1520,1520,1520
0,53,3,308,308,308,308,308
0,53,4,308,308,308,308,308
0,53,5,308,308,308,308,308
0,53,6,1332,1524,1524,1524,1524
0,53,7,1332,1524,1524,1524,1524
0,53,8,1332,1524,1524,1524,1524
0,53,9,1328,1520,1520,1520,1520
0,53,10,1328,1520,1520,1520,1520
0,53,11,1328,1520,1520,1520,1520
0,53,12,308,308,308,308,308
0,53,13,308,308,308,308,308
0,53,14,308,308,308,308,308
0,53,15,1332,1524,1524,1524,1524
0,53,16,1332,1524,1524,1524,1524
0,53,17,1332,1524,1524,1524,1524
0,53,18,1328,1520,1520,1520,1520
0,53,19,1328,1520,1520,1520,1520
0,53,20,1328,1520,1520,1520,1520
0,53,21,308,308,308,308,308
0,53,22,308,308,308,308,308
0,53,23,308,308,308,308,308
0,53,24,1332,1524,1524,1524,1524
0,53,25,1332,1524,1524,1524,1524
0,53,26,1332,1524,1524,1524,1524
0,53,27,1073,1265,1265,1265,1265
0,53,28,1073,1265,1265,1265,1265
0,53,29,1073,1265,1265,1265,1265
0,53,30,53,53,53,53,53
0,53,31,53,53,53,53,53
0,53,32,53,53,53,53,53
0,53,33,1077,1269,1269,1269,1269
0,53,34,1077,1269,1269,1269,1269
0,53,35,1077,1269,1269,1269,1269
0,53,36,1073,1265,1265,1265,1265
0,53,37,1073,1265,1265,1265,1265
0,53,38,1073,1265,1265,1265,1265
0,53,39,53,53,53,53,53
0,53,40,53,53,53,53,53
0,53,41,53,53,53,53,53
0,53,42,1077,1269,1269,1269,1269
0,53,43,1077,1269,1269,1269,1269
0,53,44,1077,1269,1269,1269,1269
0,53,45,1073,1265,1265,1265,1265
0,53,46,1073,1265,1265,1265,1265
0,53,47,1073,1265,1265,1265,1265
0,53,48,53,53,53,53,53
0,53,49,53,53,53,53,53
0,53,50,53,53,53,53,53
0,53,51,1077,1269,1269,1269,1269
0,53,52,1077,1269,1269,1269,1269
0,53,53,1077,1269,1269,1269,1269
0,53,54,1329,1521,1521,1521,1521
0,53,55,1329,1521,1521,1521,1521
0,53,56,1329,1521,1521,1521,1521
0,53,57,309,309,309,309,309
0,53,58,309,309,309,309,309
0,53,59,309,309,309,309,309
0,53,60,1333,1525,1525,1525,1525
0,53,61,1333,1525,1525,1525,1525
0,53,62,1333,1525,1525,1525,1525
0,53,63,1329,1521,1521,1521,1521
0,53,64,1329,1521,1521,1521,1521
0,53,65,1329,1521,1521,1521,1521
0,53,66,309,309,309,309,309
0,53,67,309,309,309,309,309
0,53,68,309,309,309,309,309
0,53,69,1333,1525,1525,1525,1525
0,53,70,1333,1525,1525,1525,1525
0,53,71,1333,1525,1525,1525,1525
0,53,72,1329,1521,1521,1521,1521
0,53,73,1329,1521,1521,1521,1521
0,53,74,1329,1521,1521,1521,1521
0,53,75,309,309,309,309,309
0,53,76,309,309,309,309,309
0,53,77,309,309,309,309,309
0,53,78,1333,1525,1525,1525,1525
0,53,79,1333,1525,1525,1525,1525
0,53,80,1333,1525,1525,1525,1525
0,54,0,1584,3824,3824,3824,3824
0,54,1,1584,1784,1784,1784,1784
0,54,2,1584,3832,3832,3832,3832
0,54,3,564,2612,2740,2740,2740
0,54,4,564,572,572,572,572
0,54,5,564,2620,2748,2748,2748
0,54,6,1588,3828,3828,3828,3828
0,54,7,1588,1788,1788,1788,1788
0,54,8,1588,3836,3836,3836,3836
0,54,9,1074,3314,3314,3314,3314
0,54,10,1074,1274,1274,1274,1274
0,54,11,1074,3322,3322,3322,3322
0,54,12,54,54,54,54,54
0,54,13,54,54,54,54,54
0,54,14,54,54,54,54,54
0,54,15,1078,3318,3318,3318,3318
0,54,16,1078,1278,1278,1278,1278
0,54,17,1078,3326,3326,3326,3326
0,54,18,1586,3826,3826,3826,3826
0,54,19,1586,1786,1786,1786,1786
0,54,20,1586,3834,3834,3834,3834
0,54,21,566,2614,2742,2742,2742
0,54,22,566,574,574,574,574
0,54,23,566,2622,2750,2750,2750
0,54,24,1590,3830,3830,3830,3830
0,54,25,1590,1790,1790,1790,1790
0,54,26,1590,3838,3838,3838,3838
0,54,27,1584,3824,3824,3824,3824
0,54,28,1584,1784,1784,1784,1784
0,54,29,1584,3832,3832,3832,3832
0,54,30,564,2612,2740,2740,2740
0,54,31,564,572,572,572,572
0,54,32,564,2620,2748,2748,2748
0,54,33,1588,3828,3828,3828,3828
0,54,34,1588,1788,1788,1788,1788
0,54,35,1588,3836,3836,3836,3836
0,54,36,1074,3314,3314,3314,3314
0,54,37,1074,1274,1274,1274,1274
0,54,38,1074,3322,3322,3322,3322
0,54,39,54,54,54,54,54
0,54,40,54,54,54,54,54
0,54,41,54,54,54,54,54
0,54,42,1078,3318,3318,3318,3318
0,54,43,1078,1278,1278,1278,1278
0,54,44,1078,3326,3326,3326,3326
0,54,45,1586,3826,3826,3826,3826
0,54,46,1586,1786,1786,1786,1786
0,54,47,1586,3834,3834,3834,3834
0,54,48,566,2614,2742,2742,2742
0,54,49,566,574,574,574,574
0,54,50,566,2622,2750,2750,2750
0,54,51,1590,3830,3830,3830,3830
0,54,52,1590,1790,1790,1790,1790
0,54,53,1590,3838,3838,3838,3838
0,54,54,1584,3824,3824,3824,3824
0,54,55,1584,1784,1784,1784,1784
0,54,56,1584,3832,3832,3832,3832
0,54,57,564,2612,2740,2740,2740
0,54,58,564,572,572,572,572
0,54,59,564,2620,2748,2748,2748
0,54,60,1588,3828,3828,3828,3828
0,54,61,1588,1788,1788,1788,1788
0,54,62,1588,3836,3836,3836,3836
0,54,63,1074,3314,3314,3314,3314
0,54,64,1074,1274,1274,1274,1274
0,54,65,1074,3322,3322,3322,3322
0,54,66,54,54,54,54,54
0,54,67,54,54,54,54,54
0,54,68,54,54,54,54,54
0,54,69,1078,3318,3318,3318,3318
0,54,70,1078,1278,1278,1278,1278
0,54,71,1078,3326,3326,3326,3326
0,54,72,1586,3826,3826,3826,3826
0,54,73,1586,1786,1786,1786,1786
0,54,74,1586,3834,3834,3834,3834
0,54,75,566,2614,2742,2742,2742
0,54,76,566,574,574,574,574
0,54,77,566,2622,2750,2750,2750
0,54,78,1590,3830,3830,3830,3830
0,54,79,1590,1790,1790,1790,1790
0,54,80,1590,3838,3838,3838,3838
0,55,0,1840,4080,4080,4080,4080
0,55,1,1840,2040,2040,2040,2040
0,55,2,1840,4088,4088,4088,4088
0,55,3,820,2868,2996,2996,2996
0,55,4,820,828,828,828,828
0,55,5,820,2876,3004,3004,3004
0,55,6,1844,4084,4084,4084,4084
0,55,7,1844,2044,2044,2044,2044
0,55,8,1844,4092,4092,4092,4092
0,55,9,1330,3570,3570,3570,3570
0,55,10,1330,1530,1530,1530,1530
0,55,11,1330,3578,3578,3578,3578
0,55,12,310,310,310,310,310
0,55,13,310,310,310,310,310
0,55,14,310,310,310,310,310
0,55,15,1334,3574,3574,3574,3574
0,55,16,1334,1534,1534,1534,1534
0,55,17,1334,3582,3582,3582,3582
0,55,18,1842,4082,4082,4082,4082
0,55,19,1842,2042,2042,2042,2042
0,55,20,1842,4090,4090,4090,4090
0,55,21,822,2870,2998,2998,2998
0,55,22,822,830,830,830,830
0,55,23,822,2878,3006,3006,3006
0,55,24,1846,4086,4086,4086,4086
0,55,25,1846,2046,2046,2046,2046
0,55,26,1846,4094,4094,4094,4094
0,55,27,1585,3825,3825,3825,3825
0,55,28,1585,1785,1785,1785,1785
0,55,29,1585,3833,3833,3833,3833
0,55,30,565,2613,2741,2741,2741
0,55,31,565,573,573,573,573
0,55,32,565,2621,2749,2749,2749
0,55,33,1589,3829,3829,3829,3829
0,55,34,1589,1789,1789,1789,1789
0,55,35,1589,3837,3837,3837,3837
0,55,36,1075,3315,3315,3315,3315
0,55,37,1075,1275,1275,1275,1275
0,55,38,1075,3323,3323,3323,3323
0,55,39,55,55,55,55,55
0,55,40,55,55,55,55,55
0,55,41,55,55,55,55,55
0,55,42,1079,3319,3319,3319,3319
0,55,43,1079,1279,1279,1279,1279
0,55,44,1079,3327,3327,3327,3327
0,55,45,1587,3827,3827,3827,3827
0,55,46,1587,1787,1787,1787,1787
0,55,47,1587,3835,3835,3835,3835
0,55,48,567,2615,2743,2743,2743
0,55,49,567,575,575,575,575
0,55,50,567,2623,2751,2751,2751
0,55,51,1591,3831,3831,3831,3831
0,55,52,1591,1791,1791,1791,1791
0,55,53,1591,3839,3839,3839,3839
0,55,54,1841,4081,4081,4081,4081
0,55,55,1841,2041,2041,2041,2041
0,55,56,1841,4089,4089,4089,4089
0,55,57,821,2869,2997,2997,2997
0,55,58,821,829,829,829,829
0,55,59,821,2877,3005,3005,3005
0,55,60,1845,4085,4085,4085,4085
0,55,61,1845,2045,2045,2045,2045
0,55,62,1845,4093,4093,4093,4093
0,55,63,1331,3571,3571,3571,3571
0,55,64,1331,1531,1531,1531,1531
0,55,65,1331,3579,3579,3579,3579
0,55,66,311,311,311,311,311
0,55,67,311,311,311,311,311
0,55,68,311,311,311,311,311
0,55,69,1335,3575,3575,3575,3575
0,55,70,1335,1535,1535,1535,1535
0,55,71,1335,3583,3583,3583,3583
0,55,72,1843,4083,4083,4083,4083
0,55,73,1843,2043,2043,2043,2043
0,55,74,1843,4091,4091,4091,4091
0,55,75,823,2871,2999,2999,2999
0,55,76,823,831,831,831,831
0,55,77,823,2879,3007,3007,3007
0,55,78,1847,4087,4087,4087,4087
0,55,79,1847,2047,2047,2047,2047
0,55,80,1847,4095,4095,4095,4095
0,56,0,2096,2224,2224,2224,2224
0,56,1,56,56,56,56,56
0,56,2,2104,2232,2232,2232,2232
0,56,3,2096,2224,2224,2224,2224
0,56,4,56,56,56,56,56
0,56,5,2104,2232,2232,2232,2232
0,56,6,2096,2224,2224,2224,2224
0,56,7,56,56,56,56,56
0,56,8,2104,2232,2232,2232,2232
0,56,9,2096,2224,2224,2224,2224
0,56,10,56,56,56,56,56
0,56,11,2104,2232,2232,2232,2232
0,56,12,2096,2224,2224,2224,2224
0,56,13,56,56,56,56,56
0,56,14,2104,2232,2232,2232,2232
0,56,15,2096,2224,2224,2224,2224
0,56,16,56,56,56,56,56
0,56,17,2104,2232,2232,2232,2232
0,56,18,2096,2224,2224,2224,2224
0,56,19,56,56,56,56,56
0,56,20,2104,2232,2232,2232,2232
0,56,21,2096,2224,2224,2224,2224
0,56,22,56,56,56,56,56
0,56,23,2104,2232,2232,2232,2232
0,56,24,2096,2224,2224,2224,2224
0,56,25,56,56,56,56,56
0,56,26,2104,2232,2232,2232,2232
0,56,27,2096,2224,2224,2224,2224
0,56,28,56,56,56,56,56
0,56,29,2104,2232,2232,2232,2232
0,56,30,2096,2224,2224,2224,2224
0,56,31,56,56,56,56,56
0,56,32,2104,2232,2232,2232,2232
0,56,33,2096,2224,2224,2224,2224
0,56,34,56,56,56,56,56
0,56,35,2104,2232,2232,2232,2232
0,56,36,2096,2224,2224,2224,2224
0,56,37,56,56,56,56,56
0,56,38,2104,2232,2232,2232,2232
0,56,39,2096,2224,2224,2224,2224
0,56,40,56,56,56,56,56
0,56,41,2104,2232,2232,2232,2232
0,56,42,2096,2224,2224,2224,2224
0,56,43,56,56,56,56,56
0,56,44,2104,2232,2232,2232,2232
0,56,45,2096,2224,2224,2224,2224
0,56,46,56,56,56,56,56
0,56,47,2104,2232,2232,2232,2232
0,56,48,2096,2224,2224,2224,2224
0,56,49,56,56,56,56,56
0,56,50,2104,2232,2232,2232,2232
0,56,51,2096,2224,2224,2224,2224
0,56,52,56,56,56,56,56
0,56,53,2104,2232,2232,2232,2232
0,56,54,2096,2224,2224,2224,2224
0,56,55,56,56,56,56,56
0,56,56,2104,2232,2232,2232,2232
0,56,57,2096,2224,2224,2224,2224
0,56,58,56,56,56,56,56
0,56,59,2104,2232,2232,2232,2232
0,56,60,2096,2224,2224,2224,2224
0,56,61,56,56,56,56,56
0,56,62,2104,2232,2232,2232,2232
0,56,63,2096,2224,2224,2224,2224
0,56,64,56,56,56,56,56
0,56,65,2104,2232,2232,2232,2232
0,56,66,2096,2224,2224,2224,2224
0,56,67,56,56,56,56,56
0,56,68,2104,2232,2232,2232,2232
0,56,69,2096,2224,2224,2224,2224
0,56,70,56,56,56,56,56
0,56,71,2104,2232,2232,2232,2232
0,56,72,2096,2224,2224,2224,2224
0,56,73,56,56,56,56,56
0,56,74,2104,2232,2232,2232,2232
0,56,75,2096,2224,2224,2224,2224
0,56,76,56,56,56,56,56
0,56,77,2104,2232,2232,2232,2232
0,56,78,2096,2224,2224,2224,2224
0,56,79,56,56,56,56,56
0,56,80,2104,2232,2232,2232,2232
0,57,0,2352,2480,2480,2480,2480
0,57,1,312,312,312,312,312
0,57,2,2360,2488,2488,2488,2488
0,57,3,2352,2480,2480,2480,2480
0,57,4,312,312,312,312,312
0,57,5,2360,2488,2488,2488,2488
0,57,6,2352,2480,2480,2480,2480
0,57,7,312,312,312,312,312
0,57,8,2360,2488,2488,2488,2488
0,57,9,2352,2480,2480,2480,2480
0,57,10,312,312,312,312,312
0,57,11,2360,2488,2488,2488,2488
0,57,12,2352,2480,2480,2480,2480
0,57,13,312,312,312,312,312
0,57,14,2360,2488,2488,2488,2488
0,57,15,2352,2480,2480,2480,2480
0,57,16,312,312,312,312,312
0,57,17,2360,2488,2488,2488,2488
0,57,18,2352,2480,2480,2480,2480
0,57,19,312,312,312,312,312
0,57,20,2360,2488,2488,2488,2488
0,57,21,2352,2480,2480,2480,2480
0,57,22,312,312,312,312,312
0,57,23,2360,2488,2488,2488,2488
0,57,24,2352,2480,2480,2480,2480
0,57,25,312,312,312,312,312
0,57,26,2360,2488,2488,2488,2488
0,57,27,2097,2225,2225,2225,2225
0,57,28,57,57,57,57,57
0,57,29,2105,2233,2233,2233,2233
0,57,30,2097,2225,2225,2225,2225
0,57,31,57,57,57,57,57
0,57,32,2105,2233,2233,2233,2233
0,57,33,2097,2225,2225,2225,2225
0,57,34,57,57,57,57,57
0,57,35,2105,2233,2233,2233,2233
0,57,36,2097,2225,2225,2225,2225
0,57,37,57,57,57,57,57
0,57,38,2105,2233,2233,2233,2233
0,57,39,2097,2225,2225,2225,2225
0,57,40,57,57,57,57,57
0,57,41,2105,2233,2233,2233,2233
0,57,42,2097,2225,2225,2225,2225
0,57,43,57,57,57,57,57
0,57,44,2105,2233,2233,2233,2233
0,57,45,2097,2225,2225,2225,2225
0,57,46,57,57,57,57,57
0,57,47,2105,2233,2233,2233,2233
0,57,48,2097,2225,2225,2225,2225
0,57,49,57,57,57,57,57
0,57,50,2105,2233,2233,2233,2233
0,57,51,2097,2225,2225,2225,2225
0,57,52,57,57,57,57,57
0,57,53,2105,2233,2233,2233,2233
0,57,54,2353,2481,2481,2481,2481
0,57,55,313,313,313,313,313
0,57,56,2361,2489,2489,2489,2489
0,57,57,2353,2481,2481,2481,2481
0,57,58,313,313,313,313,313
0,57,59,2361,2489,2489,2489,2489
0,57,60,2353,2481,2481,2481,2481
0,57,61,313,313,313,313,313
0,57,62,2361,2489,2489,2489,2489
0,57,63,2353,2481,2481,2481,2481
0,57,64,313,313,313,313,313
0,57,65,2361,2489,2489,2489,2489
0,57,66,2353,2481,2481,2481,2481
0,57,67,313,313,313,313,313
0,57,68,2361,2489,2489,2489,2489
0,57,69,2353,2481,2481,2481,2481
0,57,70,313,313,313,313,313
0,57,71,2361,2489,2489,2489,2489
0,57,72,2353,2481,2481,2481,2481
0,57,73,313,313,313,313,313
0,57,74,2361,2489,2489,2489,2489
0,57,75,2353,2481,2481,2481,2481
0,57,76,313,313,313,313,313
0,57,77,2361,2489,2489,2489,2489
0,57,78,2353,2481,2481,2481,2481
0,57,79,313,313,313,313,313
0,57,80,2361,2489,2489,2489,2489
0,58,0,2608,2736,2736,2736,2736
0,58,1,568,568,568,568,568
0,58,2,2616,2744,2744,2744,2744
0,58,3,2608,2736,2736,2736,2736
0,58,4,568,568,568,568,568
0,58,5,2616,2744,2744,2744,2744
0,58,6,2608,2736,2736,2736,2736
0,58,7,568,568,568,568,568
0,58,8,2616,2744,2744,2744,2744
0,58,9,2098,2226,2226,2226,2226
0,58,10,58,58,58,58,58
0,58,11,2106,2234,2234,2234,2234
0,58,12,2098,2226,2226,2226,2226
0,58,13,58,58,58,58,58
0,58,14,2106,2234,2234,2234,2234
0,58,15,2098,2226,2226,2226,2226
0,58,16,58,58,58,58,58
0,58,17,2106,2234,2234,2234,2234
0,58,18,2610,2738,2738,2738,2738
0,58,19,570,570,570,570,570
0,58,20,2618,2746,2746,2746,2746
0,58,21,2610,2738,2738,2738,2738
0,58,22,570,570,570,570,570
0,58,23,2618,2746,2746,2746,2746
0,58,24,2610,2738,2738,2738,2738
0,58,25,570,570,570,570,570
0,58,26,2618,2746,2746,2746,2746
0,58,27,2608,2736,2736,2736,2736
0,58,28,568,568,568,568,568
0,58,29,2616,2744,2744,2744,2744
0,58,30,2608,2736,2736,2736,2736
0,58,31,568,568,568,568,568
0,58,32,2616,2744,2744,2744,2744
0,58,33,2608,2736,2736,2736,2736
0,58,34,568,568,568,568,568
0,58,35,2616,2744,2744,2744,2744
0,58,36,2098,2226,2226,2226,2226
0,58,37,58,58,58,58,58
0,58,38,2106,2234,2234,2234,2234
0,58,39,2098,2226,2226,2226,2226
0,58,40,58,58,58,58,58
0,58,41,2106,2234,2234,2234,2234
0,58,42,2098,2226,2226,2226,2226
0,58,43,58,58,58,58,58
0,58,44,2106,2234,2234,2234,2234
0,58,45,2610,2738,2738,2738,2738
0,58,46,570,570,570,570,570
0,58,47,2618,2746,2746,2746,2746
0,58,48,2610,2738,2738,2738,2738
0,58,49,570,570,570,570,570
0,58,50,2618,2746,2746,2746,2746
0,58,51,2610,2738,2738,2738,2738
0,58,52,570,570,570,570,570
0,58,53,2618,2746,2746,2746,2746
0,58,54,2608,2736,2736,2736,2736
0,58,55,568,568,568,568,568
0,58,56,2616,2744,2744,2744,2744
0,58,57,2608,2736,2736,2736,2736
0,58,58,568,568,568,568,568
0,58,59,2616,2744,2744,2744,2744
0,58,60,2608,2736,2736,2736,2736
0,58,61,568,568,568,568,568
0,58,62,2616,2744,2744,2744,2744
0,58,63,2098,2226,2226,2226,2226
0,58,64,58,58,58,58,58
0,58,65,2106,2234,2234,2234,2234
0,58,66,2098,2226,2226,2226,2226
0,58,67,58,58,58,58,58
0,58,68,2106,2234,2234,2234,2234
0,58,69,2098,2226,2226,2226,2226
0,58,70,58,58,58,58,58
0,58,71,2106,2234,2234,2234,2234
0,58,72,2610,2738,2738,2738,2738
0,58,73,570,570,570,570,570
0,58,74,2618,2746,2746,2746,2746
0,58,75,2610,2738,2738,2738,2738
0,58,76,570,570,570,570,570
0,58,77,2618,2746,2746,2746,2746
0,58,78,2610,2738,2738,2738,2738
0,58,79,570,570,570,570,570
0,58,80,2618,2746,2746,2746,2746
0,59,0,2864,2992,2992,2992,2992
0,59,1,824,824,824,824,824
0,59,2,2872,3000,3000,3000,3000
0,59,3,2864,2992,2992,2992,2992
0,59,4,824,824,824,824,824
0,59,5,2872,3000,3000,3000,3000
0,59,6,2864,2992,2992,2992,2992
0,59,7,824,824,824,824,824
0,59,8,2872,3000,3000,3000,3000
0,59,9,2354,2482,2482,2482,2482
0,59,10,314,314,314,314,314
0,59,11,2362,2490,2490,2490,2490
0,59,12,2354,2482,2482,2482,2482
0,59,13,314,314,314,314,314
0,59,14,2362,2490,2490,2490,2490
0,59,15,2354,2482,2482,2482,2482
0,59,16,314,314,314,314,314
0,59,17,2362,2490,2490,2490,2490
0,59,18,2866,2994,2994,2994,2994
0,59,19,826,826,826,826,826
0,59,20,2874,3002,3002,3002,3002
0,59,21,2866,2994,2994,2994,2994
0,59,22,826,826,826,826,826
0,59,23,2874,3002,3002,3002,3002
0,59,24,2866,2994,2994,2994,2994
0,59,25,826,826,826,826,826
0,59,26,2874,3002,3002,3002,3002
0,59,27,2609,2737,2737,2737,2737
0,59,28,569,569,569,569,569
0,59,29,2617,2745,2745,2745,2745
0,59,30,2609,2737,2737,2737,2737
0,59,31,569,569,569,569,569
0,59,32,2617,2745,2745,2745,2745
0,59,33,2609,2737,2737,2737,2737
0,59,34,569,569,569,569,569
0,59,35,2617,2745,2745,2745,2745
0,59,36,2099,2227,2227,2227,2227
0,59,37,59,59,59,59,59
0,59,38,2107,2235,2235,2235,2235
0,59,39,2099,2227,2227,2227,2227
0,59,40,59,59,59,59,59
0,59,41,2107,2235,2235,2235,2235
0,59,42,2099,2227,2227,2227,2227
0,59,43,59,59,59,59,59
0,59,44,2107,2235,2235,2235,2235
0,59,45,2611,2739,2739,2739,2739
0,59,46,571,571,571,571,571
0,59,47,2619,2747,2747,2747,2747
0,59,48,2611,2739,2739,2739,2739
0,59,49,571,571,571,571,571
0,59,50,2619,2747,2747,2747,2747
0,59,51,2611,2739,2739,2739,2739
0,59,52,571,571,571,571,571
0,59,53,2619,2747,2747,2747,2747
0,59,54,2865,2993,2993,2993,2993
0,59,55,825,825,825,825,825
0,59,56,2873,3001,3001,3001,3001
0,59,57,2865,2993,2993,2993,2993
0,59,58,825,825,825,825,825
0,59,59,2873,3001,3001,3001,3001
0,59,60,2865,2993,2993,2993,2993
0,59,61,825,825,825,825,825
0,59,62,2873,3001,3001,3001,3001
0,59,63,2355,2483,2483,2483,2483
0,59,64,315,315,315,315,315
0,59,65,2363,2491,2491,2491,2491
0,59,66,2355,2483,2483,2483,2483
0,59,67,315,315,315,315,315
0,59,68,2363,2491,2491,2491,2491
0,59,69,2355,2483,2483,2483,2483
0,59,70,315,315,315,315,315
0,59,71,2363,2491,2491,2491,2491
0,59,72,2867,2995,2995,2995,2995
0,59,73,827,827,827,827,827
0,59,74,2875,3003,3003,3003,3003
0,59,75,2867,2995,2995,2995,2995
0,59,76,827,827,827,827,827
0,59,77,2875,3003,3003,3003,3003
0,59,78,2867,2995,2995,2995,2995
0,59,79,827,827,827,827,827
0,59,80,2875,3003,3003,3003,3003
0,60,0,3120,3312,3312,3312,3312
0,60,1,1080,1272,1272,1272,1272
0,60,2,3128,3320,3320,3320,3320
0,60,3,2100,2228,2228,2228,2228
0,60,4,60,60,60,60,60
0,60,5,2108,2236,2236,2236,2236
0,60,6,3124,3316,3316,3316,3316
0,60,7,1084,1276,1276,1276,1276
0,60,8,3132,3324,3324,3324,3324
0,60,9,3120,3312,3312,3312,3312
0,60,10,1080,1272,1272,1272,1272
0,60,11,3128,3320,3320,3320,3320
0,60,12,2100,2228,2228,2228,2228
0,60,13,60,60,60,60,60
0,60,14,2108,2236,2236,2236,2236
0,60,15,3124,3316,3316,3316,3316
0,60,16,1084,1276,1276,1276,1276
0,60,17,3132,3324,3324,3324,3324
0,60,18,3120,3312,3312,3312,3312
0,60,19,1080,1272,1272,1272,1272
0,60,20,3128,3320,3320,3320,3320
0,60,21,2100,2228,2228,2228,2228
0,60,22,60,60,60,60,60
0,60,23,2108,2236,2236,2236,2236
0,60,24,3124,3316,3316,3316,3316
0,60,25,1084,1276,1276,1276,1276
0,60,26,3132,3324,3324,3324,3324
0,60,27,3120,3312,3312,3312,3312
0,60,28,1080,1272,1272,1272,1272
0,60,29,3128,3320,3320,3320,3320
0,60,30,2100,2228,2228,2228,2228
0,60,31,60,60,60,60,60
0,60,32,2108,2236,2236,2236,2236
0,60,33,3124,3316,3316,3316,3316
0,60,34,1084,1276,1276,1276,1276
0,60,35,3132,3324,3324,3324,3324
0,60,36,3120,3312,3312,3312,3312
0,60,37,1080,1272,1272,1272,1272
0,60,38,3128,3320,3320,3320,3320
0,60,39,2100,2228,2228,2228,2228
0,60,40,60,60,60,60,60
0,60,41,2108,2236,2236,2236,2236
0,60,42,3124,3316,3316,3316,3316
0,60,43,1084,1276,1276,1276,1276
0,60,44,3132,3324,3324,3324,3324
0,60,45,3120,3312,3312,3312,3312
0,60,46,1080,1272,1272,1272,1272
0,60,47,3128,3320,3320,3320,3320
0,60,48,2100,2228,2228,2228,2228
0,60,49,60,60,60,60,60
0,60,50,2108,2236,2236,2236,2236
0,60,51,3124,3316,3316,3316,3316
0,60,52,1084,1276,1276,1276,1276
0,60,53,3132,3324,3324,3324,3324
0,60,54,3120,3312,3312,3312,3312
0,60,55,1080,1272,1272,1272,1272
0,60,56,3128,3320,3320,3320,3320
0,60,57,2100,2228,2228,2228,2228
0,60,58,60,60,60,60,60
0,60,59,2108,2236,2236,2236,2236
0,60,60,3124,3316,3316,3316,3316
0,60,61,1084,1276,1276,1276,1276
0,60,62,3132,3324,3324,3324,3324
0,60,63,3120,3312,3312,3312,3312
0,60,64,1080,1272,1272,1272,1272
0,60,65,3128,3320,3320,3320,3320
0,60,66,2100,2228,2228,2228,2228
0,60,67,60,60,60,60,60
0,60,68,2108,2236,2236,2236,2236
0,60,69,3124,3316,3316,3316,3316
0,60,70,1084,1276,1276,1276,1276
0,60,71,3132,3324,3324,3324,3324
0,60,72,3120,3312,3312,3312,3312
0,60,73,1080,1272,1272,1272,1272
0,60,74,3128,3320,3320,3320,3320
0,60,75,2100,2228,2228,2228,2228
0,60,76,60,60,60,60,60
0,60,77,2108,2236,2236,2236,2236
0,60,78,3124,3316,3316,3316,3316
0,60,79,1084,1276,1276,1276,1276
0,60,80,3132,3324,3324,3324,3324
0,61,0,3376,3568,3568,3568,3568
0,61,1,1336,1528,1528,1528,1528
0,61,2,3384,3576,3576,3576,3576
0,61,3,2356,2484,2484,2484,2484
0,61,4,316,316,316,316,316
0,61,5,2364,2492,2492,2492,2492
0,61,6,3380,3572,3572,3572,3572
0,61,7,1340,1532,1532,1532,1532
0,61,8,3388,3580,3580,3580,3580
0,61,9,3376,3568,3568,3568,3568
0,61,10,1336,1528,1528,1528,1528
0,61,11,3384,3576,3576,3576,3576
0,61,12,2356,2484,2484,2484,2484
0,61,13,316,316,316,316,316
0,61,14,2364,2492,2492,2492,2492
0,61,15,3380,3572,3572,3572,3572
0,61,16,1340,1532,1532,1532,1532
0,61,17,3388,3580,3580,3580,3580
0,61,18,3376,3568,3568,3568,3568
0,61,19,1336,1528,1528,1528,1528
0,61,20,3384,3576,3576,3576,3576
0,61,21,2356,2484,2484,2484,2484
0,61,22,316,316,316,316,316
0,61,23,2364,2492,2492,2492,2492
0,61,24,3380,3572,3572,3572,3572
0,61,25,1340,1532,1532,1532,1532
0,61,26,3388,3580,3580,3580,3580
0,61,27,3121,3313,3313,3313,3313
0,61,28,1081,1273,1273,1273,1273
0,61,29,3129,3321,3321,3321,3321
0,61,30,2101,2229,2229,2229,2229
0,61,31,61,61,61,61,61
0,61,32,2109,2237,2237,2237,2237
0,61,33,3125,3317,3317,3317,3317
0,61,34,1085,1277,1277,1277,1277
0,61,35,3133,3325,3325,3325,3325
0,61,36,3121,3313,3313,3313,3313
0,61,37,1081,1273,1273,1273,1273
0,61,38,3129,3321,3321,3321,3321
0,61,39,2101,2229,2229,2229,2229
0,61,40,61,61,61,61,61
0,61,41,2109,2237,2237,2237,2237
0,61,42,3125,3317,3317,3317,3317
0,61,43,1085,1277,1277,1277,1277
0,61,44,3133,3325,3325,3325,3325
0,61,45,3121,3313,3313,3313,3313
0,61,46,1081,1273,1273,1273,1273
0,61,47,3129,3321,3321,3321,3321
0,61,48,2101,2229,2229,2229,2229
0,61,49,61,61,61,61,61
0,61,50,2109,2237,2237,2237,2237
0,61,51,3125,3317,3317,3317,3317
0,61,52,1085,1277,1277,1277,1277
0,61,53,3133,3325,3325,3325,3325
0,61,54,3377,3569,3569,3569,3569
0,61,55,1337,1529,1529,1529,1529
0,61,56,3385,3577,3577,3577,3577
0,61,57,2357,2485,2485,2485,2485
0,61,58,317,317,317,317,317
0,61,59,2365,2493,2493,2493,2493
0,61,60,3381,3573,3573,3573,3573
0,61,61,1341,1533,1533,1533,1533
0,61,62,3389,3581,3581,3581,3581
0,61,63,3377,3569,3569,3569,3569
0,61,64,1337,1529,1529,1529,1529
0,61,65,3385,3577,3577,3577,3577
0,61,66,2357,2485,2485,2485,2485
0,61,67,317,317,317,317,317
0,61,68,2365,2493,2493,2493,2493
0,61,69,3381,3573,3573,3573,3573
0,61,70,1341,1533,1533,1533,1533
0,61,71,3389,3581,3581,3581,3581
0,61,72,3377,3569,3569,3569,3569
0,61,73,1337,1529,1529,1529,1529
0,61,74,3385,3577,3577,3577,3577
0,61,75,2357,2485,2485,2485,2485
0,61,76,317,317,317,317,317
0,61,77,2365,2493,2493,2493,2493
0,61,78,3381,3573,3573,3573,3573
0,61,79,1341,1533,1533,1533,1533
0,61,80,3389,3581,3581,3581,3581
0,62,0,3632,3824,3824,3824,3824
0,62,1,1592,1784,1784,1784,1784
0,62,2,3640,3832,3832,3832,3832
0,62,3,2612,2740,2740,2740,2740
0,62,4,572,572,572,572,572
0,62,5,2620,2748,2748,2748,2748
0,62,6,3636,3828,3828,3828,3828
0,62,7,1596,1788,1788,1788,1788
0,62,8,3644,3836,3836,3836,3836
0,62,9,3122,3314,3314,3314,3314
0,62,10,1082,1274,1274,1274,1274
0,62,11,3130,3322,3322,3322,3322
0,62,12,2102,2230,2230,2230,2230
0,62,13,62,62,62,62,62
0,62,14,2110,2238,2238,2238,2238
0,62,15,3126,3318,3318,3318,3318
0,62,16,1086,1278,1278,1278,1278
0,62,17,3134,3326,3326,3326,3326
0,62,18,3634,3826,3826,3826,3826
0,62,19,1594,1786,1786,1786,1786
0,62,20,3642,3834,3834,3834,3834
0,62,21,2614,2742,2742,2742,2742
0,62,22,574,574,574,574,574
0,62,23,2622,2750,2750,2750,2750
0,62,24,3638,3830,3830,3830,3830
0,62,25,1598,1790,1790,1790,1790
0,62,26,3646,3838,3838,3838,3838
0,62,27,3632,3824,3824,3824,3824
0,62,28,1592,1784,1784,1784,1784
0,62,29,3640,3832,3832,3832,3832
0,62,30,2612,2740,2740,2740,2740
0,62,31,572,572,572,572,572
0,62,32,2620,2748,2748,2748,2748
0,62,33,3636,3828,3828,3828,3828
0,62,34,1596,1788,1788,1788,1788
0,62,35,3644,3836,3836,3836,3836
0,62,36,3122,3314,3314,3314,3314
0,62,37,1082,1274,1274,1274,1274
0,62,38,3130,3322,3322,3322,3322
0,62,39,2102,2230,2230,2230,2230
0,62,40,62,62,62,62,62
0,62,41,2110,2238,2238,2238,2238
0,62,42,3126,3318,3318,3318,3318
0,62,43,1086,1278,1278,1278,1278
0,62,44,3134,3326,3326,3326,3326
0,62,45,3634,3826,3826,3826,3826
0,62,46,1594,1786,1786,1786,1786
0,62,47,3642,3834,3834,3834,3834
0,62,48,2614,2742,2742,2742,2742
0,62,49,574,574,574,574,574
0,62,50,2622,2750,2750,2750,2750
0,62,51,3638,3830,3830,3830,3830
0,62,52,1598,1790,1790,1790,1790
0,62,53,3646,3838,3838,3838,3838
0,62,54,3632,3824,3824,3824,3824
0,62,55,1592,1784,1784,1784,1784
0,62,56,3640,3832,3832,3832,3832
0,62,57,2612,2740,2740,2740,2740
0,62,58,572,572,572,572,572
0,62,59,2620,2748,2748,2748,2748
0,62,60,3636,3828,3828,3828,3828
0,62,61,1596,1788,1788,1788,1788
0,62,62,3644,3836,3836,3836,3836
0,62,63,3122,3314,3314,3314,3314
0,62,64,1082,1274,1274,1274,1274
0,62,65,3130,3322,3322,3322,3322
0,62,66,2102,2230,2230,2230,2230
0,62,67,62,62,62,62,62
0,62,68,2110,2238,2238,2238,2238
0,62,69,3126,3318,3318,3318,3318
0,62,70,1086,1278,1278,1278,1278
0,62,71,3134,3326,3326,3326,3326
0,62,72,3634,3826,3826,3826,3826
0,62,73,1594,1786,1786,1786,1786
0,62,74,3642,3834,3834,3834,3834
0,62,75,2614,2742,2742,2742,2742
0,62,76,574,574,574,574,574
0,62,77,2622,2750,2750,2750,2750
0,62,78,3638,3830,3830,3830,3830
0,62,79,1598,1790,1790,1790,1790
0,62,80,3646,3838,3838,3838,3838
0,63,0,3888,4080,4080,4080,4080
0,63,1,1848,2040,2040,2040,2040
0,63,2,3896,4088,4088,4088,4088
0,63,3,2868,2996,2996,2996,2996
0,63,4,828,828,828,828,828
0,63,5,2876,3004,3004,3004,3004
0,63,6,3892,4084,4084,4084,4084
0,63,7,1852,2044,2044,2044,2044
0,63,8,3900,4092,4092,4092,4092
0,63,9,3378,3570,3570,3570,3570
0,63,10,1338,1530,1530,1530,1530
0,63,11,3386,3578,3578,3578,3578
0,63,12,2358,2486,2486,2486,2486
0,63,13,318,318,318,318,318
0,63,14,2366,2494,2494,2494,2494
0,63,15,3382,3574,3574,3574,3574
0,63,16,1342,1534,1534,1534,1534
0,63,17,3390,3582,3582,3582,3582
0,63,18,3890,4082,4082,4082,4082
0,63,19,1850,2042,2042,2042,2042
0,63,20,3898,4090,4090,4090,4090
0,63,21,2870,2998,2998,2998,2998
0,63,22,830,830,830,830,830
0,63,23,2878,3006,3006,3006,3006
0,63,24,3894,4086,4086,4086,4086
0,63,25,1854,2046,2046,2046,2046
0,63,26,3902,4094,4094,4094,4094
0,63,27,3633,3825,3825,3825,3825
0,63,28,1593,1785,1785,1785,1785
0,63,29,3641,3833,3833,3833,3833
0,63,30,2613,2741,2741,2741,2741
0,63,31,573,573,573,573,573
0,63,32,2621,2749,2749,2749,2749
0,63,33,3637,3829,3829,3829,3829
0,63,34,1597,1789,1789,1789,1789
0,63,35,3645,3837,3837,3837,3837
0,63,36,3123,3315,3315,3315,3315
0,63,37,1083,1275,1275,1275,1275
0,63,38,3131,3323,3323,3323,3323
0,63,39,2103,2231,2231,2231,2231
0,63,40,63,63,63,63,63
0,63,41,2111,2239,2239,2239,2239
0,63,42,3127,3319,3319,3319,3319
0,63,43,1087,1279,1279,1279,1279
0,63,44,3135,3327,3327,3327,3327
0,63,45,3635,3827,3827,3827,3827
0,63,46,1595,1787,1787,1787,1787
0,63,47,3643,3835,3835,3835,3835
0,63,48,2615,2743,2743,2743,2743
0,63,49,575,575,575,575,575
0,63,50,2623,2751,2751,2751,2751
0,63,51,3639,3831,3831,3831,3831
0,63,52,1599,1791,1791,1791,1791
0,63,53,3647,3839,3839,3839,3839
0,63,54,3889,4081,4081,4081,4081
0,63,55,1849,2041,2041,2041,2041
0,63,56,3897,4089,4089,4089,4089
0,63,57,2869,2997,2997,2997,2997
0,63,58,829,829,829,829,829
0,63,59,2877,3005,3005,3005,3005
0,63,60,3893,4085,4085,4085,4085
0,63,61,1853,2045,2045,2045,2045
0,63,62,3901,4093,4093,4093,4093
0,63,63,3379,3571,3571,3571,3571
0,63,64,1339,1531,1531,1531,1531
0,63,65,3387,3579,3579,3579,3579
0,63,66,2359,2487,2487,2487,2487
0,63,67,319,319,319,319,319
0,63,68,2367,2495,2495,2495,2495
0,63,69,3383,3575,3575,3575,3575
0,63,70,1343,1535,1535,1535,1535
0,63,71,3391,3583,3583,3583,3583
0,63,72,3891,4083,4083,4083,4083
0,63,73,1851,2043,2043,2043,2043
0,63,74,3899,4091,4091,4091,4091
0,63,75,2871,2999,2999,2999,2999
0,63,76,831,831,831,831,831
0,63,77,2879,3007,3007,3007,3007
0,63,78,3895,4087,4087,4087,4087
0,63,79,1855,2047,2047,2047,2047
0,63,80,3903,4095,4095,4095,4095
0,64,0,64,64,64,64,64
0,64,1,64,64,64,64,64
0,64,2,64,64,64,64,64
0,64,3,64,64,64,64,64
0,64,4,64,64,64,64,64
0,64,5,64,64,64,64,64
0,64,6,64,64,64,64,64
0,64,7,64,64,64,64,64
0,64,8,64,64,64,64,64
0,64,9,64,64,64,64,64
0,64,10,64,64,64,64,64
0,64,11,64,64,64,64,64
0,64,12,64,64,64,64,64
0,64,13,64,64,64,64,64
0,64,14,64,64,64,64,64
0,64,15,64,64,64,64,64
0,64,16,64,64,64,64,64
0,64,17,64,64,64,64,64
0,64,18,64,64,64,64,64
0,64,19,64,64,64,64,64
0,64,20,64,64,64,64,64
0,64,21,64,64,64,64,64
0,64,22,64,64,64,64,64
0,64,23,64,64,64,64,64
0,64,24,64,64,64,64,64
0,64,25,64,64,64,64,64
0,64,26,64,64,64,64,64
0,64,27,64,64,64,64,64
0,64,28,64,64,64,64,64
0,64,29,64,64,64,64,64
0,64,30,64,64,64,64,64
0,64,31,64,64,64,64,64
0,64,32,64,64,64,64,64
0,64,33,64,64,64,64,64
0,64,34,64,64,64,64,64
0,64,35,64,64,64,64,64
0,64,36,64,64,64,64,64
0,64,37,64,64,64,64,64
0,64,38,64,64,64,64,64
0,64,39,64,64,64,64,64
0,64,40,64,64,64,64,64
0,64,41,64,64,64,64,64
0,64,42,64,64,64,64,64
0,64,43,64,64,64,64,64
0,64,44,64,64,64,64,64
0,64,45,64,64,64,64,64
0,64,46,64,64,64,64,64
0,64,47,64,64,64,64,64
0,64,48,64,64,64,64,64
0,64,49,64,64,64,64,64
0,64,50,64,64,64,64,64
0,64,51,64,64,64,64,64
0,64,52,64,64,64,64,64
0,64,53,64,64,64,64,64
0,64,54,64,64,64,64,64
0,64,55,64,64,64,64,64
0,64,56,64,64,64,64,64
0,64,57,64,64,64,64,64
0,64,58,64,64,64,64,64
0,64,59,64,64,64,64,64
0,64,60,64,64,64,64,64
0,64,61,64,64,64,64,64
0,64,62,64,64,64,64,64
0,64,63,64,64,64,64,64
0,64,64,64,64,64,64,64
0,64,65,64,64,64,64,64
0,64,66,64,64,64,64,64
0,64,67,64,64,64,64,64
0,64,68,64,64,64,64,64
0,64,69,64,64,64,64,64
0,64,70,64,64,64,64,64
0,64,71,64,64,64,64,64
0,64,72,64,64,64,64,64
0,64,73,64,64,64,64,64
0,64,74,64,64,64,64,64
0,64,75,64,64,64,64,64
0,64,76,64,64,64,64,64
0,64,77,64,64,64,64,64
0,64,78,64,64,64,64,64
0,64,79,64,64,64,64,64
0,64,80,64,64,64,64,64
0,65,0,320,320,320,320,320
0,65,1,320,320,320,320,320
0,65,2,320,320,320,320,320
0,65,3,320,320,320,320,320
0,65,4,320,320,320,320,320
0,65,5,320,320,320,320,320
0,65,6,320,320,320,320,320
0,65,7,320,320,320,320,320
0,65,8,320,320,320,320,320
0,65,9,320,320,320,320,320
0,65,10,320,320,320,320,320
0,65,11,320,320,320,320,320
0,65,12,320,320,320,320,320
0,65,13,320,320,320,320,320
0,65,14,320,320,320,320,320
0,65,15,320,320,320,320,320
0,65,16,320,320,320,320,320
0,65,17,320,320,320,320,320
0,65,18,320,320,320,320,320
0,65,19,320,320,320,320,320
0,65,20,320,320,320,320,320
0,65,21,320,320,320,320,320
0,65,22,320,320,320,320,320
0,65,23,320,320,320,320,320
0,65,24,320,320,320,320,320
0,65,25,320,320,320,320,320
0,65,26,320,320,320,320,320
0,65,27,65,65,65,65,65
0,65,28,65,65,65,65,65
0,65,29,65,65,65,65,65
0,65,30,65,65,65,65,65
0,65,31,65,65,65,65,65
0,65,32,65,65,65,65,65
0,65,33,65,65,65,65,65
0,65,34,65,65,65,65,65
0,65,35,65,65,65,65,65
0,65,36,65,65,65,65,65
0,65,37,65,65,65,65,65
0,65,38,65,65,65,65,65
0,65,39,65,65,65,65,65
0,65,40,65,65,65,65,65
0,65,41,65,65,65,65,65
0,65,42,65,65,65,65,65
0,65,43,65,65,65,65,65
0,65,44,65,65,65,65,65
0,65,45,65,65,65,65,65
0,65,46,65,65,65,65,65
0,65,47,65,65,65,65,65
0,65,48,65,65,65,65,65
0,65,49,65,65,65,65,65
0,65,50,65,65,65,65,65
0,65,51,65,65,65,65,65
0,65,52,65,65,65,65,65
0,65,53,65,65,65,65,65
0,65,54,321,321,321,321,321
0,65,55,321,321,321,321,321
0,65,56,321,321,321,321,321
0,65,57,321,321,321,321,321
0,65,58,321,321,321,321,321
0,65,59,321,321,321,321,321
0,65,60,321,321,321,321,321
0,65,61,321,321,321,321,321
0,65,62,321,321,321,321,321
0,65,63,321,321,321,321,321
0,65,64,321,321,321,321,321
0,65,65,321,321,321,321,321
0,65,66,321,321,321,321,321
0,65,67,321,321,321,321,321
0,65,68,321,321,321,321,321
0,65,69,321,321,321,321,321
0,65,70,321,321,321,321,321
0,65,71,321,321,321,321,321
0,65,72,321,321,321,321,321
0,65,73,321,321,321,321,321
0,65,74,321,321,321,321,321
0,65,75,321,321,321,321,321
0,65,76,321,321,321,321,321
0,65,77,321,321,321,321,321
0,65,78,321,321,321,321,321
0,65,79,321,321,321,321,321
0,65,80,321,321,321,321,321
0,66,0,576,704,704,704,704
0,66,1,576,704,704,704,704
0,66,2,576,704,704,704,704
0,66,3,576,704,704,704,704
0,66,4,576,704,704,704,704
0,66,5,576,704,704,704,704
0,66,6,576,704,704,704,704
0,66,7,576,704,704,704,704
0,66,8,576,704,704,704,704
0,66,9,66,66,66,66,66
0,66,10,66,66,66,66,66
0,66,11,66,66,66,66,66
0,66,12,66,66,66,66,66
0,66,13,66,66,66,66,66
0,66,14,66,66,66,66,66
0,66,15,66,66,66,66,66
0,66,16,66,66,66,66,66
0,66,17,66,66,66,66,66
0,66,18,578,706,706,706,706
0,66,19,578,706,706,706,706
0,66,20,578,706,706,706,706
0,66,21,578,706,706,706,706
0,66,22,578,706,706,706,706
0,66,23,578,706,706,706,706
0,66,24,578,706,706,706,706
0,66,25,578,706,706,706,706
0,66,26,578,706,706,706,706
0,66,27,576,704,704,704,704
0,66,28,576,704,704,704,704
0,66,29,576,704,704,704,704
0,66,30,576,704,704,704,704
0,66,31,576,704,704,704,704
0,66,32,576,704,704,704,704
0,66,33,576,704,704,704,704
0,66,34,576,704,704,704,704
0,66,35,576,704,704,704,704
0,66,36,66,66,66,66,66
0,66,37,66,66,66,66,66
0,66,38,66,66,66,66,66
0,66,39,66,66,66,66,66
0,66,40,66,66,66,66,66
0,66,41,66,66,66,66,66
0,66,42,66,66,66,66,66
0,66,43,66,66,66,66,66
0,66,44,66,66,66,66,66
0,66,45,578,706,706,706,706
0,66,46,578,706,706,706,706
0,66,47,578,706,706,706,706
0,66,48,578,706,706,706,706
0,66,49,578,706,706,706,706
0,66,50,578,706,706,706,706
0,66,51,578,706,706,706,706
0,66,52,578,706,706,706,706
0,66,53,578,706,706,706,706
0,66,54,576,704,704,704,704
0,66,55,576,704,704,704,704
0,66,56,576,704,704,704,704
0,66,57,576,704,704,704,704
0,66,58,576,704,704,704,704
0,66,59,576,704,704,704,704
0,66,60,576,704,704,704,704
0,66,61,576,704,704,704,704
0,66,62,576,704,704,704,704
0,66,63,66,66,66,66,66
0,66,64,66,66,66,66,66
0,66,65,66,66,66,66,66
0,66,66,66,66,66,66,66
0,66,67,66,66,66,66,66
0,66,68,66,66,66,66,66
0,66,69,66,66,66,66,66
0,66,70,66,66,66,66,66
0,66,71,66,66,66,66,66
0,66,72,578,706,706,706,706
0,66,73,578,706,706,706,706
0,66,74,578,706,706,706,706
0,66,75,578,706,706,706,706
0,66,76,578,706,706,706,706
0,66,77,578,706,706,706,706
0,66,78,578,706,706,706,706
0,66,79,578,706,706,706,706
0,66,80,578,706,706,706,706
0,67,0,832,960,960,960,960
0,67,1,832,960,960,960,960
0,67,2,832,960,960,960,960
0,67,3,832,960,960,960,960
0,67,4,832,960,960,960,960
0,67,5,832,960,960,960,960
0,67,6,832,960,960,960,960
0,67,7,832,960,960,960,960
0,67,8,832,960,960,960,960
0,67,9,322,322,322,322,322
0,67,10,322,322,322,322,322
0,67,11,322,322,322,322,322
0,67,12,322,322,322,322,322
0,67,13,322,322,322,322,322
0,67,14,322,322,322,322,322
0,67,15,322,322,322,322,322
0,67,16,322,322,322,322,322
0,67,17,322,322,322,322,322
0,67,18,834,962,962,962,962
0,67,19,834,962,962,962,962
0,67,20,834,962,962,962,962
0,67,21,834,962,962,962,962
0,67,22,834,962,962,962,962
0,67,23,834,962,962,962,962
0,67,24,834,962,962,962,962
0,67,25,834,962,962,962,962
0,67,26,834,962,962,962,962
0,67,27,577,705,705,705,705
0,67,28,577,705,705,705,705
0,67,29,577,705,705,705,705
0,67,30,577,705,705,705,705
0,67,31,577,705,705,705,705
0,67,32,577,705,705,705,705
0,67,33,577,705,705,705,705
0,67,34,577,705,705,705,705
0,67,35,577,705,705,705,705
0,67,36,67,67,67,67,67
0,67,37,67,67,67,67,67
0,67,38,67,67,67,67,67
0,67,39,67,67,67,67,67
0,67,40,67,67,67,67,67
0,67,41,67,67,67,67,67
0,67,42,67,67,67,67,67
0,67,43,67,67,67,67,67
0,67,44,67,67,67,67,67
0,67,45,579,707,707,707,707
0,67,46,579,707,707,707,707
0,67,47,579,707,707,707,707
0,67,48,579,707,707,707,707
0,67,49,579,707,707,707,707
0,67,50,579,707,707,707,707
0,67,51,579,707,707,707,707
0,67,52,579,707,707,707,707
0,67,53,579,707,707,707,707
0,67,54,833,961,961,961,961
0,67,55,833,961,961,961,961
0,67,56,833,961,961,961,961
0,67,57,833,961,961,961,961
0,67,58,833,961,961,961,961
0,67,59,833,961,961,961,961
0,67,60,833,961,961,961,961
0,67,61,833,961,961,961,961
0,67,62,833,961,961,961,961
0,67,63,323,323,323,323,323
0,67,64,323,323,323,323,323
0,67,65,323,323,323,323,323
0,67,66,323,323,323,323,323
0,67,67,323,323,323,323,323
0,67,68,323,323,323,323,323
0,67,69,323,323,323,323,323
0,67,70,323,323,323,323,323
0,67,71,323,323,323,323,323
0,67,72,835,963,963,963,963
0,67,73,835,963,963,963,963
0,67,74,835,963,963,963,963
0,67,75,835,963,963,963,963
0,67,76,835,963,963,963,963
0,67,77,835,963,963,963,963
0,67,78,835,963,963,963,963
0,67,79,835,963,963,963,963
0,67,80,835,963,963,963,963
0,68,0,1088,1088,1088,1088,1088
0,68,1,1088,1088,1088,1088,1088
0,68,2,1088,1088,1088,1088,1088
0,68,3,68,68,68,68,68
0,68,4,68,68,68,68,68
0,68,5,68,68,68,68,68
0,68,6,1092,1092,1092,1092,1092
0,68,7,1092,1092,1092,1092,1092
0,68,8,1092,1092,1092,1092,1092
0,68,9,1088,1088,1088,1088,1088
0,68,10,1088,1088,1088,1088,1088
0,68,11,1088,1088,1088,1088,1088
0,68,12,68,68,68,68,68
0,68,13,68,68,68,68,68
0,68,14,68,68,68,68,68
0,68,15,1092,1092,1092,1092,1092
0,68,16,1092,1092,1092,1092,1092
0,68,17,1092,1092,1092,1092,1092
0,68,18,1088,1088,1088,1088,1088
0,68,19,1088,1088,1088,1088,1088
0,68,20,1088,1088,1088,1088,1088
0,68,21,68,68,68,68,68
0,68,22,68,68,68,68,68
0,68,23,68,68,68,68,68
0,68,24,1092,1092,1092,1092,1092
0,68,25,1092,1092,1092,1092,1092
0,68,26,1092,1092,1092,1092,1092
0,68,27,1088,1088,1088,1088,1088
0,68,28,1088,1088,1088,1088,1088
0,68,29,1088,1088,1088,1088,1088
0,68,30,68,68,68,68,68
0,68,31,68,68,68,68,68
0,68,32,68,68,68,68,68
0,68,33,1092,1092,1092,1092,1092
0,68,34,1092,1092,1092,1092,1092
0,68,35,1092,1092,1092,1092,1092
0,68,36,1088,1088,1088,1088,1088
0,68,37,1088,1088,1088,1088,1088
0,68,38,1088,1088,1088,1088,1088
0,68,39,68,68,68,68,68
0,68,40,68,68,68,68,68
0,68,41,68,68,68,68,68
0,68,42,1092,1092,1092,1092,1092
0,68,43,1092,1092,1092,1092,1092
0,68,44,1092,1092,1092,1092,1092
0,68,45,1088,1088,1088,1088,1088
0,68,46,1088,1088,1088,1088,1088
0,68,47,1088,1088,1088,1088,1088
0,68,48,68,68,68,68,68
0,68,49,68,68,68,68,68
0,68,50,68,68,68,68,68
0,68,51,1092,1092,1092,1092,1092
0,68,52,1092,1092,1092,1092,1092
0,68,53,1092,1092,1092,1092,1092
0,68,54,1088,1088,1088,1088,1088
0,68,55,1088,1088,1088,1088,1088
0,68,56,1088,1088,1088,1088,1088
0,68,57,68,68,68,68,68
0,68,58,68,68,68,68,68
0,68,59,68,68,68,68,68
0,68,60,1092,1092,1092,1092,1092
0,68,61,1092,1092,1092,1092,1092
0,68,62,1092,1092,1092,1092,1092
0,68,63,1088,1088,1088,1088,1088
0,68,64,1088,1088,1088,1088,1088
0,68,65,1088,1088,1088,1088,1088
0,68,66,68,68,68,68,68
0,68,67,68,68,68,68,68
0,68,68,68,68,68,68,68
0,68,69,1092,1092,1092,1092,1092
0,68,70,1092,1092,1092,1092,1092
0,68,71,1092,1092,1092,1092,1092
0,68,72,1088,1088,1088,1088,1088
0,68,73,1088,1088,1088,1088,1088
0,68,74,1088,1088,1088,1088,1088
0,68,75,68,68,68,68,68
0,68,76,68,68,68,68,68
0,68,77,68,68,68,68,68
0,68,78,1092,1092,1092,1092,1092
0,68,79,1092,1092,1092,1092,1092
0,68,80,1092,1092,1092,1092,1092
0,69,0,1344,1344,1344,1344,1344
0,69,1,1344,1344,1344,1344,1344
0,69,2,1344,1344,1344,1344,1344
0,69,3,324,324,324,324,324
0,69,4,324,324,324,324,324
0,69,5,324,324,324,324,324
0,69,6,1348,1348,1348,1348,1348
0,69,7,1348,1348,1348,1348,1348
0,69,8,1348,1348,1348,1348,1348
0,69,9,1344,1344,1344,1344,1344
0,69,10,1344,1344,1344,1344,1344
0,69,11,1344,1344,1344,1344,1344
0,69,12,324,324,324,324,324
0,69,13,324,324,324,324,324
0,69,14,324,324,324,324,324
0,69,15,1348,1348,1348,1348,1348
0,69,16,1348,1348,1348,1348,1348
0,69,17,1348,1348,1348,1348,1348
0,69,18,1344,1344,1344,1344,1344
0,69,19,1344,1344,1344,1344,1344
0,69,20,1344,1344,1344,1344,1344
0,69,21,324,324,324,324,324
0,69,22,324,324,324,324,324
0,69,23,324,324,324,324,324
0,69,24,1348,1348,1348,1348,1348
0,69,25,1348,1348,1348,1348,1348
0,69,26,1348,1348,1348,1348,1348
0,69,27,1089,1089,1089,1089,1089
0,69,28,1089,1089,1089,1089,1089
0,69,29,1089,1089,1089,1089,1089
0,69,30,69,69,69,69,69
0,69,31,69,69,69,69,69
0,69,32,69,69,69,69,69
0,69,33,1093,1093,1093,1093,1093
0,69,34,1093,1093,1093,1093,1093
0,69,35,1093,1093,1093,1093,1093
0,69,36,1089,1089,1089,1089,1089
0,69,37,1089,1089,1089,1089,1089
0,69,38,1089,1089,1089,1089,1089
0,69,39,69,69,69,69,69
0,69,40,69,69,69,69,69
0,69,41,69,69,69,69,69
0,69,42,1093,1093,1093,1093,1093
0,69,43,1093,1093,1093,1093,1093
0,69,44,1093,1093,1093,1093,1093
0,69,45,1089,1089,1089,1089,1089
0,69,46,1089,1089,1089,1089,1089
0,69,47,1089,1089,1089,1089,1089
0,69,48,69,69,69,69,69
0,69,49,69,69,69,69,69
0,69,50,69,69,69,69,69
0,69,51,1093,1093,1093,1093,1093
0,69,52,1093,1093,1093,1093,1093
0,69,53,1093,1093,1093,1093,1093
0,69,54,1345,1345,1345,1345,1345
0,69,55,1345,1345,1345,1345,1345
0,69,56,1345,1345,1345,1345,1345
0,69,57,325,325,325,325,325
0,69,58,325,325,325,325,325
0,69,59,325,325,325,325,325
0,69,60,1349,1349,1349,1349,1349
0,69,61,1349,1349,1349,1349,1349
0,69,62,1349,1349,1349,1349,1349
0,69,63,1345,1345,1345,1345,1345
0,69,64,1345,1345,1345,1345,1345
0,69,65,1345,1345,1345,1345,1345
0,69,66,325,325,325,325,325
0,69,67,325,325,325,325,325
0,69,68,325,325,325,325,325
0,69,69,1349,1349,1349,1349,1349
0,69,70,1349,1349,1349,1349,1349
0,69,71,1349,1349,1349,1349,1349
0,69,72,1345,1345,1345,1345,1345
0,69,73,1345,1345,1345,1345,1345
0,69,74,1345,1345,1345,1345,1345
0,69,75,325,325,325,325,325
0,69,76,325,325,325,325,325
0,69,77,325,325,325,325,325
0,69,78,1349,1349,1349,1349,1349
0,69,79,1349,1349,1349,1349,1349
0,69,80,1349,1349,1349,1349,1349
0,70,0,1600,3776,3776,3776,3776
0,70,1,1600,1736,1736,1736,1736
0,70,2,1600,3784,3784,3784,3784
0,70,3,580,2756,2756,2756,2756
0,70,4,580,716,716,716,716
0,70,5,580,2764,2764,2764,2764
0,70,6,1604,3780,3780,3780,3780
0,70,7,1604,1740,1740,1740,1740
0,70,8,1604,3788,3788,3788,3788
0,70,9,1090,3138,3266,3266,3266
0,70,10,1090,1098,1098,1098,1098
0,70,11,1090,3146,3274,3274,3274
0,70,12,70,70,70,70,70
0,70,13,70,70,70,70,70
0,70,14,70,70,70,70,70
0,70,15,1094,3142,3270,3270,3270
0,70,16,1094,1102,1102,1102,1102
0,70,17,1094,3150,3278,3278,3278
0,70,18,1602,3778,3778,3778,3778
0,70,19,1602,1738,1738,1738,1738
0,70,20,1602,3786,3786,3786,3786
0,70,21,582,2758,2758,2758,2758
0,70,22,582,718,718,718,718
0,70,23,582,2766,2766,2766,2766
0,70,24,1606,3782,3782,3782,3782
0,70,25,1606,1742,1742,1742,1742
0,70,26,1606,3790,3790,3790,3790
0,70,27,1600,3776,3776,3776,3776
0,70,28,1600,1736,1736,1736,1736
0,70,29,1600,3784,3784,3784,3784
0,70,30,580,2756,2756,2756,2756
0,70,31,580,716,716,716,716
0,70,32,580,2764,2764,2764,2764
0,70,33,1604,3780,3780,3780,3780
0,70,34,1604,1740,1740,1740,1740
0,70,35,1604,3788,3788,3788,3788
0,70,36,1090,3138,3266,3266,3266
0,70,37,1090,1098,1098,1098,1098
0,70,38,1090,3146,3274,3274,3274
0,70,39,70,70,70,70,70
0,70,40,70,70,70,70,70
0,70,41,70,70,70,70,70
0,70,42,1094,3142,3270,3270,3270
0,70,43,1094,1102,1102,1102,1102
0,70,44,1094,3150,3278,3278,3278
0,70,45,1602,3778,3778,3778,3778
0,70,46,1602,1738,1738,1738,1738
0,70,47,1602,3786,3786,3786,3786
0,70,48,582,2758,2758,2758,2758
0,70,49,582,718,718,718,718
0,70,50,582,2766,2766,2766,2766
0,70,51,1606,3782,3782,3782,3782
0,70,52,1606,1742,1742,1742,1742
0,70,53,1606,3790,3790,3790,3790
0,70,54,1600,3776,3776,3776,3776
0,70,55,1600,1736,1736,1736,1736
0,70,56,1600,3784,3784,3784,3784
0,70,57,580,2756,2756,2756,2756
0,70,58,580,716,716,716,716
0,70,59,580,2764,2764,2764,2764
0,70,60,1604,3780,3780,3780,3780
0,70,61,1604,1740,1740,1740,1740
0,70,62,1604,3788,3788,3788,3788
0,70,63,1090,3138,3266,3266,3266
0,70,64,1090,1098,1098,1098,1098
0,70,65,1090,3146,3274,3274,3274
0,70,66,70,70,70,70,70
0,70,67,70,70,70,70,70
0,70,68,70,70,70,70,70
0,70,69,1094,3142,3270,3270,3270
0,70,70,1094,1102,1102,1102,1102
0,70,71,1094,3150,3278,3278,3278
0,70,72,1602,3778,3778,3778,3778
0,70,73,1602,1738,1738,1738,1738
0,70,74,1602,3786,3786,3786,3786
0,70,75,582,2758,2758,2758,2758
0,70,76,582,718,718,718,718
0,70,77,582,2766,2766,2766,2766
0,70,78,1606,3782,3782,3782,3782
0,70,79,1606,1742,1742,1742,1742
0,70,80,1606,3790,3790,3790,3790
0,71,0,1856,4032,4032,4032,4032
0,71,1,1856,1992,1992,1992,1992
0,71,2,1856,4040,4040,4040,4040
0,71,3,836,3012,3012,3012,3012
0,71,4,836,972,972,972,972
0,71,5,836,3020,3020,3020,3020
0,71,6,1860,4036,4036,4036,4036
0,71,7,1860,1996,1996,1996,1996
0,71,8,1860,4044,4044,4044,4044
0,71,9,1346,3394,3522,3522,3522
0,71,10,1346,1354,1354,1354,1354
0,71,11,1346,3402,3530,3530,3530
0,71,12,326,326,326,326,326
0,71,13,326,326,326,326,326
0,71,14,326,326,326,326,326
0,71,15,1350,3398,3526,3526,3526
0,71,16,1350,1358,1358,1358,1358
0,71,17,1350,3406,3534,3534,3534
0,71,18,1858,4034,4034,4034,4034
0,71,19,1858,1994,1994,1994,1994
0,71,20,1858,4042,4042,4042,4042
0,71,21,838,3014,3014,3014,3014
0,71,22,838,974,974,974,974
0,71,23,838,3022,3022,3022,3022
0,71,24,1862,4038,4038,4038,4038
0,71,25,1862,1998,1998,1998,1998
0,71,26,1862,4046,4046,4046,4046
0,71,27,1601,3777,3777,3777,3777
0,71,28,1601,1737,1737,1737,1737
0,71,29,1601,3785,3785,3785,3785
0,71,30,581,2757,2757,2757,2757
0,71,31,581,717,717,717,717
0,71,32,581,2765,2765,2765,2765
0,71,33,1605,3781,3781,3781,3781
0,71,34,1605,1741,1741,1741,1741
0,71,35,1605,3789,3789,3789,3789
0,71,36,1091,3139,3267,3267,3267
0,71,37,1091,1099,1099,1099,1099
0,71,38,1091,3147,3275,3275,3275
0,71,39,71,71,71,71,71
0,71,40,71,71,71,71,71
0,71,41,71,71,71,71,71
0,71,42,1095,3143,3271,3271,3271
0,71,43,1095,1103,1103,1103,1103
0,71,44,1095,3151,3279,3279,3279
0,71,45,1603,3779,3779,3779,3779
0,71,46,1603,1739,1739,1739,1739
0,71,47,1603,3787,3787,3787,3787
0,71,48,583,2759,2759,2759,2759
0,71,49,583,719,719,719,719
0,71,50,583,2767,2767,2767,2767
0,71,51,1607,3783,3783,3783,3783
0,71,52,1607,1743,1743,1743,1743
0,71,53,1607,3791,3791,3791,3791
0,71,54,1857,4033,4033,4033,4033
0,71,55,1857,1993,1993,1993,1993
0,71,56,1857,4041,4041,4041,4041
0,71,57,837,3013,3013,3013,3013
0,71,58,837,973,973,973,973
0,71,59,837,3021,3021,3021,3021
0,71,60,1861,4037,4037,4037,4037
0,71,61,1861,1997,1997,1997,1997
0,71,62,1861,4045,4045,4045,4045
0,71,63,1347,3395,3523,3523,3523
0,71,64,1347,1355,1355,1355,1355
0,71,65,1347,3403,3531,3531,3531
0,71,66,327,327,327,327,327
0,71,67,327,327,327,327,327
0,71,68,327,327,327,327,327
0,71,69,1351,3399,3527,3527,3527
0,71,70,1351,1359,1359,1359,1359
0,71,71,1351,3407,3535,3535,3535
0,71,72,1859,4035,4035,4035,4035
0,71,73,1859,1995,1995,1995,1995
0,71,74,1859,4043,4043,4043,4043
0,71,75,839,3015,3015,3015,3015
0,71,76,839,975,975,975,975
0,71,77,839,3023,3023,3023,3023
0,71,78,1863,4039,4039,4039,4039
0,71,79,1863,1999,1999,1999,1999
0,71,80,1863,4047,4047,4047,4047
0,72,0,2112,2240,2240,2240,2240
0,72,1,72,72,72,72,72
0,72,2,2120,2248,2248,2248,2248
0,72,3,2112,2240,2240,2240,2240
0,72,4,72,72,72,72,72
0,72,5,2120,2248,2248,2248,2248
0,72,6,2112,2240,2240,2240,2240
0,72,7,72,72,72,72,72
0,72,8,2120,2248,2248,2248,2248
0,72,9,2112,2240,2240,2240,2240
0,72,10,72,72,72,72,72
0,72,11,2120,2248,2248,2248,2248
0,72,12,2112,2240,2240,2240,2240
0,72,13,72,72,72,72,72
0,72,14,2120,2248,2248,2248,2248
0,72,15,2112,2240,2240,2240,2240
0,72,16,72,72,72,72,72
0,72,17,2120,2248,2248,2248,2248
0,72,18,2112,2240,2240,2240,2240
0,72,19,72,72,72,72,72
0,72,20,2120,2248,2248,2248,2248
0,72,21,2112,2240,2240,2240,2240
0,72,22,72,72,72,72,72
0,72,23,2120,2248,2248,2248,2248
0,72,24,2112,2240,2240,2240,2240
0,72,25,72,72,72,72,72
0,72,26,2120,2248,2248,2248,2248
0,72,27,2112,2240,2240,2240,2240
0,72,28,72,72,72,72,72
0,72,29,2120,2248,2248,2248,2248
0,72,30,2112,2240,2240,2240,2240
0,72,31,72,72,72,72,72
0,72,32,2120,2248,2248,2248,2248
0,72,33,2112,2240,2240,2240,2240
0,72,34,72,72,72,72,72
0,72,35,2120,2248,2248,2248,2248
0,72,36,2112,2240,2240,2240,2240
0,72,37,72,72,72,72,72
0,72,38,2120,2248,2248,2248,2248
0,72,39,2112,2240,2240,2240,2240
0,72,40,72,72,72,72,72
0,72,41,2120,2248,2248,2248,2248
0,72,42,2112,2240,2240,2240,2240
0,72,43,72,72,72,72,72
0,72,44,2120,2248,2248,2248,2248
0,72,45,2112,2240,2240,2240,2240
0,72,46,72,72,72,72,72
0,72,47,2120,2248,2248,2248,2248
0,72,48,2112,2240,2240,2240,2240
0,72,49,72,72,72,72,72
0,72,50,2120,2248,2248,2248,2248
0,72,51,2112,2240,2240,2240,2240
0,72,52,72,72,72,72,72
0,72,53,2120,2248,2248,2248,2248
0,72,54,2112,2240,2240,2240,2240
0,72,55,72,72,72,72,72
0,72,56,2120,2248,2248,2248,2248
0,72,57,2112,2240,2240,2240,2240
0,72,58,72,72,72,72,72
0,72,59,2120,2248,2248,2248,2248
0,72,60,2112,2240,2240,2240,2240
0,72,61,72,72,72,72,72
0,72,62,2120,2248,2248,2248,2248
0,72,63,2112,2240,2240,2240,2240
0,72,64,72,72,72,72,72
0,72,65,2120,2248,2248,2248,2248
0,72,66,2112,2240,2240,2240,2240
0,72,67,72,72,72,72,72
0,72,68,2120,2248,2248,2248,2248
0,72,69,2112,2240,2240,2240,2240
0,72,70,72,72,72,72,72
0,72,71,2120,2248,2248,2248,2248
0,72,72,2112,2240,2240,2240,2240
0,72,73,72,72,72,72,72
0,72,74,2120,2248,2248,2248,2248
0,72,75,2112,2240,2240,2240,2240
0,72,76,72,72,72,72,72
0,72,77,2120,2248,2248,2248,2248
0,72,78,2112,2240,2240,2240,2240
0,72,79,72,72,72,72,72
0,72,80,2120,2248,2248,2248,2248
0,73,0,2368,2496,2496,2496,2496
0,73,1,328,328,328,328,328
0,73,2,2376,2504,2504,2504,2504
0,73,3,2368,2496,2496,2496,2496
0,73,4,328,328,328,328,328
0,73,5,2376,2504,2504,2504,2504
0,73,6,2368,2496,2496,2496,2496
0,73,7,328,328,328,328,328
0,73,8,2376,2504,2504,2504,2504
0,73,9,2368,2496,2496,2496,2496
0,73,10,328,328,328,328,328
0,73,11,2376,2504,2504,2504,2504
0,73,12,2368,2496,2496,2496,2496
0,73,13,328,328,328,328,328
0,73,14,2376,2504,2504,2504,2504
0,73,15,2368,2496,2496,2496,2496
0,73,16,328,328,328,328,328
0,73,17,2376,2504,2504,2504,2504
0,73,18,2368,2496,2496,2496,2496
0,73,19,328,328,328,328,328
0,73,20,2376,2504,2504,2504,2504
0,73,21,2368,2496,2496,2496,2496
0,73,22,328,328,328,328,328
0,73,23,2376,2504,2504,2504,2504
0,73,24,2368,2496,2496,2496,2496
0,73,25,328,328,328,328,328
0,73,26,2376,2504,2504,2504,2504
0,73,27,2113,2241,2241,2241,2241
0,73,28,73,73,73,73,73
0,73,29,2121,2249,2249,2249,2249
0,73,30,2113,2241,2241,2241,2241
0,73,31,73,73,73,73,73
0,73,32,2121,2249,2249,2249,2249
0,73,33,2113,2241,2241,2241,2241
0,73,34,73,73,73,73,73
0,73,35,2121,2249,2249,2249,2249
0,73,36,2113,2241,2241,2241,2241
0,73,37,73,73,73,73,73
0,73,38,2121,2249,2249,2249,2249
0,73,39,2113,2241,2241,2241,2241
0,73,40,73,73,73,73,73
0,73,41,2121,2249,2249,2249,2249
0,73,42,2113,2241,2241,2241,2241
0,73,43,73,73,73,73,73
0,73,44,2121,2249,2249,2249,2249
0,73,45,2113,2241,2241,2241,2241
0,73,46,73,73,73,73,73
0,73,47,2121,2249,2249,2249,2249
0,73,48,2113,2241,2241,2241,2241
0,73,49,73,73,73,73,73
0,73,50,2121,2249,2249,2249,2249
0,73,51,2113,2241,2241,2241,2241
0,73,52,73,73,73,73,73
0,73,53,2121,2249,2249,2249,2249
0,73,54,2369,2497,2497,2497,2497
0,73,55,329,329,329,329,329
0,73,56,2377,2505,2505,2505,2505
0,73,57,2369,2497,2497,2497,2497
0,73,58,329,329,329,329,329
0,73,59,2377,2505,2505,2505,2505
0,73,60,2369,2497,2497,2497,2497
0,73,61,329,329,329,329,329
0,73,62,2377,2505,2505,2505,2505
0,73,63,2369,2497,2497,2497,2497
0,73,64,329,329,329,329,329
0,73,65,2377,2505,2505,2505,2505
0,73,66,2369,2497,2497,2497,2497
0,73,67,329,329,329,329,329
0,73,68,2377,2505,2505,2505,2505
0,73,69,2369,2497,2497,2497,2497
0,73,70,329,329,329,329,329
0,73,71,2377,2505,2505,2505,2505
0,73,72,2369,2497,2497,2497,2497
0,73,73,329,329,329,329,329
0,73,74,2377,2505,2505,2505,2505
0,73,75,2369,2497,2497,2497,2497
0,73,76,329,329,329,329,329
0,73,77,2377,2505,2505,2505,2505
0,73,78,2369,2497,2497,2497,2497
0,73,79,329,329,329,329,329
0,73,80,2377,2505,2505,2505,2505
0,74,0,2624,2752,2752,2752,2752
0,74,1,584,712,712,712,712
0,74,2,2632,2760,2760,2760,2760
0,74,3,2624,2752,2752,2752,2752
0,74,4,584,712,712,712,712
0,74,5,2632,2760,2760,2760,2760
0,74,6,2624,2752,2752,2752,2752
0,74,7,584,712,712,712,712
0,74,8,2632,2760,2760,2760,2760
0,74,9,2114,2242,2242,2242,2242
0,74,10,74,74,74,74,74
0,74,11,2122,2250,2250,2250,2250
0,74,12,2114,2242,2242,2242,2242
0,74,13,74,74,74,74,74
0,74,14,2122,2250,2250,2250,2250
0,74,15,2114,2242,2242,2242,2242
0,74,16,74,74,74,74,74
0,74,17,2122,2250,2250,2250,2250
0,74,18,2626,2754,2754,2754,2754
0,74,19,586,714,714,714,714
0,74,20,2634,2762,2762,2762,2762
0,74,21,2626,2754,2754,2754,2754
0,74,22,586,714,714,714,714
0,74,23,2634,2762,2762,2762,2762
0,74,24,2626,2754,2754,2754,2754
0,74,25,586,714,714,714,714
0,74,26,2634,2762,2762,2762,2762
0,74,27,2624,2752,2752,2752,2752
0,74,28,584,712,712,712,712
0,74,29,2632,2760,2760,2760,2760
0,74,30,2624,2752,2752,2752,2752
0,74,31,584,712,712,712,712
0,74,32,2632,2760,2760,2760,2760
0,74,33,2624,2752,2752,2752,2752
0,74,34,584,712,712,712,712
0,74,35,2632,2760,2760,2760,2760
0,74,36,2114,2242,2242,2242,2242
0,74,37,74,74,74,74,74
0,74,38,2122,2250,2250,2250,2250
0,74,39,2114,2242,2242,2242,2242
0,74,40,74,74,74,74,74
0,74,41,2122,2250,2250,2250,2250
0,74,42,2114,2242,2242,2242,2242
0,74,43,74,74,74,74,74
0,74,44,2122,2250,2250,2250,2250
0,74,45,2626,2754,2754,2754,2754
0,74,46,586,714,714,714,714
0,74,47,2634,2762,2762,2762,2762
0,74,48,2626,2754,2754,2754,2754
0,74,49,586,714,714,714,714
0,74,50,2634,2762,2762,2762,2762
0,74,51,2626,2754,2754,2754,2754
0,74,52,586,714,714,714,714
0,74,53,2634,2762,2762,2762,2762
0,74,54,2624,2752,2752,2752,2752
0,74,55,584,712,712,712,712
0,74,56,2632,2760,2760,2760,2760
0,74,57,2624,2752,2752,2752,2752
0,74,58,584,712,712,712,712
0,74,59,2632,2760,2760,2760,2760
0,74,60,2624,2752,2752,2752,2752
0,74,61,584,712,712,712,712
0,74,62,2632,2760,2760,2760,2760
0,74,63,2114,2242,2242,2242,2242
0,74,64,74,74,74,74,74
0,74,65,2122,2250,2250,2250,2250
0,74,66,2114,2242,2242,2242,2242
0,74,67,74,74,74,74,74
0,74,68,2122,2250,2250,2250,2250
0,74,69,2114,2242,2242,2242,2242
0,74,70,74,74,74,74,74
0,74,71,2122,2250,2250,2250,2250
0,74,72,2626,2754,2754,2754,2754
0,74,73,586,714,714,714,714
0,74,74,2634,2762,2762,2762,2762
0,74,75,2626,2754,2754,2754,2754
0,74,76,586,714,714,714,714
0,74,77,2634,2762,2762,2762,2762
0,74,78,2626,2754,2754,2754,2754
0,74,79,586,714,714,714,714
0,74,80,2634,2762,2762,2762,2762
0,75,0,2880,3008,3008,3008,3008
0,75,1,840,968,968,968,968
0,75,2,2888,3016,3016,3016,3016
0,75,3,2880,3008,3008,3008,3008
0,75,4,840,968,968,968,968
0,75,5,2888,3016,3016,3016,3016
0,75,6,2880,3008,3008,3008,3008
0,75,7,840,968,968,968,968
0,75,8,2888,3016,3016,3016,3016
0,75,9,2370,2498,2498,2498,2498
0,75,10,330,330,330,330,330
0,75,11,2378,2506,2506,2506,2506
0,75,12,2370,2498,2498,2498,2498
0,75,13,330,330,330,330,330
0,75,14,2378,2506,2506,2506,2506
0,75,15,2370,2498,2498,2498,2498
0,75,16,330,330,330,330,330
0,75,17,2378,2506,2506,2506,2506
0,75,18,2882,3010,3010,3010,3010
0,75,19,842,970,970,970,970
0,75,20,2890,3018,3018,3018,3018
0,75,21,2882,3010,3010,3010,3010
0,75,22,842,970,970,970,970
0,75,23,2890,3018,3018,3018,3018
0,75,24,2882,3010,3010,3010,3010
0,75,25,842,970,970,970,970
0,75,26,2890,3018,3018,3018,3018
0,75,27,2625,2753,2753,2753,2753
0,75,28,585,713,713,713,713
0,75,29,2633,2761,2761,2761,2761
0,75,30,2625,2753,2753,2753,2753
0,75,31,585,713,713,713,713
0,75,32,2633,2761,2761,2761,2761
0,75,33,2625,2753,2753,2753,2753
0,75,34,585,713,713,713,713
0,75,35,2633,2761,2761,2761,2761
0,75,36,2115,2243,2243,2243,2243
0,75,37,75,75,75,75,75
0,75,38,2123,2251,2251,2251,2251
0,75,39,2115,2243,2243,2243,2243
0,75,40,75,75,75,75,75
0,75,41,2123,2251,2251,2251,2251
0,75,42,2115,2243,2243,2243,2243
0,75,43,75,75,75,75,75
0,75,44,2123,2251,2251,2251,2251
0,75,45,2627,2755,2755,2755,2755
0,75,46,587,715,715,715,715
0,75,47,2635,2763,2763,2763,2763
0,75,48,2627,2755,2755,2755,2755
0,75,49,587,715,715,715,715
0,75,50,2635,2763,2763,2763,2763
0,75,51,2627,2755,2755,2755,2755
0,75,52,587,715,715,715,715
0,75,53,2635,2763,2763,2763,2763
0,75,54,2881,3009,3009,3009,3009
0,75,55,841,969,969,969,969
0,75,56,2889,3017,3017,3017,3017
0,75,57,2881,3009,3009,3009,3009
0,75,58,841,969,969,969,969
0,75,59,2889,3017,3017,3017,3017
0,75,60,2881,3009,3009,3009,3009
0,75,61,841,969,969,969,969
0,75,62,2889,3017,3017,3017,3017
0,75,63,2371,2499,2499,2499,2499
0,75,64,331,331,331,331,331
0,75,65,2379,2507,2507,2507,2507
0,75,66,2371,2499,2499,2499,2499
0,75,67,331,331,331,331,331
0,75,68,2379,2507,2507,2507,2507
0,75,69,2371,2499,2499,2499,2499
0,75,70,331,331,331,331,331
0,75,71,2379,2507,2507,2507,2507
0,75,72,2883,3011,3011,3011,3011
0,75,73,843,971,971,971,971
0,75,74,2891,3019,3019,3019,3019
0,75,75,2883,3011,3011,3011,3011
0,75,76,843,971,971,971,971
0,75,77,2891,3019,3019,3019,3019
0,75,78,2883,3011,3011,3011,3011
0,75,79,843,971,971,971,971
0,75,80,2891,3019,3019,3019,3019
0,76,0,3136,3264,3264,3264,3264
0,76,1,1096,1096,1096,1096,1096
0,76,2,3144,3272,3272,3272,3272
0,76,3,2116,2244,2244,2244,2244
0,76,4,76,76,76,76,76
0,76,5,2124,2252,2252,2252,2252
0,76,6,3140,3268,3268,3268,3268
0,76,7,1100,1100,1100,1100,1100
0,76,8,3148,3276,3276,3276,3276
0,76,9,3136,3264,3264,3264,3264
0,76,10,1096,1096,1096,1096,1096
0,76,11,3144,3272,3272,3272,3272
0,76,12,2116,2244,2244,2244,2244
0,76,13,76,76,76,76,76
0,76,14,2124,2252,2252,2252,2252
0,76,15,3140,3268,3268,3268,3268
0,76,16,1100,1100,1100,1100,1100
0,76,17,3148,3276,3276,3276,3276
0,76,18,3136,3264,3264,3264,3264
0,76,19,1096,1096,1096,1096,1096
0,76,20,3144,3272,3272,3272,3272
0,76,21,2116,2244,2244,2244,2244
0,76,22,76,76,76,76,76
0,76,23,2124,2252,2252,2252,2252
0,76,24,3140,3268,3268,3268,3268
0,76,25,1100,1100,1100,1100,1100
0,76,26,3148,3276,3276,3276,3276
0,76,27,3136,3264,3264,3264,3264
0,76,28,1096,1096,1096,1096,1096
0,76,29,3144,3272,3272,3272,3272
0,76,30,2116,2244,2244,2244,2244
0,76,31,76,76,76,76,76
0,76,32,2124,2252,2252,2252,2252
0,76,33,3140,3268,3268,3268,3268
0,76,34,1100,1100,1100,1100,1100
0,76,35,3148,3276,3276,3276,3276
0,76,36,3136,3264,3264,3264,3264
0,76,37,1096,1096,1096,1096,1096
0,76,38,3144,3272,3272,3272,3272
0,76,39,2116,2244,2244,2244,2244
0,76,40,76,76,76,76,76
0,76,41,2124,2252,2252,2252,2252
0,76,42,3140,3268,3268,3268,3268
0,76,43,1100,1100,1100,1100,1100
0,76,44,3148,3276,3276,3276,3276
0,76,45,3136,3264,3264,3264,3264
0,76,46,1096,1096,1096,1096,1096
0,76,47,3144,3272,3272,3272,3272
0,76,48,2116,2244,2244,2244,2244
0,76,49,76,76,76,76,76
0,76,50,2124,2252,2252,2252,2252
0,76,51,3140,3268,3268,3268,3268
0,76,52,1100,1100,1100,1100,1100
0,76,53,3148,3276,3276,3276,3276
0,76,54,3136,3264,3264,3264,3264
0,76,55,1096,1096,1096,1096,1096
0,76,56,3144,3272,3272,3272,3272
0,76,57,2116,2244,2244,2244,2244
0,76,58,76,76,76,76,76
0,76,59,2124,2252,2252,2252,2252
0,76,60,3140,3268,3268,3268,3268
0,76,61,1100,1100,1100,1100,1100
0,76,62,3148,3276,3276,3276,3276
0,76,63,3136,3264,3264,3264,3264
0,76,64,1096,1096,1096,1096,1096
0,76,65,3144,3272,3272,3272,3272
0,76,66,2116,2244,2244,2244,2244
0,76,67,76,76,76,76,76
0,76,68,2124,2252,2252,2252,2252
0,76,69,3140,3268,3268,3268,3268
0,76,70,1100,1100,1100,1100,1100
0,76,71,3148,3276,3276,3276,3276
0,76,72,3136,3264,3264,3264,3264
0,76,73,1096,1096,1096,1096,1096
0,76,74,3144,3272,3272,3272,3272
0,76,75,2116,2244,2244,2244,2244
0,76,76,76,76,76,76,76
0,76,77,2124,2252,2252,2252,2252
0,76,78,3140,3268,3268,3268,3268
0,76,79,1100,1100,1100,1100,1100
0,76,80,3148,3276,3276,3276,3276
0,77,0,3392,3520,3520,3520,3520
0,77,1,1352,1352,1352,1352,1352
0,77,2,3400,3528,3528,3528,3528
0,77,3,2372,2500,2500,2500,2500
0,77,4,332,332,332,332,332
0,77,5,2380,2508,2508,2508,2508
0,77,6,3396,3524,3524,3524,3524
0,77,7,1356,1356,1356,1356,1356
0,77,8,3404,3532,3532,3532,3532
0,77,9,3392,3520,3520,3520,3520
0,77,10,1352,1352,1352,1352,1352
0,77,11,3400,3528,3528,3528,3528
0,77,12,2372,2500,2500,2500,2500
0,77,13,332,332,332,332,332
0,77,14,2380,2508,2508,2508,2508
0,77,15,3396,3524,3524,3524,3524
0,77,16,1356,1356,1356,1356,1356
0,77,17,3404,3532,3532,3532,3532
0,77,18,3392,3520,3520,3520,3520
0,77,19,1352,1352,1352,1352,1352
0,77,20,3400,3528,3528,3528,3528
0,77,21,2372,2500,2500,2500,2500
0,77,22,332,332,332,332,332
0,77,23,2380,2508,2508,2508,2508
0,77,24,3396,3524,3524,3524,3524
0,77,25,1356,1356,1356,1356,1356
0,77,26,3404,3532,3532,3532,3532
0,77,27,3137,3265,3265,3265,3265
0,77,28,1097,1097,1097,1097,1097
0,77,29,3145,3273,3273,3273,3273
0,77,30,2117,2245,2245,2245,2245
0,77,31,77,77,77,77,77
0,77,32,2125,2253,2253,2253,2253
0,77,33,3141,3269,3269,3269,3269
0,77,34,1101,1101,1101,1101,1101
0,77,35,3149,3277,3277,3277,3277
0,77,36,3137,3265,3265,3265,3265
0,77,37,1097,1097,1097,1097,1097
0,77,38,3145,3273,3273,3273,3273
0,77,39,2117,2245,2245,2245,2245
0,77,40,77,77,77,77,77
0,77,41,2125,2253,2253,2253,2253
0,77,42,3141,3269,3269,3269,3269
0,77,43,1101,1101,1101,1101,1101
0,77,44,3149,3277,3277,3277,3277
0,77,45,3137,3265,3265,3265,3265
0,77,46,1097,1097,1097,1097,1097
0,77,47,3145,3273,3273,3273,3273
0,77,48,2117,2245,2245,2245,2245
0,77,49,77,77,77,77,77
0,77,50,2125,2253,2253,2253,2253
0,77,51,3141,3269,3269,3269,3269
0,77,52,1101,1101,1101,1101,1101
0,77,53,3149,3277,3277,3277,3277
0,77,54,3393,3521,3521,3521,3521
0,77,55,1353,1353,1353,1353,1353
0,77,56,3401,3529,3529,3529,3529
0,77,57,2373,2501,2501,2501,2501
0,77,58,333,333,333,333,333
0,77,59,2381,2509,2509,2509,2509
0,77,60,3397,3525,3525,3525,3525
0,77,61,1357,1357,1357,1357,1357
0,77,62,3405,3533,3533,3533,3533
0,77,63,3393,3521,3521,3521,3521
0,77,64,1353,1353,1353,1353,1353
0,77,65,3401,3529,3529,3529,3529
0,77,66,2373,2501,2501,2501,2501
0,77,67,333,333,333,333,333
0,77,68,2381,2509,2509,2509,2509
0,77,69,3397,3525,3525,3525,3525
0,77,70,1357,1357,1357,1357,1357
0,77,71,3405,3533,3533,3533,3533
0,77,72,3393,3521,3521,3521,3521
0,77,73,1353,1353,1353,1353,1353
0,77,74,3401,3529,3529,3529,3529
0,77,75,2373,2501,2501,2501,2501
0,77,76,333,333,333,333,333
0,77,77,2381,2509,2509,2509,2509
0,77,78,3397,3525,3525,3525,3525
0,77,79,1357,1357,1357,1357,1357
0,77,80,3405,3533,3533,3533,3533
0,78,0,3648,3776,3776,3776,3776
0,78,1,1608,1736,1736,1736,1736
0,78,2,3656,3784,3784,3784,3784
0,78,3,2628,2756,2756,2756,2756
0,78,4,588,716,716,716,716
0,78,5,2636,2764,2764,2764,2764
0,78,6,3652,3780,3780,3780,3780
0,78,7,1612,1740,1740,1740,1740
0,78,8,3660,3788,3788,3788,3788
0,78,9,3138,3266,3266,3266,3266
0,78,10,1098,1098,1098,1098,1098
0,78,11,3146,3274,3274,3274,3274
0,78,12,2118,2246,2246,2246,2246
0,78,13,78,78,78,78,78
0,78,14,2126,2254,2254,2254,2254
0,78,15,3142,3270,3270,3270,3270
0,78,16,1102,1102,1102,1102,1102
0,78,17,3150,3278,3278,3278,3278
0,78,18,3650,3778,3778,3778,3778
0,78,19,1610,1738,1738,1738,1738
0,78,20,3658,3786,3786,3786,3786
0,78,21,2630,2758,2758,2758,2758
0,78,22,590,718,718,718,718
0,78,23,2638,2766,2766,2766,2766
0,78,24,3654,3782,3782,3782,3782
0,78,25,1614,1742,1742,1742,1742
0,78,26,3662,3790,3790,3790,3790
0,78,27,3648,3776,3776,3776,3776
0,78,28,1608,1736,1736,1736,1736
0,78,29,3656,3784,3784,3784,3784
0,78,30,2628,2756,2756,2756,2756
0,78,31,588,716,716,716,716
0,78,32,2636,2764,2764,2764,2764
0,78,33,3652,3780,3780,3780,3780
0,78,34,1612,1740,1740,1740,1740
0,78,35,3660,3788,3788,3788,3788
0,78,36,3138,3266,3266,3266,3266
0,78,37,1098,1098,1098,1098,1098
0,78,38,3146,3274,3274,3274,3274
0,78,39,2118,2246,2246,2246,2246
0,78,40,78,78,78,78,78
0,78,41,2126,2254,2254,2254,2254
0,78,42,3142,3270,3270,3270,3270
0,78,43,1102,1102,1102,1102,1102
0,78,44,3150,3278,3278,3278,3278
0,78,45,3650,3778,3778,3778,3778
0,78,46,1610,1738,1738,1738,1738
0,78,47,3658,3786,3786,3786,3786
0,78,48,2630,2758,2758,2758,2758
0,78,49,590,718,718,718,718
0,78,50,2638,2766,2766,2766,2766
0,78,51,3654,3782,3782,3782,3782
0,78,52,1614,1742,1742,1742,1742
0,78,53,3662,3790,3790,3790,3790
0,78,54,3648,3776,3776,3776,3776
0,78,55,1608,1736,1736,1736,1736
0,78,56,3656,3784,3784,3784,3784
0,78,57,2628,2756,2756,2756,2756
0,78,58,588,716,716,716,716
0,78,59,2636,2764,2764,2764,2764
0,78,60,3652,3780,3780,3780,3780
0,78,61,1612,1740,1740,1740,1740
0,78,62,3660,3788,3788,3788,3788
0,78,63,3138,3266,3266,3266,3266
0,78,64,1098,1098,1098,1098,1098
0,78,65,3146,3274,3274,3274,3274
0,78,66,2118,2246,2246,2246,2246
0,78,67,78,78,78,78,78
0,78,68,2126,2254,2254,2254,2254
0,78,69,3142,3270,3270,3270,3270
0,78,70,1102,1102,1102,1102,1102
0,78,71,3150,3278,3278,3278,3278
0,78,72,3650,3778,3778,3778,3778
0,78,73,1610,1738,1738,1738,1738
0,78,74,3658,3786,3786,3786,3786
0,78,75,2630,2758,2758,2758,2758
0,78,76,590,718,718,718,718
0,78,77,2638,2766,2766,2766,2766
0,78,78,3654,3782,3782,3782,3782
0,78,79,1614,1742,1742,1742,1742
0,78,80,3662,3790,3790,3790,3790
0,79,0,3904,4032,4032,4032,4032
0,79,1,1864,1992,1992,1992,1992
0,79,2,3912,4040,4040,4040,4040
0,79,3,2884,3012,3012,3012,3012
0,79,4,844,972,972,972,972
0,79,5,2892,3020,3020,3020,3020
0,79,6,3908,4036,4036,4036,4036
0,79,7,1868,1996,1996,1996,1996
0,79,8,3916,4044,4044,4044,4044
0,79,9,3394,3522,3522,3522,3522
0,79,10,1354,1354,1354,1354,1354
0,79,11,3402,3530,3530,3530,3530
0,79,12,2374,2502,2502,2502,2502
0,79,13,334,334,334,334,334
0,79,14,2382,2510,2510,2510,2510
0,79,15,3398,3526,3526,3526,3526
0,79,16,1358,1358,1358,1358,1358
0,79,17,3406,3534,3534,3534,3534
0,79,18,3906,4034,4034,4034,4034
0,79,19,1866,1994,1994,1994,1994
0,79,20,3914,4042,4042,4042,4042
0,79,21,2886,3014,3014,3014,3014
0,79,22,846,974,974,974,974
0,79,23,2894,3022,3022,3022,3022
0,79,24,3910,4038,4038,4038,4038
0,79,25,1870,1998,1998,1998,1998
0,79,26,3918,4046,4046,4046,4046
0,79,27,3649,3777,3777,3777,3777
0,79,28,1609,1737,1737,1737,1737
0,79,29,3657,3785,3785,3785,3785
0,79,30,2629,2757,2757,2757,2757
0,79,31,589,717,717,717,717
0,79,32,2637,2765,2765,2765,2765
0,79,33,3653,3781,3781,3781,3781
0,79,34,1613,1741,1741,1741,1741
0,79,35,3661,3789,3789,3789,3789
0,79,36,3139,3267,3267,3267,3267
0,79,37,1099,1099,1099,1099,1099
0,79,38,3147,3275,3275,3275,3275
0,79,39,2119,2247,2247,2247,2247
0,79,40,79,79,79,79,79
0,79,41,2127,2255,2255,2255,2255
0,79,42,3143,3271,3271,3271,3271
0,79,43,1103,1103,1103,1103,1103
0,79,44,3151,3279,3279,3279,3279
0,79,45,3651,3779,3779,3779,3779
0,79,46,1611,1739,1739,1739,1739
0,79,47,3659,3787,3787,3787,3787
0,79,48,2631,2759,2759,2759,2759
0,79,49,591,719,719,719,719
0,79,50,2639,2767,2767,2767,2767
0,79,51,3655,3783,3783,3783,3783
0,79,52,1615,1743,1743,1743,1743
0,79,53,3663,3791,3791,3791,3791
0,79,54,3905,4033,4033,4033,4033
0,79,55,1865,1993,1993,1993,1993
0,79,56,3913,4041,4041,4041,4041
0,79,57,2885,3013,3013,3013,3013
0,79,58,845,973,973,973,973
0,79,59,2893,3021,3021,3021,3021
0,79,60,3909,4037,4037,4037,4037
0,79,61,1869,1997,1997,1997,1997
0,79,62,3917,4045,4045,4045,4045
0,79,63,3395,3523,3523,3523,3523
0,79,64,1355,1355,1355,1355,1355
0,79,65,3403,3531,3531,3531,3531
0,79,66,2375,2503,2503,2503,2503
0,79,67,335,335,335,335,335
0,79,68,2383,2511,2511,2511,2511
0,79,69,3399,3527,3527,3527,3527
0,79,70,1359,1359,1359,1359,1359
0,79,71,3407,3535,3535,3535,3535
0,79,72,3907,4035,4035,4035,4035
0,79,73,1867,1995,1995,1995,1995
0,79,74,3915,4043,4043,4043,4043
0,79,75,2887,3015,3015,3015,3015
0,79,76,847,975,975,975,975
0,79,77,2895,3023,3023,3023,3023
0,79,78,3911,4039,4039,4039,4039
0,79,79,1871,1999,1999,1999,1999
0,79,80,3919,4047,4047,4047,4047
0,80,0,80,80,80,80,80
0,80,1,80,80,80,80,80
0,80,2,80,80,80,80,80
0,80,3,80,80,80,80,80
0,80,4,80,80,80,80,80
0,80,5,80,80,80,80,80
0,80,6,80,80,80,80,80
0,80,7,80,80,80,80,80
0,80,8,80,80,80,80,80
0,80,9,80,80,80,80,80
0,80,10,80,80,80,80,80
0,80,11,80,80,80,80,80
0,80,12,80,80,80,80,80
0,80,13,80,80,80,80,80
0,80,14,80,80,80,80,80
0,80,15,80,80,80,80,80
0,80,16,80,80,80,80,80
0,80,17,80,80,80,80,80
0,80,18,80,80,80,80,80
0,80,19,80,80,80,80,80
0,80,20,80,80,80,80,80
0,80,21,80,80,80,80,80
0,80,22,80,80,80,80,80
0,80,23,80,80,80,80,80
0,80,24,80,80,80,80,80
0,80,25,80,80,80,80,80
0,80,26,80,80,80,80,80
0,80,27,80,80,80,80,80
0,80,28,80,80,80,80,80
0,80,29,80,80,80,80,80
0,80,30,80,80,80,80,80
0,80,31,80,80,80,80,80
0,80,32,80,80,80,80,80
0,80,33,80,80,80,80,80
0,80,34,80,80,80,80,80
0,80,35,80,80,80,80,80
0,80,36,80,80,80,80,80
0,80,37,80,80,80,80,80
0,80,38,80,80,80,80,80
0,80,39,80,80,80,80,80
0,80,40,80,80,80,80,80
0,80,41,80,80,80,80,80
0,80,42,80,80,80,80,80
0,80,43,80,80,80,80,80
0,80,44,80,80,80,80,80
0,80,45,80,80,80,80,80
0,80,46,80,80,80,80,80
0,80,47,80,80,80,80,80
0,80,48,80,80,80,80,80
0,80,49,80,80,80,80,80
0,80,50,80,80,80,80,80
0,80,51,80,80,80,80,80
0,80,52,80,80,80,80,80
0,80,53,80,80,80,80,80
0,80,54,80,80,80,80,80
0,80,55,80,80,80,80,80
0,80,56,80,80,80,80,80
0,80,57,80,80,80,80,80
0,80,58,80,80,80,80,80
0,80,59,80,80,80,80,80
0,80,60,80,80,80,80,80
0,80,61,80,80,80,80,80
0,80,62,80,80,80,80,80
0,80,63,80,80,80,80,80
0,80,64,80,80,80,80,80
0,80,65,80,80,80,80,80
0,80,66,80,80,80,80,80
0,80,67,80,80,80,80,80
0,80,68,80,80,80,80,80
0,80,69,80,80,80,80,80
0,80,70,80,80,80,80,80
0,80,71,80,80,80,80,80
0,80,72,80,80,80,80,80
0,80,73,80,80,80,80,80
0,80,74,80,80,80,80,80
0,80,75,80,80,80,80,80
0,80,76,80,80,80,80,80
0,80,77,80,80,80,80,80
0,80,78,80,80,80,80,80
0,80,79,80,80,80,80,80
0,80,80,80,80,80,80,80
0,81,0,336,336,336,336,336
0,81,1,336,336,336,336,336
0,81,2,336,336,336,336,336
0,81,3,336,336,336,336,336
0,81,4,336,336,336,336,336
0,81,5,336,336,336,336,336
0,81,6,336,336,336,336,336
0,81,7,336,336,336,336,336
0,81,8,336,336,336,336,336
0,81,9,336,336,336,336,336
0,81,10,336,336,336,336,336
0,81,11,336,336,336,336,336
0,81,12,336,336,336,336,336
0,81,13,336,336,336,336,336
0,81,14,336,336,336,336,336
0,81,15,336,336,336,336,336
0,81,16,336,336,336,336,336
0,81,17,336,336,336,336,336
0,81,18,336,336,336,336,336
0,81,19,336,336,336,336,336
0,81,20,336,336,336,336,336
0,81,21,336,336,336,336,336
0,81,22,336,336,336,336,336
0,81,23,336,336,336,336,336
0,81,24,336,336,336,336,336
0,81,25,336,336,336,336,336
0,81,26,336,336,336,336,336
0,81,27,81,81,81,81,81
0,81,28,81,81,81,81,81
0,81,29,81,81,81,81,81
0,81,30,81,81,81,81,81
0,81,31,81,81,81,81,81
0,81,32,81,81,81,81,81
0,81,33,81,81,81,81,81
0,81,34,81,81,81,81,81
0,81,35,81,81,81,81,81
0,81,36,81,81,81,81,81
0,81,37,81,81,81,81,81
0,81,38,81,81,81,81,81
0,81,39,81,81,81,81,81
0,81,40,81,81,81,81,81
0,81,41,81,81,81,81,81
0,81,42,81,81,81,81,81
0,81,43,81,81,81,81,81
0,81,44,81,81,81,81,81
0,81,45,81,81,81,81,81
0,81,46,81,81,81,81,81
0,81,47,81,81,81,81,81
0,81,48,81,81,81,81,81
0,81,49,81,81,81,81,81
0,81,50,81,81,81,81,81
0,81,51,81,81,81,81,81
0,81,52,81,81,81,81,81
0,81,53,81,81,81,81,81
0,81,54,337,337,337,337,337
0,81,55,337,337,337,337,337
0,81,56,337,337,337,337,337
0,81,57,337,337,337,337,337
0,81,58,337,337,337,337,337
0,81,59,337,337,337,337,337
0,81,60,337,337,337,337,337
0,81,61,337,337,337,337,337
0,81,62,337,337,337,337,337
0,81,63,337,337,337,337,337
0,81,64,337,337,337,337,337
0,81,65,337,337,337,337,337
0,81,66,337,337,337,337,337
0,81,67,337,337,337,337,337
0,81,68,337,337,337,337,337
0,81,69,337,337,337,337,337
0,81,70,337,337,337,337,337
0,81,71,337,337,337,337,337
0,81,72,337,337,337,337,337
0,81,73,337,337,337,337,337
0,81,74,337,337,337,337,337
0,81,75,337,337,337,337,337
0,81,76,337,337,337,337,337
0,81,77,337,337,337,337,337
0,81,78,337,337,337,337,337
0,81,79,337,337,337,337,337
0,81,80,337,337,337,337,337
0,82,0,592,752,752,752,752
0,82,1,592,752,752,752,752
0,82,2,592,752,752,752,752
0,82,3,592,752,752,752,752
0,82,4,592,752,752,752,752
0,82,5,592,752,752,752,752
0,82,6,592,752,752,752,752
0,82,7,592,752,752,752,752
0,82,8,592,752,752,752,752
0,82,9,82,82,82,82,82
0,82,10,82,82,82,82,82
0,82,11,82,82,82,82,82
0,82,12,82,82,82,82,82
0,82,13,82,82,82,82,82
0,82,14,82,82,82,82,82
0,82,15,82,82,82,82,82
0,82,16,82,82,82,82,82
0,82,17,82,82,82,82,82
0,82,18,594,754,754,754,754
0,82,19,594,754,754,754,754
0,82,20,594,754,754,754,754
0,82,21,594,754,754,754,754
0,82,22,594,754,754,754,754
0,82,23,594,754,754,754,754
0,82,24,594,754,754,754,754
0,82,25,594,754,754,754,754
0,82,26,594,754,754,754,754
0,82,27,592,752,752,752,752
0,82,28,592,752,752,752,752
0,82,29,592,752,752,752,752
0,82,30,592,752,752,752,752
0,82,31,592,752,752,752,752
0,82,32,592,752,752,752,752
0,82,33,592,752,752,752,752
0,82,34,592,752,752,752,752
0,82,35,592,752,752,752,752
0,82,36,82,82,82,82,82
0,82,37,82,82,82,82,82
0,82,38,82,82,82,82,82
0,82,39,82,82,82,82,82
0,82,40,82,82,82,82,82
0,82,41,82,82,82,82,82
0,82,42,82,82,82,82,82
0,82,43,82,82,82,82,82
0,82,44,82,82,82,82,82
0,82,45,594,754,754,754,754
0,82,46,594,754,754,754,754
0,82,47,594,754,754,754,754
0,82,48,594,754,754,754,754
0,82,49,594,754,754,754,754
0,82,50,594,754,754,754,754
0,82,51,594,754,754,754,754
0,82,52,594,754,754,754,754
0,82,53,594,754,754,754,754
0,82,54,592,752,752,752,752
0,82,55,592,752,752,752,752
0,82,56,592,752,752,752,752
0,82,57,592,752,752,752,752
0,82,58,592,752,752,752,752
0,82,59,592,752,752,752,752
0,82,60,592,752,752,752,752
0,82,61,592,752,752,752,752
0,82,62,592,752,752,752,752
0,82,63,82,82,82,82,82
0,82,64,82,82,82,82,82
0,82,65,82,82,82,82,82
0,82,66,82,82,82,82,82
0,82,67,82,82,82,82,82
0,82,68,82,82,82,82,82
0,82,69,82,82,82,82,82
0,82,70,82,82,82,82,82
0,82,71,82,82,82,82,82
0,82,72,594,754,754,754,754
0,82,73,594,754,754,754,754
0,82,74,594,754,754,754,754
0,82,75,594,754,754,754,754
0,82,76,594,754,754,754,754
0,82,77,594,754,754,754,754
0,82,78,594,754,754,754,754
0,82,79,594,754,754,754,754
0,82,80,594,754,754,754,754
0,83,0,848,1008,1008,1008,1008
0,83,1,848,1008,1008,1008,1008
0,83,2,848,1008,1008,1008,1008
0,83,3,848,1008,1008,1008,1008
0,83,4,848,1008,1008,1008,1008
0,83,5,848,1008,1008,1008,1008
0,83,6,848,1008,1008,1008,1008
0,83,7,848,1008,1008,1008,1008
0,83,8,848,1008,1008,1008,1008
0,83,9,338,338,338,338,338
0,83,10,338,338,338,338,338
0,83,11,338,338,338,338,338
0,83,12,338,338,338,338,338
0,83,13,338,338,338,338,338
0,83,14,338,338,338,338,338
0,83,15,338,338,338,338,338
0,83,16,338,338,338,338,338
0,83,17,338,338,338,338,338
0,83,18,850,1010,1010,1010,1010
0,83,19,850,1010,1010,1010,1010
0,83,20,850,1010,1010,1010,1010
0,83,21,850,1010,1010,1010,1010
0,83,22,850,1010,1010,1010,1010
0,83,23,850,1010,1010,1010,1010
0,83,24,850,1010,1010,1010,1010
0,83,25,850,1010,1010,1010,1010
0,83,26,850,1010,1010,1010,1010
0,83,27,593,753,753,753,753
0,83,28,593,753,753,753,753
0,83,29,593,753,753,753,753
0,83,30,593,753,753,753,753
0,83,31,593,753,753,753,753
0,83,32,593,753,753,753,753
0,83,33,593,753,753,753,753
0,83,34,593,753,753,753,753
0,83,35,593,753,753,753,753
0,83,36,83,83,83,83,83
0,83,37,83,83,83,83,83
0,83,38,83,83,83,83,83
0,83,39,83,83,83,83,83
0,83,40,83,83,83,83,83
0,83,41,83,83,83,83,83
0,83,42,83,83,83,83,83
0,83,43,83,83,83,83,83
0,83,44,83,83,83,83,83
0,83,45,595,755,755,755,755
0,83,46,595,755,755,755,755
0,83,47,595,755,755,755,755
0,83,48,595,755,755,755,755
0,83,49,595,755,755,755,755
0,83,50,595,755,755,755,755
0,83,51,595,755,755,755,755
0,83,52,595,755,755,755,755
0,83,53,595,755,755,755,755
0,83,54,849,1009,1009,1009,1009
0,83,55,849,1009,1009,1009,1009
0,83,56,849,1009,1009,1009,1009
0,83,57,849,1009,1009,1009,1009
0,83,58,849,1009,1009,1009,1009
0,83,59,849,1009,1009,1009,1009
0,83,60,849,1009,1009,1009,1009
0,83,61,849,1009,1009,1009,1009
0,83,62,849,1009,1009,1009,1009
0,83,63,339,339,339,339,339
0,83,64,339,339,339,339,339
0,83,65,339,339,339,339,339
0,83,66,339,339,339,339,339
0,83,67,339,339,339,339,339
0,83,68,339,339,339,339,339
0,83,69,339,339,339,339,339
0,83,70,339,339,339,339,339
0,83,71,339,339,339,339,339
0,83,72,851,1011,1011,1011,1011
0,83,73,851,1011,1011,1011,1011
0,83,74,851,1011,1011,1011,1011
0,83,75,851,1011,1011,1011,1011
0,83,76,851,1011,1011,1011,1011
0,83,77,851,1011,1011,1011,1011
0,83,78,851,1011,1011,1011,1011
0,83,79,851,1011,1011,1011,1011
0,83,80,851,1011,1011,1011,1011
0,84,0,1104,1104,1104,1104,1104
0,84,1,1104,1104,1104,1104,1104
0,84,2,1104,1104,1104,1104,1104
0,84,3,84,84,84,84,84
0,84,4,84,84,84,84,84
0,84,5,84,84,84,84,84
0,84,6,1108,1108,1108,1108,1108
0,84,7,1108,1108,1108,1108,1108
0,84,8,1108,1108,1108,1108,1108
0,84,9,1104,1104,1104,1104,1104
0,84,10,1104,1104,1104,1104,1104
0,84,11,1104,1104,1104,1104,1104
0,84,12,84,84,84,84,84
0,84,13,84,84,84,84,84
0,84,14,84,84,84,84,84
0,84,15,1108,1108,1108,1108,1108
0,84,16,1108,1108,1108,1108,1108
0,84,17,1108,1108,1108,1108,1108
0,84,18,1104,1104,1104,1104,1104
0,84,19,1104,1104,1104,1104,1104
0,84,20,1104,1104,1104,1104,1104
0,84,21,84,84,84,84,84
0,84,22,84,84,84,84,84
0,84,23,84,84,84,84,84
0,84,24,1108,1108,1108,1108,1108
0,84,25,1108,1108,1108,1108,1108
0,84,26,1108,1108,1108,1108,1108
0,84,27,1104,1104,1104,1104,1104
0,84,28,1104,1104,1104,1104,1104
0,84,29,1104,1104,1104,1104,1104
0,84,30,84,84,84,84,84
0,84,31,84,84,84,84,84
0,84,32,84,84,84,84,84
0,84,33,1108,1108,1108,1108,1108
0,84,34,1108,1108,1108,1108,1108
0,84,35,1108,1108,1108,1108,1108
0,84,36,1104,1104,1104,1104,1104
0,84,37,1104,1104,1104,1104,1104
0,84,38,1104,1104,1104,1104,1104
0,84,39,84,84,84,84,84
0,84,40,84,84,84,84,84
0,84,41,84,84,84,84,84
0,84,42,1108,1108,1108,1108,1108
0,84,43,1108,1108,1108,1108,1108
0,84,44,1108,1108,1108,1108,1108
0,84,45,1104,1104,1104,1104,1104
0,84,46,1104,1104,1104,1104,1104
0,84,47,1104,1104,1104,1104,1104
0,84,48,84,84,84,84,84
0,84,49,84,84,84,84,84
0,84,50,84,84,84,84,84
0,84,51,1108,1108,1108,1108,1108
0,84,52,1108,1108,1108,1108,1108
0,84,53,1108,1108,1108,1108,1108
0,84,54,1104,1104,1104,1104,1104
0,84,55,1104,1104,1104,1104,1104
0,84,56,1104,1104,1104,1104,1104
0,84,57,84,84,84,84,84
0,84,58,84,84,84,84,84
0,84,59,84,84,84,84,84
0,84,60,1108,1108,1108,1108,1108
0,84,61,1108,1108,1108,1108,1108
0,84,62,1108,1108,1108,1108,1108
0,84,63,1104,1104,1104,1104,1104
0,84,64,1104,1104,1104,1104,1104
0,84,65,1104,1104,1104,1104,1104
0,84,66,84,84,84,84,84
0,84,67,84,84,84,84,84
0,84,68,84,84,84,84,84
0,84,69,1108,1108,1108,1108,1108
0,84,70,1108,1108,1108,1108,1108
0,84,71,1108,1108,1108,1108,1108
0,84,72,1104,1104,1104,1104,1104
0,84,73,1104,1104,1104,1104,1104
0,84,74,1104,1104,1104,1104,1104
0,84,75,84,84,84,84,84
0,84,76,84,84,84,84,84
0,84,77,84,84,84,84,84
0,84,78,1108,1108,1108,1108,1108
0,84,79,1108,1108,1108,1108,1108
0,84,80,1108,1108,1108,1108,1108
0,85,0,1360,1360,1360,1360,1360
0,85,1,1360,1360,1360,1360,1360
0,85,2,1360,1360,1360,1360,1360
0,85,3,340,340,340,340,340
0,85,4,340,340,340,340,340
0,85,5,340,340,340,340,340
0,85,6,1364,1364,1364,1364,1364
0,85,7,1364,1364,1364,1364,1364
0,85,8,1364,1364,1364,1364,1364
0,85,9,1360,1360,1360,1360,1360
0,85,10,1360,1360,1360,1360,1360
0,85,11,1360,1360,1360,1360,1360
0,85,12,340,340,340,340,340
0,85,13,340,340,340,340,340
0,85,14,340,340,340,340,340
0,85,15,1364,1364,1364,1364,1364
0,85,16,1364,1364,1364,1364,1364
0,85,17,1364,1364,1364,1364,1364
0,85,18,1360,1360,1360,1360,1360
0,85,19,1360,1360,1360,1360,1360
0,85,20,1360,1360,1360,1360,1360
0,85,21,340,340,340,340,340
0,85,22,340,340,340,340,340
0,85,23,340,340,340,340,340
0,85,24,1364,1364,1364,1364,1364
0,85,25,1364,1364,1364,1364,1364
0,85,26,1364,1364,1364,1364,1364
0,85,27,1105,1105,1105,1105,1105
0,85,28,1105,1105,1105,1105,1105
0,85,29,1105,1105,1105,1105,1105
0,85,30,85,85,85,85,85
0,85,31,85,85,85,85,85
0,85,32,85,85,85,85,85
0,85,33,1109,1109,1109,1109,1109
0,85,34,1109,1109,1109,1109,1109
0,85,35,1109,1109,1109,1109,1109
0,85,36,1105,1105,1105,1105,1105
0,85,37,1105,1105,1105,1105,1105
0,85,38,1105,1105,1105,1105,1105
0,85,39,85,85,85,85,85
0,85,40,85,85,85,85,85
0,85,41,85,85,85,85,85
0,85,42,1109,1109,1109,1109,1109
0,85,43,1109,1109,1109,1109,1109
0,85,44,1109,1109,1109,1109,1109
0,85,45,1105,1105,1105,1105,1105
0,85,46,1105,1105,1105,1105,1105
0,85,47,1105,1105,1105,1105,1105
0,85,48,85,85,85,85,85
0,85,49,85,85,85,85,85
0,85,50,85,85,85,85,85
0,85,51,1109,1109,1109,1109,1109
0,85,52,1109,1109,1109,1109,1109
0,85,53,1109,1109,1109,1109,1109
0,85,54,1361,1361,1361,1361,1361
0,85,55,1361,1361,1361,1361,1361
0,85,56,1361,1361,1361,1361,1361
0,85,57,341,341,341,341,341
0,85,58,341,341,341,341,341
0,85,59,341,341,341,341,341
0,85,60,1365,1365,1365,1365,1365
0,85,61,1365,1365,1365,1365,1365
0,85,62,1365,1365,1365,1365,1365
0,85,63,1361,1361,1361,1361,1361
0,85,64,1361,1361,1361,1361,1361
0,85,65,1361,1361,1361,1361,1361
0,85,66,341,341,341,341,341
0,85,67,341,341,341,341,341
0,85,68,341,341,341,341,341
0,85,69,1365,1365,1365,1365,1365
0,85,70,1365,1365,1365,1365,1365
0,85,71,1365,1365,1365,1365,1365
0,85,72,1361,1361,1361,1361,1361
0,85,73,1361,1361,1361,1361,1361
0,85,74,1361,1361,1361,1361,1361
0,85,75,341,341,341,341,341
0,85,76,341,341,341,341,341
0,85,77,341,341,341,341,341
0,85,78,1365,1365,1365,1365,1365
0,85,79,1365,1365,1365,1365,1365
0,85,80,1365,1365,1365,1365,1365
0,86,0,1616,3824,3824,3824,3824
0,86,1,1616,1784,1784,1784,1784
0,86,2,1616,3832,3832,3832,3832
0,86,3,596,2804,2804,2804,2804
0,86,4,596,764,764,764,764
0,86,5,596,2812,2812,2812,2812
0,86,6,1620,3828,3828,3828,3828
0,86,7,1620,1788,1788,1788,1788
0,86,8,1620,3836,3836,3836,3836
0,86,9,1106,3154,3282,3282,3282
0,86,10,1106,1114,1114,1114,1114
0,86,11,1106,3162,3290,3290,3290
0,86,12,86,86,86,86,86
0,86,13,86,86,86,86,86
0,86,14,86,86,86,86,86
0,86,15,1110,3158,3286,3286,3286
0,86,16,1110,1118,1118,1118,1118
0,86,17,1110,3166,3294,3294,3294
0,86,18,1618,3826,3826,3826,3826
0,86,19,1618,1786,1786,1786,1786
0,86,20,1618,3834,3834,3834,3834
0,86,21,598,2806,2806,2806,2806
0,86,22,598,766,766,766,766
0,86,23,598,2814,2814,2814,2814
0,86,24,1622,3830,3830,3830,3830
0,86,25,1622,1790,1790,1790,1790
0,86,26,1622,3838,3838,3838,3838
0,86,27,1616,3824,3824,3824,3824
0,86,28,1616,1784,1784,1784,1784
0,86,29,1616,3832,3832,3832,3832
0,86,30,596,2804,2804,2804,2804
0,86,31,596,764,764,764,764
0,86,32,596,2812,2812,2812,2812
0,86,33,1620,3828,3828,3828,3828
0,86,34,1620,1788,1788,1788,1788
0,86,35,1620,3836,3836,3836,3836
0,86,36,1106,3154,3282,3282,3282
0,86,37,1106,1114,1114,1114,1114
0,86,38,1106,3162,3290,3290,3290
0,86,39,86,86,86,86,86
0,86,40,86,86,86,86,86
0,86,41,86,86,86,86,86
0,86,42,1110,3158,3286,3286,3286
0,86,43,1110,1118,1118,1118,1118
0,86,44,1110,3166,3294,3294,3294
0,86,45,1618,3826,3826,3826,3826
0,86,46,1618,1786,1786,1786,1786
0,86,47,1618,3834,3834,3834,3834
0,86,48,598,2806,2806,2806,2806
0,86,49,598,766,766,766,766
0,86,50,598,2814,2814,2814,2814
0,86,51,1622,3830,3830,3830,3830
0,86,52,1622,1790,1790,1790,1790
0,86,53,1622,3838,3838,3838,3838
0,86,54,1616,3824,3824,3824,3824
0,86,55,1616,1784,1784,1784,1784
0,86,56,1616,3832,3832,3832,3832
0,86,57,596,2804,2804,2804,2804
0,86,58,596,764,764,764,764
0,86,59,596,2812,2812,2812,2812
0,86,60,1620,3828,3828,3828,3828
0,86,61,1620,1788,1788,1788,1788
0,86,62,1620,3836,3836,3836,3836
0,86,63,1106,3154,3282,3282,3282
0,86,64,1106,1114,1114,1114,1114
0,86,65,1106,3162,3290,3290,3290
0,86,66,86,86,86,86,86
0,86,67,86,86,86,86,86
0,86,68,86,86,86,86,86
0,86,69,1110,3158,3286,3286,3286
0,86,70,1110,1118,1118,1118,1118
0,86,71,1110,3166,3294,3294,3294
0,86,72,1618,3826,3826,3826,3826
0,86,73,1618,1786,1786,1786,1786
0,86,74,1618,3834,3834,3834,3834
0,86,75,598,2806,2806,2806,2806
0,86,76,598,766,766,766,766
0,86,77,598,2814,2814,2814,2814
0,86,78,1622,3830,3830,3830,3830
0,86,79,1622,1790,1790,1790,1790
0,86,80,1622,3838,3838,3838,3838
0,87,0,1872,4080,4080,4080,4080
0,87,1,1872,2040,2040,2040,2040
0,87,2,1872,4088,4088,4088,4088
0,87,3,852,3060,3060,3060,3060
0,87,4,852,1020,1020,1020,1020
0,87,5,852,3068,3068,3068,3068
0,87,6,1876,4084,4084,4084,4084
0,87,7,1876,2044,2044,2044,2044
0,87,8,1876,4092,4092,4092,4092
0,87,9,1362,3410,3538,3538,3538
0,87,10,1362,1370,1370,1370,1370
0,87,11,1362,3418,3546,3546,3546
0,87,12,342,342,342,342,342
0,87,13,342,342,342,342,342
0,87,14,342,342,342,342,342
0,87,15,1366,3414,3542,3542,3542
0,87,16,1366,1374,1374,1374,1374
0,87,17,1366,3422,3550,3550,3550
0,87,18,1874,4082,4082,4082,4082
0,87,19,1874,2042,2042,2042,2042
0,87,20,1874,4090,4090,4090,4090
0,87,21,854,3062,3062,3062,3062
0,87,22,854,1022,1022,1022,1022
0,87,23,854,3070,3070,3070,3070
0,87,24,1878,4086,4086,4086,4086
0,87,25,1878,2046,2046,2046,2046
0,87,26,1878,4094,4094,4094,4094
0,87,27,1617,3825,3825,3825,3825
0,87,28,1617,1785,1785,1785,1785
0,87,29,1617,3833,3833,3833,3833
0,87,30,597,2805,2805,2805,2805
0,87,31,597,765,765,765,765
0,87,32,597,2813,2813,2813,2813
0,87,33,1621,3829,3829,3829,3829
0,87,34,1621,1789,1789,1789,1789
0,87,35,1621,3837,3837,3837,3837
0,87,36,1107,3155,3283,3283,3283
0,87,37,1107,1115,1115,1115,1115
0,87,38,1107,3163,3291,3291,3291
0,87,39,87,87,87,87,87
0,87,40,87,87,87,87,87
0,87,41,87,87,87,87,87
0,87,42,1111,3159,3287,3287,3287
0,87,43,1111,1119,1119,1119,1119
0,87,44,1111,3167,3295,3295,3295
0,87,45,1619,3827,3827,3827,3827
0,87,46,1619,1787,1787,1787,1787
0,87,47,1619,3835,3835,3835,3835
0,87,48,599,2807,2807,2807,2807
0,87,49,599,767,767,767,767
0,87,50,599,2815,2815,2815,2815
0,87,51,1623,3831,3831,3831,3831
0,87,52,1623,1791,1791,1791,1791
0,87,53,1623,3839,3839,3839,3839
0,87,54,1873,4081,4081,4081,4081
0,87,55,1873,2041,2041,2041,2041
0,87,56,1873,4089,4089,4089,4089
0,87,57,853,3061,3061,3061,3061
0,87,58,853,1021,1021,1021,1021
0,87,59,853,3069,3069,3069,3069
0,87,60,1877,4085,4085,4085,4085
0,87,61,1877,2045,2045,2045,2045
0,87,62,1877,4093,4093,4093,4093
0,87,63,1363,3411,3539,3539,3539
0,87,64,1363,1371,1371,1371,1371
0,87,65,1363,3419,3547,3547,3547
0,87,66,343,343,343,343,343
0,87,67,343,343,343,343,343
0,87,68,343,343,343,343,343
0,87,69,1367,3415,3543,3543,3543
0,87,70,1367,1375,1375,1375,1375
0,87,71,1367,3423,3551,3551,3551
0,87,72,1875,4083,4083,4083,4083
0,87,73,1875,2043,2043,2043,2043
0,87,74,1875,4091,4091,4091,4091
0,87,75,855,3063,3063,3063,3063
0,87,76,855,1023,1023,1023,1023
0,87,77,855,3071,3071,3071,3071
0,87,78,1879,4087,4087,4087,4087
0,87,79,1879,2047,2047,2047,2047
0,87,80,1879,4095,4095,4095,4095
0,88,0,2128,2256,2256,2256,2256
0,88,1,88,88,88,88,88
0,88,2,2136,2264,2264,2264,2264
0,88,3,2128,2256,2256,2256,2256
0,88,4,88,88,88,88,88
0,88,5,2136,2264,2264,2264,2264
0,88,6,2128,2256,2256,2256,2256
0,88,7,88,88,88,88,88
0,88,8,2136,2264,2264,2264,2264
0,88,9,2128,2256,2256,2256,2256
0,88,10,88,88,88,88,88
0,88,11,2136,2264,2264,2264,2264
0,88,12,2128,2256,2256,2256,2256
0,88,13,88,88,88,88,88
0,88,14,2136,2264,2264,2264,2264
0,88,15,2128,2256,2256,2256,2256
0,88,16,88,88,88,88,88
0,88,17,2136,2264,2264,2264,2264
0,88,18,2128,2256,2256,2256,2256
0,88,19,88,88,88,88,88
0,88,20,2136,2264,2264,2264,2264
0,88,21,2128,2256,2256,2256,2256
0,88,22,88,88,88,88,88
0,88,23,2136,2264,2264,2264,2264
0,88,24,2128,2256,2256,2256,2256
0,88,25,88,88,88,88,88
0,88,26,2136,2264,2264,2264,2264
0,88,27,2128,2256,2256,2256,2256
0,88,28,88,88,88,88,88
0,88,29,2136,2264,2264,2264,2264
0,88,30,2128,2256,2256,2256,2256
0,88,31,88,88,88,88,88
0,88,32,2136,2264,2264,2264,2264
0,88,33,2128,2256,2256,2256,2256
0,88,34,88,88,88,88,88
0,88,35,2136,2264,2264,2264,2264
0,88,36,2128,2256,2256,2256,2256
0,88,37,88,88,88,88,88
0,88,38,2136,2264,2264,2264,2264
0,88,39,2128,2256,2256,2256,2256
0,88,40,88,88,88,88,88
0,88,41,2136,2264,2264,2264,2264
0,88,42,2128,2256,2256,2256,2256
0,88,43,88,88,88,88,88
0,88,44,2136,2264,2264,2264,2264
0,88,45,2128,2256,2256,2256,2256
0,88,46,88,88,88,88,88
0,88,47,2136,2264,2264,2264,2264
0,88,48,2128,2256,2256,2256,2256
0,88,49,88,88,88,88,88
0,88,50,2136,2264,2264,2264,2264
0,88,51,2128,2256,2256,2256,2256
0,88,52,88,88,88,88,88
0,88,53,2136,2264,2264,2264,2264
0,88,54,2128,2256,2256,2256,2256
0,88,55,88,88,88,88,88
0,88,56,2136,2264,2264,2264,2264
0,88,57,2128,2256,2256,2256,2256
0,88,58,88,88,88,88,88
0,88,59,2136,2264,2264,2264,2264
0,88,60,2128,2256,2256,2256,2256
0,88,61,88,88,88,88,88
0,88,62,2136,2264,2264,2264,2264
0,88,63,2128,2256,2256,2256,2256
0,88,64,88,88,88,88,88
0,88,65,2136,2264,2264,2264,2264
0,88,66,2128,2256,2256,2256,2256
0,88,67,88,88,88,88,88
0,88,68,2136,2264,2264,2264,2264
0,88,69,2128,2256,2256,2256,2256
0,88,70,88,88,88,88,88
0,88,71,2136,2264,2264,2264,2264
0,88,72,2128,2256,2256,2256,2256
0,88,73,88,88,88,88,88
0,88,74,2136,2264,2264,2264,2264
0,88,75,2128,2256,2256,2256,2256
0,88,76,88,88,88,88,88
0,88,77,2136,2264,2264,2264,2264
0,88,78,2128,2256,2256,2256,2256
0,88,79,88,88,88,88,88
0,88,80,2136,2264,2264,2264,2264
0,89,0,2384,2512,2512,2512,2512
0,89,1,344,344,344,344,344
0,89,2,2392,2520,2520,2520,2520
0,89,3,2384,2512,2512,2512,2512
0,89,4,344,344,344,344,344
0,89,5,2392,2520,2520,2520,2520
0,89,6,2384,2512,2512,2512,2512
0,89,7,344,344,344,344,344
0,89,8,2392,2520,2520,2520,2520
0,89,9,2384,2512,2512,2512,2512
0,89,10,344,344,344,344,344
0,89,11,2392,2520,2520,2520,2520
0,89,12,2384,2512,2512,2512,2512
0,89,13,344,344,344,344,344
0,89,14,2392,2520,2520,2520,2520
0,89,15,2384,2512,2512,2512,2512
0,89,16,344,344,344,344,344
0,89,17,2392,2520,2520,2520,2520
0,89,18,2384,2512,2512,2512,2512
0,89,19,344,344,344,344,344
0,89,20,2392,2520,2520,2520,2520
0,89,21,2384,2512,2512,2512,2512
0,89,22,344,344,344,344,344
0,89,23,2392,2520,2520,2520,2520
0,89,24,2384,2512,2512,2512,2512
0,89,25,344,344,344,344,344
0,89,26,2392,2520,2520,2520,2520
0,89,27,2129,2257,2257,2257,2257
0,89,28,89,89,89,89,89
0,89,29,2137,2265,2265,2265,2265
0,89,30,2129,2257,2257,2257,2257
0,89,31,89,89,89,89,89
0,89,32,2137,2265,2265,2265,2265
0,89,33,2129,2257,2257,2257,2257
0,89,34,89,89,89,89,89
0,89,35,2137,2265,2265,2265,2265
0,89,36,2129,2257,2257,2257,2257
0,89,37,89,89,89,89,89
0,89,38,2137,2265,2265,2265,2265
0,89,39,2129,2257,2257,2257,2257
0,89,40,89,89,89,89,89
0,89,41,2137,2265,2265,2265,2265
0,89,42,2129,2257,2257,2257,2257
0,89,43,89,89,89,89,89
0,89,44,2137,2265,2265,2265,2265
0,89,45,2129,2257,2257,2257,2257
0,89,46,89,89,89,89,89
0,89,47,2137,2265,2265,2265,2265
0,89,48,2129,2257,2257,2257,2257
0,89,49,89,89,89,89,89
0,89,50,2137,2265,2265,2265,2265
0,89,51,2129,2257,2257,2257,2257
0,89,52,89,89,89,89,89
0,89,53,2137,2265,2265,2265,2265
0,89,54,2385,2513,2513,2513,2513
0,89,55,345,345,345,345,345
0,89,56,2393,2521,2521,2521,2521
0,89,57,2385,2513,2513,2513,2513
0,89,58,345,345,345,345,345
0,89,59,2393,2521,2521,2521,2521
0,89,60,2385,2513,2513,2513,2513
0,89,61,345,345,345,345,345
0,89,62,2393,2521,2521,2521,2521
0,89,63,2385,2513,2513,2513,2513
0,89,64,345,345,345,345,345
0,89,65,2393,2521,2521,2521,2521
0,89,66,2385,2513,2513,2513,2513
0,89,67,345,345,345,345,345
0,89,68,2393,2521,2521,2521,2521
0,89,69,2385,2513,2513,2513,2513
0,89,70,345,345,345,345,345
0,89,71,2393,2521,2521,2521,2521
0,89,72,2385,2513,2513,2513,2513
0,89,73,345,345,345,345,345
0,89,74,2393,2521,2521,2521,2521
0,89,75,2385,2513,2513,2513,2513
0,89,76,345,345,345,345,345
0,89,77,2393,2521,2521,2521,2521
0,89,78,2385,2513,2513,2513,2513
0,89,79,345,345,345,345,345
0,89,80,2393,2521,2521,2521,2521
0,90,0,2640,2800,2800,2800,2800
0,90,1,600,760,760,760,760
0,90,2,2648,2808,2808,2808,2808
0,90,3,2640,2800,2800,2800,2800
0,90,4,600,760,760,760,760
0,90,5,2648,2808,2808,2808,2808
0,90,6,2640,2800,2800,2800,2800
0,90,7,600,760,760,760,760
0,90,8,2648,2808,2808,2808,2808
0,90,9,2130,2258,2258,2258,2258
0,90,10,90,90,90,90,90
0,90,11,2138,2266,2266,2266,2266
0,90,12,2130,2258,2258,2258,2258
0,90,13,90,90,90,90,90
0,90,14,2138,2266,2266,2266,2266
0,90,15,2130,2258,2258,2258,2258
0,90,16,90,90,90,90,90
0,90,17,2138,2266,2266,2266,2266
0,90,18,2642,2802,2802,2802,2802
0,90,19,602,762,762,762,762
0,90,20,2650,2810,2810,2810,2810
0,90,21,2642,2802,2802,2802,2802
0,90,22,602,762,762,762,762
0,90,23,2650,2810,2810,2810,2810
0,90,24,2642,2802,2802,2802,2802
0,90,25,602,762,762,762,762
0,90,26,2650,2810,2810,2810,2810
0,90,27,2640,2800,2800,2800,2800
0,90,28,600,760,760,760,760
0,90,29,2648,2808,2808,2808,2808
0,90,30,2640,2800,2800,2800,2800
0,90,31,600,760,760,760,760
0,90,32,2648,2808,2808,2808,2808
0,90,33,2640,2800,2800,2800,2800
0,90,34,600,760,760,760,760
0,90,35,2648,2808,2808,2808,2808
0,90,36,2130,2258,2258,2258,2258
0,90,37,90,90,90,90,90
0,90,38,2138,2266,2266,2266,2266
0,90,39,2130,2258,2258,2258,2258
0,90,40,90,90,90,90,90
0,90,41,2138,2266,2266,2266,2266
0,90,42,2130,2258,2258,2258,2258
0,90,43,90,90,90,90,90
0,90,44,2138,2266,2266,2266,2266
0,90,45,2642,2802,2802,2802,2802
0,90,46,602,762,762,762,762
0,90,47,2650,2810,2810,2810,2810
0,90,48,2642,2802,2802,2802,2802
0,90,49,602,762,762,762,762
0,90,50,2650,2810,2810,2810,2810
0,90,51,2642,2802,2802,2802,2802
0,90,52,602,762,762,762,762
0,90,53,2650,2810,2810,2810,2810
0,90,54,2640,2800,2800,2800,2800
0,90,55,600,760,760,760,760
0,90,56,2648,2808,2808,2808,2808
0,90,57,2640,2800,2800,2800,2800
0,90,58,600,760,760,760,760
0,90,59,2648,2808,2808,2808,2808
0,90,60,2640,2800,2800,2800,2800
0,90,61,600,760,760,760,760
0,90,62,2648,2808,2808,2808,2808
0,90,63,2130,2258,2258,2258,2258
0,90,64,90,90,90,90,90
0,90,65,2138,2266,2266,2266,2266
0,90,66,2130,2258,2258,2258,2258
0,90,67,90,90,90,90,90
0,90,68,2138,2266,2266,2266,2266
0,90,69,2130,2258,2258,2258,2258
0,90,70,90,90,90,90,90
0,90,71,2138,2266,2266,2266,2266
0,90,72,2642,2802,2802,2802,2802
0,90,73,602,762,762,762,762
0,90,74,2650,2810,2810,2810,2810
0,90,75,2642,2802,2802,2802,2802
0,90,76,602,762,762,762,762
0,90,77,2650,2810,2810,2810,2810
0,90,78,2642,2802,2802,2802,2802
0,90,79,602,762,762,762,762
0,90,80,2650,2810,2810,2810,2810
0,91,0,2896,3056,3056,3056,3056
0,91,1,856,1016,1016,1016,1016
0,91,2,2904,3064,3064,3064,3064
0,91,3,2896,3056,3056,3056,3056
0,91,4,856,1016,1016,1016,1016
0,91,5,2904,3064,3064,3064,3064
0,91,6,2896,3056,3056,3056,3056
0,91,7,856,1016,1016,1016,1016
0,91,8,2904,3064,3064,3064,3064
0,91,9,2386,2514,2514,2514,2514
0,91,10,346,346,346,346,346
0,91,11,2394,2522,2522,2522,2522
0,91,12,2386,2514,2514,2514,2514
0,91,13,346,346,346,346,346
0,91,14,2394,2522,2522,2522,2522
0,91,15,2386,2514,2514,2514,2514
0,91,16,346,346,346,346,346
0,91,17,2394,2522,2522,2522,2522
0,91,18,2898,3058,3058,3058,3058
0,91,19,858,1018,1018,1018,1018
0,91,20,2906,3066,3066,3066,3066
0,91,21,2898,3058,3058,3058,3058
0,91,22,858,1018,1018,1018,1018
0,91,23,2906,3066,3066,3066,3066
0,91,24,2898,3058,3058,3058,3058
0,91,25,858,1018,1018,1018,1018
0,91,26,2906,3066,3066,3066,3066
0,91,27,2641,2801,2801,2801,2801
0,91,28,601,761,761,761,761
0,91,29,2649,2809,2809,2809,2809
0,91,30,2641,2801,2801,2801,2801
0,91,31,601,761,761,761,761
0,91,32,2649,2809,2809,2809,2809
0,91,33,2641,2801,2801,2801,2801
0,91,34,601,761,761,761,761
0,91,35,2649,2809,2809,2809,2809
0,91,36,2131,2259,2259,2259,2259
0,91,37,91,91,91,91,91
0,91,38,2139,2267,2267,2267,2267
0,91,39,2131,2259,2259,2259,2259
0,91,40,91,91,91,91,91
0,91,41,2139,2267,2267,2267,2267
0,91,42,2131,2259,2259,2259,2259
0,91,43,91,91,91,91,91
0,91,44,2139,2267,2267,2267,2267
0,91,45,2643,2803,2803,2803,2803
0,91,46,603,763,763,763,763
0,91,47,2651,2811,2811,2811,2811
0,91,48,2643,2803,2803,2803,2803
0,91,49,603,763,763,763,763
0,91,50,2651,2811,2811,2811,2811
0,91,51,2643,2803,2803,2803,2803
0,91,52,603,763,763,763,763
0,91,53,2651,2811,2811,2811,2811
0,91,54,2897,3057,3057,3057,3057
0,91,55,857,1017,1017,1017,1017
0,91,56,2905,3065,3065,3065,3065
0,91,57,2897,3057,3057,3057,3057
0,91,58,857,1017,1017,1017,1017
0,91,59,2905,3065,3065,3065,3065
0,91,60,2897,3057,3057,3057,3057
0,91,61,857,1017,1017,1017,1017
0,91,62,2905,3065,3065,3065,3065
0,91,63,2387,2515,2515,2515,2515
0,91,64,347,347,347,347,347
0,91,65,2395,2523,2523,2523,2523
0,91,66,2387,2515,2515,2515,2515
0,91,67,347,347,347,347,347
0,91,68,2395,2523,2523,2523,2523
0,91,69,2387,2515,2515,2515,2515
0,91,70,347,347,347,347,347
0,91,71,2395,2523,2523,2523,2523
0,91,72,2899,3059,3059,3059,3059
0,91,73,859,1019,1019,1019,1019
0,91,74,2907,3067,3067,3067,3067
0,91,75,2899,3059,3059,3059,3059
0,91,76,859,1019,1019,1019,1019
0,91,77,2907,3067,3067,3067,3067
0,91,78,2899,3059,3059,3059,3059
0,91,79,859,1019,1019,1019,1019
0,91,80,2907,3067,3067,3067,3067
0,92,0,3152,3280,3280,3280,3280
0,92,1,1112,1112,1112,1112,1112
0,92,2,3160,3288,3288,3288,3288
0,92,3,2132,2260,2260,2260,2260
0,92,4,92,92,92,92,92
0,92,5,2140,2268,2268,2268,2268
0,92,6,3156,3284,3284,3284,3284
0,92,7,1116,1116,1116,1116,1116
0,92,8,3164,3292,3292,3292,3292
0,92,9,3152,3280,3280,3280,3280
0,92,10,1112,1112,1112,1112,1112
0,92,11,3160,3288,3288,3288,3288
0,92,12,2132,2260,2260,2260,2260
0,92,13,92,92,92,92,92
0,92,14,2140,2268,2268,2268,2268
0,92,15,3156,3284,3284,3284,3284
0,92,16,1116,1116,1116,1116,1116
0,92,17,3164,3292,3292,3292,3292
0,92,18,3152,3280,3280,3280,3280
0,92,19,1112,1112,1112,1112,1112
0,92,20,3160,3288,3288,3288,3288
0,92,21,2132,2260,2260,2260,2260
0,92,22,92,92,92,92,92
0,92,23,2140,2268,2268,2268,2268
0,92,24,3156,3284,3284,3284,3284
0,92,25,1116,1116,1116,1116,1116
0,92,26,3164,3292,3292,3292,3292
0,92,27,3152,3280,3280,3280,3280
0,92,28,1112,1112,1112,1112,1112
0,92,29,3160,3288,3288,3288,3288
0,92,30,2132,2260,2260,2260,2260
0,92,31,92,92,92,92,92
0,92,32,2140,2268,2268,2268,2268
0,92,33,3156,3284,3284,3284,3284
0,92,34,1116,1116,1116,1116,1116
0,92,35,3164,3292,3292,3292,3292
0,92,36,3152,3280,3280,3280,3280
0,92,37,1112,1112,1112,1112,1112
0,92,38,3160,3288,3288,3288,3288
0,92,39,2132,2260,2260,2260,2260
0,92,40,92,92,92,92,92
0,92,41,2140,2268,2268,2268,2268
0,92,42,3156,3284,3284,3284,3284
0,92,43,1116,1116,1116,1116,1116
0,92,44,3164,3292,3292,3292,3292
0,92,45,3152,3280,3280,3280,3280
0,92,46,1112,1112,1112,1112,1112
0,92,47,3160,3288,3288,3288,3288
0,92,48,2132,2260,2260,2260,2260
0,92,49,92,92,92,92,92
0,92,50,2140,2268,2268,2268,2268
0,92,51,3156,3284,3284,3284,3284
0,92,52,1116,1116,1116,1116,1116
0,92,53,3164,3292,3292,3292,3292
0,92,54,3152,3280,3280,3280,3280
0,92,55,1112,1112,1112,1112,1112
0,92,56,3160,3288,3288,3288,3288
0,92,57,2132,2260,2260,2260,2260
0,92,58,92,92,92,92,92
0,92,59,2140,2268,2268,2268,2268
0,92,60,3156,3284,3284,3284,3284
0,92,61,1116,1116,1116,1116,1116
0,92,62,3164,3292,3292,3292,3292
0,92,63,3152,3280,3280,3280,3280
0,92,64,1112,1112,1112,1112,1112
0,92,65,3160,3288,3288,3288,3288
0,92,66,2132,2260,2260,2260,2260
0,92,67,92,92,92,92,92
0,92,68,2140,2268,2268,2268,2268
0,92,69,3156,3284,3284,3284,3284
0,92,70,1116,1116,1116,1116,1116
0,92,71,3164,3292,3292,3292,3292
0,92,72,3152,3280,3280,3280,3280
0,92,73,1112,1112,1112,1112,1112
0,92,74,3160,3288,3288,3288,3288
0,92,75,2132,2260,2260,2260,2260
0,92,76,92,92,92,92,92
0,92,77,2140,2268,2268,2268,2268
0,92,78,3156,3284,3284,3284,3284
0,92,79,1116,1116,1116,1116,1116
0,92,80,3164,3292,3292,3292,3292
0,93,0,3408,3536,3536,3536,3536
0,93,1,1368,1368,1368,1368,1368
0,93,2,3416,3544,3544,3544,3544
0,93,3,2388,2516,2516,2516,2516
0,93,4,348,348,348,348,348
0,93,5,2396,2524,2524,2524,2524
0,93,6,3412,3540,3540,3540,3540
0,93,7,1372,1372,1372,1372,1372
0,93,8,3420,3548,3548,3548,3548
0,93,9,3408,3536,3536,3536,3536
0,93,10,1368,1368,1368,1368,1368
0,93,11,3416,3544,3544,3544,3544
0,93,12,2388,2516,2516,2516,2516
0,93,13,348,348,348,348,348
0,93,14,2396,2524,2524,2524,2524
0,93,15,3412,3540,3540,3540,3540
0,93,16,1372,1372,1372,1372,1372
0,93,17,3420,3548,3548,3548,3548
0,93,18,3408,3536,3536,3536,3536
0,93,19,1368,1368,1368,1368,1368
0,93,20,3416,3544,3544,3544,3544
0,93,21,2388,2516,2516,2516,2516
0,93,22,348,348,348,348,348
0,93,23,2396,2524,2524,2524,2524
0,93,24,3412,3540,3540,3540,3540
0,93,25,1372,1372,1372,1372,1372
0,93,26,3420,3548,3548,3548,3548
0,93,27,3153,3281,3281,3281,3281
0,93,28,1113,1113,1113,1113,1113
0,93,29,3161,3289,3289,3289,3289
0,93,30,2133,2261,2261,2261,2261
0,93,31,93,93,93,93,93
0,93,32,2141,2269,2269,2269,2269
0,93,33,3157,3285,3285,3285,3285
0,93,34,1117,1117,1117,1117,1117
0,93,35,3165,3293,3293,3293,3293
0,93,36,3153,3281,3281,3281,3281
0,93,37,1113,1113,1113,1113,1113
0,93,38,3161,3289,3289,3289,3289
0,93,39,2133,2261,2261,2261,2261
0,93,40,93,93,93,93,93
0,93,41,2141,2269,2269,2269,2269
0,93,42,3157,3285,3285,3285,3285
0,93,43,1117,1117,1117,1117,1117
0,93,44,3165,3293,3293,3293,3293
0,93,45,3153,3281,3281,3281,3281
0,93,46,1113,1113,1113,1113,1113
0,93,47,3161,3289,3289,3289,3289
0,93,48,2133,2261,2261,2261,2261
0,93,49,93,93,93,93,93
0,93,50,2141,2269,2269,2269,2269
0,93,51,3157,3285,3285,3285,3285
0,93,52,1117,1117,1117,1117,1117
0,93,53,3165,3293,3293,3293,3293
0,93,54,3409,3537,3537,3537,3537
0,93,55,1369,1369,1369,1369,1369
0,93,56,3417,3545,3545,3545,3545
0,93,57,2389,2517,2517,2517,2517
0,93,58,349,349,349,349,349
0,93,59,2397,2525,2525,2525,2525
0,93,60,3413,3541,3541,3541,3541
0,93,61,1373,1373,1373,1373,1373
0,93,62,3421,3549,3549,3549,3549
0,93,63,3409,3537,3537,3537,3537
0,93,64,1369,1369,1369,1369,1369
0,93,65,3417,3545,3545,3545,3545
0,93,66,2389,2517,2517,2517,2517
0,93,67,349,349,349,349,349
0,93,68,2397,2525,2525,2525,2525
0,93,69,3413,3541,3541,3541,3541
0,93,70,1373,1373,1373,1373,1373
0,93,71,3421,3549,3549,3549,3549
0,93,72,3409,3537,3537,3537,3537
0,93,73,1369,1369,1369,1369,1369
0,93,74,3417,3545,3545,3545,3545
0,93,75,2389,2517,2517,2517,2517
0,93,76,349,349,349,349,349
0,93,77,2397,2525,2525,2525,2525
0,93,78,3413,3541,3541,3541,3541
0,93,79,1373,1373,1373,1373,1373
0,93,80,3421,3549,3549,3549,3549
0,94,0,3664,3824,3824,3824,3824
0,94,1,1624,1784,1784,1784,1784
0,94,2,3672,3832,3832,3832,3832
0,94,3,2644,2804,2804,2804,2804
0,94,4,604,764,764,764,764
0,94,5,2652,2812,2812,2812,2812
0,94,6,3668,3828,3828,3828,3828
0,94,7,1628,1788,1788,1788,1788
0,94,8,3676,3836,3836,3836,3836
0,94,9,3154,3282,3282,3282,3282
0,94,10,1114,1114,1114,1114,1114
0,94,11,3162,3290,3290,3290,3290
0,94,12,2134,2262,2262,2262,2262
0,94,13,94,94,94,94,94
0,94,14,2142,2270,2270,2270,2270
0,94,15,3158,3286,3286,3286,3286
0,94,16,1118,1118,1118,1118,1118
0,94,17,3166,3294,3294,3294,3294
0,94,18,3666,3826,3826,3826,3826
0,94,19,1626,1786,1786,1786,1786
0,94,20,3674,3834,3834,3834,3834
0,94,21,2646,2806,2806,2806,2806
0,94,22,606,766,766,766,766
0,94,23,2654,2814,2814,2814,2814
0,94,24,3670,3830,3830,3830,3830
0,94,25,1630,1790,1790,1790,1790
0,94,26,3678,3838,3838,3838,3838
0,94,27,3664,3824,3824,3824,3824
0,94,28,1624,1784,1784,1784,1784
0,94,29,3672,3832,3832,3832,3832
0,94,30,2644,2804,2804,2804,2804
0,94,31,604,764,764,764,764
0,94,32,2652,2812,2812,2812,2812
0,94,33,3668,3828,3828,3828,3828
0,94,34,1628,1788,1788,1788,1788
0,94,35,3676,3836,3836,3836,3836
0,94,36,3154,3282,3282,3282,3282
0,94,37,1114,1114,1114,1114,1114
0,94,38,3162,3290,3290,3290,3290
0,94,39,2134,2262,2262,2262,2262
0,94,40,94,94,94,94,94
0,94,41,2142,2270,2270,2270,2270
0,94,42,3158,3286,3286,3286,3286
0,94,43,1118,1118,1118,1118,1118
0,94,44,3166,3294,3294,3294,3294
0,94,45,3666,3826,3826,3826,3826
0,94,46,1626,1786,1786,1786,1786
0,94,47,3674,3834,3834,3834,3834
0,94,48,2646,2806,2806,2806,2806
0,94,49,606,766,766,766,766
0,94,50,2654,2814,2814,2814,2814
0,94,51,3670,3830,3830,3830,3830
0,94,52,1630,1790,1790,1790,1790
0,94,53,3678,3838,3838,3838,3838
0,94,54,3664,3824,3824,3824,3824
0,94,55,1624,1784,1784,1784,1784
0,94,56,3672,3832,3832,3832,3832
0,94,57,2644,2804,2804,2804,2804
0,94,58,604,764,764,764,764
0,94,59,2652,2812,2812,2812,2812
0,94,60,3668,3828,3828,3828,3828
0,94,61,1628,1788,1788,1788,1788
0,94,62,3676,3836,3836,3836,3836
0,94,63,3154,3282,3282,3282,3282
0,94,64,1114,1114,1114,1114,1114
0,94,65,3162,3290,3290,3290,3290
0,94,66,2134,2262,2262,2262,2262
0,94,67,94,94,94,94,94
0,94,68,2142,2270,2270,2270,2270
0,94,69,3158,3286,3286,3286,3286
0,94,70,1118,1118,1118,1118,1118
0,94,71,3166,3294,3294,3294,3294
0,94,72,3666,3826,3826,3826,3826
0,94,73,1626,1786,1786,1786,1786
0,94,74,3674,3834,3834,3834,3834
0,94,75,2646,2806,2806,2806,2806
0,94,76,606,766,766,766,766
0,94,77,2654,2814,2814,2814,2814
0,94,78,3670,3830,3830,3830,3830
0,94,79,1630,1790,1790,1790,1790
0,94,80,3678,3838,3838,3838,3838
0,95,0,3920,4080,4080,4080,4080
0,95,1,1880,2040,2040,2040,2040
0,95,2,3928,4088,4088,4088,4088
0,95,3,2900,3060,3060,3060,3060
0,95,4,860,1020,1020,1020,1020
0,95,5,2908,3068,3068,3068,3068
0,95,6,3924,4084,4084,4084,4084
0,95,7,1884,2044,2044,2044,2044
0,95,8,3932,4092,4092,4092,4092
0,95,9,3410,3538,3538,3538,3538
0,95,10,1370,1370,1370,1370,1370
0,95,11,3418,3546,3546,3546,3546
0,95,12,2390,2518,2518,2518,2518
0,95,13,350,350,350,350,350
0,95,14,2398,2526,2526,2526,2526
0,95,15,3414,3542,3542,3542,3542
0,95,16,1374,1374,1374,1374,1374
0,95,17,3422,3550,3550,3550,3550
0,95,18,3922,4082,4082,4082,4082
0,95,19,1882,2042,2042,2042,2042
0,95,20,3930,4090,4090,4090,4090
0,95,21,2902,3062,3062,3062,3062
0,95,22,862,1022,1022,1022,1022
0,95,23,2910,3070,3070,3070,3070
0,95,24,3926,4086,4086,4086,4086
0,95,25,1886,2046,2046,2046,2046
0,95,26,3934,4094,4094,4094,4094
0,95,27,3665,3825,3825,3825,3825
0,95,28,1625,1785,1785,1785,1785
0,95,29,3673,3833,3833,3833,3833
0,95,30,2645,2805,2805,2805,2805
0,95,31,605,765,765,765,765
0,95,32,2653,2813,2813,2813,2813
0,95,33,3669,3829,3829,3829,3829
0,95,34,1629,1789,1789,1789,1789
0,95,35,3677,3837,3837,3837,3837
0,95,36,3155,3283,3283,3283,3283
0,95,37,1115,1115,1115,1115,1115
0,95,38,3163,3291,3291,3291,3291
0,95,39,2135,2263,2263,2263,2263
0,95,40,95,95,95,95,95
0,95,41,2143,2271,2271,2271,2271
0,95,42,3159,3287,3287,3287,3287
0,95,43,1119,1119,1119,1119,1119
0,95,44,3167,3295,3295,3295,3295
0,95,45,3667,3827,3827,3827,3827
0,95,46,1627,1787,1787,1787,1787
0,95,47,3675,3835,3835,3835,3835
0,95,48,2647,2807,2807,2807,2807
0,95,49,607,767,767,767,767
0,95,50,2655,2815,2815,2815,2815
0,95,51,3671,3831,3831,3831,3831
0,95,52,1631,1791,1791,1791,1791
0,95,53,3679,3839,3839,3839,3839
0,95,54,3921,4081,4081,4081,4081
0,95,55,1881,2041,2041,2041,2041
0,95,56,3929,4089,4089,4089,4089
0,95,57,2901,3061,3061,3061,3061
0,95,58,861,1021,1021,1021,1021
0,95,59,2909,3069,3069,3069,3069
0,95,60,3925,4085,4085,4085,4085
0,95,61,1885,2045,2045,2045,2045
0,95,62,3933,4093,4093,4093,4093
0,95,63,3411,3539,3539,3539,3539
0,95,64,1371,1371,1371,1371,1371
0,95,65,3419,3547,3547,3547,3547
0,95,66,2391,2519,2519,2519,2519
0,95,67,351,351,351,351,351
0,95,68,2399,2527,2527,2527,2527
0,95,69,3415,3543,3543,3543,3543
0,95,70,1375,1375,1375,1375,1375
0,95,71,3423,3551,3551,3551,3551
0,95,72,3923,4083,4083,4083,4083
0,95,73,1883,2043,2043,2043,2043
0,95,74,3931,4091,4091,4091,4091
0,95,75,2903,3063,3063,3063,3063
0,95,76,863,1023,1023,1023,1023
0,95,77,2911,3071,3071,3071,3071
0,95,78,3927,4087,4087,4087,4087
0,95,79,1887,2047,2047,2047,2047
0,95,80,3935,4095,4095,4095,4095
0,96,0,96,96,96,96,96
0,96,1,96,96,96,96,96
0,96,2,96,96,96,96,96
0,96,3,96,96,96,96,96
0,96,4,96,96,96,96,96
0,96,5,96,96,96,96,96
0,96,6,96,96,96,96,96
0,96,7,96,96,96,96,96
0,96,8,96,96,96,96,96
0,96,9,96,96,96,96,96
0,96,10,96,96,96,96,96
0,96,11,96,96,96,96,96
0,96,12,96,96,96,96,96
0,96,13,96,96,96,96,96
0,96,14,96,96,96,96,96
0,96,15,96,96,96,96,96
0,96,16,96,96,96,96,96
0,96,17,96,96,96,96,96
0,96,18,96,96,96,96,96
0,96,19,96,96,96,96,96
0,96,20,96,96,96,96,96
0,96,21,96,96,96,96,96
0,96,22,96,96,96,96,96
0,96,23,96,96,96,96,96
0,96,24,96,96,96,96,96
0,96,25,96,96,96,96,96
0,96,26,96,96,96,96,96
0,96,27,96,96,96,96,96
0,96,28,96,96,96,96,96
0,96,29,96,96,96,96,96
0,96,30,96,96,96,96,96
0,96,31,96,96,96,96,96
0,96,32,96,96,96,96,96
0,96,33,96,96,96,96,96
0,96,34,96,96,96,96,96
0,96,35,96,96,96,96,96
0,96,36,96,96,96,96,96
0,96,37,96,96,96,96,96
0,96,38,96,96,96,96,96
0,96,39,96,96,96,96,96
0,96,40,96,96,96,96,96
0,96,41,96,96,96,96,96
0,96,42,96,96,96,96,96
0,96,43,96,96,96,96,96
0,96,44,96,96,96,96,96
0,96,45,96,96,96,96,96
0,96,46,96,96,96,96,96
0,96,47,96,96,96,96,96
0,96,48,96,96,96,96,96
0,96,49,96,96,96,96,96
0,96,50,96,96,96,96,96
0,96,51,96,96,96,96,96
0,96,52,96,96,96,96,96
0,96,53,96,96,96,96,96
0,96,54,96,96,96,96,96
0,96,55,96,96,96,96,96
0,96,56,96,96,96,96,96
0,96,57,96,96,96,96,96
0,96,58,96,96,96,96,96
0,96,59,96,96,96,96,96
0,96,60,96,96,96,96,96
0,96,61,96,96,96,96,96
0,96,62,96,96,96,96,96
0,96,63,96,96,96,96,96
0,96,64,96,96,96,96,96
0,96,65,96,96,96,96,96
0,96,66,96,96,96,96,96
0,96,67,96,96,96,96,96
0,96,68,96,96,96,96,96
0,96,69,96,96,96,96,96
0,96,70,96,96,96,96,96
0,96,71,96,96,96,96,96
0,96,72,96,96,96,96,96
0,96,73,96,96,96,96,96
0,96,74,96,96,96,96,96
0,96,75,96,96,96,96,96
0,96,76,96,96,96,96,96
0,96,77,96,96,96,96,96
0,96,78,96,96,96,96,96
0,96,79,96,96,96,96,96
0,96,80,96,96,96,96,96
0,97,0,352,352,352,352,352
0,97,1,352,352,352,352,352
0,97,2,352,352,352,352,352
0,97,3,352,352,352,352,352
0,97,4,352,352,352,352,352
0,97,5,352,352,352,352,352
0,97,6,352,352,352,352,352
0,97,7,352,352,352,352,352
0,97,8,352,352,352,352,352
0,97,9,352,352,352,352,352
0,97,10,352,352,352,352,352
0,97,11,352,352,352,352,352
0,97,12,352,352,352,352,352
0,97,13,352,352,352,352,352
0,97,14,352,352,352,352,352
0,97,15,352,352,352,352,352
0,97,16,352,352,352,352,352
0,97,17,352,352,352,352,352
0,97,18,352,352,352,352,352
0,97,19,352,352,352,352,352
0,97,20,352,352,352,352,352
0,97,21,352,352,352,352,352
0,97,22,352,352,352,352,352
0,97,23,352,352,352,352,352
0,97,24,352,352,352,352,352
0,97,25,352,352,352,352,352
0,97,26,352,352,352,352,352
0,97,27,97,97,97,97,97
0,97,28,97,97,97,97,97
0,97,29,97,97,97,97,97
0,97,30,97,97,97,97,97
0,97,31,97,97,97,97,97
0,97,32,97,97,97,97,97
0,97,33,97,97,97,97,97
0,97,34,97,97,97,97,97
0,97,35,97,97,97,97,97
0,97,36,97,97,97,97,97
0,97,37,97,97,97,97,97
0,97,38,97,97,97,97,97
0,97,39,97,97,97,97,97
0,97,40,97,97,97,97,97
0,97,41,97,97,97,97,97
0,97,42,97,97,97,97,97
0,97,43,97,97,97,97,97
0,97,44,97,97,97,97,97
0,97,45,97,97,97,97,97
0,97,46,97,97,97,97,97
0,97,47,97,97,97,97,97
0,97,48,97,97,97,97,97
0,97,49,97,97,97,97,97
0,97,50,97,97,97,97,97
0,97,51,97,97,97,97,97
0,97,52,97,97,97,97,97
0,97,53,97,97,97,97,97
0,97,54,353,353,353,353,353
0,97,55,353,353,353,353,353
0,97,56,353,353,353,353,353
0,97,57,353,353,353,353,353
0,97,58,353,353,353,353,353
0,97,59,353,353,353,353,353
0,97,60,353,353,353,353,353
0,97,61,353,353,353,353,353
0,97,62,353,353,353,353,353
0,97,63,353,353,353,353,353
0,97,64,353,353,353,353,353
0,97,65,353,353,353,353,353
0,97,66,353,353,353,353,353
0,97,67,353,353,353,353,353
0,97,68,353,353,353,353,353
0,97,69,353,353,353,353,353
0,97,70,353,353,353,353,353
0,97,71,353,353,353,353,353
0,97,72,353,353,353,353,353
0,97,73,353,353,353,353,353
0,97,74,353,353,353,353,353
0,97,75,353,353,353,353,353
0,97,76,353,353,353,353,353
0,97,77,353,353,353,353,353
0,97,78,353,353,353,353,353
0,97,79,353,353,353,353,353
0,97,80,353,353,353,353,353
0,98,0,608,736,736,736,736
0,98,1,608,736,736,736,736
0,98,2,608,736,736,736,736
0,98,3,608,736,736,736,736
0,98,4,608,736,736,736,736
0,98,5,608,736,736,736,736
0,98,6,608,736,736,736,736
0,98,7,608,736,736,736,736
0,98,8,608,736,736,736,736
0,98,9,98,98,98,98,98
0,98,10,98,98,98,98,98
0,98,11,98,98,98,98,98
0,98,12,98,98,98,98,98
0,98,13,98,98,98,98,98
0,98,14,98,98,98,98,98
0,98,15,98,98,98,98,98
0,98,16,98,98,98,98,98
0,98,17,98,98,98,98,98
0,98,18,610,738,738,738,738
0,98,19,610,738,738,738,738
0,98,20,610,738,738,738,738
0,98,21,610,738,738,738,738
0,98,22,610,738,738,738,738
0,98,23,610,738,738,738,738
0,98,24,610,738,738,738,738
0,98,25,610,738,738,738,738
0,98,26,610,738,738,738,738
0,98,27,608,736,736,736,736
0,98,28,608,736,736,736,736
0,98,29,608,736,736,736,736
0,98,30,608,736,736,736,736
0,98,31,608,736,736,736,736
0,98,32,608,736,736,736,736
0,98,33,608,736,736,736,736
0,98,34,608,736,736,736,736
0,98,35,608,736,736,736,736
0,98,36,98,98,98,98,98
0,98,37,98,98,98,98,98
0,98,38,98,98,98,98,98
0,98,39,98,98,98,98,98
0,98,40,98,98,98,98,98
0,98,41,98,98,98,98,98
0,98,42,98,98,98,98,98
0,98,43,98,98,98,98,98
0,98,44,98,98,98,98,98
0,98,45,610,738,738,738,738
0,98,46,610,738,738,738,738
0,98,47,610,738,738,738,738
0,98,48,610,738,738,738,738
0,98,49,610,738,738,738,738
0,98,50,610,738,738,738,738
0,98,51,610,738,738,738,738
0,98,52,610,738,738,738,738
0,98,53,610,738,738,738,738
0,98,54,608,736,736,736,736
0,98,55,608,736,736,736,736
0,98,56,608,736,736,736,736
0,98,57,608,736,736,736,736
0,98,58,608,736,736,736,736
0,98,59,608,736,736,736,736
0,98,60,608,736,736,736,736
0,98,61,608,736,736,736,736
0,98,62,608,736,736,736,736
0,98,63,98,98,98,98,98
0,98,64,98,98,98,98,98
0,98,65,98,98,98,98,98
0,98,66,98,98,98,98,98
0,98,67,98,98,98,98,98
0,98,68,98,98,98,98,98
0,98,69,98,98,98,98,98
0,98,70,98,98,98,98,98
0,98,71,98,98,98,98,98
0,98,72,610,738,738,738,738
0,98,73,610,738,738,738,738
0,98,74,610,738,738,738,738
0,98,75,610,738,738,738,738
0,98,76,610,738,738,738,738
0,98,77,610,738,738,738,738
0,98,78,610,738,738,738,738
0,98,79,610,738,738,738,738
0,98,80,610,738,738,738,738
0,99,0,864,992,992,992,992
0,99,1,864,992,992,992,992
0,99,2,864,992,992,992,992
0,99,3,864,992,992,992,992
0,99,4,864,992,992,992,992
0,99,5,864,992,992,992,992
0,99,6,864,992,992,992,992
0,99,7,864,992,992,992,992
0,99,8,864,992,992,992,992
0,99,9,354,354,354,354,354
0,99,10,354,354,354,354,354
0,99,11,354,354,354,354,354
0,99,12,354,354,354,354,354
0,99,13,354,354,354,354,354
0,99,14,354,354,354,354,354
0,99,15,354,354,354,354,354
0,99,16,354,354,354,354,354
0,99,17,354,354,354,354,354
0,99,18,866,994,994,994,994
0,99,19,866,994,994,994,994
0,99,20,866,994,994,994,994
0,99,21,866,994,994,994,994
0,99,22,866,994,994,994,994
0,99,23,866,994,994,994,994
0,99,24,866,994,994,994,994
0,99,25,866,994,994,994,994
0,99,26,866,994,994,994,994
0,99,27,609,737,737,737,737
0,99,28,609,737,737,737,737
0,99,29,609,737,737,737,737
0,99,30,609,737,737,737,737
0,99,31,609,737,737,737,737
0,99,32,609,737,737,737,737
0,99,33,609,737,737,737,737
0,99,34,609,737,737,737,737
0,99,35,609,737,737,737,737
0,99,36,99,99,99,99,99
0,99,37,99,99,99,99,99
0,99,38,99,99,99,99,99
0,99,39,99,99,99,99,99
0,99,40,99,99,99,99,99
0,99,41,99,99,99,99,99
0,99,42,99,99,99,99,99
0,99,43,99,99,99,99,99
0,99,44,99,99,99,99,99
0,99,45,611,739,739,739,739
0,99,46,611,739,739,739,739
0,99,47,611,739,739,739,739
0,99,48,611,739,739,739,739
0,99,49,611,739,739,739,739
0,99,50,611,739,739,739,739
0,99,51,611,739,739,739,739
0,99,52,611,739,739,739,739
0,99,53,611,739,739,739,739
0,99,54,865,993,993,993,993
0,99,55,865,993,993,993,993
0,99,56,865,993,993,993,993
0,99,57,865,993,993,993,993
0,99,58,865,993,993,993,993
0,99,59,865,993,993,993,993
0,99,60,865,993,993,993,993
0,99,61,865,993,993,993,993
0,99,62,865,993,993,993,993
0,99,63,355,355,355,355,355
0,99,64,355,355,355,355,355
0,99,65,355,355,355,355,355
0,99,66,355,355,355,355,355
0,99,67,355,355,355,355,355
0,99,68,355,355,355,355,355
0,99,69,355,355,355,355,355
0,99,70,355,355,355,355,355
0,99,71,355,355,355,355,355
0,99,72,867,995,995,995,995
0,99,73,867,995,995,995,995
0,99,74,867,995,995,995,995
0,99,75,867,995,995,995,995
0,99,76,867,995,995,995,995
0,99,77,867,995,995,995,995
0,99,78,867,995,995,995,995
0,99,79,867,995,995,995,995
0,99,80,867,995,995,995,995
0,100,0,1120,1248,1248,1248,1248
0,100,1,1120,1248,1248,1248,1248
0,100,2,1120,1248,1248,1248,1248
0,100,3,100,100,100,100,100
0,100,4,100,100,100,100,100
0,100,5,100,100,100,100,100
0,100,6,1124,1252,1252,1252,1252
0,100,7,1124,1252,1252,1252,1252
0,100,8,1124,1252,1252,1252,1252
0,100,9,1120,1248,1248,1248,1248
0,100,10,1120,1248,1248,1248,1248
0,100,11,1120,1248,1248,1248,1248
0,100,12,100,100,100,100,100
0,100,13,100,100,100,100,100
0,100,14,100,100,100,100,100
0,100,15,1124,1252,1252,1252,1252
0,100,16,1124,1252,1252,1252,1252
0,100,17,1124,1252,1252,1252,1252
0,100,18,1120,1248,1248,1248,1248
0,100,19,1120,1248,1248,1248,1248
0,100,20,1120,1248,1248,1248,1248
0,100,21,100,100,100,100,100
0,100,22,100,100,100,100,100
0,100,23,100,100,100,100,100
0,100,24,1124,1252,1252,1252,1252
0,100,25,1124,1252,1252,1252,1252
0,100,26,1124,1252,1252,1252,1252
0,100,27,1120,1248,1248,1248,1248
0,100,28,1120,1248,1248,1248,1248
0,100,29,1120,1248,1248,1248,1248
0,100,30,100,100,100,100,100
0,100,31,100,100,100,100,100
0,100,32,100,100,100,100,100
0,100,33,1124,1252,1252,1252,1252
0,100,34,1124,1252,1252,1252,1252
0,100,35,1124,1252,1252,1252,1252
0,100,36,1120,1248,1248,1248,1248
0,100,37,1120,1248,1248,1248,1248
0,100,38,1120,1248,1248,1248,1248
0,100,39,100,100,100,100,100
0,100,40,100,100,100,100,100
0,100,41,100,100,100,100,100
0,100,42,1124,1252,1252,1252,1252
0,100,43,1124,1252,1252,1252,1252
0,100,44,1124,1252,1252,1252,1252
0,100,45,1120,1248,1248,1248,1248
0,100,46,1120,1248,1248,1248,1248
0,100,47,1120,1248,1248,1248,1248
0,100,48,100,100,100,100,100
0,100,49,100,100,100,100,100
0,100,50,100,100,100,100,100
0,100,51,1124,1252,1252,1252,1252
0,100,52,1124,1252,1252,1252,1252
0,100,53,1124,1252,1252,1252,1252
0,100,54,1120,1248,1248,1248,1248
0,100,55,1120,1248,1248,1248,1248
0,100,56,1120,1248,1248,1248,1248
0,100,57,100,100,100,100,100
0,100,58,100,100,100,100,100
0,100,59,100,100,100,100,100
0,100,60,1124,1252,1252,1252,1252
0,100,61,1124,1252,1252,1252,1252
0,100,62,1124,1252,1252,1252,1252
0,100,63,1120,1248,1248,1248,1248
0,100,64,1120,1248,1248,1248,1248
0,100,65,1120,1248,1248,1248,1248
0,100,66,100,100,100,100,100
0,100,67,100,100,100,100,100
0,100,68,100,100,100,100,100
0,100,69,1124,1252,1252,1252,1252
0,100,70,1124,1252,1252,1252,1252
0,100,71,1124,1252,1252,1252,1252
0,100,72,1120,1248,1248,1248,1248
0,100,73,1120,1248,1248,1248,1248
0,100,74,1120,1248,1248,1248,1248
0,100,75,100,100,100,100,100
0,100,76,100,100,100,100,100
0,100,77,100,100,100,100,100
0,100,78,1124,1252,1252,1252,1252
0,100,79,1124,1252,1252,1252,1252
0,100,80,1124,1252,1252,1252,1252
0,101,0,1376,1504,1504,1504,1504
0,101,1,1376,1504,1504,1504,1504
0,101,2,1376,1504,1504,1504,1504
0,101,3,356,356,356,356,356
0,101,4,356,356,356,356,356
0,101,5,356,356,356,356,356
0,101,6,1380,1508,1508,1508,1508
0,101,7,1380,1508,1508,1508,1508
0,101,8,1380,1508,1508,1508,1508
0,101,9,1376,1504,1504,1504,1504
0,101,10,1376,1504,1504,1504,1504
0,101,11,1376,1504,1504,1504,1504
0,101,12,356,356,356,356,356
0,101,13,356,356,356,356,356
0,101,14,356,356,356,356,356
0,101,15,1380,1508,1508,1508,1508
0,101,16,1380,1508,1508,1508,1508
0,101,17,1380,1508,1508,1508,1508
0,101,18,1376,1504,1504,1504,1504
0,101,19,1376,1504,1504,1504,1504
0,101,20,1376,1504,1504,1504,1504
0,101,21,356,356,356,356,356
0,101,22,356,356,356,356,356
0,101,23,356,356,356,356,356
0,101,24,1380,1508,1508,1508,1508
0,101,25,1380,1508,1508,1508,1508
0,101,26,1380,1508,1508,1508,1508
0,101,27,1121,1249,1249,1249,1249
0,101,28,1121,1249,1249,1249,1249
0,101,29,1121,1249,1249,1249,1249
0,101,30,101,101,101,101,101
0,101,31,101,101,101,101,101
0,101,32,101,101,101,101,101
0,101,33,1125,1253,1253,1253,1253
0,101,34,1125,1253,1253,1253,1253
0,101,35,1125,1253,1253,1253,1253
0,101,36,1121,1249,1249,1249,1249
0,101,37,1121,1249,1249,1249,1249
0,101,38,1121,1249,1249,1249,1249
0,101,39,101,101,101,101,101
0,101,40,101,101,101,101,101
0,101,41,101,101,101,101,101
0,101,42,1125,1253,1253,1253,1253
0,101,43,1125,1253,1253,1253,1253
0,101,44,1125,1253,1253,1253,1253
0,101,45,1121,1249,1249,1249,1249
0,101,46,1121,1249,1249,1249,1249
0,101,47,1121,1249,1249,1249,1249
0,101,48,101,101,101,101,101
0,101,49,101,101,101,101,101
0,101,50,101,101,101,101,101
0,101,51,1125,1253,1253,1253,1253
0,101,52,1125,1253,1253,1253,1253
0,101,53,1125,1253,1253,1253,1253
0,101,54,1377,1505,1505,1505,1505
0,101,55,1377,1505,1505,1505,1505
0,101,56,1377,1505,1505,1505,1505
0,101,57,357,357,357,357,357
0,101,58,357,357,357,357,357
0,101,59,357,357,357,357,357
0,101,60,1381,1509,1509,1509,1509
0,101,61,1381,1509,1509,1509,1509
0,101,62,1381,1509,1509,1509,1509
0,101,63,1377,1505,1505,1505,1505
0,101,64,1377,1505,1505,1505,1505
0,101,65,1377,1505,1505,1505,1505
0,101,66,357,357,357,357,357
0,101,67,357,357,357,357,357
0,101,68,357,357,357,357,357
0,101,69,1381,1509,1509,1509,1509
0,101,70,1381,1509,1509,1509,1509
0,101,71,1381,1509,1509,1509,1509
0,101,72,1377,1505,1505,1505,1505
0,101,73,1377,1505,1505,1505,1505
0,101,74,1377,1505,1505,1505,1505
0,101,75,357,357,357,357,357
0,101,76,357,357,357,357,357
0,101,77,357,357,357,357,357
0,101,78,1381,1509,1509,1509,1509
0,101,79,1381,1509,1509,1509,1509
0,101,80,1381,1509,1509,1509,1509
0,102,0,1632,3808,3808,3808,3808
0,102,1,1632,1768,1768,1768,1768
0,102,2,1632,3816,3816,3816,3816
0,102,3,612,2788,2788,2788,2788
0,102,4,612,748,748,748,748
0,102,5,612,2796,2796,2796,2796
0,102,6,1636,3812,3812,3812,3812
0,102,7,1636,1772,1772,1772,1772
0,102,8,1636,3820,3820,3820,3820
0,102,9,1122,3298,3298,3298,3298
0,102,10,1122,1258,1258,1258,1258
0,102,11,1122,3306,3306,3306,3306
0,102,12,102,102,102,102,102
0,102,13,102,102,102,102,102
0,102,14,102,102,102,102,102
0,102,15,1126,3302,3302,3302,3302
0,102,16,1126,1262,1262,1262,1262
0,102,17,1126,3310,3310,3310,3310
0,102,18,1634,3810,3810,3810,3810
0,102,19,1634,1770,1770,1770,1770
0,102,20,1634,3818,3818,3818,3818
0,102,21,614,2790,2790,2790,2790
0,102,22,614,750,750,750,750
0,102,23,614,2798,2798,2798,2798
0,102,24,1638,3814,3814,3814,3814
0,102,25,1638,1774,1774,1774,1774
0,102,26,1638,3822,3822,3822,3822
0,102,27,1632,3808,3808,3808,3808
0,102,28,1632,1768,1768,1768,1768
0,102,29,1632,3816,3816,3816,3816
0,102,30,612,2788,2788,2788,2788
0,102,31,612,748,748,748,748
0,102,32,612,2796,2796,2796,2796
0,102,33,1636,3812,3812,3812,3812
0,102,34,1636,1772,1772,1772,1772
0,102,35,1636,3820,3820,3820,3820
0,102,36,1122,3298,3298,3298,3298
0,102,37,1122,1258,1258,1258,1258
0,102,38,1122,3306,3306,3306,3306
0,102,39,102,102,102,102,102
0,102,40,102,102,102,102,102
0,102,41,102,102,102,102,102
0,102,42,1126,3302,3302,3302,3302
0,102,43,1126,1262,1262,1262,1262
0,102,44,1126,3310,3310,3310,3310
0,102,45,1634,3810,3810,3810,3810
0,102,46,1634,1770,1770,1770,1770
0,102,47,1634,3818,3818,3818,3818
0,102,48,614,2790,2790,2790,2790
0,102,49,614,750,750,750,750
0,102,50,614,2798,2798,2798,2798
0,102,51,1638,3814,3814,3814,3814
0,102,52,1638,1774,1774,1774,1774
0,102,53,1638,3822,3822,3822,3822
0,102,54,1632,3808,3808,3808,3808
0,102,55,1632,1768,1768,1768,1768
0,102,56,1632,3816,3816,3816,3816
0,102,57,612,2788,2788,2788,2788
0,102,58,612,748,748,748,748
0,102,59,612,2796,2796,2796,2796
0,102,60,1636,3812,3812,3812,3812
0,102,61,1636,1772,1772,1772,1772
0,102,62,1636,3820,3820,3820,3820
0,102,63,1122,3298,3298,3298,3298
0,102,64,1122,1258,1258,1258,1258
0,102,65,1122,3306,3306,3306,3306
0,102,66,102,102,102,102,102
0,102,67,102,102,102,102,102
0,102,68,102,102,102,102,102
0,102,69,1126,3302,3302,3302,3302
0,102,70,1126,1262,1262,1262,1262
0,102,71,1126,3310,3310,3310,3310
0,102,72,1634,3810,3810,3810,3810
0,102,73,1634,1770,1770,1770,1770
0,102,74,1634,3818,3818,3818,3818
0,102,75,614,2790,2790,2790,2790
0,102,76,614,750,750,750,750
0,102,77,614,2798,2798,2798,2798
0,102,78,1638,3814,3814,3814,3814
0,102,79,1638,1774,1774,1774,1774
0,102,80,1638,3822,3822,3822,3822
0,103,0,1888,4064,4064,4064,4064
0,103,1,1888,2024,2024,2024,2024
0,103,2,1888,4072,4072,4072,4072
0,103,3,868,3044,3044,3044,3044
0,103,4,868,1004,1004,1004,1004
0,103,5,868,3052,3052,3052,3052
0,103,6,1892,4068,4068,4068,4068
0,103,7,1892,2028,2028,2028,2028
0,103,8,1892,4076,4076,4076,4076
0,103,9,1378,3554,3554,3554,3554
0,103,10,1378,1514,1514,1514,1514
0,103,11,1378,3562,3562,3562,3562
0,103,12,358,358,358,358,358
0,103,13,358,358,358,358,358
0,103,14,358,358,358,358,358
0,103,15,1382,3558,3558,3558,3558
0,103,16,1382,1518,1518,1518,1518
0,103,17,1382,3566,3566,3566,3566
0,103,18,1890,4066,4066,4066,4066
0,103,19,1890,2026,2026,2026,2026
0,103,20,1890,4074,4074,4074,4074
0,103,21,870,3046,3046,3046,3046
0,103,22,870,1006,1006,1006,1006
0,103,23,870,3054,3054,3054,3054
0,103,24,1894,4070,4070,4070,4070
0,103,25,1894,2030,2030,2030,2030
0,103,26,1894,4078,4078,4078,4078
0,103,27,1633,3809,3809,3809,3809
0,103,28,1633,1769,1769,1769,1769
0,103,29,1633,3817,3817,3817,3817
0,103,30,613,2789,2789,2789,2789
0,103,31,613,749,749,749,749
0,103,32,613,2797,2797,2797,2797
0,103,33,1637,3813,3813,3813,3813
0,103,34,1637,1773,1773,1773,1773
0,103,35,1637,3821,3821,3821,3821
0,103,36,1123,3299,3299,3299,3299
0,103,37,1123,1259,1259,1259,1259
0,103,38,1123,3307,3307,3307,3307
0,103,39,103,103,103,103,103
0,103,40,103,103,103,103,103
0,103,41,103,103,103,103,103
0,103,42,1127,3303,3303,3303,3303
0,103,43,1127,1263,1263,1263,1263
0,103,44,1127,3311,3311,3311,3311
0,103,45,1635,3811,3811,3811,3811
0,103,46,1635,1771,1771,1771,1771
0,103,47,1635,3819,3819,3819,3819
0,103,48,615,2791,2791,2791,2791
0,103,49,615,751,751,751,751
0,103,50,615,2799,2799,2799,2799
0,103,51,1639,3815,3815,3815,3815
0,103,52,1639,1775,1775,1775,1775
0,103,53,1639,3823,3823,3823,3823
0,103,54,1889,4065,4065,4065,4065
0,103,55,1889,2025,2025,2025,2025
0,103,56,1889,4073,4073,4073,4073
0,103,57,869,3045,3045,3045,3045
0,103,58,869,1005,1005,1005,1005
0,103,59,869,3053,3053,3053,3053
0,103,60,1893,4069,4069,4069,4069
0,103,61,1893,2029,2029,2029,2029
0,103,62,1893,4077,4077,4077,4077
0,103,63,1379,3555,3555,3555,3555
0,103,64,1379,1515,1515,1515,1515
0,103,65,1379,3563,3563,3563,3563
0,103,66,359,359,359,359,359
0,103,67,359,359,359,359,359
0,103,68,359,359,359,359,359
0,103,69,1383,3559,3559,3559,3559
0,103,70,1383,1519,1519,1519,1519
0,103,71,1383,3567,3567,3567,3567
0,103,72,1891,4067,4067,4067,4067
0,103,73,1891,2027,2027,2027,2027
0,103,74,1891,4075,4075,4075,4075
0,103,75,871,3047,3047,3047,3047
0,103,76,871,1007,1007,1007,1007
0,103,77,871,3055,3055,3055,3055
0,103,78,1895,4071,4071,4071,4071
0,103,79,1895,2031,2031,2031,2031
0,103,80,1895,4079,4079,4079,4079
0,104,0,2144,2272,2272,2272,2272
0,104,1,104,104,104,104,104
0,104,2,2152,2280,2280,2280,2280
0,104,3,2144,2272,2272,2272,2272
0,104,4,104,104,104,104,104
0,104,5,2152,2280,2280,2280,2280
0,104,6,2144,2272,2272,2272,2272
0,104,7,104,104,104,104,104
0,104,8,2152,2280,2280,2280,2280
0,104,9,2144,2272,2272,2272,2272
0,104,10,104,104,104,104,104
0,104,11,2152,2280,2280,2280,2280
0,104,12,2144,2272,2272,2272,2272
0,104,13,104,104,104,104,104
0,104,14,2152,2280,2280,2280,2280
0,104,15,2144,2272,2272,2272,2272
0,104,16,104,104,104,104,104
0,104,17,2152,2280,2280,2280,2280
0,104,18,2144,2272,2272,2272,2272
0,104,19,104,104,104,104,104
0,104,20,2152,2280,2280,2280,2280
0,104,21,2144,2272,2272,2272,2272
0,104,22,104,104,104,104,104
0,104,23,2152,2280,2280,2280,2280
0,104,24,2144,2272,2272,2272,2272
0,104,25,104,104,104,104,104
0,104,26,2152,2280,2280,2280,2280
0,104,27,2144,2272,2272,2272,2272
0,104,28,104,104,104,104,104
0,104,29,2152,2280,2280,2280,2280
0,104,30,2144,2272,2272,2272,2272
0,104,31,104,104,104,104,104
0,104,32,2152,2280,2280,2280,2280
0,104,33,2144,2272,2272,2272,2272
0,104,34,104,104,104,104,104
0,104,35,2152,2280,2280,2280,2280
0,104,36,2144,2272,2272,2272,2272
0,104,37,104,104,104,104,104
0,104,38,2152,2280,2280,2280,2280
0,104,39,2144,2272,2272,2272,2272
0,104,40,104,104,104,104,104
0,104,41,2152,2280,2280,2280,2280
0,104,42,2144,2272,2272,2272,2272
0,104,43,104,104,104,104,104
0,104,44,2152,2280,2280,2280,2280
0,104,45,2144,2272,2272,2272,2272
0,104,46,104,104,104,104,104
0,104,47,2152,2280,2280,2280,2280
0,104,48,2144,2272,2272,2272,2272
0,104,49,104,104,104,104,104
0,104,50,2152,2280,2280,2280,2280
0,104,51,2144,2272,2272,2272,2272
0,104,52,104,104,104,104,104
0,104,53,2152,2280,2280,2280,2280
0,104,54,2144,2272,2272,2272,2272
0,104,55,104,104,104,104,104
0,104,56,2152,2280,2280,2280,2280
0,104,57,2144,2272,2272,2272,2272
0,104,58,104,104,104,104,104
0,104,59,2152,2280,2280,2280,2280
0,104,60,2144,2272,2272,2272,2272
0,104,61,104,104,104,104,104
0,104,62,2152,2280,2280,2280,2280
0,104,63,2144,2272,2272,2272,2272
0,104,64,104,104,104,104,104
0,104,65,2152,2280,2280,2280,2280
0,104,66,2144,2272,2272,2272,2272
0,104,67,104,104,104,104,104
0,104,68,2152,2280,2280,2280,2280
0,104,69,2144,2272,2272,2272,2272
0,104,70,104,104,104,104,104
0,104,71,2152,2280,2280,2280,2280
0,104,72,2144,2272,2272,2272,2272
0,104,73,104,104,104,104,104
0,104,74,2152,2280,2280,2280,2280
0,104,75,2144,2272,2272,2272,2272
0,104,76,104,104,104,104,104
0,104,77,2152,2280,2280,2280,2280
0,104,78,2144,2272,2272,2272,2272
0,104,79,104,104,104,104,104
0,104,80,2152,2280,2280,2280,2280
0,105,0,2400,2528,2528,2528,2528
0,105,1,360,360,360,360,360
0,105,2,2408,2536,2536,2536,2536
0,105,3,2400,2528,2528,2528,2528
0,105,4,360,360,360,360,360
0,105,5,2408,2536,2536,2536,2536
0,105,6,2400,2528,2528,2528,2528
0,105,7,360,360,360,360,360
0,105,8,2408,2536,2536,2536,2536
0,105,9,2400,2528,2528,2528,2528
0,105,10,360,360,360,360,360
0,105,11,2408,2536,2536,2536,2536
0,105,12,2400,2528,2528,2528,2528
0,105,13,360,360,360,360,360
0,105,14,2408,2536,2536,2536,2536
0,105,15,2400,2528,2528,2528,2528
0,105,16,360,360,360,360,360
0,105,17,2408,2536,2536,2536,2536
0,105,18,2400,2528,2528,2528,2528
0,105,19,360,360,360,360,360
0,105,20,2408,2536,2536,2536,2536
0,105,21,2400,2528,2528,2528,2528
0,105,22,360,360,360,360,360
0,105,23,2408,2536,2536,2536,2536
0,105,24,2400,2528,2528,2528,2528
0,105,25,360,360,360,360,360
0,105,26,2408,2536,2536,2536,2536
0,105,27,2145,2273,2273,2273,2273
0,105,28,105,105,105,105,105
0,105,29,2153,2281,2281,2281,2281
0,105,30,2145,2273,2273,2273,2273
0,105,31,105,105,105,105,105
0,105,32,2153,2281,2281,2281,2281
0,105,33,2145,2273,2273,2273,2273
0,105,34,105,105,105,105,105
0,105,35,2153,2281,2281,2281,2281
0,105,36,2145,2273,2273,2273,2273
0,105,37,105,105,105,105,105
0,105,38,2153,2281,2281,2281,2281
0,105,39,2145,2273,2273,2273,2273
0,105,40,105,105,105,105,105
0,105,41,2153,2281,2281,2281,2281
0,105,42,2145,2273,2273,2273,2273
0,105,43,105,105,105,105,105
0,105,44,2153,2281,2281,2281,2281
0,105,45,2145,2273,2273,2273,2273
0,105,46,105,105,105,105,105
0,105,47,2153,2281,2281,2281,2281
0,105,48,2145,2273,2273,2273,2273
0,105,49,105,105,105,105,105
0,105,50,2153,2281,2281,2281,2281
0,105,51,2145,2273,2273,2273,2273
0,105,52,105,105,105,105,105
0,105,53,2153,2281,2281,2281,2281
0,105,54,2401,2529,2529,2529,2529
0,105,55,361,361,361,361,361
0,105,56,2409,2537,2537,2537,2537
0,105,57,2401,2529,2529,2529,2529
0,105,58,361,361,361,361,361
0,105,59,2409,2537,2537,2537,2537
0,105,60,2401,2529,2529,2529,2529
0,105,61,361,361,361,361,361
0,105,62,2409,2537,2537,2537,2537
0,105,63,2401,2529,2529,2529,2529
0,105,64,361,361,361,361,361
0,105,65,2409,2537,2537,2537,2537
0,105,66,2401,2529,2529,2529,2529
0,105,67,361,361,361,361,361
0,105,68,2409,2537,2537,2537,2537
0,105,69,2401,2529,2529,2529,2529
0,105,70,361,361,361,361,361
0,105,71,2409,2537,2537,2537,2537
0,105,72,2401,2529,2529,2529,2529
0,105,73,361,361,361,361,361
0,105,74,2409,2537,2537,2537,2537
0,105,75,2401,2529,2529,2529,2529
0,105,76,361,361,361,361,361
0,105,77,2409,2537,2537,2537,2537
0,105,78,2401,2529,2529,2529,2529
0,105,79,361,361,361,361,361
0,105,80,2409,2537,2537,2537,2537
0,106,0,2656,2784,2784,2784,2784
0,106,1,616,744,744,744,744
0,106,2,2664,2792,2792,2792,2792
0,106,3,2656,2784,2784,2784,2784
0,106,4,616,744,744,744,744
0,106,5,2664,2792,2792,2792,2792
0,106,6,2656,2784,2784,2784,2784
0,106,7,616,744,744,744,744
0,106,8,2664,2792,2792,2792,2792
0,106,9,2146,2274,2274,2274,2274
0,106,10,106,106,106,106,106
0,106,11,2154,2282,2282,2282,2282
0,106,12,2146,2274,2274,2274,2274
0,106,13,106,106,106,106,106
0,106,14,2154,2282,2282,2282,2282
0,106,15,2146,2274,2274,2274,2274
0,106,16,106,106,106,106,106
0,106,17,2154,2282,2282,2282,2282
0,106,18,2658,2786,2786,2786,2786
0,106,19,618,746,746,746,746
0,106,20,2666,2794,2794,2794,2794
0,106,21,2658,2786,2786,2786,2786
0,106,22,618,746,746,746,746
0,106,23,2666,2794,2794,2794,2794
0,106,24,2658,2786,2786,2786,2786
0,106,25,618,746,746,746,746
0,106,26,2666,2794,2794,2794,2794
0,106,27,2656,2784,2784,2784,2784
0,106,28,616,744,744,744,744
0,106,29,2664,2792,2792,2792,2792
0,106,30,2656,2784,2784,2784,2784
0,106,31,616,744,744,744,744
0,106,32,2664,2792,2792,2792,2792
0,106,33,2656,2784,2784,2784,2784
0,106,34,616,744,744,744,744
0,106,35,2664,2792,2792,2792,2792
0,106,36,2146,2274,2274,2274,2274
0,106,37,106,106,106,106,106
0,106,38,2154,2282,2282,2282,2282
0,106,39,2146,2274,2274,2274,2274
0,106,40,106,106,106,106,106
0,106,41,2154,2282,2282,2282,2282
0,106,42,2146,2274,2274,2274,2274
0,106,43,106,106,106,106,106
0,106,44,2154,2282,2282,2282,2282
0,106,45,2658,2786,2786,2786,2786
0,106,46,618,746,746,746,746
0,106,47,2666,2794,2794,2794,2794
0,106,48,2658,2786,2786,2786,2786
0,106,49,618,746,746,746,746
0,106,50,2666,2794,2794,2794,2794
0,106,51,2658,2786,2786,2786,2786
0,106,52,618,746,746,746,746
0,106,53,2666,2794,2794,2794,2794
0,106,54,2656,2784,2784,2784,2784
0,106,55,616,744,744,744,744
0,106,56,2664,2792,2792,2792,2792
0,106,57,2656,2784,2784,2784,2784
0,106,58,616,744,744,744,744
0,106,59,2664,2792,2792,2792,2792
0,106,60,2656,2784,2784,2784,2784
0,106,61,616,744,744,744,744
0,106,62,2664,2792,2792,2792,2792
0,106,63,2146,2274,2274,2274,2274
0,106,64,106,106,106,106,106
0,106,65,2154,2282,2282,2282,2282
0,106,66,2146,2274,2274,2274,2274
0,106,67,106,106,106,106,106
0,106,68,2154,2282,2282,2282,2282
0,106,69,2146,2274,2274,2274,2274
0,106,70,106,106,106,106,106
0,106,71,2154,2282,2282,2282,2282
0,106,72,2658,2786,2786,2786,2786
0,106,73,618,746,746,746,746
0,106,74,2666,2794,2794,2794,2794
0,106,75,2658,2786,2786,2786,2786
0,106,76,618,746,746,746,746
0,106,77,2666,2794,2794,2794,2794
0,106,78,2658,2786,2786,2786,2786
0,106,79,618,746,746,746,746
0,106,80,2666,2794,2794,2794,2794
0,107,0,2912,3040,3040,3040,3040
0,107,1,872,1000,1000,1000,1000
0,107,2,2920,3048,3048,3048,3048
0,107,3,2912,3040,3040,3040,3040
0,107,4,872,1000,1000,1000,1000
0,107,5,2920,3048,3048,3048,3048
0,107,6,2912,3040,3040,3040,3040
0,107,7,872,1000,1000,1000,1000
0,107,8,2920,3048,3048,3048,3048
0,107,9,2402,2530,2530,2530,2530
0,107,10,362,362,362,362,362
0,107,11,2410,2538,2538,2538,2538
0,107,12,2402,2530,2530,2530,2530
0,107,13,362,362,362,362,362
0,107,14,2410,2538,2538,2538,2538
0,107,15,2402,2530,2530,2530,2530
0,107,16,362,362,362,362,362
0,107,17,2410,2538,2538,2538,2538
0,107,18,2914,3042,3042,3042,3042
0,107,19,874,1002,1002,1002,1002
0,107,20,2922,3050,3050,3050,3050
0,107,21,2914,3042,3042,3042,3042
0,107,22,874,1002,1002,1002,1002
0,107,23,2922,3050,3050,3050,3050
0,107,24,2914,3042,3042,3042,3042
0,107,25,874,1002,1002,1002,1002
0,107,26,2922,3050,3050,3050,3050
0,107,27,2657,2785,2785,2785,2785
0,107,28,617,745,745,745,745
0,107,29,2665,2793,2793,2793,2793
0,107,30,2657,2785,2785,2785,2785
0,107,31,617,745,745,745,745
0,107,32,2665,2793,2793,2793,2793
0,107,33,2657,2785,2785,2785,2785
0,107,34,617,745,745,745,745
0,107,35,2665,2793,2793,2793,2793
0,107,36,2147,2275,2275,2275,2275
0,107,37,107,107,107,107,107
0,107,38,2155,2283,2283,2283,2283
0,107,39,2147,2275,2275,2275,2275
0,107,40,107,107,107,107,107
0,107,41,2155,2283,2283,2283,2283
0,107,42,2147,2275,2275,2275,2275
0,107,43,107,107,107,107,107
0,107,44,2155,2283,2283,2283,2283
0,107,45,2659,2787,2787,2787,2787
0,107,46,619,747,747,747,747
0,107,47,2667,2795,2795,2795,2795
0,107,48,2659,2787,2787,2787,2787
0,107,49,619,747,747,747,747
0,107,50,2667,2795,2795,2795,2795
0,107,51,2659,2787,2787,2787,2787
0,107,52,619,747,747,747,747
0,107,53,2667,2795,2795,2795,2795
0,107,54,2913,3041,3041,3041,3041
0,107,55,873,1001,1001,1001,1001
0,107,56,2921,3049,3049,3049,3049
0,107,57,2913,3041,3041,3041,3041
0,107,58,873,1001,1001,1001,1001
0,107,59,2921,3049,3049,3049,3049
0,107,60,2913,3041,3041,3041,3041
0,107,61,873,1001,1001,1001,1001
0,107,62,2921,3049,3049,3049,3049
0,107,63,2403,2531,2531,2531,2531
0,107,64,363,363,363,363,363
0,107,65,2411,2539,2539,2539,2539
0,107,66,2403,2531,2531,2531,2531
0,107,67,363,363,363,363,363
0,107,68,2411,2539,2539,2539,2539
0,107,69,2403,2531,2531,2531,2531
0,107,70,363,363,363,363,363
0,107,71,2411,2539,2539,2539,2539
0,107,72,2915,3043,3043,3043,3043
0,107,73,875,1003,1003,1003,1003
0,107,74,2923,3051,3051,3051,3051
0,107,75,2915,3043,3043,3043,3043
0,107,76,875,1003,1003,1003,1003
0,107,77,2923,3051,3051,3051,3051
0,107,78,2915,3043,3043,3043,3043
0,107,79,875,1003,1003,1003,1003
0,107,80,2923,3051,3051,3051,3051
0,108,0,3168,3296,3296,3296,3296
0,108,1,1128,1256,1256,1256,1256
0,108,2,3176,3304,3304,3304,3304
0,108,3,2148,2276,2276,2276,2276
0,108,4,108,108,108,108,108
0,108,5,2156,2284,2284,2284,2284
0,108,6,3172,3300,3300,3300,3300
0,108,7,1132,1260,1260,1260,1260
0,108,8,3180,3308,3308,3308,3308
0,108,9,3168,3296,3296,3296,3296
0,108,10,1128,1256,1256,1256,1256
0,108,11,3176,3304,3304,3304,3304
0,108,12,2148,2276,2276,2276,2276
0,108,13,108,108,108,108,108
0,108,14,2156,2284,2284,2284,2284
0,108,15,3172,3300,3300,3300,3300
0,108,16,1132,1260,1260,1260,1260
0,108,17,3180,3308,3308,3308,3308
0,108,18,3168,3296,3296,3296,3296
0,108,19,1128,1256,1256,1256,1256
0,108,20,3176,3304,3304,3304,3304
0,108,21,2148,2276,2276,2276,2276
0,108,22,108,108,108,108,108
0,108,23,2156,2284,2284,2284,2284
0,108,24,3172,3300,3300,3300,3300
0,108,25,1132,1260,1260,1260,1260
0,108,26,3180,3308,3308,3308,3308
0,108,27,3168,3296,3296,3296,3296
0,108,28,1128,1256,1256,1256,1256
0,108,29,3176,3304,3304,3304,3304
0,108,30,2148,2276,2276,2276,2276
0,108,31,108,108,108,108,108
0,108,32,2156,2284,2284,2284,2284
0,108,33,3172,3300,3300,3300,3300
0,108,34,1132,1260,1260,1260,1260
0,108,35,3180,3308,3308,3308,3308
0,108,36,3168,3296,3296,3296,3296
0,108,37,1128,1256,1256,1256,1256
0,108,38,3176,3304,3304,3304,3304
0,108,39,2148,2276,2276,2276,2276
0,108,40,108,108,108,108,108
0,108,41,2156,2284,2284,2284,2284
0,108,42,3172,3300,3300,3300,3300
0,108,43,1132,1260,1260,1260,1260
0,108,44,3180,3308,3308,3308,3308
0,108,45,3168,3296,3296,3296,3296
0,108,46,1128,1256,1256,1256,1256
0,108,47,3176,3304,3304,3304,3304
0,108,48,2148,2276,2276,2276,2276
0,108,49,108,108,108,108,108
0,108,50,2156,2284,2284,2284,2284
0,108,51,3172,3300,3300,3300,3300
0,108,52,1132,1260,1260,1260,1260
0,108,53,3180,3308,3308,3308,3308
0,108,54,3168,3296,3296,3296,3296
0,108,55,1128,1256,1256,1256,1256
0,108,56,3176,3304,3304,3304,3304
0,108,57,2148,2276,2276,2276,2276
0,108,58,108,108,108,108,108
0,108,59,2156,2284,2284,2284,2284
0,108,60,3172,3300,3300,3300,3300
0,108,61,1132,1260,1260,1260,1260
0,108,62,3180,3308,3308,3308,3308
0,108,63,3168,3296,3296,3296,3296
0,108,64,1128,1256,1256,1256,1256
0,108,65,3176,3304,3304,3304,3304
0,108,66,2148,2276,2276,2276,2276
0,108,67,108,108,108,108,108
0,108,68,2156,2284,2284,2284,2284
0,108,69,3172,3300,3300,3300,3300
0,108,70,1132,1260,1260,1260,1260
0,108,71,3180,3308,3308,3308,3308
0,108,72,3168,3296,3296,3296,3296
0,108,73,1128,1256,1256,1256,1256
0,108,74,3176,3304,3304,3304,3304
0,108,75,2148,2276,2276,2276,2276
0,108,76,108,108,108,108,108
0,108,77,2156,2284,2284,2284,2284
0,108,78,3172,3300,3300,3300,3300
0,108,79,1132,1260,1260,1260,1260
0,108,80,3180,3308,3308,3308,3308
0,109,0,3424,3552,3552,3552,3552
0,109,1,1384,1512,1512,1512,1512
0,109,2,3432,3560,3560,3560,3560
0,109,3,2404,2532,2532,2532,2532
0,109,4,364,364,364,364,364
0,109,5,2412,2540,2540,2540,2540
0,109,6,3428,3556,3556,3556,3556
0,109,7,1388,1516,1516,1516,1516
0,109,8,3436,3564,3564,3564,3564
0,109,9,3424,3552,3552,3552,3552
0,109,10,1384,1512,1512,1512,1512
0,109,11,3432,3560,3560,3560,3560
0,109,12,2404,2532,2532,2532,2532
0,109,13,364,364,364,364,364
0,109,14,2412,2540,2540,2540,2540
0,109,15,3428,3556,3556,3556,3556
0,109,16,1388,1516,1516,1516,1516
0,109,17,3436,3564,3564,3564,3564
0,109,18,3424,3552,3552,3552,3552
0,109,19,1384,1512,1512,1512,1512
0,109,20,3432,3560,3560,3560,3560
0,109,21,2404,2532,2532,2532,2532
0,109,22,364,364,364,364,364
0,109,23,2412,2540,2540,2540,2540
0,109,24,3428,3556,3556,3556,3556
0,109,25,1388,1516,1516,1516,1516
0,109,26,3436,3564,3564,3564,3564
0,109,27,3169,3297,3297,3297,3297
0,109,28,1129,1257,1257,1257,1257
0,109,29,3177,3305,3305,3305,3305
0,109,30,2149,2277,2277,2277,2277
0,109,31,109,109,109,109,109
0,109,32,2157,2285,2285,2285,2285
0,109,33,3173,3301,3301,3301,3301
0,109,34,1133,1261,1261,1261,1261
0,109,35,3181,3309,3309,3309,3309
0,109,36,3169,3297,3297,3297,3297
0,109,37,1129,1257,1257,1257,1257
0,109,38,3177,3305,3305,3305,3305
0,109,39,2149,2277,2277,2277,2277
0,109,40,109,109,109,109,109
0,109,41,2157,2285,2285,2285,2285
0,109,42,3173,3301,3301,3301,3301
0,109,43,1133,1261,1261,1261,1261
0,109,44,3181,3309,3309,3309,3309
0,109,45,3169,3297,3297,3297,3297
0,109,46,1129,1257,1257,1257,1257
0,109,47,3177,3305,3305,3305,3305
0,109,48,2149,2277,2277,2277,2277
0,109,49,109,109,109,109,109
0,109,50,2157,2285,2285,2285,2285
0,109,51,3173,3301,3301,3301,3301
0,109,52,1133,1261,1261,1261,1261
0,109,53,3181,3309,3309,3309,3309
0,109,54,3425,3553,3553,3553,3553
0,109,55,1385,1513,1513,1513,1513
0,109,56,3433,3561,3561,3561,3561
0,109,57,2405,2533,2533,2533,2533
0,109,58,365,365,365,365,365
0,109,59,2413,2541,2541,2541,2541
0,109,60,3429,3557,3557,3557,3557
0,109,61,1389,1517,1517,1517,1517
0,109,62,3437,3565,3565,3565,3565
0,109,63,3425,3553,3553,3553,3553
0,109,64,1385,1513,1513,1513,1513
0,109,65,3433,3561,3561,3561,3561
0,109,66,2405,2533,2533,2533,2533
0,109,67,365,365,365,365,365
0,109,68,2413,2541,2541,2541,2541
0,109,69,3429,3557,3557,3557,3557
0,109,70,1389,1517,1517,1517,1517
0,109,71,3437,3565,3565,3565,3565
0,109,72,3425,3553,3553,3553,3553
0,109,73,1385,1513,1513,1513,1513
0,109,74,3433,3561,3561,3561,3561
0,109,75,2405,2533,2533,2533,2533
0,109,76,365,365,365,365,365
0,109,77,2413,2541,2541,2541,2541
0,109,78,3429,3557,3557,3557,3557
0,109,79,1389,1517,1517,1517,1517
0,109,80,3437,3565,3565,3565,3565
0,110,0,3680,3808,3808,3808,3808
0,110,1,1640,1768,1768,1768,1768
0,110,2,3688,3816,3816,3816,3816
0,110,3,2660,2788,2788,2788,2788
0,110,4,620,748,748,748,748
0,110,5,2668,2796,2796,2796,2796
0,110,6,3684,3812,3812,3812,3812
0,110,7,1644,1772,1772,1772,1772
0,110,8,3692,3820,3820,3820,3820
0,110,9,3170,3298,3298,3298,3298
0,110,10,1130,1258,1258,1258,1258
0,110,11,3178,3306,3306,3306,3306
0,110,12,2150,2278,2278,2278,2278
0,110,13,110,110,110,110,110
0,110,14,2158,2286,2286,2286,2286
0,110,15,3174,3302,3302,3302,3302
0,110,16,1134,1262,1262,1262,1262
0,110,17,3182,3310,3310,3310,3310
0,110,18,3682,3810,3810,3810,3810
0,110,19,1642,1770,1770,1770,1770
0,110,20,3690,3818,3818,3818,3818
0,110,21,2662,2790,2790,2790,2790
0,110,22,622,750,750,750,750
0,110,23,2670,2798,2798,2798,2798
0,110,24,3686,3814,3814,3814,3814
0,110,25,1646,1774,1774,1774,1774
0,110,26,3694,3822,3822,3822,3822
0,110,27,3680,3808,3808,3808,3808
0,110,28,1640,1768,1768,1768,1768
0,110,29,3688,3816,3816,3816,3816
0,110,30,2660,2788,2788,2788,2788
0,110,31,620,748,748,748,748
0,110,32,2668,2796,2796,2796,2796
0,110,33,3684,3812,3812,3812,3812
0,110,34,1644,1772,1772,1772,1772
0,110,35,3692,3820,3820,3820,3820
0,110,36,3170,3298,3298,3298,3298
0,110,37,1130,1258,1258,1258,1258
0,110,38,3178,3306,3306,3306,3306
0,110,39,2150,2278,2278,2278,2278
0,110,40,110,110,110,110,110
0,110,41,2158,2286,2286,2286,2286
0,110,42,3174,3302,3302,3302,3302
0,110,43,1134,1262,1262,1262,1262
0,110,44,3182,3310,3310,3310,3310
0,110,45,3682,3810,3810,3810,3810
0,110,46,1642,1770,1770,1770,1770
0,110,47,3690,3818,3818,3818,3818
0,110,48,2662,2790,2790,2790,2790
0,110,49,622,750,750,750,750
0,110,50,2670,2798,2798,2798,2798
0,110,51,3686,3814,3814,3814,3814
0,110,52,1646,1774,1774,1774,1774
0,110,53,3694,3822,3822,3822,3822
0,110,54,3680,3808,3808,3808,3808
0,110,55,1640,1768,1768,1768,1768
0,110,56,3688,3816,3816,3816,3816
0,110,57,2660,2788,2788,2788,2788
0,110,58,620,748,748,748,748
0,110,59,2668,2796,2796,2796,2796
0,110,60,3684,3812,3812,3812,3812
0,110,61,1644,1772,1772,1772,1772
0,110,62,3692,3820,3820,3820,3820
0,110,63,3170,3298,3298,3298,3298
0,110,64,1130,1258,1258,1258,1258
0,110,65,3178,3306,3306,3306,3306
0,110,66,2150,2278,2278,2278,2278
0,110,67,110,110,110,110,110
0,110,68,2158,2286,2286,2286,2286
0,110,69,3174,3302,3302,3302,3302
0,110,70,1134,1262,1262,1262,1262
0,110,71,3182,3310,3310,3310,3310
0,110,72,3682,3810,3810,3810,3810
0,110,73,1642,1770,1770,1770,1770
0,110,74,3690,3818,3818,3818,3818
0,110,75,2662,2790,2790,2790,2790
0,110,76,622,750,750,750,750
0,110,77,2670,2798,2798,2798,2798
0,110,78,3686,3814,3814,3814,3814
0,110,79,1646,1774,1774,1774,1774
0,110,80,3694,3822,3822,3822,3822
0,111,0,3936,4064,4064,4064,4064
0,111,1,1896,2024,2024,2024,2024
0,111,2,3944,4072,4072,4072,4072
0,111,3,2916,3044,3044,3044,3044
0,111,4,876,1004,1004,1004,1004
0,111,5,2924,3052,3052,3052,3052
0,111,6,3940,4068,4068,4068,4068
0,111,7,1900,2028,2028,2028,2028
0,111,8,3948,4076,4076,4076,4076
0,111,9,3426,3554,3554,3554,3554
0,111,10,1386,1514,1514,1514,1514
0,111,11,3434,3562,3562,3562,3562
0,111,12,2406,2534,2534,2534,2534
0,111,13,366,366,366,366,366
0,111,14,2414,2542,2542,2542,2542
0,111,15,3430,3558,3558,3558,3558
0,111,16,1390,1518,1518,1518,1518
0,111,17,3438,3566,3566,3566,3566
0,111,18,3938,4066,4066,4066,4066
0,111,19,1898,2026,2026,2026,2026
0,111,20,3946,4074,4074,4074,4074
0,111,21,2918,3046,3046,3046,3046
0,111,22,878,1006,1006,1006,1006
0,111,23,2926,3054,3054,3054,3054
0,111,24,3942,4070,4070,4070,4070
0,111,25,1902,2030,2030,2030,2030
0,111,26,3950,4078,4078,4078,4078
0,111,27,3681,3809,3809,3809,3809
0,111,28,1641,1769,1769,1769,1769
0,111,29,3689,3817,3817,3817,3817
0,111,30,2661,2789,2789,2789,2789
0,111,31,621,749,749,749,749
0,111,32,2669,2797,2797,2797,2797
0,111,33,3685,3813,3813,3813,3813
0,111,34,1645,1773,1773,1773,1773
0,111,35,3693,3821,3821,3821,3821
0,111,36,3171,3299,3299,3299,3299
0,111,37,1131,1259,1259,1259,1259
0,111,38,3179,3307,3307,3307,3307
0,111,39,2151,2279,2279,2279,2279
0,111,40,111,111,111,111,111
0,111,41,2159,2287,2287,2287,2287
0,111,42,3175,3303,3303,3303,3303
0,111,43,1135,1263,1263,1263,1263
0,111,44,3183,3311,3311,3311,3311
0,111,45,3683,3811,3811,3811,3811
0,111,46,1643,1771,1771,1771,1771
0,111,47,3691,3819,3819,3819,3819
0,111,48,2663,2791,2791,2791,2791
0,111,49,623,751,751,751,751
0,111,50,2671,2799,2799,2799,2799
0,111,51,3687,3815,3815,3815,3815
0,111,52,1647,1775,1775,1775,1775
0,111,53,3695,3823,3823,3823,3823
0,111,54,3937,4065,4065,4065,4065
0,111,55,1897,2025,2025,2025,2025
0,111,56,3945,4073,4073,4073,4073
0,111,57,2917,3045,3045,3045,3045
0,111,58,877,1005,1005,1005,1005
0,111,59,2925,3053,3053,3053,3053
0,111,60,3941,4069,4069,4069,4069
0,111,61,1901,2029,2029,2029,2029
0,111,62,3949,4077,4077,4077,4077
0,111,63,3427,3555,3555,3555,3555
0,111,64,1387,1515,1515,1515,1515
0,111,65,3435,3563,3563,3563,3563
0,111,66,2407,2535,2535,2535,2535
0,111,67,367,367,367,367,367
0,111,68,2415,2543,2543,2543,2543
0,111,69,3431,3559,3559,3559,3559
0,111,70,1391,1519,1519,1519,1519
0,111,71,3439,3567,3567,3567,3567
0,111,72,3939,4067,4067,4067,4067
0,111,73,1899,2027,2027,2027,2027
0,111,74,3947,4075,4075,4075,4075
0,111,75,2919,3047,3047,3047,3047
0,111,76,879,1007,1007,1007,1007
0,111,77,2927,3055,3055,3055,3055
0,111,78,3943,4071,4071,4071,4071
0,111,79,1903,2031,2031,2031,2031
0,111,80,3951,4079,4079,4079,4079
0,112,0,112,112,112,112,112
0,112,1,112,112,112,112,112
0,112,2,112,112,112,112,112
0,112,3,112,112,112,112,112
0,112,4,112,112,112,112,112
0,112,5,112,112,112,112,112
0,112,6,112,112,112,112,112
0,112,7,112,112,112,112,112
0,112,8,112,112,112,112,112
0,112,9,112,112,112,112,112
0,112,10,112,112,112,112,112
0,112,11,112,112,112,112,112
0,112,12,112,112,112,112,112
0,112,13,112,112,112,112,112
0,112,14,112,112,112,112,112
0,112,15,112,112,112,112,112
0,112,16,112,112,112,112,112
0,112,17,112,112,112,112,112
0,112,18,112,112,112,112,112
0,112,19,112,112,112,112,112
0,112,20,112,112,112,112,112
0,112,21,112,112,112,112,112
0,112,22,112,112,112,112,112
0,112,23,112,112,112,112,112
0,112,24,112,112,112,112,112
0,112,25,112,112,112,112,112
0,112,26,112,112,112,112,112
0,112,27,112,112,112,112,112
0,112,28,112,112,112,112,112
0,112,29,112,112,112,112,112
0,112,30,112,112,112,112,112
0,112,31,112,112,112,112,112
0,112,32,112,112,112,112,112
0,112,33,112,112,112,112,112
0,112,34,112,112,112,112,112
0,112,35,112,112,112,112,112
0,112,36,112,112,112,112,112
0,112,37,112,112,112,112,112
0,112,38,112,112,112,112,112
0,112,39,112,112,112,112,112
0,112,40,112,112,112,112,112
0,112,41,112,112,112,112,112
0,112,42,112,112,112,112,112
0,112,43,112,112,112,112,112
0,112,44,112,112,112,112,112
0,112,45,112,112,112,112,112
0,112,46,112,112,112,112,112
0,112,47,112,112,112,112,112
0,112,48,112,112,112,112,112
0,112,49,112,112,112,112,112
0,112,50,112,112,112,112,112
0,112,51,112,112,112,112,112
0,112,52,112,112,112,112,112
0,112,53,112,112,112,112,112
0,112,54,112,112,112,112,112
0,112,55,112,112,112,112,112
0,112,56,112,112,112,112,112
0,112,57,112,112,112,112,112
0,112,58,112,112,112,112,112
0,112,59,112,112,112,112,112
0,112,60,112,112,112,112,112
0,112,61,112,112,112,112,112
0,112,62,112,112,112,112,112
0,112,63,112,112,112,112,112
0,112,64,112,112,112,112,112
0,112,65,112,112,112,112,112
0,112,66,112,112,112,112,112
0,112,67,112,112,112,112,112
0,112,68,112,112,112,112,112
0,112,69,112,112,112,112,112
0,112,70,112,112,112,112,112
0,112,71,112,112,112,112,112
0,112,72,112,112,112,112,112
0,112,73,112,112,112,112,112
0,112,74,112,112,112,112,112
0,112,75,112,112,112,112,112
0,112,76,112,112,112,112,112
0,112,77,112,112,112,112,112
0,112,78,112,112,112,112,112
0,112,79,112,112,112,112,112
0,112,80,112,112,112,112,112
0,113,0,368,368,368,368,368
0,113,1,368,368,368,368,368
0,113,2,368,368,368,368,368
0,113,3,368,368,368,368,368
0,113,4,368,368,368,368,368
0,113,5,368,368,368,368,368
0,113,6,368,368,368,368,368
0,113,7,368,368,368,368,368
0,113,8,368,368,368,368,368
0,113,9,368,368,368,368,368
0,113,10,368,368,368,368,368
0,113,11,368,368,368,368,368
0,113,12,368,368,368,368,368
0,113,13,368,368,368,368,368
0,113,14,368,368,368,368,368
0,113,15,368,368,368,368,368
0,113,16,368,368,368,368,368
0,113,17,368,368,368,368,368
0,113,18,368,368,368,368,368
0,113,19,368,368,368,368,368
0,113,20,368,368,368,368,368
0,113,21,368,368,368,368,368
0,113,22,368,368,368,368,368
0,113,23,368,368,368,368,368
0,113,24,368,368,368,368,368
0,113,25,368,368,368,368,368
0,113,26,368,368,368,368,368
0,113,27,113,113,113,113,113
0,113,28,113,113,113,113,113
0,113,29,113,113,113,113,113
0,113,30,113,113,113,113,113
0,113,31,113,113,113,113,113
0,113,32,113,113,113,113,113
0,113,33,113,113,113,113,113
0,113,34,113,113,113,113,113
0,113,35,113,113,113,113,113
0,113,36,113,113,113,113,113
0,113,37,113,113,113,113,113
0,113,38,113,113,113,113,113
0,113,39,113,113,113,113,113
0,113,40,113,113,113,113,113
0,113,41,113,113,113,113,113
0,113,42,113,113,113,113,113
0,113,43,113,113,113,113,113
0,113,44,113,113,113,113,113
0,113,45,113,113,113,113,113
0,113,46,113,113,113,113,113
0,113,47,113,113,113,113,113
0,113,48,113,113,113,113,113
0,113,49,113,113,113,113,113
0,113,50,113,113,113,113,113
0,113,51,113,113,113,113,113
0,113,52,113,113,113,113,113
0,113,53,113,113,113,113,113
0,113,54,369,369,369,369,369
0,113,55,369,369,369,369,369
0,113,56,369,369,369,369,369
0,113,57,369,369,369,369,369
0,113,58,369,369,369,369,369
0,113,59,369,369,369,369,369
0,113,60,369,369,369,369,369
0,113,61,369,369,369,369,369
0,113,62,369,369,369,369,369
0,113,63,369,369,369,369,369
0,113,64,369,369,369,369,369
0,113,65,369,369,369,369,369
0,113,66,369,369,369,369,369
0,113,67,369,369,369,369,369
0,113,68,369,369,369,369,369
0,113,69,369,369,369,369,369
0,113,70,369,369,369,369,369
0,113,71,369,369,369,369,369
0,113,72,369,369,369,369,369
0,113,73,369,369,369,369,369
0,113,74,369,369,369,369,369
0,113,75,369,369,369,369,369
0,113,76,369,369,369,369,369
0,113,77,369,369,369,369,369
0,113,78,369,369,369,369,369
0,113,79,369,369,369,369,369
0,113,80,369,369,369,369,369
0,114,0,624,752,752,752,752
0,114,1,624,752,752,752,752
0,114,2,624,752,752,752,752
0,114,3,624,752,752,752,752
0,114,4,624,752,752,752,752
0,114,5,624,752,752,752,752
0,114,6,624,752,752,752,752
0,114,7,624,752,752,752,752
0,114,8,624,752,752,752,752
0,114,9,114,114,114,114,114
0,114,10,114,114,114,114,114
0,114,11,114,114,114,114,114
0,114,12,114,114,114,114,114
0,114,13,114,114,114,114,114
0,114,14,114,114,114,114,114
0,114,15,114,114,114,114,114
0,114,16,114,114,114,114,114
0,114,17,114,114,114,114,114
0,114,18,626,754,754,754,754
0,114,19,626,754,754,754,754
0,114,20,626,754,754,754,754
0,114,21,626,754,754,754,754
0,114,22,626,754,754,754,754
0,114,23,626,754,754,754,754
0,114,24,626,754,754,754,754
0,114,25,626,754,754,754,754
0,114,26,626,754,754,754,754
0,114,27,624,752,752,752,752
0,114,28,624,752,752,752,752
0,114,29,624,752,752,752,752
0,114,30,624,752,752,752,752
0,114,31,624,752,752,752,752
0,114,32,624,752,752,752,752
0,114,33,624,752,752,752,752
0,114,34,624,752,752,752,752
0,114,35,624,752,752,752,752
0,114,36,114,114,114,114,114
0,114,37,114,114,114,114,114
0,114,38,114,114,114,114,114
0,114,39,114,114,114,114,114
0,114,40,114,114,114,114,114
0,114,41,114,114,114,114,114
0,114,42,114,114,114,114,114
0,114,43,114,114,114,114,114
0,114,44,114,114,114,114,114
0,114,45,626,754,754,754,754
0,114,46,626,754,754,754,754
0,114,47,626,754,754,754,754
0,114,48,626,754,754,754,754
0,114,49,626,754,754,754,754
0,114,50,626,754,754,754,754
0,114,51,626,754,754,754,754
0,114,52,626,754,754,754,754
0,114,53,626,754,754,754,754
0,114,54,624,752,752,752,752
0,114,55,624,752,752,752,752
0,114,56,624,752,752,752,752
0,114,57,624,752,752,752,752
0,114,58,624,752,752,752,752
0,114,59,624,752,752,752,752
0,114,60,624,752,752,752,752
0,114,61,624,752,752,752,752
0,114,62,624,752,752,752,752
0,114,63,114,114,114,114,114
0,114,64,114,114,114,114,114
0,114,65,114,114,114,114,114
0,114,66,114,114,114,114,114
0,114,67,114,114,114,114,114
0,114,68,114,114,114,114,114
0,114,69,114,114,114,114,114
0,114,70,114,114,114,114,114
0,114,71,114,114,114,114,114
0,114,72,626,754,754,754,754
0,114,73,626,754,754,754,754
0,114,74,626,754,754,754,754
0,114,75,626,754,754,754,754
0,114,76,626,754,754,754,754
0,114,77,626,754,754,754,754
0,114,78,626,754,754,754,754
0,114,79,626,754,754,754,754
0,114,80,626,754,754,754,754
0,115,0,880,1008,1008,1008,1008
0,115,1,880,1008,1008,1008,1008
0,115,2,880,1008,1008,1008,1008
0,115,3,880,1008,1008,1008,1008
0,115,4,880,1008,1008,1008,1008
0,115,5,880,1008,1008,1008,1008
0,115,6,880,1008,1008,1008,1008
0,115,7,880,1008,1008,1008,1008
0,115,8,880,1008,1008,1008,1008
0,115,9,370,370,370,370,370
0,115,10,370,370,370,370,370
0,115,11,370,370,370,370,370
0,115,12,370,370,370,370,370
0,115,13,370,370,370,370,370
0,115,14,370,370,370,370,370
0,115,15,370,370,370,370,370
0,115,16,370,370,370,370,370
0,115,17,370,370,370,370,370
0,115,18,882,1010,1010,1010,1010
0,115,19,882,1010,1010,1010,1010
0,115,20,882,1010,1010,1010,1010
0,115,21,882,1010,1010,1010,1010
0,115,22,882,1010,1010,1010,1010
0,115,23,882,1010,1010,1010,1010
0,115,24,882,1010,1010,1010,1010
0,115,25,882,1010,1010,1010,1010
0,115,26,882,1010,1010,1010,1010
0,115,27,625,753,753,753,753
0,115,28,625,753,753,753,753
0,115,29,625,753,753,753,753
0,115,30,625,753,753,753,753
0,115,31,625,753,753,753,753
0,115,32,625,753,753,753,753
0,115,33,625,753,753,753,753
0,115,34,625,753,753,753,753
0,115,35,625,753,753,753,753
0,115,36,115,115,115,115,115
0,115,37,115,115,115,115,115
0,115,38,115,115,115,115,115
0,115,39,115,115,115,115,115
0,115,40,115,115,115,115,115
0,115,41,115,115,115,115,115
0,115,42,115,115,115,115,115
0,115,43,115,115,115,115,115
0,115,44,115,115,115,115,115
0,115,45,627,755,755,755,755
0,115,46,627,755,755,755,755
0,115,47,627,755,755,755,755
0,115,48,627,755,755,755,755
0,115,49,627,755,755,755,755
0,115,50,627,755,755,755,755
0,115,51,627,755,755,755,755
0,115,52,627,755,755,755,755
0,115,53,627,755,755,755,755
0,115,54,881,1009,1009,1009,1009
0,115,55,881,1009,1009,1009,1009
0,115,56,881,1009,1009,1009,1009
0,115,57,881,1009,1009,1009,1009
0,115,58,881,1009,1009,1009,1009
0,115,59,881,1009,1009,1009,1009
0,115,60,881,1009,1009,1009,1009
0,115,61,881,1009,1009,1009,1009
0,115,62,881,1009,1009,1009,1009
0,115,63,371,371,371,371,371
0,115,64,371,371,371,371,371
0,115,65,371,371,371,371,371
0,115,66,371,371,371,371,371
0,115,67,371,371,371,371,371
0,115,68,371,371,371,371,371
0,115,69,371,371,371,371,371
0,115,70,371,371,371,371,371
0,115,71,371,371,371,371,371
0,115,72,883,1011,1011,1011,1011
0,115,73,883,1011,1011,1011,1011
0,115,74,883,1011,1011,1011,1011
0,115,75,883,1011,1011,1011,1011
0,115,76,883,1011,1011,1011,1011
0,115,77,883,1011,1011,1011,1011
0,115,78,883,1011,1011,1011,1011
0,115,79,883,1011,1011,1011,1011
0,115,80,883,1011,1011,1011,1011
0,116,0,1136,1264,1264,1264,1264
0,116,1,1136,1264,1264,1264,1264
0,116,2,1136,1264,1264,1264,1264
0,116,3,116,116,116,116,116
0,116,4,116,116,116,116,116
0,116,5,116,116,116,116,116
0,116,6,1140,1268,1268,1268,1268
0,116,7,1140,1268,1268,1268,1268
0,116,8,1140,1268,1268,1268,1268
0,116,9,1136,1264,1264,1264,1264
0,116,10,1136,1264,1264,1264,1264
0,116,11,1136,1264,1264,1264,1264
0,116,12,116,116,116,116,116
0,116,13,116,116,116,116,116
0,116,14,116,116,116,116,116
0,116,15,1140,1268,1268,1268,1268
0,116,16,1140,1268,1268,1268,1268
0,116,17,1140,1268,1268,1268,1268
0,116,18,1136,1264,1264,1264,1264
0,116,19,1136,1264,1264,1264,1264
0,116,20,1136,1264,1264,1264,1264
0,116,21,116,116,116,116,116
0,116,22,116,116,116,116,116
0,116,23,116,116,116,116,116
0,116,24,1140,1268,1268,1268,1268
0,116,25,1140,1268,1268,1268,1268
0,116,26,1140,1268,1268,1268,1268
0,116,27,1136,1264,1264,1264,1264
0,116,28,1136,1264,1264,1264,1264
0,116,29,1136,1264,1264,1264,1264
0,116,30,116,116,116,116,116
0,116,31,116,116,116,116,116
0,116,32,116,116,116,116,116
0,116,33,1140,1268,1268,1268,1268
0,116,34,1140,1268,1268,1268,1268
0,116,35,1140,1268,1268,1268,1268
0,116,36,1136,1264,1264,1264,1264
0,116,37,1136,1264,1264,1264,1264
0,116,38,1136,1264,1264,1264,1264
0,116,39,116,116,116,116,116
0,116,40,116,116,116,116,116
0,116,41,116,116,116,116,116
0,116,42,1140,1268,1268,1268,1268
0,116,43,1140,1268,1268,1268,1268
0,116,44,1140,1268,1268,1268,1268
0,116,45,1136,1264,1264,1264,1264
0,116,46,1136,1264,1264,1264,1264
0,116,47,1136,1264,1264,1264,1264
0,116,48,116,116,116,116,116
0,116,49,116,116,116,116,116
0,116,50,116,116,116,116,116
0,116,51,1140,1268,1268,1268,1268
0,116,52,1140,1268,1268,1268,1268
0,116,53,1140,1268,1268,1268,1268
0,116,54,1136,1264,1264,1264,1264
0,116,55,1136,1264,1264,1264,1264
0,116,56,1136,1264,1264,1264,1264
0,116,57,116,116,116,116,116
0,116,58,116,116,116,116,116
0,116,59,116,116,116,116,116
0,116,60,1140,1268,1268,1268,1268
0,116,61,1140,1268,1268,1268,1268
0,116,62,1140,1268,1268,1268,1268
0,116,63,1136,1264,1264,1264,1264
0,116,64,1136,1264,1264,1264,1264
0,116,65,1136,1264,1264,1264,1264
0,116,66,116,116,116,116,116
0,116,67,116,116,116,116,116
0,116,68,116,116,116,116,116
0,116,69,1140,1268,1268,1268,1268
0,116,70,1140,1268,1268,1268,1268
0,116,71,1140,1268,1268,1268,1268
0,116,72,1136,1264,1264,1264,1264
0,116,73,1136,1264,1264,1264,1264
0,116,74,1136,1264,1264,1264,1264
0,116,75,116,116,116,116,116
0,116,76,116,116,116,116,116
0,116,77,116,116,116,116,116
0,116,78,1140,1268,1268,1268,1268
0,116,79,1140,1268,1268,1268,1268
0,116,80,1140,1268,1268,1268,1268
0,117,0,1392,1520,1520,1520,1520
0,117,1,1392,1520,1520,1520,1520
0,117,2,1392,1520,1520,1520,1520
0,117,3,372,372,372,372,372
0,117,4,372,372,372,372,372
0,117,5,372,372,372,372,372
0,117,6,1396,1524,1524,1524,1524
0,117,7,1396,1524,1524,1524,1524
0,117,8,1396,1524,1524,1524,1524
0,117,9,1392,1520,1520,1520,1520
0,117,10,1392,1520,1520,1520,1520
0,117,11,1392,1520,1520,1520,1520
0,117,12,372,372,372,372,372
0,117,13,372,372,372,372,372
0,117,14,372,372,372,372,372
0,117,15,1396,1524,1524,1524,1524
0,117,16,1396,1524,1524,1524,1524
0,117,17,1396,1524,1524,1524,1524
0,117,18,1392,1520,1520,1520,1520
0,117,19,1392,1520,1520,1520,1520
0,117,20,1392,1520,1520,1520,1520
0,117,21,372,372,372,372,372
0,117,22,372,372,372,372,372
0,117,23,372,372,372,372,372
0,117,24,1396,1524,1524,1524,1524
0,117,25,1396,1524,1524,1524,1524
0,117,26,1396,1524,1524,1524,1524
0,117,27,1137,1265,1265,1265,1265
0,117,28,1137,1265,1265,1265,1265
0,117,29,1137,1265,1265,1265,1265
0,117,30,117,117,117,117,117
0,117,31,117,117,117,117,117
0,117,32,117,117,117,117,117
0,117,33,1141,1269,1269,1269,1269
0,117,34,1141,1269,1269,1269,1269
0,117,35,1141,1269,1269,1269,1269
0,117,36,1137,1265,1265,1265,1265
0,117,37,1137,1265,1265,1265,1265
0,117,38,1137,1265,1265,1265,1265
0,117,39,117,117,117,117,117
0,117,40,117,117,117,117,117
0,117,41,117,117,117,117,117
0,117,42,1141,1269,1269,1269,1269
0,117,43,1141,1269,1269,1269,1269
0,117,44,1141,1269,1269,1269,1269
0,117,45,1137,1265,1265,1265,1265
0,117,46,1137,1265,1265,1265,1265
0,117,47,1137,1265,1265,1265,1265
0,117,48,117,117,117,117,117
0,117,49,117,117,117,117,117
0,117,50,117,117,117,117,117
0,117,51,1141,1269,1269,1269,1269
0,117,52,1141,1269,1269,1269,1269
0,117,53,1141,1269,1269,1269,1269
0,117,54,1393,1521,1521,1521,1521
0,117,55,1393,1521,1521,1521,1521
0,117,56,1393,1521,1521,1521,1521
0,117,57,373,373,373,373,373
0,117,58,373,373,373,373,373
0,117,59,373,373,373,373,373
0,117,60,1397,1525,1525,1525,1525
0,117,61,1397,1525,1525,1525,1525
0,117,62,1397,1525,1525,1525,1525
0,117,63,1393,1521,1521,1521,1521
0,117,64,1393,1521,1521,1521,1521
0,117,65,1393,1521,1521,1521,1521
0,117,66,373,373,373,373,373
0,117,67,373,373,373,373,373
0,117,68,373,373,373,373,373
0,117,69,1397,1525,1525,1525,1525
0,117,70,1397,1525,1525,1525,1525
0,117,71,1397,1525,1525,1525,1525
0,117,72,1393,1521,1521,1521,1521
0,117,73,1393,1521,1521,1521,1521
0,117,74,1393,1521,1521,1521,1521
0,117,75,373,373,373,373,373
0,117,76,373,373,373,373,373
0,117,77,373,373,373,373,373
0,117,78,1397,1525,1525,1525,1525
0,117,79,1397,1525,1525,1525,1525
0,117,80,1397,1525,1525,1525,1525
0,118,0,1648,3824,3824,3824,3824
0,118,1,1648,1784,1784,1784,1784
0,118,2,1648,3832,3832,3832,3832
0,118,3,628,2804,2804,2804,2804
0,118,4,628,764,764,764,764
0,118,5,628,2812,2812,2812,2812
0,118,6,1652,3828,3828,3828,3828
0,118,7,1652,1788,1788,1788,1788
0,118,8,1652,3836,3836,3836,3836
0,118,9,1138,3314,3314,3314,3314
0,118,10,1138,1274,1274,1274,1274
0,118,11,1138,3322,3322,3322,3322
0,118,12,118,118,118,118,118
0,118,13,118,118,118,118,118
0,118,14,118,118,118,118,118
0,118,15,1142,3318,3318,3318,3318
0,118,16,1142,1278,1278,1278,1278
0,118,17,1142,3326,3326,3326,3326
0,118,18,1650,3826,3826,3826,3826
0,118,19,1650,1786,1786,1786,1786
0,118,20,1650,3834,3834,3834,3834
0,118,21,630,2806,2806,2806,2806
0,118,22,630,766,766,766,766
0,118,23,630,2814,2814,2814,2814
0,118,24,1654,3830,3830,3830,3830
0,118,25,1654,1790,1790,1790,1790
0,118,26,1654,3838,3838,3838,3838
0,118,27,1648,3824,3824,3824,3824
0,118,28,1648,1784,1784,1784,1784
0,118,29,1648,3832,3832,3832,3832
0,118,30,628,2804,2804,2804,2804
0,118,31,628,764,764,764,764
0,118,32,628,2812,2812,2812,2812
0,118,33,1652,3828,3828,3828,3828
0,118,34,1652,1788,1788,1788,1788
0,118,35,1652,3836,3836,3836,3836
0,118,36,1138,3314,3314,3314,3314
0,118,37,1138,1274,1274,1274,1274
0,118,38,1138,3322,3322,3322,3322
0,118,39,118,118,118,118,118
0,118,40,118,118,118,118,118
0,118,41,118,118,118,118,118
0,118,42,1142,3318,3318,3318,3318
0,118,43,1142,1278,1278,1278,1278
0,118,44,1142,3326,3326,3326,3326
0,118,45,1650,3826,3826,3826,3826
0,118,46,1650,1786,1786,1786,1786
0,118,47,1650,3834,3834,3834,3834
0,118,48,630,2806,2806,2806,2806
0,118,49,630,766,766,766,766
0,118,50,630,2814,2814,2814,2814
0,118,51,1654,3830,3830,3830,3830
0,118,52,1654,1790,1790,1790,1790
0,118,53,1654,3838,3838,3838,3838
0,118,54,1648,3824,3824,3824,3824
0,118,55,1648,1784,1784,1784,1784
0,118,56,1648,3832,3832,3832,3832
0,118,57,628,2804,2804,2804,2804
0,118,58,628,764,764,764,764
0,118,59,628,2812,2812,2812,2812
0,118,60,1652,3828,3828,3828,3828
0,118,61,1652,1788,1788,1788,1788
0,118,62,1652,3836,3836,3836,3836
0,118,63,1138,3314,3314,3314,3314
0,118,64,1138,1274,1274,1274,1274
0,118,65,1138,3322,3322,3322,3322
0,118,66,118,118,118,118,118
0,118,67,118,118,118,118,118
0,118,68,118,118,118,118,118
0,118,69,1142,3318,3318,3318,3318
0,118,70,1142,1278,1278,1278,1278
0,118,71,1142,3326,3326,3326,3326
0,118,72,1650,3826,3826,3826,3826
0,118,73,1650,1786,1786,1786,1786
0,118,74,1650,3834,3834,3834,3834
0,118,75,630,2806,2806,2806,2806
0,118,76,630,766,766,766,766
0,118,77,630,2814,2814,2814,2814
0,118,78,1654,3830,3830,3830,3830
0,118,79,1654,1790,1790,1790,1790
0,118,80,1654,3838,3838,3838,3838
0,119,0,1904,4080,4080,4080,4080
0,119,1,1904,2040,2040,2040,2040
0,119,2,1904,4088,4088,4088,4088
0,119,3,884,3060,3060,3060,3060
0,119,4,884,1020,1020,1020,1020
0,119,5,884,3068,3068,3068,3068
0,119,6,1908,4084,4084,4084,4084
0,119,7,1908,2044,2044,2044,2044
0,119,8,1908,4092,4092,4092,4092
0,119,9,1394,3570,3570,3570,3570
0,119,10,1394,1530,1530,1530,1530
0,119,11,1394,3578,3578,3578,3578
0,119,12,374,374,374,374,374
0,119,13,374,374,374,374,374
0,119,14,374,374,374,374,374
0,119,15,1398,3574,3574,3574,3574
0,119,16,1398,1534,1534,1534,1534
0,119,17,1398,3582,3582,3582,3582
0,119,18,1906,4082,4082,4082,4082
0,119,19,1906,2042,2042,2042,2042
0,119,20,1906,4090,4090,4090,4090
0,119,21,886,3062,3062,3062,3062
0,119,22,886,1022,1022,1022,1022
0,119,23,886,3070,3070,3070,3070
0,119,24,1910,4086,4086,4086,4086
0,119,25,1910,2046,2046,2046,2046
0,119,26,1910,4094,4094,4094,4094
0,119,27,1649,3825,3825,3825,3825
0,119,28,1649,1785,1785,1785,1785
0,119,29,1649,3833,3833,3833,3833
0,119,30,629,2805,2805,2805,2805
0,119,31,629,765,765,765,765
0,119,32,629,2813,2813,2813,2813
0,119,33,1653,3829,3829,3829,3829
0,119,34,1653,1789,1789,1789,1789
0,119,35,1653,3837,3837,3837,3837
0,119,36,1139,3315,3315,3315,3315
0,119,37,1139,1275,1275,1275,1275
0,119,38,1139,3323,3323,3323,3323
0,119,39,119,119,119,119,119
0,119,40,119,119,119,119,119
0,119,41,119,119,119,119,119
0,119,42,1143,3319,3319,3319,3319
0,119,43,1143,1279,1279,1279,1279
0,119,44,1143,3327,3327,3327,3327
0,119,45,1651,3827,3827,3827,3827
0,119,46,1651,1787,1787,1787,1787
0,119,47,1651,3835,3835,3835,3835
0,119,48,631,2807,2807,2807,2807
0,119,49,631,767,767,767,767
0,119,50,631,2815,2815,2815,2815
0,119,51,1655,3831,3831,3831,3831
0,119,52,1655,1791,1791,1791,1791
0,119,53,1655,3839,3839,3839,3839
0,119,54,1905,4081,4081,4081,4081
0,119,55,1905,2041,2041,2041,2041
0,119,56,1905,4089,4089,4089,4089
0,119,57,885,3061,3061,3061,3061
0,119,58,885,1021,1021,1021,1021
0,119,59,885,3069,3069,3069,3069
0,119,60,1909,4085,4085,4085,4085
0,119,61,1909,2045,2045,2045,2045
0,119,62,1909,4093,4093,4093,4093
0,119,63,1395,3571,3571,3571,3571
0,119,64,1395,1531,1531,1531,1531
0,119,65,1395,3579,3579,3579,3579
0,119,66,375,375,375,375,375
0,119,67,375,375,375,375,375
0,119,68,375,375,375,375,375
0,119,69,1399,3575,3575,3575,3575
0,119,70,1399,1535,1535,1535,1535
0,119,71,1399,3583,3583,3583,3583
0,119,72,1907,4083,4083,4083,4083
0,119,73,1907,2043,2043,2043,2043
0,119,74,1907,4091,4091,4091,4091
0,119,75,887,3063,3063,3063,3063
0,119,76,887,1023,1023,1023,1023
0,119,77,887,3071,3071,3071,3071
0,119,78,1911,4087,4087,4087,4087
0,119,79,1911,2047,2047,2047,2047
0,119,80,1911,4095,4095,4095,4095
0,120,0,2160,2288,2288,2288,2288
0,120,1,120,120,120,120,120
0,120,2,2168,2296,2296,2296,2296
0,120,3,2160,2288,2288,2288,2288
0,120,4,120,120,120,120,120
0,120,5,2168,2296,2296,2296,2296
0,120,6,2160,2288,2288,2288,2288
0,120,7,120,120,120,120,120
0,120,8,2168,2296,2296,2296,2296
0,120,9,2160,2288,2288,2288,2288
0,120,10,120,120,120,120,120
0,120,11,2168,2296,2296,2296,2296
0,120,12,2160,2288,2288,2288,2288
0,120,13,120,120,120,120,120
0,120,14,2168,2296,2296,2296,2296
0,120,15,2160,2288,2288,2288,2288
0,120,16,120,120,120,120,120
0,120,17,2168,2296,2296,2296,2296
0,120,18,2160,2288,2288,2288,2288
0,120,19,120,120,120,120,120
0,120,20,2168,2296,2296,2296,2296
0,120,21,2160,2288,2288,2288,2288
0,120,22,120,120,120,120,120
0,120,23,2168,2296,2296,2296,2296
0,120,24,2160,2288,2288,2288,2288
0,120,25,120,120,120,120,120
0,120,26,2168,2296,2296,2296,2296
0,120,27,2160,2288,2288,2288,2288
0,120,28,120,120,120,120,120
0,120,29,2168,2296,2296,2296,2296
0,120,30,2160,2288,2288,2288,2288
0,120,31,120,120,120,120,120
0,120,32,2168,2296,2296,2296,2296
0,120,33,2160,2288,2288,2288,2288
0,120,34,120,120,120,120,120
0,120,35,2168,2296,2296,2296,2296
0,120,36,2160,2288,2288,2288,2288
0,120,37,120,120,120,120,120
0,120,38,2168,2296,2296,2296,2296
0,120,39,2160,2288,2288,2288,2288
0,120,40,120,120,120,120,120
0,120,41,2168,2296,2296,2296,2296
0,120,42,2160,2288,2288,2288,2288
0,120,43,120,120,120,120,120
0,120,44,2168,2296,2296,2296,2296
0,120,45,2160,2288,2288,2288,2288
0,120,46,120,120,120,120,120
0,120,47,2168,2296,2296,2296,2296
0,120,48,2160,2288,2288,2288,2288
0,120,49,120,120,120,120,120
0,120,50,2168,2296,2296,2296,2296
0,120,51,2160,2288,2288,2288,2288
0,120,52,120,120,120,120,120
0,120,53,2168,2296,2296,2296,2296
0,120,54,2160,2288,2288,2288,2288
0,120,55,120,120,120,120,120
0,120,56,2168,2296,2296,2296,2296
0,120,57,2160,2288,2288,2288,2288
0,120,58,120,120,120,120,120
0,120,59,2168,2296,2296,2296,2296
0,120,60,2160,2288,2288,2288,2288
0,120,61,120,120,120,120,120
0,120,62,2168,2296,2296,2296,2296
0,120,63,2160,2288,2288,2288,2288
0,120,64,120,120,120,120,120
0,120,65,2168,2296,2296,2296,2296
0,120,66,2160,2288,2288,2288,2288
0,120,67,120,120,120,120,120
0,120,68,2168,2296,2296,2296,2296
0,120,69,2160,2288,2288,2288,2288
0,120,70,120,120,120,120,120
0,120,71,2168,2296,2296,2296,2296
0,120,72,2160,2288,2288,2288,2288
0,120,73,120,120,120,120,120
0,120,74,2168,2296,2296,2296,2296
0,120,75,2160,2288,2288,2288,2288
0,120,76,120,120,120,120,120
0,120,77,2168,2296,2296,2296,2296
0,120,78,2160,2288,2288,2288,2288
0,120,79,120,120,120,120,120
0,120,80,2168,2296,2296,2296,2296
0,121,0,2416,2544,2544,2544,2544
0,121,1,376,376,376,376,376
0,121,2,2424,2552,2552,2552,2552
0,121,3,2416,2544,2544,2544,2544
0,121,4,376,376,376,376,376
0,121,5,2424,2552,2552,2552,2552
0,121,6,2416,2544,2544,2544,2544
0,121,7,376,376,376,376,376
0,121,8,2424,2552,2552,2552,2552
0,121,9,2416,2544,2544,2544,2544
0,121,10,376,376,376,376,376
0,121,11,2424,2552,2552,2552,2552
0,121,12,2416,2544,2544,2544,2544
0,121,13,376,376,376,376,376
0,121,14,2424,2552,2552,2552,2552
0,121,15,2416,2544,2544,2544,2544
0,121,16,376,376,376,376,376
0,121,17,2424,2552,2552,2552,2552
0,121,18,2416,2544,2544,2544,2544
0,121,19,376,376,376,376,376
0,121,20,2424,2552,2552,2552,2552
0,121,21,2416,2544,2544,2544,2544
0,121,22,376,376,376,376,376
0,121,23,2424,2552,2552,2552,2552
0,121,24,2416,2544,2544,2544,2544
0,121,25,376,376,376,376,376
0,121,26,2424,2552,2552,2552,2552
0,121,27,2161,2289,2289,2289,2289
0,121,28,121,121,121,121,121
0,121,29,2169,2297,2297,2297,2297
0,121,30,2161,2289,2289,2289,2289
0,121,31,121,121,121,121,121
0,121,32,2169,2297,2297,2297,2297
0,121,33,2161,2289,2289,2289,2289
0,121,34,121,121,121,121,121
0,121,35,2169,2297,2297,2297,2297
0,121,36,2161,2289,2289,2289,2289
0,121,37,121,121,121,121,121
0,121,38,2169,2297,2297,2297,2297
0,121,39,2161,2289,2289,2289,2289
0,121,40,121,121,121,121,121
0,121,41,2169,2297,2297,2297,2297
0,121,42,2161,2289,2289,2289,2289
0,121,43,121,121,121,121,121
0,121,44,2169,2297,2297,2297,2297
0,121,45,2161,2289,2289,2289,2289
0,121,46,121,121,121,121,121
0,121,47,2169,2297,2297,2297,2297
0,121,48,2161,2289,2289,2289,2289
0,121,49,121,121,121,121,121
0,121,50,2169,2297,2297,2297,2297
0,121,51,2161,2289,2289,2289,2289
0,121,52,121,121,121,121,121
0,121,53,2169,2297,2297,2297,2297
0,121,54,2417,2545,2545,2545,2545
0,121,55,377,377,377,377,377
0,121,56,2425,2553,2553,2553,2553
0,121,57,2417,2545,2545,2545,2545
0,121,58,377,377,377,377,377
0,121,59,2425,2553,2553,2553,2553
0,121,60,2417,2545,2545,2545,2545
0,121,61,377,377,377,377,377
0,121,62,2425,2553,2553,2553,2553
0,121,63,2417,2545,2545,2545,2545
0,121,64,377,377,377,377,377
0,121,65,2425,2553,2553,2553,2553
0,121,66,2417,2545,2545,2545,2545
0,121,67,377,377,377,377,377
0,121,68,2425,2553,2553,2553,2553
0,121,69,2417,2545,2545,2545,2545
0,121,70,377,377,377,377,377
0,121,71,2425,2553,2553,2553,2553
0,121,72,2417,2545,2545,2545,2545
0,121,73,377,377,377,377,377
0,121,74,2425,2553,2553,2553,2553
0,121,75,2417,2545,2545,2545,2545
0,121,76,377,377,377,377,377
0,121,77,2425,2553,2553,2553,2553
0,121,78,2417,2545,2545,2545,2545
0,121,79,377,377,377,377,377
0,121,80,2425,2553,2553,2553,2553
0,122,0,2672,2800,2800,2800,2800
0,122,1,632,760,760,760,760
0,122,2,2680,2808,2808,2808,2808
0,122,3,2672,2800,2800,2800,2800
0,122,4,632,760,760,760,760
0,122,5,2680,2808,2808,2808,2808
0,122,6,2672,2800,2800,2800,2800
0,122,7,632,760,760,760,760
0,122,8,2680,2808,2808,2808,2808
0,122,9,2162,2290,2290,2290,2290
0,122,10,122,122,122,122,122
0,122,11,2170,2298,2298,2298,2298
0,122,12,2162,2290,2290,2290,2290
0,122,13,122,122,122,122,122
0,122,14,2170,2298,2298,2298,2298
0,122,15,2162,2290,2290,2290,2290
0,122,16,122,122,122,122,122
0,122,17,2170,2298,2298,2298,2298
0,122,18,2674,2802,2802,2802,2802
0,122,19,634,762,762,762,762
0,122,20,2682,2810,2810,2810,2810
0,122,21,2674,2802,2802,2802,2802
0,122,22,634,762,762,762,762
0,122,23,2682,2810,2810,2810,2810
0,122,24,2674,2802,2802,2802,2802
0,122,25,634,762,762,762,762
0,122,26,2682,2810,2810,2810,2810
0,122,27,2672,2800,2800,2800,2800
0,122,28,632,760,760,760,760
0,122,29,2680,2808,2808,2808,2808
0,122,30,2672,2800,2800,2800,2800
0,122,31,632,760,760,760,760
0,122,32,2680,2808,2808,2808,2808
0,122,33,2672,2800,2800,2800,2800
0,122,34,632,760,760,760,760
0,122,35,2680,2808,2808,2808,2808
0,122,36,2162,2290,2290,2290,2290
0,122,37,122,122,122,122,122
0,122,38,2170,2298,2298,2298,2298
0,122,39,2162,2290,2290,2290,2290
0,122,40,122,122,122,122,122
0,122,41,2170,2298,2298,2298,2298
0,122,42,2162,2290,2290,2290,2290
0,122,43,122,122,122,122,122
0,122,44,2170,2298,2298,2298,2298
0,122,45,2674,2802,2802,2802,2802
0,122,46,634,762,762,762,762
0,122,47,2682,2810,2810,2810,2810
0,122,48,2674,2802,2802,2802,2802
0,122,49,634,762,762,762,762
0,122,50,2682,2810,2810,2810,2810
0,122,51,2674,2802,2802,2802,2802
0,122,52,634,762,762,762,762
0,122,53,2682,2810,2810,2810,2810
0,122,54,2672,2800,2800,2800,2800
0,122,55,632,760,760,760,760
0,122,56,2680,2808,2808,2808,2808
0,122,57,2672,2800,2800,2800,2800
0,122,58,632,760,760,760,760
0,122,59,2680,2808,2808,2808,2808
0,122,60,2672,2800,2800,2800,2800
0,122,61,632,760,760,760,760
0,122,62,2680,2808,2808,2808,2808
0,122,63,2162,2290,2290,2290,2290
0,122,64,122,122,122,122,122
0,122,65,2170,2298,2298,2298,2298
0,122,66,2162,2290,2290,2290,2290
0,122,67,122,122,122,122,122
0,122,68,2170,2298,2298,2298,2298
0,122,69,2162,2290,2290,2290,2290
0,122,70,122,122,122,122,122
0,122,71,2170,2298,2298,2298,2298
0,122,72,2674,2802,2802,2802,2802
0,122,73,634,762,762,762,762
0,122,74,2682,2810,2810,2810,2810
0,122,75,2674,2802,2802,2802,2802
0,122,76,634,762,762,762,762
0,122,77,2682,2810,2810,2810,2810
0,122,78,2674,2802,2802,2802,2802
0,122,79,634,762,762,762,762
0,122,80,2682,2810,2810,2810,2810
0,123,0,2928,3056,3056,3056,3056
0,123,1,888,1016,1016,1016,1016
0,123,2,2936,3064,3064,3064,3064
0,123,3,2928,3056,3056,3056,3056
0,123,4,888,1016,1016,1016,1016
0,123,5,2936,3064,3064,3064,3064
0,123,6,2928,3056,3056,3056,3056
0,123,7,888,1016,1016,1016,1016
0,123,8,2936,3064,3064,3064,3064
0,123,9,2418,2546,2546,2546,2546
0,123,10,378,378,378,378,378
0,123,11,2426,2554,2554,2554,2554
0,123,12,2418,2546,2546,2546,2546
0,123,13,378,378,378,378,378
0,123,14,2426,2554,2554,2554,2554
0,123,15,2418,2546,2546,2546,2546
0,123,16,378,378,378,378,378
0,123,17,2426,2554,2554,2554,2554
0,123,18,2930,3058,3058,3058,3058
0,123,19,890,1018,1018,1018,1018
0,123,20,2938,3066,3066,3066,3066
0,123,21,2930,3058,3058,3058,3058
0,123,22,890,1018,1018,1018,1018
0,123,23,2938,3066,3066,3066,3066
0,123,24,2930,3058,3058,3058,3058
0,123,25,890,1018,1018,1018,1018
0,123,26,2938,3066,3066,3066,3066
0,123,27,2673,2801,2801,2801,2801
0,123,28,633,761,761,761,761
0,123,29,2681,2809,2809,2809,2809
0,123,30,2673,2801,2801,2801,2801
0,123,31,633,761,761,761,761
0,123,32,2681,2809,2809,2809,2809
0,123,33,2673,2801,2801,2801,2801
0,123,34,633,761,761,761,761
0,123,35,2681,2809,2809,2809,2809
0,123,36,2163,2291,2291,2291,2291
0,123,37,123,123,123,123,123
0,123,38,2171,2299,2299,2299,2299
0,123,39,2163,2291,2291,2291,2291
0,123,40,123,123,123,123,123
0,123,41,2171,2299,2299,2299,2299
0,123,42,2163,2291,2291,2291,2291
0,123,43,123,123,123,123,123
0,123,44,2171,2299,2299,2299,2299
0,123,45,2675,2803,2803,2803,2803
0,123,46,635,763,763,763,763
0,123,47,2683,2811,2811,2811,2811
0,123,48,2675,2803,2803,2803,2803
0,123,49,635,763,763,763,763
0,123,50,2683,2811,2811,2811,2811
0,123,51,2675,2803,2803,2803,2803
0,123,52,635,763,763,763,763
0,123,53,2683,2811,2811,2811,2811
0,123,54,2929,3057,3057,3057,3057
0,123,55,889,1017,1017,1017,1017
0,123,56,2937,3065,3065,3065,3065
0,123,57,2929,3057,3057,3057,3057
0,123,58,889,1017,1017,1017,1017
0,123,59,2937,3065,3065,3065,3065
0,123,60,2929,3057,3057,3057,3057
0,123,61,889,1017,1017,1017,1017
0,123,62,2937,3065,3065,3065,3065
0,123,63,2419,2547,2547,2547,2547
0,123,64,379,379,379,379,379
0,123,65,2427,2555,2555,2555,2555
0,123,66,2419,2547,2547,2547,2547
0,123,67,379,379,379,379,379
0,123,68,2427,2555,2555,2555,2555
0,123,69,2419,2547,2547,2547,2547
0,123,70,379,379,379,379,379
0,123,71,2427,2555,2555,2555,2555
0,123,72,2931,3059,3059,3059,3059
0,123,73,891,1019,1019,1019,1019
0,123,74,2939,3067,3067,3067,3067
0,123,75,2931,3059,3059,3059,3059
0,123,76,891,1019,1019,1019,1019
0,123,77,2939,3067,3067,3067,3067
0,123,78,2931,3059,3059,3059,3059
0,123,79,891,1019,1019,1019,1019
0,123,80,2939,3067,3067,3067,3067
0,124,0,3184,3312,3312,3312,3312
0,124,1,1144,1272,1272,1272,1272
0,124,2,3192,3320,3320,3320,3320
0,124,3,2164,2292,2292,2292,2292
0,124,4,124,124,124,124,124
0,124,5,2172,2300,2300,2300,2300
0,124,6,3188,3316,3316,3316,3316
0,124,7,1148,1276,1276,1276,1276
0,124,8,3196,3324,3324,3324,3324
0,124,9,3184,3312,3312,3312,3312
0,124,10,1144,1272,1272,1272,1272
0,124,11,3192,3320,3320,3320,3320
0,124,12,2164,2292,2292,2292,2292
0,124,13,124,124,124,124,124
0,124,14,2172,2300,2300,2300,2300
0,124,15,3188,3316,3316,3316,3316
0,124,16,1148,1276,1276,1276,1276
0,124,17,3196,3324,3324,3324,3324
0,124,18,3184,3312,3312,3312,3312
0,124,19,1144,1272,1272,1272,1272
0,124,20,3192,3320,3320,3320,3320
0,124,21,2164,2292,2292,2292,2292
0,124,22,124,124,124,124,124
0,124,23,2172,2300,2300,2300,2300
0,124,24,3188,3316,3316,3316,3316
0,124,25,1148,1276,1276,1276,1276
0,124,26,3196,3324,3324,3324,3324
0,124,27,3184,3312,3312,3312,3312
0,124,28,1144,1272,1272,1272,1272
0,124,29,3192,3320,3320,3320,3320
0,124,30,2164,2292,2292,2292,2292
0,124,31,124,124,124,124,124
0,124,32,2172,2300,2300,2300,2300
0,124,33,3188,3316,3316,3316,3316
0,124,34,1148,1276,1276,1276,1276
0,124,35,3196,3324,3324,3324,3324
0,124,36,3184,3312,3312,3312,3312
0,124,37,1144,1272,1272,1272,1272
0,124,38,3192,3320,3320,3320,3320
0,124,39,2164,2292,2292,2292,2292
0,124,40,124,124,124,124,124
0,124,41,2172,2300,2300,2300,2300
0,124,42,3188,3316,3316,3316,3316
0,124,43,1148,1276,1276,1276,1276
0,124,44,3196,3324,3324,3324,3324
0,124,45,3184,3312,3312,3312,3312
0,124,46,1144,1272,1272,1272,1272
0,124,47,3192,3320,3320,3320,3320
0,124,48,2164,2292,2292,2292,2292
0,124,49,124,124,124,124,124
0,124,50,2172,2300,2300,2300,2300
0,124,51,3188,3316,3316,3316,3316
0,124,52,1148,1276,1276,1276,1276
0,124,53,3196,3324,3324,3324,3324
0,124,54,3184,3312,3312,3312,3312
0,124,55,1144,1272,1272,1272,1272
0,124,56,3192,3320,3320,3320,3320
0,124,57,2164,2292,2292,2292,2292
0,124,58,124,124,124,124,124
0,124,59,2172,2300,2300,2300,2300
0,124,60,3188,3316,3316,3316,3316
0,124,61,1148,1276,1276,1276,1276
0,124,62,3196,3324,3324,3324,3324
0,124,63,3184,3312,3312,3312,3312
0,124,64,1144,1272,1272,1272,1272
0,124,65,3192,3320,3320,3320,3320
0,124,66,2164,2292,2292,2292,2292
0,124,67,124,124,124,124,124
0,124,68,2172,2300,2300,2300,2300
0,124,69,3188,3316,3316,3316,3316
0,124,70,1148,1276,1276,1276,1276
0,124,71,3196,3324,3324,3324,3324
0,124,72,3184,3312,3312,3312,3312
0,124,73,1144,1272,1272,1272,1272
0,124,74,3192,3320,3320,3320,3320
0,124,75,2164,2292,2292,2292,2292
0,124,76,124,124,124,124,124
0,124,77,2172,2300,2300,2300,2300
0,124,78,3188,3316,3316,3316,3316
0,124,79,1148,1276,1276,1276,1276
0,124,80,3196,3324,3324,3324,3324
0,125,0,3440,3568,3568,3568,3568
0,125,1,1400,1528,1528,1528,1528
0,125,2,3448,3576,3576,3576,3576
0,125,3,2420,2548,2548,2548,2548
0,125,4,380,380,380,380,380
0,125,5,2428,2556,2556,2556,2556
0,125,6,3444,3572,3572,3572,3572
0,125,7,1404,1532,1532,1532,1532
0,125,8,3452,3580,3580,3580,3580
0,125,9,3440,3568,3568,3568,3568
0,125,10,1400,1528,1528,1528,1528
0,125,11,3448,3576,3576,3576,3576
0,125,12,2420,2548,2548,2548,2548
0,125,13,380,380,380,380,380
0,125,14,2428,2556,2556,2556,2556
0,125,15,3444,3572,3572,3572,3572
0,125,16,1404,1532,1532,1532,1532
0,125,17,3452,3580,3580,3580,3580
0,125,18,3440,3568,3568,3568,3568
0,125,19,1400,1528,1528,1528,1528
0,125,20,3448,3576,3576,3576,3576
0,125,21,2420,2548,2548,2548,2548
0,125,22,380,380,380,380,380
0,125,23,2428,2556,2556,2556,2556
0,125,24,3444,3572,3572,3572,3572
0,125,25,1404,1532,1532,1532,1532
0,125,26,3452,3580,3580,3580,3580
0,125,27,3185,3313,3313,3313,3313
0,125,28,1145,1273,1273,1273,1273
0,125,29,3193,3321,3321,3321,3321
0,125,30,2165,2293,2293,2293,2293
0,125,31,125,125,125,125,125
0,125,32,2173,2301,2301,2301,2301
0,125,33,3189,3317,3317,3317,3317
0,125,34,1149,1277,1277,1277,1277
0,125,35,3197,3325,3325,3325,3325
0,125,36,3185,3313,3313,3313,3313
0,125,37,1145,1273,1273,1273,1273
0,125,38,3193,3321,3321,3321,3321
0,125,39,2165,2293,2293,2293,2293
0,125,40,125,125,125,125,125
0,125,41,2173,2301,2301,2301,2301
0,125,42,3189,3317,3317,3317,3317
0,125,43,1149,1277,1277,1277,1277
0,125,44,3197,3325,3325,3325,3325
0,125,45,3185,3313,3313,3313,3313
0,125,46,1145,1273,1273,1273,1273
0,125,47,3193,3321,3321,3321,3321
0,125,48,2165,2293,2293,2293,2293
0,125,49,125,125,125,125,125
0,125,50,2173,2301,2301,2301,2301
0,125,51,3189,3317,3317,3317,3317
0,125,52,1149,1277,1277,1277,1277
0,125,53,3197,3325,3325,3325,3325
0,125,54,3441,3569,3569,3569,3569
0,125,55,1401,1529,1529,1529,1529
0,125,56,3449,3577,3577,3577,3577
0,125,57,2421,2549,2549,2549,2549
0,125,58,381,381,381,381,381
0,125,59,2429,2557,2557,2557,2557
0,125,60,3445,3573,3573,3573,3573
0,125,61,1405,1533,1533,1533,1533
0,125,62,3453,3581,3581,3581,3581
0,125,63,3441,3569,3569,3569,3569
0,125,64,1401,1529,1529,1529,1529
0,125,65,3449,3577,3577,3577,3577
0,125,66,2421,2549,2549,2549,2549
0,125,67,381,381,381,381,381
0,125,68,2429,2557,2557,2557,2557
0,125,69,3445,3573,3573,3573,3573
0,125,70,1405,1533,1533,1533,1533
0,125,71,3453,3581,3581,3581,3581
0,125,72,3441,3569,3569,3569,3569
0,125,73,1401,1529,1529,1529,1529
0,125,74,3449,3577,3577,3577,3577
0,125,75,2421,2549,2549,2549,2549
0,125,76,381,381,381,381,381
0,125,77,2429,2557,2557,2557,2557
0,125,78,3445,3573,3573,3573,3573
0,125,79,1405,1533,1533,1533,1533
0,125,80,3453,3581,3581,3581,3581
0,126,0,3696,3824,3824,3824,3824
0,126,1,1656,1784,1784,1784,1784
0,126,2,3704,3832,3832,3832,3832
0,126,3,2676,2804,2804,2804,2804
0,126,4,636,764,764,764,764
0,126,5,2684,2812,2812,2812,2812
0,126,6,3700,3828,3828,3828,3828
0,126,7,1660,1788,1788,1788,1788
0,126,8,3708,3836,3836,3836,3836
0,126,9,3186,3314,3314,3314,3314
0,126,10,1146,1274,1274,1274,1274
0,126,11,3194,3322,3322,3322,3322
0,126,12,2166,2294,2294,2294,2294
0,126,13,126,126,126,126,126
0,126,14,2174,2302,2302,2302,2302
0,126,15,3190,3318,3318,3318,3318
0,126,16,1150,1278,1278,1278,1278
0,126,17,3198,3326,3326,3326,3326
0,126,18,3698,3826,3826,3826,3826
0,126,19,1658,1786,1786,1786,1786
0,126,20,3706,3834,3834,3834,3834
0,126,21,2678,2806,2806,2806,2806
0,126,22,638,766,766,766,766
0,126,23,2686,2814,2814,2814,2814
0,126,24,3702,3830,3830,3830,3830
0,126,25,1662,1790,1790,1790,1790
0,126,26,3710,3838,3838,3838,3838
0,126,27,3696,3824,3824,3824,3824
0,126,28,1656,1784,1784,1784,1784
0,126,29,3704,3832,3832,3832,3832
0,126,30,2676,2804,2804,2804,2804
0,126,31,636,764,764,764,764
0,126,32,2684,2812,2812,2812,2812
0,126,33,3700,3828,3828,3828,3828
0,126,34,1660,1788,1788,1788,1788
0,126,35,3708,3836,3836,3836,3836
0,126,36,3186,3314,3314,3314,3314
0,126,37,1146,1274,1274,1274,1274
0,126,38,3194,3322,3322,3322,3322
0,126,39,2166,2294,2294,2294,2294
0,126,40,126,126,126,126,126
0,126,41,2174,2302,2302,2302,2302
0,126,42,3190,3318,3318,3318,3318
0,126,43,1150,1278,1278,1278,1278
0,126,44,3198,3326,3326,3326,3326
0,126,45,3698,3826,3826,3826,3826
0,126,46,1658,1786,1786,1786,1786
0,126,47,3706,3834,3834,3834,3834
0,126,48,2678,2806,2806,2806,2806
0,126,49,638,766,766,766,766
0,126,50,2686,2814,2814,2814,2814
0,126,51,3702,3830,3830,3830,3830
0,126,52,1662,1790,1790,1790,1790
0,126,53,3710,3838,3838,3838,3838
0,126,54,3696,3824,3824,3824,3824
0,126,55,1656,1784,1784,1784,1784
0,126,56,3704,3832,3832,3832,3832
0,126,57,2676,2804,2804,2804,2804
0,126,58,636,764,764,764,764
0,126,59,2684,2812,2812,2812,2812
0,126,60,3700,3828,3828,3828,3828
0,126,61,1660,1788,1788,1788,1788
0,126,62,3708,3836,3836,3836,3836
0,126,63,3186,3314,3314,3314,3314
0,126,64,1146,1274,1274,1274,1274
0,126,65,3194,3322,3322,3322,3322
0,126,66,2166,2294,2294,2294,2294
0,126,67,126,126,126,126,126
0,126,68,2174,2302,2302,2302,2302
0,126,69,3190,3318,3318,3318,3318
0,126,70,1150,1278,1278,1278,1278
0,126,71,3198,3326,3326,3326,3326
0,126,72,3698,3826,3826,3826,3826
0,126,73,1658,1786,1786,1786,1786
0,126,74,3706,3834,3834,3834,3834
0,126,75,2678,2806,2806,2806,2806
0,126,76,638,766,766,766,766
0,126,77,2686,2814,2814,2814,2814
0,126,78,3702,3830,3830,3830,3830
0,126,79,1662,1790,1790,1790,1790
0,126,80,3710,3838,3838,3838,3838
0,127,0,3952,4080,4080,4080,4080
0,127,1,1912,2040,2040,2040,2040
0,127,2,3960,4088,4088,4088,4088
0,127,3,2932,3060,3060,3060,3060
0,127,4,892,1020,1020,1020,1020
0,127,5,2940,3068,3068,3068,3068
0,127,6,3956,4084,4084,4084,4084
0,127,7,1916,2044,2044,2044,2044
0,127,8,3964,4092,4092,4092,4092
0,127,9,3442,3570,3570,3570,3570
0,127,10,1402,1530,1530,1530,1530
0,127,11,3450,3578,3578,3578,3578
0,127,12,2422,2550,2550,2550,2550
0,127,13,382,382,382,382,382
0,127,14,2430,2558,2558,2558,2558
0,127,15,3446,3574,3574,3574,3574
0,127,16,1406,1534,1534,1534,1534
0,127,17,3454,3582,3582,3582,3582
0,127,18,3954,4082,4082,4082,4082
0,127,19,1914,2042,2042,2042,2042
0,127,20,3962,4090,4090,4090,4090
0,127,21,2934,3062,3062,3062,3062
0,127,22,894,1022,1022,1022,1022
0,127,23,2942,3070,3070,3070,3070
0,127,24,3958,4086,4086,4086,4086
0,127,25,1918,2046,2046,2046,2046
0,127,26,3966,4094,4094,4094,4094
0,127,27,3697,3825,3825,3825,3825
0,127,28,1657,1785,1785,1785,1785
0,127,29,3705,3833,3833,3833,3833
0,127,30,2677,2805,2805,2805,2805
0,127,31,637,765,765,765,765
0,127,32,2685,2813,2813,2813,2813
0,127,33,3701,3829,3829,3829,3829
0,127,34,1661,1789,1789,1789,1789
0,127,35,3709,3837,3837,3837,3837
0,127,36,3187,3315,3315,3315,3315
0,127,37,1147,1275,1275,1275,1275
0,127,38,3195,3323,3323,3323,3323
0,127,39,2167,2295,2295,2295,2295
0,127,40,127,127,127,127,127
0,127,41,2175,2303,2303,2303,2303
0,127,42,3191,3319,3319,3319,3319
0,127,43,1151,1279,1279,1279,1279
0,127,44,3199,3327,3327,3327,3327
0,127,45,3699,3827,3827,3827,3827
0,127,46,1659,1787,1787,1787,1787
0,127,47,3707,3835,3835,3835,3835
0,127,48,2679,2807,2807,2807,2807
0,127,49,639,767,767,767,767
0,127,50,2687,2815,2815,2815,2815
0,127,51,3703,3831,3831,3831,3831
0,127,52,1663,1791,1791,1791,1791
0,127,53,3711,3839,3839,3839,3839
0,127,54,3953,4081,4081,4081,4081
0,127,55,1913,2041,2041,2041,2041
0,127,56,3961,4089,4089,4089,4089
0,127,57,2933,3061,3061,3061,3061
0,127,58,893,1021,1021,1021,1021
0,127,59,2941,3069,3069,3069,3069
0,127,60,3957,4085,4085,4085,4085
0,127,61,1917,2045,2045,2045,2045
0,127,62,3965,4093,4093,4093,4093
0,127,63,3443,3571,3571,3571,3571
0,127,64,1403,1531,1531,1531,1531
0,127,65,3451,3579,3579,3579,3579
0,127,66,2423,2551,2551,2551,2551
0,127,67,383,383,383,383,383
0,127,68,2431,2559,2559,2559,2559
0,127,69,3447,3575,3575,3575,3575
0,127,70,1407,1535,1535,1535,1535
0,127,71,3455,3583,3583,3583,3583
0,127,72,3955,4083,4083,4083,4083
0,127,73,1915,2043,2043,2043,2043
0,127,74,3963,4091,4091,4091,4091
0,127,75,2935,3063,3063,3063,3063
0,127,76,895,1023,1023,1023,1023
0,127,77,2943,3071,3071,3071,3071
0,127,78,3959,4087,4087,4087,4087
0,127,79,1919,2047,2047,2047,2047
0,127,80,3967,4095,4095,4095,4095
0,128,0,128,128,128,128,128
0,128,1,128,128,128,128,128
0,128,2,128,128,128,128,128
0,128,3,128,128,128,128,128
0,128,4,128,128,128,128,128
0,128,5,128,128,128,128,128
0,128,6,128,128,128,128,128
0,128,7,128,128,128,128,128
0,128,8,128,128,128,128,128
0,128,9,128,128,128,128,128
0,128,10,128,128,128,128,128
0,128,11,128,128,128,128,128
0,128,12,128,128,128,128,128
0,128,13,128,128,128,128,128
0,128,14,128,128,128,128,128
0,128,15,128,128,128,128,128
0,128,16,128,128,128,128,128
0,128,17,128,128,128,128,128
0,128,18,128,128,128,128,128
0,128,19,128,128,128,128,128
0,128,20,128,128,128,128,128
0,128,21,128,128,128,128,128
0,128,22,128,128,128,128,128
0,128,23,128,128,128,128,128
0,128,24,128,128,128,128,128
0,128,25,128,128,128,128,128
0,128,26,128,128,128,128,128
0,128,27,128,128,128,128,128
0,128,28,128,128,128,128,128
0,128,29,128,128,128,128,128
0,128,30,128,128,128,128,128
0,128,31,128,128,128,128,128
0,128,32,128,128,128,128,128
0,128,33,128,128,128,128,128
0,128,34,128,128,128,128,128
0,128,35,128,128,128,128,128
0,128,36,128,128,128,128,128
0,128,37,128,128,128,128,128
0,128,38,128,128,128,128,128
0,128,39,128,128,128,128,128
0,128,40,128,128,128,128,128
0,128,41,128,128,128,128,128
0,128,42,128,128,128,128,128
0,128,43,128,128,128,128,128
0,128,44,128,128,128,128,128
0,128,45,128,128,128,128,128
0,128,46,128,128,128,128,128
0,128,47,128,128,128,128,128
0,128,48,128,128,128,128,128
0,128,49,128,128,128,128,128
0,128,50,128,128,128,128,128
0,128,51,128,128,128,128,128
0,128,52,128,128,128,128,128
0,128,53,128,128,128,128,128
0,128,54,128,128,128,128,128
0,128,55,128,128,128,128,128
0,128,56,128,128,128,128,128
0,128,57,128,128,128,128,128
0,128,58,128,128,128,128,128
0,128,59,128,128,128,128,128
0,128,60,128,128,128,128,128
0,128,61,128,128,128,128,128
0,128,62,128,128,128,128,128
0,128,63,128,128,128,128,128
0,128,64,128,128,128,128,128
0,128,65,128,128,128,128,128
0,128,66,128,128,128,128,128
0,128,67,128,128,128,128,128
0,128,68,128,128,128,128,128
0,128,69,128,128,128,128,128
0,128,70,128,128,128,128,128
0,128,71,128,128,128,128,128
0,128,72,128,128,128,128,128
0,128,73,128,128,128,128,128
0,128,74,128,128,128,128,128
0,128,75,128,128,128,128,128
0,128,76,128,128,128,128,128
0,128,77,128,128,128,128,128
0,128,78,128,128,128,128,128
0,128,79,128,128,128,128,128
0,128,80,128,128,128,128,128
0,129,0,384,384,384,384,384
0,129,1,384,384,384,384,384
0,129,2,384,384,384,384,384
0,129,3,384,384,384,384,384
0,129,4,384,384,384,384,384
0,129,5,384,384,384,384,384
0,129,6,384,384,384,384,384
0,129,7,384,384,384,384,384
0,129,8,384,384,384,384,384
0,129,9,384,384,384,384,384
0,129,10,384,384,384,384,384
0,129,11,384,384,384,384,384
0,129,12,384,384,384,384,384
0,129,13,384,384,384,384,384
0,129,14,384,384,384,384,384
0,129,15,384,384,384,384,384
0,129,16,384,384,384,384,384
0,129,17,384,384,384,384,384
0,129,18,384,384,384,384,384
0,129,19,384,384,384,384,384
0,129,20,384,384,384,384,384
0,129,21,384,384,384,384,384
0,129,22,384,384,384,384,384
0,129,23,384,384,384,384,384
0,129,24,384,384,384,384,384
0,129,25,384,384,384,384,384
0,129,26,384,384,384,384,384
0,129,27,129,129,129,129,129
0,129,28,129,129,129,129,129
0,129,29,129,129,129,129,129
0,129,30,129,129,129,129,129
0,129,31,129,129,129,129,129
0,129,32,129,129,129,129,129
0,129,33,129,129,129,129,129
0,129,34,129,129,129,129,129
0,129,35,129,129,129,129,129
0,129,36,129,129,129,129,129
0,129,37,129,129,129,129,129
0,129,38,129,129,129,129,129
0,129,39,129,129,129,129,129
0,129,40,129,129,129,129,129
0,129,41,129,129,129,129,129
0,129,42,129,129,129,129,129
0,129,43,129,129,129,129,129
0,129,44,129,129,129,129,129
0,129,45,129,129,129,129,129
0,129,46,129,129,129,129,129
0,129,47,129,129,129,129,129
0,129,48,129,129,129,129,129
0,129,49,129,129,129,129,129
0,129,50,129,129,129,129,129
0,129,51,129,129,129,129,129
0,129,52,129,129,129,129,129
0,129,53,129,129,129,129,129
0,129,54,385,385,385,385,385
0,129,55,385,385,385,385,385
0,129,56,385,385,385,385,385
0,129,57,385,385,385,385,385
0,129,58,385,385,385,385,385
0,129,59,385,385,385,385,385
0,129,60,385,385,385,385,385
0,129,61,385,385,385,385,385
0,129,62,385,385,385,385,385
0,129,63,385,385,385,385,385
0,129,64,385,385,385,385,385
0,129,65,385,385,385,385,385
0,129,66,385,385,385,385,385
0,129,67,385,385,385,385,385
0,129,68,385,385,385,385,385
0,129,69,385,385,385,385,385
0,129,70,385,385,385,385,385
0,129,71,385,385,385,385,385
0,129,72,385,385,385,385,385
0,129,73,385,385,385,385,385
0,129,74,385,385,385,385,385
0,129,75,385,385,385,385,385
0,129,76,385,385,385,385,385
0,129,77,385,385,385,385,385
0,129,78,385,385,385,385,385
0,129,79,385,385,385,385,385
0,129,80,385,385,385,385,385
0,130,0,640,640,640,640,640
0,130,1,640,640,640,640,640
0,130,2,640,640,640,640,640
0,130,3,640,640,640,640,640
0,130,4,640,640,640,640,640
0,130,5,640,640,640,640,640
0,130,6,640,640,640,640,640
0,130,7,640,640,640,640,640
0,130,8,640,640,640,640,640
0,130,9,130,130,130,130,130
0,130,10,130,130,130,130,130
0,130,11,130,130,130,130,130
0,130,12,130,130,130,130,130
0,130,13,130,130,130,130,130
0,130,14,130,130,130,130,130
0,130,15,130,130,130,130,130
0,130,16,130,130,130,130,130
0,130,17,130,130,130,130,130
0,130,18,642,642,642,642,642
0,130,19,642,642,642,642,642
0,130,20,642,642,642,642,642
0,130,21,642,642,642,642,642
0,130,22,642,642,642,642,642
0,130,23,642,642,642,642,642
0,130,24,642,642,642,642,642
0,130,25,642,642,642,642,642
0,130,26,642,642,642,642,642
0,130,27,640,640,640,640,640
0,130,28,640,640,640,640,640
0,130,29,640,640,640,640,640
0,130,30,640,640,640,640,640
0,130,31,640,640,640,640,640
0,130,32,640,640,640,640,640
0,130,33,640,640,640,640,640
0,130,34,640,640,640,640,640
0,130,35,640,640,640,640,640
0,130,36,130,130,130,130,130
0,130,37,130,130,130,130,130
0,130,38,130,130,130,130,130
0,130,39,130,130,130,130,130
0,130,40,130,130,130,130,130
0,130,41,130,130,130,130,130
0,130,42,130,130,130,130,130
0,130,43,130,130,130,130,130
0,130,44,130,130,130,130,130
0,130,45,642,642,642,642,642
0,130,46,642,642,642,642,642
0,130,47,642,642,642,642,642
0,130,48,642,642,642,642,642
0,130,49,642,642,642,642,642
0,130,50,642,642,642,642,642
0,130,51,642,642,642,642,642
0,130,52,642,642,642,642,642
0,130,53,642,642,642,642,642
0,130,54,640,640,640,640,640
0,130,55,640,640,640,640,640
0,130,56,640,640,640,640,640
0,130,57,640,640,640,640,640
0,130,58,640,640,640,640,640
0,130,59,640,640,640,640,640
0,130,60,640,640,640,640,640
0,130,61,640,640,640,640,640
0,130,62,640,640,640,640,640
0,130,63,130,130,130,130,130
0,130,64,130,130,130,130,130
0,130,65,130,130,130,130,130
0,130,66,130,130,130,130,130
0,130,67,130,130,130,130,130
0,130,68,130,130,130,130,130
0,130,69,130,130,130,130,130
0,130,70,130,130,130,130,130
0,130,71,130,130,130,130,130
0,130,72,642,642,642,642,642
0,130,73,642,642,642,642,642
0,130,74,642,642,642,642,642
0,130,75,642,642,642,642,642
0,130,76,642,642,642,642,642
0,130,77,642,642,642,642,642
0,130,78,642,642,642,642,642
0,130,79,642,642,642,642,642
0,130,80,642,642,642,642,642
0,131,0,896,896,896,896,896
0,131,1,896,896,896,896,896
0,131,2,896,896,896,896,896
0,131,3,896,896,896,896,896
0,131,4,896,896,896,896,896
0,131,5,896,896,896,896,896
0,131,6,896,896,896,896,896
0,131,7,896,896,896,896,896
0,131,8,896,896,896,896,896
0,131,9,386,386,386,386,386
0,131,10,386,386,386,386,386
0,131,11,386,386,386,386,386
0,131,12,386,386,386,386,386
0,131,13,386,386,386,386,386
0,131,14,386,386,386,386,386
0,131,15,386,386,386,386,386
0,131,16,386,386,386,386,386
0,131,17,386,386,386,386,386
0,131,18,898,898,898,898,898
0,131,19,898,898,898,898,898
0,131,20,898,898,898,898,898
0,131,21,898,898,898,898,898
0,131,22,898,898,898,898,898
0,131,23,898,898,898,898,898
0,131,24,898,898,898,898,898
0,131,25,898,898,898,898,898
0,131,26,898,898,898,898,898
0,131,27,641,641,641,641,641
0,131,28,641,641,641,641,641
0,131,29,641,641,641,641,641
0,131,30,641,641,641,641,641
0,131,31,641,641,641,641,641
0,131,32,641,641,641,641,641
0,131,33,641,641,641,641,641
0,131,34,641,641,641,641,641
0,131,35,641,641,641,641,641
0,131,36,131,131,131,131,131
0,131,37,131,131,131,131,131
0,131,38,131,131,131,131,131
0,131,39,131,131,131,131,131
0,131,40,131,131,131,131,131
0,131,41,131,131,131,131,131
0,131,42,131,131,131,131,131
0,131,43,131,131,131,131,131
0,131,44,131,131,131,131,131
0,131,45,643,643,643,643,643
0,131,46,643,643,643,643,643
0,131,47,643,643,643,643,643
0,131,48,643,643,643,643,643
0,131,49,643,643,643,643,643
0,131,50,643,643,643,643,643
0,131,51,643,643,643,643,643
0,131,52,643,643,643,643,643
0,131,53,643,643,643,643,643
0,131,54,897,897,897,897,897
0,131,55,897,897,897,897,897
0,131,56,897,897,897,897,897
0,131,57,897,897,897,897,897
0,131,58,897,897,897,897,897
0,131,59,897,897,897,897,897
0,131,60,897,897,897,897,897
0,131,61,897,897,897,897,897
0,131,62,897,897,897,897,897
0,131,63,387,387,387,387,387
0,131,64,387,387,387,387,387
0,131,65,387,387,387,387,387
0,131,66,387,387,387,387,387
0,131,67,387,387,387,387,387
0,131,68,387,387,387,387,387
0,131,69,387,387,387,387,387
0,131,70,387,387,387,387,387
0,131,71,387,387,387,387,387
0,131,72,899,899,899,899,899
0,131,73,899,899,899,899,899
0,131,74,899,899,899,899,899
0,131,75,899,899,899,899,899
0,131,76,899,899,899,899,899
0,131,77,899,899,899,899,899
0,131,78,899,899,899,899,899
0,131,79,899,899,899,899,899
0,131,80,899,899,899,899,899
0,132,0,1152,1152,1152,1152,1152
0,132,1,1152,1152,1152,1152,1152
0,132,2,1152,1152,1152,1152,1152
0,132,3,132,132,132,132,132
0,132,4,132,132,132,132,132
0,132,5,132,132,132,132,132
0,132,6,1156,1156,1156,1156,1156
0,132,7,1156,1156,1156,1156,1156
0,132,8,1156,1156,1156,1156,1156
0,132,9,1152,1152,1152,1152,1152
0,132,10,1152,1152,1152,1152,1152
0,132,11,1152,1152,1152,1152,1152
0,132,12,132,132,132,132,132
0,132,13,132,132,132,132,132
0,132,14,132,132,132,132,132
0,132,15,1156,1156,1156,1156,1156
0,132,16,1156,1156,1156,1156,1156
0,132,17,1156,1156,1156,1156,1156
0,132,18,1152,1152,1152,1152,1152
0,132,19,1152,1152,1152,1152,1152
0,132,20,1152,1152,1152,1152,1152
0,132,21,132,132,132,132,132
0,132,22,132,132,132,132,132
0,132,23,132,132,132,132,132
0,132,24,1156,1156,1156,1156,1156
0,132,25,1156,1156,1156,1156,1156
0,132,26,1156,1156,1156,1156,1156
0,132,27,1152,1152,1152,1152,1152
0,132,28,1152,1152,1152,1152,1152
0,132,29,1152,1152,1152,1152,1152
0,132,30,132,132,132,132,132
0,132,31,132,132,132,132,132
0,132,32,132,132,132,132,132
0,132,33,1156,1156,1156,1156,1156
0,132,34,1156,1156,1156,1156,1156
0,132,35,1156,1156,1156,1156,1156
0,132,36,1152,1152,1152,1152,1152
0,132,37,1152,1152,1152,1152,1152
0,132,38,1152,1152,1152,1152,1152
0,132,39,132,132,132,132,132
0,132,40,132,132,132,132,132
0,132,41,132,132,132,132,132
0,132,42,1156,1156,1156,1156,1156
0,132,43,1156,1156,1156,1156,1156
0,132,44,1156,1156,1156,1156,1156
0,132,45,1152,1152,1152,1152,1152
0,132,46,1152,1152,1152,1152,1152
0,132,47,1152,1152,1152,1152,1152
0,132,48,132,132,132,132,132
0,132,49,132,132,132,132,132
0,132,50,132,132,132,132,132
0,132,51,1156,1156,1156,1156,1156
0,132,52,1156,1156,1156,1156,1156
0,132,53,1156,1156,1156,1156,1156
0,132,54,1152,1152,1152,1152,1152
0,132,55,1152,1152,1152,1152,1152
0,132,56,1152,1152,1152,1152,1152
0,132,57,132,132,132,132,132
0,132,58,132,132,132,132,132
0,132,59,132,132,132,132,132
0,132,60,1156,1156,1156,1156,1156
0,132,61,1156,1156,1156,1156,1156
0,132,62,1156,1156,1156,1156,1156
0,132,63,1152,1152,1152,1152,1152
0,132,64,1152,1152,1152,1152,1152
0,132,65,1152,1152,1152,1152,1152
0,132,66,132,132,132,132,132
0,132,67,132,132,132,132,132
0,132,68,132,132,132,132,132
0,132,69,1156,1156,1156,1156,1156
0,132,70,1156,1156,1156,1156,1156
0,132,71,1156,1156,1156,1156,1156
0,132,72,1152,1152,1152,1152,1152
0,132,73,1152,1152,1152,1152,1152
0,132,74,1152,1152,1152,1152,1152
0,132,75,132,132,132,132,132
0,132,76,132,132,132,132,132
0,132,77,132,132,132,132,132
0,132,78,1156,1156,1156,1156,1156
0,132,79,1156,1156,1156,1156,1156
0,132,80,1156,1156,1156,1156,1156
0,133,0,1408,1408,1408,1408,1408
0,133,1,1408,1408,1408,1408,1408
0,133,2,1408,1408,1408,1408,1408
0,133,3,388,388,388,388,388
0,133,4,388,388,388,388,388
0,133,5,388,388,388,388,388
0,133,6,1412,1412,1412,1412,1412
0,133,7,1412,1412,1412,1412,1412
0,133,8,1412,1412,1412,1412,1412
0,133,9,1408,1408,1408,1408,1408
0,133,10,1408,1408,1408,1408,1408
0,133,11,1408,1408,1408,1408,1408
0,133,12,388,388,388,388,388
0,133,13,388,388,388,388,388
0,133,14,388,388,388,388,388
0,133,15,1412,1412,1412,1412,1412
0,133,16,1412,1412,1412,1412,1412
0,133,17,1412,1412,1412,1412,1412
0,133,18,1408,1408,1408,1408,1408
0,133,19,1408,1408,1408,1408,1408
0,133,20,1408,1408,1408,1408,1408
0,133,21,388,388,388,388,388
0,133,22,388,388,388,388,388
0,133,23,388,388,388,388,388
0,133,24,1412,1412,1412,1412,1412
0,133,25,1412,1412,1412,1412,1412
0,133,26,1412,1412,1412,1412,1412
0,133,27,1153,1153,1153,1153,1153
0,133,28,1153,1153,1153,1153,1153
0,133,29,1153,1153,1153,1153,1153
0,133,30,133,133,133,133,133
0,133,31,133,133,133,133,133
0,133,32,133,133,133,133,133
0,133,33,1157,1157,1157,1157,1157
0,133,34,1157,1157,1157,1157,1157
0,133,35,1157,1157,1157,1157,1157
0,133,36,1153,1153,1153,1153,1153
0,133,37,1153,1153,1153,1153,1153
0,133,38,1153,1153,1153,1153,1153
0,133,39,133,133,133,133,133
0,133,40,133,133,133,133,133
0,133,41,133,133,133,133,133
0,133,42,1157,1157,1157,1157,1157
0,133,43,1157,1157,1157,1157,1157
0,133,44,1157,1157,1157,1157,1157
0,133,45,1153,1153,1153,1153,1153
0,133,46,1153,1153,1153,1153,1153
0,133,47,1153,1153,1153,1153,1153
0,133,48,133,133,133,133,133
0,133,49,133,133,133,133,133
0,133,50,133,133,133,133,133
0,133,51,1157,1157,1157,1157,1157
0,133,52,1157,1157,1157,1157,1157
0,133,53,1157,1157,1157,1157,1157
0,133,54,1409,1409,1409,1409,1409
0,133,55,1409,1409,1409,1409,1409
0,133,56,1409,1409,1409,1409,1409
0,133,57,389,389,389,389,389
0,133,58,389,389,389,389,389
0,133,59,389,389,389,389,389
0,133,60,1413,1413,1413,1413,1413
0,133,61,1413,1413,1413,1413,1413
0,133,62,1413,1413,1413,1413,1413
0,133,63,1409,1409,1409,1409,1409
0,133,64,1409,1409,1409,1409,1409
0,133,65,1409,1409,1409,1409,1409
0,133,66,389,389,389,389,389
0,133,67,389,389,389,389,389
0,133,68,389,389,389,389,389
0,133,69,1413,1413,1413,1413,1413
0,133,70,1413,1413,1413,1413,1413
0,133,71,1413,1413,1413,1413,1413
0,133,72,1409,1409,1409,1409,1409
0,133,73,1409,1409,1409,1409,1409
0,133,74,1409,1409,1409,1409,1409
0,133,75,389,389,389,389,389
0,133,76,389,389,389,389,389
0,133,77,389,389,389,389,389
0,133,78,1413,1413,1413,1413,1413
0,133,79,1413,1413,1413,1413,1413
0,133,80,1413,1413,1413,1413,1413
0,134,0,1664,3712,3712,3712,3712
0,134,1,1664,1672,1672,1672,1672
0,134,2,1664,3720,3720,3720,3720
0,134,3,644,2692,2692,2692,2692
0,134,4,644,652,652,652,652
0,134,5,644,2700,2700,2700,2700
0,134,6,1668,3716,3716,3716,3716
0,134,7,1668,1676,1676,1676,1676
0,134,8,1668,3724,3724,3724,3724
0,134,9,1154,3202,3202,3202,3202
0,134,10,1154,1162,1162,1162,1162
0,134,11,1154,3210,3210,3210,3210
0,134,12,134,134,134,134,134
0,134,13,134,134,134,134,134
0,134,14,134,134,134,134,134
0,134,15,1158,3206,3206,3206,3206
0,134,16,1158,1166,1166,1166,1166
0,134,17,1158,3214,3214,3214,3214
0,134,18,1666,3714,3714,3714,3714
0,134,19,1666,1674,1674,1674,1674
0,134,20,1666,3722,3722,3722,3722
0,134,21,646,2694,2694,2694,2694
0,134,22,646,654,654,654,654
0,134,23,646,2702,2702,2702,2702
0,134,24,1670,3718,3718,3718,3718
0,134,25,1670,1678,1678,1678,1678
0,134,26,1670,3726,3726,3726,3726
0,134,27,1664,3712,3712,3712,3712
0,134,28,1664,1672,1672,1672,1672
0,134,29,1664,3720,3720,3720,3720
0,134,30,644,2692,2692,2692,2692
0,134,31,644,652,652,652,652
0,134,32,644,2700,2700,2700,2700
0,134,33,1668,3716,3716,3716,3716
0,134,34,1668,1676,1676,1676,1676
0,134,35,1668,3724,3724,3724,3724
0,134,36,1154,3202,3202,3202,3202
0,134,37,1154,1162,1162,1162,1162
0,134,38,1154,3210,3210,3210,3210
0,134,39,134,134,134,134,134
0,134,40,134,134,134,134,134
0,134,41,134,134,134,134,134
0,134,42,1158,3206,3206,3206,3206
0,134,43,1158,1166,1166,1166,1166
0,134,44,1158,3214,3214,3214,3214
0,134,45,1666,3714,3714,3714,3714
0,134,46,1666,1674,1674,1674,1674
0,134,47,1666,3722,3722,3722,3722
0,134,48,646,2694,2694,2694,2694
0,134,49,646,654,654,654,654
0,134,50,646,2702,2702,2702,2702
0,134,51,1670,3718,3718,3718,3718
0,134,52,1670,1678,1678,1678,1678
0,134,53,1670,3726,3726,3726,3726
0,134,54,1664,3712,3712,3712,3712
0,134,55,1664,1672,1672,1672,1672
0,134,56,1664,3720,3720,3720,3720
0,134,57,644,2692,2692,2692,2692
0,134,58,644,652,652,652,652
0,134,59,644,2700,2700,2700,2700
0,134,60,1668,3716,3716,3716,3716
0,134,61,1668,1676,1676,1676,1676
0,134,62,1668,3724,3724,3724,3724
0,134,63,1154,3202,3202,3202,3202
0,134,64,1154,1162,1162,1162,1162
0,134,65,1154,3210,3210,3210,3210
0,134,66,134,134,134,134,134
0,134,67,134,134,134,134,134
0,134,68,134,134,134,134,134
0,134,69,1158,3206,3206,3206,3206
0,134,70,1158,1166,1166,1166,1166
0,134,71,1158,3214,3214,3214,3214
0,134,72,1666,3714,3714,3714,3714
0,134,73,1666,1674,1674,1674,1674
0,134,74,1666,3722,3722,3722,3722
0,134,75,646,2694,2694,2694,2694
0,134,76,646,654,654,654,654
0,134,77,646,2702,2702,2702,2702
0,134,78,1670,3718,3718,3718,3718
0,134,79,1670,1678,1678,1678,1678
0,134,80,1670,3726,3726,3726,3726
0,135,0,1920,3968,3968,3968,3968
0,135,1,1920,1928,1928,1928,1928
0,135,2,1920,3976,3976,3976,3976
0,135,3,900,2948,2948,2948,2948
0,135,4,900,908,908,908,908
0,135,5,900,2956,2956,2956,2956
0,135,6,1924,3972,3972,3972,3972
0,135,7,1924,1932,1932,1932,1932
0,135,8,1924,3980,3980,3980,3980
0,135,9,1410,3458,3458,3458,3458
0,135,10,1410,1418,1418,1418,1418
0,135,11,1410,3466,3466,3466,3466
0,135,12,390,390,390,390,390
0,135,13,390,390,390,390,390
0,135,14,390,390,390,390,390
0,135,15,1414,3462,3462,3462,3462
0,135,16,1414,1422,1422,1422,1422
0,135,17,1414,3470,3470,3470,3470
0,135,18,1922,3970,3970,3970,3970
0,135,19,1922,1930,1930,1930,1930
0,135,20,1922,3978,3978,3978,3978
0,135,21,902,2950,2950,2950,2950
0,135,22,902,910,910,910,910
0,135,23,902,2958,2958,2958,2958
0,135,24,1926,3974,3974,3974,3974
0,135,25,1926,1934,1934,1934,1934
0,135,26,1926,3982,3982,3982,3982
0,135,27,1665,3713,3713,3713,3713
0,135,28,1665,1673,1673,1673,1673
0,135,29,1665,3721,3721,3721,3721
0,135,30,645,2693,2693,2693,2693
0,135,31,645,653,653,653,653
0,135,32,645,2701,2701,2701,2701
0,135,33,1669,3717,3717,3717,3717
0,135,34,1669,1677,1677,1677,1677
0,135,35,1669,3725,3725,3725,3725
0,135,36,1155,3203,3203,3203,3203
0,135,37,1155,1163,1163,1163,1163
0,135,38,1155,3211,3211,3211,3211
0,135,39,135,135,135,135,135
0,135,40,135,135,135,135,135
0,135,41,135,135,135,135,135
0,135,42,1159,3207,3207,3207,3207
0,135,43,1159,1167,1167,1167,1167
0,135,44,1159,3215,3215,3215,3215
0,135,45,1667,3715,3715,3715,3715
0,135,46,1667,1675,1675,1675,1675
0,135,47,1667,3723,3723,3723,3723
0,135,48,647,2695,2695,2695,2695
0,135,49,647,655,655,655,655
0,135,50,647,2703,2703,2703,2703
0,135,51,1671,3719,3719,3719,3719
0,135,52,1671,1679,1679,1679,1679
0,135,53,1671,3727,3727,3727,3727
0,135,54,1921,3969,3969,3969,3969
0,135,55,1921,1929,1929,1929,1929
0,135,56,1921,3977,3977,3977,3977
0,135,57,901,2949,2949,2949,2949
0,135,58,901,909,909,909,909
0,135,59,901,2957,2957,2957,2957
0,135,60,1925,3973,3973,3973,3973
0,135,61,1925,1933,1933,1933,1933
0,135,62,1925,3981,3981,3981,3981
0,135,63,1411,3459,3459,3459,3459
0,135,64,1411,1419,1419,1419,1419
0,135,65,1411,3467,3467,3467,3467
0,135,66,391,391,391,391,391
0,135,67,391,391,391,391,391
0,135,68,391,391,391,391,391
0,135,69,1415,3463,3463,3463,3463
0,135,70,1415,1423,1423,1423,1423
0,135,71,1415,3471,3471,3471,3471
0,135,72,1923,3971,3971,3971,3971
0,135,73,1923,1931,1931,1931,1931
0,135,74,1923,3979,3979,3979,3979
0,135,75,903,2951,2951,2951,2951
0,135,76,903,911,911,911,911
0,135,77,903,2959,2959,2959,2959
0,135,78,1927,3975,3975,3975,3975
0,135,79,1927,1935,1935,1935,1935
0,135,80,1927,3983,3983,3983,3983
0,136,0,2176,2176,2176,2176,2176
0,136,1,136,136,136,136,136
0,136,2,2184,2184,2184,2184,2184
0,136,3,2176,2176,2176,2176,2176
0,136,4,136,136,136,136,136
0,136,5,2184,2184,2184,2184,2184
0,136,6,2176,2176,2176,2176,2176
0,136,7,136,136,136,136,136
0,136,8,2184,2184,2184,2184,2184
0,136,9,2176,2176,2176,2176,2176
0,136,10,136,136,136,136,136
0,136,11,2184,2184,2184,2184,2184
0,136,12,2176,2176,2176,2176,2176
0,136,13,136,136,136,136,136
0,136,14,2184,2184,2184,2184,2184
0,136,15,2176,2176,2176,2176,2176
0,136,16,136,136,136,136,136
0,136,17,2184,2184,2184,2184,2184
0,136,18,2176,2176,2176,2176,2176
0,136,19,136,136,136,136,136
0,136,20,2184,2184,2184,2184,2184
0,136,21,2176,2176,2176,2176,2176
0,136,22,136,136,136,136,136
0,136,23,2184,2184,2184,2184,2184
0,136,24,2176,2176,2176,2176,2176
0,136,25,136,136,136,136,136
0,136,26,2184,2184,2184,2184,2184
0,136,27,2176,2176,2176,2176,2176
0,136,28,136,136,136,136,136
0,136,29,2184,2184,2184,2184,2184
0,136,30,2176,2176,2176,2176,2176
0,136,31,136,136,136,136,136
0,136,32,2184,2184,2184,2184,2184
0,136,33,2176,2176,2176,2176,2176
0,136,34,136,136,136,136,136
0,136,35,2184,2184,2184,2184,2184
0,136,36,2176,2176,2176,2176,2176
0,136,37,136,136,136,136,136
0,136,38,2184,2184,2184,2184,2184
0,136,39,2176,2176,2176,2176,2176
0,136,40,136,136,136,136,136
0,136,41,2184,2184,2184,2184,2184
0,136,42,2176,2176,2176,2176,2176
0,136,43,136,136,136,136,136
0,136,44,2184,2184,2184,2184,2184
0,136,45,2176,2176,2176,2176,2176
0,136,46,136,136,136,136,136
0,136,47,2184,2184,2184,2184,2184
0,136,48,2176,2176,2176,2176,2176
0,136,49,136,136,136,136,136
0,136,50,2184,2184,2184,2184,2184
0,136,51,2176,2176,2176,2176,2176
0,136,52,136,136,136,136,136
0,136,53,2184,2184,2184,2184,2184
0,136,54,2176,2176,2176,2176,2176
0,136,55,136,136,136,136,136
0,136,56,2184,2184,2184,2184,2184
0,136,57,2176,2176,2176,2176,2176
0,136,58,136,136,136,136,136
0,136,59,2184,2184,2184,2184,2184
0,136,60,2176,2176,2176,2176,2176
0,136,61,136,136,136,136,136
0,136,62,2184,2184,2184,2184,2184
0,136,63,2176,2176,2176,2176,2176
0,136,64,136,136,136,136,136
0,136,65,2184,2184,2184,2184,2184
0,136,66,2176,2176,2176,2176,2176
0,136,67,136,136,136,136,136
0,136,68,2184,2184,2184,2184,2184
0,136,69,2176,2176,2176,2176,2176
0,136,70,136,136,136,136,136
0,136,71,2184,2184,2184,2184,2184
0,136,72,2176,2176,2176,2176,2176
0,136,73,136,136,136,136,136
0,136,74,2184,2184,2184,2184,2184
0,136,75,2176,2176,2176,2176,2176
0,136,76,136,136,136,136,136
0,136,77,2184,2184,2184,2184,2184
0,136,78,2176,2176,2176,2176,2176
0,136,79,136,136,136,136,136
0,136,80,2184,2184,2184,2184,2184
0,137,0,2432,2432,2432,2432,2432
0,137,1,392,392,392,392,392
0,137,2,2440,2440,2440,2440,2440
0,137,3,2432,2432,2432,2432,2432
0,137,4,392,392,392,392,392
0,137,5,2440,2440,2440,2440,2440
0,137,6,2432,2432,2432,2432,2432
0,137,7,392,392,392,392,392
0,137,8,2440,2440,2440,2440,2440
0,137,9,2432,2432,2432,2432,2432
0,137,10,392,392,392,392,392
0,137,11,2440,2440,2440,2440,2440
0,137,12,2432,2432,2432,2432,2432
0,137,13,392,392,392,392,392
0,137,14,2440,2440,2440,2440,2440
0,137,15,2432,2432,2432,2432,2432
0,137,16,392,392,392,392,392
0,137,17,2440,2440,2440,2440,2440
0,137,18,2432,2432,2432,2432,2432
0,137,19,392,392,392,392,392
0,137,20,2440,2440,2440,2440,2440
0,137,21,2432,2432,2432,2432,2432
0,137,22,392,392,392,392,392
0,137,23,2440,2440,2440,2440,2440
0,137,24,2432,2432,2432,2432,2432
0,137,25,392,392,392,392,392
0,137,26,2440,2440,2440,2440,2440
0,137,27,2177,2177,2177,2177,2177
0,137,28,137,137,137,137,137
0,137,29,2185,2185,2185,2185,2185
0,137,30,2177,2177,2177,2177,2177
0,137,31,137,137,137,137,137
0,137,32,2185,2185,2185,2185,2185
0,137,33,2177,2177,2177,2177,2177
0,137,34,137,137,137,137,137
0,137,35,2185,2185,2185,2185,2185
0,137,36,2177,2177,2177,2177,2177
0,137,37,137,137,137,137,137
0,137,38,2185,2185,2185,2185,2185
0,137,39,2177,2177,2177,2177,2177
0,137,40,137,137,137,137,137
0,137,41,2185,2185,2185,2185,2185
0,137,42,2177,2177,2177,2177,2177
0,137,43,137,137,137,137,137
0,137,44,2185,2185,2185,2185,2185
0,137,45,2177,2177,2177,2177,2177
0,137,46,137,137,137,137,137
0,137,47,2185,2185,2185,2185,2185
0,137,48,2177,2177,2177,2177,2177
0,137,49,137,137,137,137,137
0,137,50,2185,2185,2185,2185,2185
0,137,51,2177,2177,2177,2177,2177
0,137,52,137,137,137,137,137
0,137,53,2185,2185,2185,2185,2185
0,137,54,2433,2433,2433,2433,2433
0,137,55,393,393,393,393,393
0,137,56,2441,2441,2441,2441,2441
0,137,57,2433,2433,2433,2433,2433
0,137,58,393,393,393,393,393
0,137,59,2441,2441,2441,2441,2441
0,137,60,2433,2433,2433,2433,2433
0,137,61,393,393,393,393,393
0,137,62,2441,2441,2441,2441,2441
0,137,63,2433,2433,2433,2433,2433
0,137,64,393,393,393,393,393
0,137,65,2441,2441,2441,2441,2441
0,137,66,2433,2433,2433,2433,2433
0,137,67,393,393,393,393,393
0,137,68,2441,2441,2441,2441,2441
0,137,69,2433,2433,2433,2433,2433
0,137,70,393,393,393,393,393
0,137,71,2441,2441,2441,2441,2441
0,137,72,2433,2433,2433,2433,2433
0,137,73,393,393,393,393,393
0,137,74,2441,2441,2441,2441,2441
0,137,75,2433,2433,2433,2433,2433
0,137,76,393,393,393,393,393
0,137,77,2441,2441,2441,2441,2441
0,137,78,2433,2433,2433,2433,2433
0,137,79,393,393,393,393,393
0,137,80,2441,2441,2441,2441,2441
0,138,0,2688,2688,2688,2688,2688
0,138,1,648,648,648,648,648
0,138,2,2696,2696,2696,2696,2696
0,138,3,2688,2688,2688,2688,2688
0,138,4,648,648,648,648,648
0,138,5,2696,2696,2696,2696,2696
0,138,6,2688,2688,2688,2688,2688
0,138,7,648,648,648,648,648
0,138,8,2696,2696,2696,2696,2696
0,138,9,2178,2178,2178,2178,2178
0,138,10,138,138,138,138,138
0,138,11,2186,2186,2186,2186,2186
0,138,12,2178,2178,2178,2178,2178
0,138,13,138,138,138,138,138
0,138,14,2186,2186,2186,2186,2186
0,138,15,2178,2178,2178,2178,2178
0,138,16,138,138,138,138,138
0,138,17,2186,2186,2186,2186,2186
0,138,18,2690,2690,2690,2690,2690
0,138,19,650,650,650,650,650
0,138,20,2698,2698,2698,2698,2698
0,138,21,2690,2690,2690,2690,2690
0,138,22,650,650,650,650,650
0,138,23,2698,2698,2698,2698,2698
0,138,24,2690,2690,2690,2690,2690
0,138,25,650,650,650,650,650
0,138,26,2698,2698,2698,2698,2698
0,138,27,2688,2688,2688,2688,2688
0,138,28,648,648,648,648,648
0,138,29,2696,2696,2696,2696,2696
0,138,30,2688,2688,2688,2688,2688
0,138,31,648,648,648,648,648
0,138,32,2696,2696,2696,2696,2696
0,138,33,2688,2688,2688,2688,2688
0,138,34,648,648,648,648,648
0,138,35,2696,2696,2696,2696,2696
0,138,36,2178,2178,2178,2178,2178
0,138,37,138,138,138,138,138
0,138,38,2186,2186,2186,2186,2186
0,138,39,2178,2178,2178,2178,2178
0,138,40,138,138,138,138,138
0,138,41,2186,2186,2186,2186,2186
0,138,42,2178,2178,2178,2178,2178
0,138,43,138,138,138,138,138
0,138,44,2186,2186,2186,2186,2186
0,138,45,2690,2690,2690,2690,2690
0,138,46,650,650,650,650,650
0,138,47,2698,2698,2698,2698,2698
0,138,48,2690,2690,2690,2690,2690
0,138,49,650,650,650,650,650
0,138,50,2698,2698,2698,2698,2698
0,138,51,2690,2690,2690,2690,2690
0,138,52,650,650,650,650,650
0,138,53,2698,2698,2698,2698,2698
0,138,54,2688,2688,2688,2688,2688
0,138,55,648,648,648,648,648
0,138,56,2696,2696,2696,2696,2696
0,138,57,2688,2688,2688,2688,2688
0,138,58,648,648,648,648,648
0,138,59,2696,2696,2696,2696,2696
0,138,60,2688,2688,2688,2688,2688
0,138,61,648,648,648,648,648
0,138,62,2696,2696,2696,2696,2696
0,138,63,2178,2178,2178,2178,2178
0,138,64,138,138,138,138,138
0,138,65,2186,2186,2186,2186,2186
0,138,66,2178,2178,2178,2178,2178
0,138,67,138,138,138,138,138
0,138,68,2186,2186,2186,2186,2186
0,138,69,2178,2178,2178,2178,2178
0,138,70,138,138,138,138,138
0,138,71,2186,2186,2186,2186,2186
0,138,72,2690,2690,2690,2690,2690
0,138,73,650,650,650,650,650
0,138,74,2698,2698,2698,2698,2698
0,138,75,2690,2690,2690,2690,2690
0,138,76,650,650,650,650,650
0,138,77,2698,2698,2698,2698,2698
0,138,78,2690,2690,2690,2690,2690
0,138,79,650,650,650,650,650
0,138,80,2698,2698,2698,2698,2698
0,139,0,2944,2944,2944,2944,2944
0,139,1,904,904,904,904,904
0,139,2,2952,2952,2952,2952,2952
0,139,3,2944,2944,2944,2944,2944
0,139,4,904,904,904,904,904
0,139,5,2952,2952,2952,2952,2952
0,139,6,2944,2944,2944,2944,2944
0,139,7,904,904,904,904,904
0,139,8,2952,2952,2952,2952,2952
0,139,9,2434,2434,2434,2434,2434
0,139,10,394,394,394,394,394
0,139,11,2442,2442,2442,2442,2442
0,139,12,2434,2434,2434,2434,2434
0,139,13,394,394,394,394,394
0,139,14,2442,2442,2442,2442,2442
0,139,15,2434,2434,2434,2434,2434
0,139,16,394,394,394,394,394
0,139,17,2442,2442,2442,2442,2442
0,139,18,2946,2946,2946,2946,2946
0,139,19,906,906,906,906,906
0,139,20,2954,2954,2954,2954,2954
0,139,21,2946,2946,2946,2946,2946
0,139,22,906,906,906,906,906
0,139,23,2954,2954,2954,2954,2954
0,139,24,2946,2946,2946,2946,2946
0,139,25,906,906,906,906,906
0,139,26,2954,2954,2954,2954,2954
0,139,27,2689,2689,2689,2689,2689
0,139,28,649,649,649,649,649
0,139,29,2697,2697,2697,2697,2697
0,139,30,2689,2689,2689,2689,2689
0,139,31,649,649,649,649,649
0,139,32,2697,2697,2697,2697,2697
0,139,33,2689,2689,2689,2689,2689
0,139,34,649,649,649,649,649
0,139,35,2697,2697,2697,2697,2697
0,139,36,2179,2179,2179,2179,2179
0,139,37,139,139,139,139,139
0,139,38,2187,2187,2187,2187,2187
0,139,39,2179,2179,2179,2179,2179
0,139,40,139,139,139,139,139
0,139,41,2187,2187,2187,2187,2187
0,139,42,2179,2179,2179,2179,2179
0,139,43,139,139,139,139,139
0,139,44,2187,2187,2187,2187,2187
0,139,45,2691,2691,2691,2691,2691
0,139,46,651,651,651,651,651
0,139,47,2699,2699,2699,2699,2699
0,139,48,2691,2691,2691,2691,2691
0,139,49,651,651,651,651,651
0,139,50,2699,2699,2699,2699,2699
0,139,51,2691,2691,2691,2691,2691
0,139,52,651,651,651,651,651
0,139,53,2699,2699,2699,2699,2699
0,139,54,2945,2945,2945,2945,2945
0,139,55,905,905,905,905,905
0,139,56,2953,2953,2953,2953,2953
0,139,57,2945,2945,2945,2945,2945
0,139,58,905,905,905,905,905
0,139,59,2953,2953,2953,2953,2953
0,139,60,2945,2945,2945,2945,2945
0,139,61,905,905,905,905,905
0,139,62,2953,2953,2953,2953,2953
0,139,63,2435,2435,2435,2435,2435
0,139,64,395,395,395,395,395
0,139,65,2443,2443,2443,2443,2443
0,139,66,2435,2435,2435,2435,2435
0,139,67,395,395,395,395,395
0,139,68,2443,2443,2443,2443,2443
0,139,69,2435,2435,2435,2435,2435
0,139,70,395,395,395,395,395
0,139,71,2443,2443,2443,2443,2443
0,139,72,2947,2947,2947,2947,2947
0,139,73,907,907,907,907,907
0,139,74,2955,2955,2955,2955,2955
0,139,75,2947,2947,2947,2947,2947
0,139,76,907,907,907,907,907
0,139,77,2955,2955,2955,2955,2955
0,139,78,2947,2947,2947,2947,2947
0,139,79,907,907,907,907,907
0,139,80,2955,2955,2955,2955,2955
0,140,0,3200,3200,3200,3200,3200
0,140,1,1160,1160,1160,1160,1160
0,140,2,3208,3208,3208,3208,3208
0,140,3,2180,2180,2180,2180,2180
0,140,4,140,140,140,140,140
0,140,5,2188,2188,2188,2188,2188
0,140,6,3204,3204,3204,3204,3204
0,140,7,1164,1164,1164,1164,1164
0,140,8,3212,3212,3212,3212,3212
0,140,9,3200,3200,3200,3200,3200
0,140,10,1160,1160,1160,1160,1160
0,140,11,3208,3208,3208,3208,3208
0,140,12,2180,2180,2180,2180,2180
0,140,13,140,140,140,140,140
0,140,14,2188,2188,2188,2188,2188
0,140,15,3204,3204,3204,3204,3204
0,140,16,1164,1164,1164,1164,1164
0,140,17,3212,3212,3212,3212,3212
0,140,18,3200,3200,3200,3200,3200
0,140,19,1160,1160,1160,1160,1160
0,140,20,3208,3208,3208,3208,3208
0,140,21,2180,2180,2180,2180,2180
0,140,22,140,140,140,140,140
0,140,23,2188,2188,2188,2188,2188
0,140,24,3204,3204,3204,3204,3204
0,140,25,1164,1164,1164,1164,1164
0,140,26,3212,3212,3212,3212,3212
0,140,27,3200,3200,3200,3200,3200
0,140,28,1160,1160,1160,1160,1160
0,140,29,3208,3208,3208,3208,3208
0,140,30,2180,2180,2180,2180,2180
0,140,31,140,140,140,140,140
0,140,32,2188,2188,2188,2188,2188
0,140,33,3204,3204,3204,3204,3204
0,140,34,1164,1164,1164,1164,1164
0,140,35,3212,3212,3212,3212,3212
0,140,36,3200,3200,3200,3200,3200
0,140,37,1160,1160,1160,1160,1160
0,140,38,3208,3208,3208,3208,3208
0,140,39,2180,2180,2180,2180,2180
0,140,40,140,140,140,140,140
0,140,41,2188,2188,2188,2188,2188
0,140,42,3204,3204,3204,3204,3204
0,140,43,1164,1164,1164,1164,1164
0,140,44,3212,3212,3212,3212,3212
0,140,45,3200,3200,3200,3200,3200
0,140,46,1160,1160,1160,1160,1160
0,140,47,3208,3208,3208,3208,3208
0,140,48,2180,2180,2180,2180,2180
0,140,49,140,140,140,140,140
0,140,50,2188,2188,2188,2188,2188
0,140,51,3204,3204,3204,3204,3204
0,140,52,1164,1164,1164,1164,1164
0,140,53,3212,3212,3212,3212,3212
0,140,54,3200,3200,3200,3200,3200
0,140,55,1160,1160,1160,1160,1160
0,140,56,3208,3208,3208,3208,3208
0,140,57,2180,2180,2180,2180,2180
0,140,58,140,140,140,140,140
0,140,59,2188,2188,2188,2188,2188
0,140,60,3204,3204,3204,3204,3204
0,140,61,1164,1164,1164,1164,1164
0,140,62,3212,3212,3212,3212,3212
0,140,63,3200,3200,3200,3200,3200
0,140,64,1160,1160,1160,1160,1160
0,140,65,3208,3208,3208,3208,3208
0,140,66,2180,2180,2180,2180,2180
0,140,67,140,140,140,140,140
0,140,68,2188,2188,2188,2188,2188
0,140,69,3204,3204,3204,3204,3204
0,140,70,1164,1164,1164,1164,1164
0,140,71,3212,3212,3212,3212,3212
0,140,72,3200,3200,3200,3200,3200
0,140,73,1160,1160,1160,1160,1160
0,140,74,3208,3208,3208,3208,3208
0,140,75,2180,2180,2180,2180,2180
0,140,76,140,140,140,140,140
0,140,77,2188,2188,2188,2188,2188
0,140,78,3204,3204,3204,3204,3204
0,140,79,1164,1164,1164,1164,1164
0,140,80,3212,3212,3212,3212,3212
0,141,0,3456,3456,3456,3456,3456
0,141,1,1416,1416,1416,1416,1416
0,141,2,3464,3464,3464,3464,3464
0,141,3,2436,2436,2436,2436,2436
0,141,4,396,396,396,396,396
0,141,5,2444,2444,2444,2444,2444
0,141,6,3460,3460,3460,3460,3460
0,141,7,1420,1420,1420,1420,1420
0,141,8,3468,3468,3468,3468,3468
0,141,9,3456,3456,3456,3456,3456
0,141,10,1416,1416,1416,1416,1416
0,141,11,3464,3464,3464,3464,3464
0,141,12,2436,2436,2436,2436,2436
0,141,13,396,396,396,396,396
0,141,14,2444,2444,2444,2444,2444
0,141,15,3460,3460,3460,3460,3460
0,141,16,1420,1420,1420,1420,1420
0,141,17,3468,3468,3468,3468,3468
0,141,18,3456,3456,3456,3456,3456
0,141,19,1416,1416,1416,1416,1416
0,141,20,3464,3464,3464,3464,3464
0,141,21,2436,2436,2436,2436,2436
0,141,22,396,396,396,396,396
0,141,23,2444,2444,2444,2444,2444
0,141,24,3460,3460,3460,3460,3460
0,141,25,1420,1420,1420,1420,1420
0,141,26,3468,3468,3468,3468,3468
0,141,27,3201,3201,3201,3201,3201
0,141,28,1161,1161,1161,1161,1161
0,141,29,3209,3209,3209,3209,3209
0,141,30,2181,2181,2181,2181,2181
0,141,31,141,141,141,141,141
0,141,32,2189,2189,2189,2189,2189
0,141,33,3205,3205,3205,3205,3205
0,141,34,1165,1165,1165,1165,1165
0,141,35,3213,3213,3213,3213,3213
0,141,36,3201,3201,3201,3201,3201
0,141,37,1161,1161,1161,1161,1161
0,141,38,3209,3209,3209,3209,3209
0,141,39,2181,2181,2181,2181,2181
0,141,40,141,141,141,141,141
0,141,41,2189,2189,2189,2189,2189
0,141,42,3205,3205,3205,3205,3205
0,141,43,1165,1165,1165,1165,1165
0,141,44,3213,3213,3213,3213,3213
0,141,45,3201,3201,3201,3201,3201
0,141,46,1161,1161,1161,1161,1161
0,141,47,3209,3209,3209,3209,3209
0,141,48,2181,2181,2181,2181,2181
0,141,49,141,141,141,141,141
0,141,50,2189,2189,2189,2189,2189
0,141,51,3205,3205,3205,3205,3205
0,141,52,1165,1165,1165,1165,1165
0,141,53,3213,3213,3213,3213,3213
0,141,54,3457,3457,3457,3457,3457
0,141,55,1417,1417,1417,1417,1417
0,141,56,3465,3465,3465,3465,3465
0,141,57,2437,2437,2437,2437,2437
0,141,58,397,397,397,397,397
0,141,59,2445,2445,2445,2445,2445
0,141,60,3461,3461,3461,3461,3461
0,141,61,1421,1421,1421,1421,1421
0,141,62,3469,3469,3469,3469,3469
0,141,63,3457,3457,3457,3457,3457
0,141,64,1417,1417,1417,1417,1417
0,141,65,3465,3465,3465,3465,3465
0,141,66,2437,2437,2437,2437,2437
0,141,67,397,397,397,397,397
0,141,68,2445,2445,2445,2445,2445
0,141,69,3461,3461,3461,3461,3461
0,141,70,1421,1421,1421,1421,1421
0,141,71,3469,3469,3469,3469,3469
0,141,72,3457,3457,3457,3457,3457
0,141,73,1417,1417,1417,1417,1417
0,141,74,3465,3465,3465,3465,3465
0,141,75,2437,2437,2437,2437,2437
0,141,76,397,397,397,397,397
0,141,77,2445,2445,2445,2445,2445
0,141,78,3461,3461,3461,3461,3461
0,141,79,1421,1421,1421,1421,1421
0,141,80,3469,3469,3469,3469,3469
0,142,0,3712,3712,3712,3712,3712
0,142,1,1672,1672,1672,1672,1672
0,142,2,3720,3720,3720,3720,3720
0,142,3,2692,2692,2692,2692,2692
0,142,4,652,652,652,652,652
0,142,5,2700,2700,2700,2700,2700
0,142,6,3716,3716,3716,3716,3716
0,142,7,1676,1676,1676,1676,1676
0,142,8,3724,3724,3724,3724,3724
0,142,9,3202,3202,3202,3202,3202
0,142,10,1162,1162,1162,1162,1162
0,142,11,3210,3210,3210,3210,3210
0,142,12,2182,2182,2182,2182,2182
0,142,13,142,142,142,142,142
0,142,14,2190,2190,2190,2190,2190
0,142,15,3206,3206,3206,3206,3206
0,142,16,1166,1166,1166,1166,1166
0,142,17,3214,3214,3214,3214,3214
0,142,18,3714,3714,3714,3714,3714
0,142,19,1674,1674,1674,1674,1674
0,142,20,3722,3722,3722,3722,3722
0,142,21,2694,2694,2694,2694,2694
0,142,22,654,654,654,654,654
0,142,23,2702,2702,2702,2702,2702
0,142,24,3718,3718,3718,3718,3718
0,142,25,1678,1678,1678,1678,1678
0,142,26,3726,3726,3726,3726,3726
0,142,27,3712,3712,3712,3712,3712
0,142,28,1672,1672,1672,1672,1672
0,142,29,3720,3720,3720,3720,3720
0,142,30,2692,2692,2692,2692,2692
0,142,31,652,652,652,652,652
0,142,32,2700,2700,2700,2700,2700
0,142,33,3716,3716,3716,3716,3716
0,142,34,1676,1676,1676,1676,1676
0,142,35,3724,3724,3724,3724,3724
0,142,36,3202,3202,3202,3202,3202
0,142,37,1162,1162,1162,1162,1162
0,142,38,3210,3210,3210,3210,3210
0,142,39,2182,2182,2182,2182,2182
0,142,40,142,142,142,142,142
0,142,41,2190,2190,2190,2190,2190
0,142,42,3206,3206,3206,3206,3206
0,142,43,1166,1166,1166,1166,1166
0,142,44,3214,3214,3214,3214,3214
0,142,45,3714,3714,3714,3714,3714
0,142,46,1674,1674,1674,1674,1674
0,142,47,3722,3722,3722,3722,3722
0,142,48,2694,2694,2694,2694,2694
0,142,49,654,654,654,654,654
0,142,50,2702,2702,2702,2702,2702
0,142,51,3718,3718,3718,3718,3718
0,142,52,1678,1678,1678,1678,1678
0,142,53,3726,3726,3726,3726,3726
0,142,54,3712,3712,3712,3712,3712
0,142,55,1672,1672,1672,1672,1672
0,142,56,3720,3720,3720,3720,3720
0,142,57,2692,2692,2692,2692,2692
0,142,58,652,652,652,652,652
0,142,59,2700,2700,2700,2700,2700
0,142,60,3716,3716,3716,3716,3716
0,142,61,1676,1676,1676,1676,1676
0,142,62,3724,3724,3724,3724,3724
0,142,63,3202,3202,3202,3202,3202
0,142,64,1162,1162,1162,1162,1162
0,142,65,3210,3210,3210,3210,3210
0,142,66,2182,2182,2182,2182,2182
0,142,67,142,142,142,142,142
0,142,68,2190,2190,2190,2190,2190
0,142,69,3206,3206,3206,3206,3206
0,142,70,1166,1166,1166,1166,1166
0,142,71,3214,3214,3214,3214,3214
0,142,72,3714,3714,3714,3714,3714
0,142,73,1674,1674,1674,1674,1674
0,142,74,3722,3722,3722,3722,3722
0,142,75,2694,2694,2694,2694,2694
0,142,76,654,654,654,654,654
0,142,77,2702,2702,2702,2702,2702
0,142,78,3718,3718,3718,3718,3718
0,142,79,1678,1678,1678,1678,1678
0,142,80,3726,3726,3726,3726,3726
0,143,0,3968,3968,3968,3968,3968
0,143,1,1928,1928,1928,1928,1928
0,143,2,3976,3976,3976,3976,3976
0,143,3,2948,2948,2948,2948,2948
0,143,4,908,908,908,908,908
0,143,5,2956,2956,2956,2956,2956
0,143,6,3972,3972,3972,3972,3972
0,143,7,1932,1932,1932,1932,1932
0,143,8,3980,3980,3980,3980,3980
0,143,9,3458,3458,3458,3458,3458
0,143,10,1418,1418,1418,1418,1418
0,143,11,3466,3466,3466,3466,3466
0,143,12,2438,2438,2438,2438,2438
0,143,13,398,398,398,398,398
0,143,14,2446,2446,2446,2446,2446
0,143,15,3462,3462,3462,3462,3462
0,143,16,1422,1422,1422,1422,1422
0,143,17,3470,3470,3470,3470,3470
0,143,18,3970,3970,3970,3970,3970
0,143,19,1930,1930,1930,1930,1930
0,143,20,3978,3978,3978,3978,3978
0,143,21,2950,2950,2950,2950,2950
0,143,22,910,910,910,910,910
0,143,23,2958,2958,2958,2958,2958
0,143,24,3974,3974,3974,3974,3974
0,143,25,1934,1934,1934,1934,1934
0,143,26,3982,3982,3982,3982,3982
0,143,27,3713,3713,3713,3713,3713
0,143,28,1673,1673,1673,1673,1673
0,143,29,3721,3721,3721,3721,3721
0,143,30,2693,2693,2693,2693,2693
0,143,31,653,653,653,653,653
0,143,32,2701,2701,2701,2701,2701
0,143,33,3717,3717,3717,3717,3717
0,143,34,1677,1677,1677,1677,1677
0,143,35,3725,3725,3725,3725,3725
0,143,36,3203,3203,3203,3203,3203
0,143,37,1163,1163,1163,1163,1163
0,143,38,3211,3211,3211,3211,3211
0,143,39,2183,2183,2183,2183,2183
0,143,40,143,143,143,143,143
0,143,41,2191,2191,2191,2191,2191
0,143,42,3207,3207,3207,3207,3207
0,143,43,1167,1167,1167,1167,1167
0,143,44,3215,3215,3215,3215,3215
0,143,45,3715,3715,3715,3715,3715
0,143,46,1675,1675,1675,1675,1675
0,143,47,3723,3723,3723,3723,3723
0,143,48,2695,2695,2695,2695,2695
0,143,49,655,655,655,655,655
0,143,50,2703,2703,2703,2703,2703
0,143,51,3719,3719,3719,3719,3719
0,143,52,1679,1679,1679,1679,1679
0,143,53,3727,3727,3727,3727,3727
0,143,54,3969,3969,3969,3969,3969
0,143,55,1929,1929,1929,1929,1929
0,143,56,3977,3977,3977,3977,3977
0,143,57,2949,2949,2949,2949,2949
0,143,58,909,909,909,909,909
0,143,59,2957,2957,2957,2957,2957
0,143,60,3973,3973,3973,3973,3973
0,143,61,1933,1933,1933,1933,1933
0,143,62,3981,3981,3981,3981,3981
0,143,63,3459,3459,3459,3459,3459
0,143,64,1419,1419,1419,1419,1419
0,143,65,3467,3467,3467,3467,3467
0,143,66,2439,2439,2439,2439,2439
0,143,67,399,399,399,399,399
0,143,68,2447,2447,2447,2447,2447
0,143,69,3463,3463,3463,3463,3463
0,143,70,1423,1423,1423,1423,1423
0,143,71,3471,3471,3471,3471,3471
0,143,72,3971,3971,3971,3971,3971
0,143,73,1931,1931,1931,1931,1931
0,143,74,3979,3979,3979,3979,3979
0,143,75,2951,2951,2951,2951,2951
0,143,76,911,911,911,911,911
0,143,77,2959,2959,2959,2959,2959
0,143,78,3975,3975,3975,3975,3975
0,143,79,1935,1935,1935,1935,1935
0,143,80,3983,3983,3983,3983,3983
0,144,0,144,144,144,144,144
0,144,1,144,144,144,144,144
0,144,2,144,144,144,144,144
0,144,3,144,144,144,144,144
0,144,4,144,144,144,144,144
0,144,5,144,144,144,144,144
0,144,6,144,144,144,144,144
0,144,7,144,144,144,144,144
0,144,8,144,144,144,144,144
0,144,9,144,144,144,144,144
0,144,10,144,144,144,144,144
0,144,11,144,144,144,144,144
0,144,12,144,144,144,144,144
0,144,13,144,144,144,144,144
0,144,14,144,144,144,144,144
0,144,15,144,144,144,144,144
0,144,16,144,144,144,144,144
0,144,17,144,144,144,144,144
0,144,18,144,144,144,144,144
0,144,19,144,144,144,144,144
0,144,20,144,144,144,144,144
0,144,21,144,144,144,144,144
0,144,22,144,144,144,144,144
0,144,23,144,144,144,144,144
0,144,24,144,144,144,144,144
0,144,25,144,144,144,144,144
0,144,26,144,144,144,144,144
0,144,27,144,144,144,144,144
0,144,28,144,144,144,144,144
0,144,29,144,144,144,144,144
0,144,30,144,144,144,144,144
0,144,31,144,144,144,144,144
0,144,32,144,144,144,144,144
0,144,33,144,144,144,144,144
0,144,34,144,144,144,144,144
0,144,35,144,144,144,144,144
0,144,36,144,144,144,144,144
0,144,37,144,144,144,144,144
0,144,38,144,144,144,144,144
0,144,39,144,144,144,144,144
0,144,40,144,144,144,144,144
0,144,41,144,144,144,144,144
0,144,42,144,144,144,144,144
0,144,43,144,144,144,144,144
0,144,44,144,144,144,144,144
0,144,45,144,144,144,144,144
0,144,46,144,144,144,144,144
0,144,47,144,144,144,144,144
0,144,48,144,144,144,144,144
0,144,49,144,144,144,144,144
0,144,50,144,144,144,144,144
0,144,51,144,144,144,144,144
0,144,52,144,144,144,144,144
0,144,53,144,144,144,144,144
0,144,54,144,144,144,144,144
0,144,55,144,144,144,144,144
0,144,56,144,144,144,144,144
0,144,57,144,144,144,144,144
0,144,58,144,144,144,144,144
0,144,59,144,144,144,144,144
0,144,60,144,144,144,144,144
0,144,61,144,144,144,144,144
0,144,62,144,144,144,144,144
0,144,63,144,144,144,144,144
0,144,64,144,144,144,144,144
0,144,65,144,144,144,144,144
0,144,66,144,144,144,144,144
0,144,67,144,144,144,144,144
0,144,68,144,144,144,144,144
0,144,69,144,144,144,144,144
0,144,70,144,144,144,144,144
0,144,71,144,144,144,144,144
0,144,72,144,144,144,144,144
0,144,73,144,144,144,144,144
0,144,74,144,144,144,144,144
0,144,75,144,144,144,144,144
0,144,76,144,144,144,144,144
0,144,77,144,144,144,144,144
0,144,78,144,144,144,144,144
0,144,79,144,144,144,144,144
0,144,80,144,144,144,144,144
0,145,0,400,400,400,400,400
0,145,1,400,400,400,400,400
0,145,2,400,400,400,400,400
0,145,3,400,400,400,400,400
0,145,4,400,400,400,400,400
0,145,5,400,400,400,400,400
0,145,6,400,400,400,400,400
0,145,7,400,400,400,400,400
0,145,8,400,400,400,400,400
0,145,9,400,400,400,400,400
0,145,10,400,400,400,400,400
0,145,11,400,400,400,400,400
0,145,12,400,400,400,400,400
0,145,13,400,400,400,400,400
0,145,14,400,400,400,400,400
0,145,15,400,400,400,400,400
0,145,16,400,400,400,400,400
0,145,17,400,400,400,400,400
0,145,18,400,400,400,400,400
0,145,19,400,400,400,400,400
0,145,20,400,400,400,400,400
0,145,21,400,400,400,400,400
0,145,22,400,400,400,400,400
0,145,23,400,400,400,400,400
0,145,24,400,400,400,400,400
0,145,25,400,400,400,400,400
0,145,26,400,400,400,400,400
0,145,27,145,145,145,145,145
0,145,28,145,145,145,145,145
0,145,29,145,145,145,145,145
0,145,30,145,145,145,145,145
0,145,31,145,145,145,145,145
0,145,32,145,145,145,145,145
0,145,33,145,145,145,145,145
0,145,34,145,145,145,145,145
0,145,35,145,145,145,145,145
0,145,36,145,145,145,145,145
0,145,37,145,145,145,145,145
0,145,38,145,145,145,145,145
0,145,39,145,145,145,145,145
0,145,40,145,145,145,145,145
0,145,41,145,145,145,145,145
0,145,42,145,145,145,145,145
0,145,43,145,145,145,145,145
0,145,44,145,145,145,145,145
0,145,45,145,145,145,145,145
0,145,46,145,145,145,145,145
0,145,47,145,145,145,145,145
0,145,48,145,145,145,145,145
0,145,49,145,145,145,145,145
0,145,50,145,145,145,145,145
0,145,51,145,145,145,145,145
0,145,52,145,145,145,145,145
0,145,53,145,145,145,145,145
0,145,54,401,401,401,401,401
0,145,55,401,401,401,401,401
0,145,56,401,401,401,401,401
0,145,57,401,401,401,401,401
0,145,58,401,401,401,401,401
0,145,59,401,401,401,401,401
0,145,60,401,401,401,401,401
0,145,61,401,401,401,401,401
0,145,62,401,401,401,401,401
0,145,63,401,401,401,401,401
0,145,64,401,401,401,401,401
0,145,65,401,401,401,401,401
0,145,66,401,401,401,401,401
0,145,67,401,401,401,401,401
0,145,68,401,401,401,401,401
0,145,69,401,401,401,401,401
0,145,70,401,401,401,401,401
0,145,71,401,401,401,401,401
0,145,72,401,401,401,401,401
0,145,73,401,401,401,401,401
0,145,74,401,401,401,401,401
0,145,75,401,401,401,401,401
0,145,76,401,401,401,401,401
0,145,77,401,401,401,401,401
0,145,78,401,401,401,401,401
0,145,79,401,401,401,401,401
0,145,80,401,401,401,401,401
0,146,0,656,688,688,688,688
0,146,1,656,688,688,688,688
0,146,2,656,688,688,688,688
0,146,3,656,688,688,688,688
0,146,4,656,688,688,688,688
0,146,5,656,688,688,688,688
0,146,6,656,688,688,688,688
0,146,7,656,688,688,688,688
0,146,8,656,688,688,688,688
0,146,9,146,146,146,146,146
0,146,10,146,146,146,146,146
0,146,11,146,146,146,146,146
0,146,12,146,146,146,146,146
0,146,13,146,146,146,146,146
0,146,14,146,146,146,146,146
0,146,15,146,146,146,146,146
0,146,16,146,146,146,146,146
0,146,17,146,146,146,146,146
0,146,18,658,690,690,690,690
0,146,19,658,690,690,690,690
0,146,20,658,690,690,690,690
0,146,21,658,690,690,690,690
0,146,22,658,690,690,690,690
0,146,23,658,690,690,690,690
0,146,24,658,690,690,690,690
0,146,25,658,690,690,690,690
0,146,26,658,690,690,690,690
0,146,27,656,688,688,688,688
0,146,28,656,688,688,688,688
0,146,29,656,688,688,688,688
0,146,30,656,688,688,688,688
0,146,31,656,688,688,688,688
0,146,32,656,688,688,688,688
0,146,33,656,688,688,688,688
0,146,34,656,688,688,688,688
0,146,35,656,688,688,688,688
0,146,36,146,146,146,146,146
0,146,37,146,146,146,146,146
0,146,38,146,146,146,146,146
0,146,39,146,146,146,146,146
0,146,40,146,146,146,146,146
0,146,41,146,146,146,146,146
0,146,42,146,146,146,146,146
0,146,43,146,146,146,146,146
0,146,44,146,146,146,146,146
0,146,45,658,690,690,690,690
0,146,46,658,690,690,690,690
0,146,47,658,690,690,690,690
0,146,48,658,690,690,690,690
0,146,49,658,690,690,690,690
0,146,50,658,690,690,690,690
0,146,51,658,690,690,690,690
0,146,52,658,690,690,690,690
0,146,53,658,690,690,690,690
0,146,54,656,688,688,688,688
0,146,55,656,688,688,688,688
0,146,56,656,688,688,688,688
0,146,57,656,688,688,688,688
0,146,58,656,688,688,688,688
0,146,59,656,688,688,688,688
0,146,60,656,688,688,688,688
0,146,61,656,688,688,688,688
0,146,62,656,688,688,688,688
0,146,63,146,146,146,146,146
0,146,64,146,146,146,146,146
0,146,65,146,146,146,146,146
0,146,66,146,146,146,146,146
0,146,67,146,146,146,146,146
0,146,68,146,146,146,146,146
0,146,69,146,146,146,146,146
0,146,70,146,146,146,146,146
0,146,71,146,146,146,146,146
0,146,72,658,690,690,690,690
0,146,73,658,690,690,690,690
0,146,74,658,690,690,690,690
0,146,75,658,690,690,690,690
0,146,76,658,690,690,690,690
0,146,77,658,690,690,690,690
0,146,78,658,690,690,690,690
0,146,79,658,690,690,690,690
0,146,80,658,690,690,690,690
0,147,0,912,944,944,944,944
0,147,1,912,944,944,944,944
0,147,2,912,944,944,944,944
0,147,3,912,944,944,944,944
0,147,4,912,944,944,944,944
0,147,5,912,944,944,944,944
0,147,6,912,944,944,944,944
0,147,7,912,944,944,944,944
0,147,8,912,944,944,944,944
0,147,9,402,402,402,402,402
0,147,10,402,402,402,402,402
0,147,11,402,402,402,402,402
0,147,12,402,402,402,402,402
0,147,13,402,402,402,402,402
0,147,14,402,402,402,402,402
0,147,15,402,402,402,402,402
0,147,16,402,402,402,402,402
0,147,17,402,402,402,402,402
0,147,18,914,946,946,946,946
0,147,19,914,946,946,946,946
0,147,20,914,946,946,946,946
0,147,21,914,946,946,946,946
0,147,22,914,946,946,946,946
0,147,23,914,946,946,946,946
0,147,24,914,946,946,946,946
0,147,25,914,946,946,946,946
0,147,26,914,946,946,946,946
0,147,27,657,689,689,689,689
0,147,28,657,689,689,689,689
0,147,29,657,689,689,689,689
0,147,30,657,689,689,689,689
0,147,31,657,689,689,689,689
0,147,32,657,689,689,689,689
0,147,33,657,689,689,689,689
0,147,34,657,689,689,689,689
0,147,35,657,689,689,689,689
0,147,36,147,147,147,147,147
0,147,37,147,147,147,147,147
0,147,38,147,147,147,147,147
0,147,39,147,147,147,147,147
0,147,40,147,147,147,147,147
0,147,41,147,147,147,147,147
0,147,42,147,147,147,147,147
0,147,43,147,147,147,147,147
0,147,44,147,147,147,147,147
0,147,45,659,691,691,691,691
0,147,46,659,691,691,691,691
0,147,47,659,691,691,691,691
0,147,48,659,691,691,691,691
0,147,49,659,691,691,691,691
0,147,50,659,691,691,691,691
0,147,51,659,691,691,691,691
0,147,52,659,691,691,691,691
0,147,53,659,691,691,691,691
0,147,54,913,945,945,945,945
0,147,55,913,945,945,945,945
0,147,56,913,945,945,945,945
0,147,57,913,945,945,945,945
0,147,58,913,945,945,945,945
0,147,59,913,945,945,945,945
0,147,60,913,945,945,945,945
0,147,61,913,945,945,945,945
0,147,62,913,945,945,945,945
0,147,63,403,403,403,403,403
0,147,64,403,403,403,403,403
0,147,65,403,403,403,403,403
0,147,66,403,403,403,403,403
0,147,67,403,403,403,403,403
0,147,68,403,403,403,403,403
0,147,69,403,403,403,403,403
0,147,70,403,403,403,403,403
0,147,71,403,403,403,403,403
0,147,72,915,947,947,947,947
0,147,73,915,947,947,947,947
0,147,74,915,947,947,947,947
0,147,75,915,947,947,947,947
0,147,76,915,947,947,947,947
0,147,77,915,947,947,947,947
0,147,78,915,947,947,947,947
0,147,79,915,947,947,947,947
0,147,80,915,947,947,947,947
0,148,0,1168,1232,1232,1232,1232
0,148,1,1168,1232,1232,1232,1232
0,148,2,1168,1232,1232,1232,1232
0,148,3,148,148,148,148,148
0,148,4,148,148,148,148,148
0,148,5,148,148,148,148,148
0,148,6,1172,1236,1236,1236,1236
0,148,7,1172,1236,1236,1236,1236
0,148,8,1172,1236,1236,1236,1236
0,148,9,1168,1232,1232,1232,1232
0,148,10,1168,1232,1232,1232,1232
0,148,11,1168,1232,1232,1232,1232
0,148,12,148,148,148,148,148
0,148,13,148,148,148,148,148
0,148,14,148,148,148,148,148
0,148,15,1172,1236,1236,1236,1236
0,148,16,1172,1236,1236,1236,1236
0,148,17,1172,1236,1236,1236,1236
0,148,18,1168,1232,1232,1232,1232
0,148,19,1168,1232,1232,1232,1232
0,148,20,1168,1232,1232,1232,1232
0,148,21,148,148,148,148,148
0,148,22,148,148,148,148,148
0,148,23,148,148,148,148,148
0,148,24,1172,1236,1236,1236,1236
0,148,25,1172,1236,1236,1236,1236
0,148,26,1172,1236,1236,1236,1236
0,148,27,1168,1232,1232,1232,1232
0,148,28,1168,1232,1232,1232,1232
0,148,29,1168,1232,1232,1232,1232
0,148,30,148,148,148,148,148
0,148,31,148,148,148,148,148
0,148,32,148,148,148,148,148
0,148,33,1172,1236,1236,1236,1236
0,148,34,1172,1236,1236,1236,1236
0,148,35,1172,1236,1236,1236,1236
0,148,36,1168,1232,1232,1232,1232
0,148,37,1168,1232,1232,1232,1232
0,148,38,1168,1232,1232,1232,1232
0,148,39,148,148,148,148,148
0,148,40,148,148,148,148,148
0,148,41,148,148,148,148,148
0,148,42,1172,1236,1236,1236,1236
0,148,43,1172,1236,1236,1236,1236
0,148,44,1172,1236,1236,1236,1236
0,148,45,1168,1232,1232,1232,1232
0,148,46,1168,1232,1232,1232,1232
0,148,47,1168,1232,1232,1232,1232
0,148,48,148,148,148,148,148
0,148,49,148,148,148,148,148
0,148,50,148,148,148,148,148
0,148,51,1172,1236,1236,1236,1236
0,148,52,1172,1236,1236,1236,1236
0,148,53,1172,1236,1236,1236,1236
0,148,54,1168,1232,1232,1232,1232
0,148,55,1168,1232,1232,1232,1232
0,148,56,1168,1232,1232,1232,1232
0,148,57,148,148,148,148,148
0,148,58,148,148,148,148,148
0,148,59,148,148,148,148,148
0,148,60,1172,1236,1236,1236,1236
0,148,61,1172,1236,1236,1236,1236
0,148,62,1172,1236,1236,1236,1236
0,148,63,1168,1232,1232,1232,1232
0,148,64,1168,1232,1232,1232,1232
0,148,65,1168,1232,1232,1232,1232
0,148,66,148,148,148,148,148
0,148,67,148,148,148,148,148
0,148,68,148,148,148,148,148
0,148,69,1172,1236,1236,1236,1236
0,148,70,1172,1236,1236,1236,1236
0,148,71,1172,1236,1236,1236,1236
0,148,72,1168,1232,1232,1232,1232
0,148,73,1168,1232,1232,1232,1232
0,148,74,1168,1232,1232,1232,1232
0,148,75,148,148,148,148,148
0,148,76,148,148,148,148,148
0,148,77,148,148,148,148,148
0,148,78,1172,1236,1236,1236,1236
0,148,79,1172,1236,1236,1236,1236
0,148,80,1172,1236,1236,1236,1236
0,149,0,1424,1488,1488,1488,1488
0,149,1,1424,1488,1488,1488,1488
0,149,2,1424,1488,1488,1488,1488
0,149,3,404,404,404,404,404
0,149,4,404,404,404,404,404
0,149,5,404,404,404,404,404
0,149,6,1428,1492,1492,1492,1492
0,149,7,1428,1492,1492,1492,1492
0,149,8,1428,1492,1492,1492,1492
0,149,9,1424,1488,1488,1488,1488
0,149,10,1424,1488,1488,1488,1488
0,149,11,1424,1488,1488,1488,1488
0,149,12,404,404,404,404,404
0,149,13,404,404,404,404,404
0,149,14,404,404,404,404,404
0,149,15,1428,1492,1492,1492,1492
0,149,16,1428,1492,1492,1492,1492
0,149,17,1428,1492,1492,1492,1492
0,149,18,1424,1488,1488,1488,1488
0,149,19,1424,1488,1488,1488,1488
0,149,20,1424,1488,1488,1488,1488
0,149,21,404,404,404,404,404
0,149,22,404,404,404,404,404
0,149,23,404,404,404,404,404
0,149,24,1428,1492,1492,1492,1492
0,149,25,1428,1492,1492,1492,1492
0,149,26,1428,1492,1492,1492,1492
0,149,27,1169,1233,1233,1233,1233
0,149,28,1169,1233,1233,1233,1233
0,149,29,1169,1233,1233,1233,1233
0,149,30,149,149,149,149,149
0,149,31,149,149,149,149,149
0,149,32,149,149,149,149,149
0,149,33,1173,1237,1237,1237,1237
0,149,34,1173,1237,1237,1237,1237
0,149,35,1173,1237,1237,1237,1237
0,149,36,1169,1233,1233,1233,1233
0,149,37,1169,1233,1233,1233,1233
0,149,38,1169,1233,1233,1233,1233
0,149,39,149,149,149,149,149
0,149,40,149,149,149,149,149
0,149,41,149,149,149,149,149
0,149,42,1173,1237,1237,1237,1237
0,149,43,1173,1237,1237,1237,1237
0,149,44,1173,1237,1237,1237,1237
0,149,45,1169,1233,1233,1233,1233
0,149,46,1169,1233,1233,1233,1233
0,149,47,1169,1233,1233,1233,1233
0,149,48,149,149,149,149,149
0,149,49,149,149,149,149,149
0,149,50,149,149,149,149,149
0,149,51,1173,1237,1237,1237,1237
0,149,52,1173,1237,1237,1237,1237
0,149,53,1173,1237,1237,1237,1237
0,149,54,1425,1489,1489,1489,1489
0,149,55,1425,1489,1489,1489,1489
0,149,56,1425,1489,1489,1489,1489
0,149,57,405,405,405,405,405
0,149,58,405,405,405,405,405
0,149,59,405,405,405,405,405
0,149,60,1429,1493,1493,1493,1493
0,149,61,1429,1493,1493,1493,1493
0,149,62,1429,1493,1493,1493,1493
0,149,63,1425,1489,1489,1489,1489
0,149,64,1425,1489,1489,1489,1489
0,149,65,1425,1489,1489,1489,1489
0,149,66,405,405,405,405,405
0,149,67,405,405,405,405,405
0,149,68,405,405,405,405,405
0,149,69,1429,1493,1493,1493,1493
0,149,70,1429,1493,1493,1493,1493
0,149,71,1429,1493,1493,1493,1493
0,149,72,1425,1489,1489,1489,1489
0,149,73,1425,1489,1489,1489,1489
0,149,74,1425,1489,1489,1489,1489
0,149,75,405,405,405,405,405
0,149,76,405,405,405,405,405
0,149,77,405,405,405,405,405
0,149,78,1429,1493,1493,1493,1493
0,149,79,1429,1493,1493,1493,1493
0,149,80,1429,1493,1493,1493,1493
0,150,0,1680,3824,3824,3824,3824
0,150,1,1680,1784,1784,1784,1784
0,150,2,1680,3832,3832,3832,3832
0,150,3,660,2740,2740,2740,2740
0,150,4,660,700,700,700,700
0,150,5,660,2748,2748,2748,2748
0,150,6,1684,3828,3828,3828,3828
0,150,7,1684,1788,1788,1788,1788
0,150,8,1684,3836,3836,3836,3836
0,150,9,1170,3282,3282,3282,3282
0,150,10,1170,1242,1242,1242,1242
0,150,11,1170,3290,3290,3290,3290
0,150,12,150,150,150,150,150
0,150,13,150,150,150,150,150
0,150,14,150,150,150,150,150
0,150,15,1174,3286,3286,3286,3286
0,150,16,1174,1246,1246,1246,1246
0,150,17,1174,3294,3294,3294,3294
0,150,18,1682,3826,3826,3826,3826
0,150,19,1682,1786,1786,1786,1786
0,150,20,1682,3834,3834,3834,3834
0,150,21,662,2742,2742,2742,2742
0,150,22,662,702,702,702,702
0,150,23,662,2750,2750,2750,2750
0,150,24,1686,3830,3830,3830,3830
0,150,25,1686,1790,1790,1790,1790
0,150,26,1686,3838,3838,3838,3838
0,150,27,1680,3824,3824,3824,3824
0,150,28,1680,1784,1784,1784,1784
0,150,29,1680,3832,3832,3832,3832
0,150,30,660,2740,2740,2740,2740
0,150,31,660,700,700,700,700
0,150,32,660,2748,2748,2748,2748
0,150,33,1684,3828,3828,3828,3828
0,150,34,1684,1788,1788,1788,1788
0,150,35,1684,3836,3836,3836,3836
0,150,36,1170,3282,3282,3282,3282
0,150,37,1170,1242,1242,1242,1242
0,150,38,1170,3290,3290,3290,3290
0,150,39,150,150,150,150,150
0,150,40,150,150,150,150,150
0,150,41,150,150,150,150,150
0,150,42,1174,3286,3286,3286,3286
0,150,43,1174,1246,1246,1246,1246
0,150,44,1174,3294,3294,3294,3294
0,150,45,1682,3826,3826,3826,3826
0,150,46,1682,1786,1786,1786,1786
0,150,47,1682,3834,3834,3834,3834
0,150,48,662,2742,2742,2742,2742
0,150,49,662,702,702,702,702
0,150,50,662,2750,2750,2750,2750
0,150,51,1686,3830,3830,3830,3830
0,150,52,1686,1790,1790,1790,1790
0,150,53,1686,3838,3838,3838,3838
0,150,54,1680,3824,3824,3824,3824
0,150,55,1680,1784,1784,1784,1784
0,150,56,1680,3832,3832,3832,3832
0,150,57,660,2740,2740,2740,2740
0,150,58,660,700,700,700,700
0,150,59,660,2748,2748,2748,2748
0,150,60,1684,3828,3828,3828,3828
0,150,61,1684,1788,1788,1788,1788
0,150,62,1684,3836,3836,3836,3836
0,150,63,1170,3282,3282,3282,3282
0,150,64,1170,1242,1242,1242,1242
0,150,65,1170,3290,3290,3290,3290
0,150,66,150,150,150,150,150
0,150,67,150,150,150,150,150
0,150,68,150,150,150,150,150
0,150,69,1174,3286,3286,3286,3286
0,150,70,1174,1246,1246,1246,1246
0,150,71,1174,3294,3294,3294,3294
0,150,72,1682,3826,3826,3826,3826
0,150,73,1682,1786,1786,1786,1786
0,150,74,1682,3834,3834,3834,3834
0,150,75,662,2742,2742,2742,2742
0,150,76,662,702,702,702,702
0,150,77,662,2750,2750,2750,2750
0,150,78,1686,3830,3830,3830,3830
0,150,79,1686,1790,1790,1790,1790
0,150,80,1686,3838,3838,3838,3838
0,151,0,1936,4080,4080,4080,4080
0,151,1,1936,2040,2040,2040,2040
0,151,2,1936,4088,4088,4088,4088
0,151,3,916,2996,2996,2996,2996
0,151,4,916,956,956,956,956
0,151,5,916,3004,3004,3004,3004
0,151,6,1940,4084,4084,4084,4084
0,151,7,1940,2044,2044,2044,2044
0,151,8,1940,4092,4092,4092,4092
0,151,9,1426,3538,3538,3538,3538
0,151,10,1426,1498,1498,1498,1498
0,151,11,1426,3546,3546,3546,3546
0,151,12,406,406,406,406,406
0,151,13,406,406,406,406,406
0,151,14,406,406,406,406,406
0,151,15,1430,3542,3542,3542,3542
0,151,16,1430,1502,1502,1502,1502
0,151,17,1430,3550,3550,3550,3550
0,151,18,1938,4082,4082,4082,4082
0,151,19,1938,2042,2042,2042,2042
0,151,20,1938,4090,4090,4090,4090
0,151,21,918,2998,2998,2998,2998
0,151,22,918,958,958,958,958
0,151,23,918,3006,3006,3006,3006
0,151,24,1942,4086,4086,4086,4086
0,151,25,1942,2046,2046,2046,2046
0,151,26,1942,4094,4094,4094,4094
0,151,27,1681,3825,3825,3825,3825
0,151,28,1681,1785,1785,1785,1785
0,151,29,1681,3833,3833,3833,3833
0,151,30,661,2741,2741,2741,2741
0,151,31,661,701,701,701,701
0,151,32,661,2749,2749,2749,2749
0,151,33,1685,3829,3829,3829,3829
0,151,34,1685,1789,1789,1789,1789
0,151,35,1685,3837,3837,3837,3837
0,151,36,1171,3283,3283,3283,3283
0,151,37,1171,1243,1243,1243,1243
0,151,38,1171,3291,3291,3291,3291
0,151,39,151,151,151,151,151
0,151,40,151,151,151,151,151
0,151,41,151,151,151,151,151
0,151,42,1175,3287,3287,3287,3287
0,151,43,1175,1247,1247,1247,1247
0,151,44,1175,3295,3295,3295,3295
0,151,45,1683,3827,3827,3827,3827
0,151,46,1683,1787,1787,1787,1787
0,151,47,1683,3835,3835,3835,3835
0,151,48,663,2743,2743,2743,2743
0,151,49,663,703,703,703,703
0,151,50,663,2751,2751,2751,2751
0,151,51,1687,3831,3831,3831,3831
0,151,52,1687,1791,1791,1791,1791
0,151,53,1687,3839,3839,3839,3839
0,151,54,1937,4081,4081,4081,4081
0,151,55,1937,2041,2041,2041,2041
0,151,56,1937,4089,4089,4089,4089
0,151,57,917,2997,2997,2997,2997
0,151,58,917,957,957,957,957
0,151,59,917,3005,3005,3005,3005
0,151,60,1941,4085,4085,4085,4085
0,151,61,1941,2045,2045,2045,2045
0,151,62,1941,4093,4093,4093,4093
0,151,63,1427,3539,3539,3539,3539
0,151,64,1427,1499,1499,1499,1499
0,151,65,1427,3547,3547,3547,3547
0,151,66,407,407,407,407,407
0,151,67,407,407,407,407,407
0,151,68,407,407,407,407,407
0,151,69,1431,3543,3543,3543,3543
0,151,70,1431,1503,1503,1503,1503
0,151,71,1431,3551,3551,3551,3551
0,151,72,1939,4083,4083,4083,4083
0,151,73,1939,2043,2043,2043,2043
0,151,74,1939,4091,4091,4091,4091
0,151,75,919,2999,2999,2999,2999
0,151,76,919,959,959,959,959
0,151,77,919,3007,3007,3007,3007
0,151,78,1943,4087,4087,4087,4087
0,151,79,1943,2047,2047,2047,2047
0,151,80,1943,4095,4095,4095,4095
0,152,0,2192,2192,2192,2192,2192
0,152,1,152,152,152,152,152
0,152,2,2200,2200,2200,2200,2200
0,152,3,2192,2192,2192,2192,2192
0,152,4,152,152,152,152,152
0,152,5,2200,2200,2200,2200,2200
0,152,6,2192,2192,2192,2192,2192
0,152,7,152,152,152,152,152
0,152,8,2200,2200,2200,2200,2200
0,152,9,2192,2192,2192,2192,2192
0,152,10,152,152,152,152,152
0,152,11,2200,2200,2200,2200,2200
0,152,12,2192,2192,2192,2192,2192
0,152,13,152,152,152,152,152
0,152,14,2200,2200,2200,2200,2200
0,152,15,2192,2192,2192,2192,2192
0,152,16,152,152,152,152,152
0,152,17,2200,2200,2200,2200,2200
0,152,18,2192,2192,2192,2192,2192
0,152,19,152,152,152,152,152
0,152,20,2200,2200,2200,2200,2200
0,152,21,2192,2192,2192,2192,2192
0,152,22,152,152,152,152,152
0,152,23,2200,2200,2200,2200,2200
0,152,24,2192,2192,2192,2192,2192
0,152,25,152,152,152,152,152
0,152,26,2200,2200,2200,2200,2200
0,152,27,2192,2192,2192,2192,2192
0,152,28,152,152,152,152,152
0,152,29,2200,2200,2200,2200,2200
0,152,30,2192,2192,2192,2192,2192
0,152,31,152,152,152,152,152
0,152,32,2200,2200,2200,2200,2200
0,152,33,2192,2192,2192,2192,2192
0,152,34,152,152,152,152,152
0,152,35,2200,2200,2200,2200,2200
0,152,36,2192,2192,2192,2192,2192
0,152,37,152,152,152,152,152
0,152,38,2200,2200,2200,2200,2200
0,152,39,2192,2192,2192,2192,2192
0,152,40,152,152,152,152,152
0,152,41,2200,2200,2200,2200,2200
0,152,42,2192,2192,2192,2192,2192
0,152,43,152,152,152,152,152
0,152,44,2200,2200,2200,2200,2200
0,152,45,2192,2192,2192,2192,2192
0,152,46,152,152,152,152,152
0,152,47,2200,2200,2200,2200,2200
0,152,48,2192,2192,2192,2192,2192
0,152,49,152,152,152,152,152
0,152,50,2200,2200,2200,2200,2200
0,152,51,2192,2192,2192,2192,2192
0,152,52,152,152,152,152,152
0,152,53,2200,2200,2200,2200,2200
0,152,54,2192,2192,2192,2192,2192
0,152,55,152,152,152,152,152
0,152,56,2200,2200,2200,2200,2200
0,152,57,2192,2192,2192,2192,2192
0,152,58,152,152,152,152,152
0,152,59,2200,2200,2200,2200,2200
0,152,60,2192,2192,2192,2192,2192
0,152,61,152,152,152,152,152
0,152,62,2200,2200,2200,2200,2200
0,152,63,2192,2192,2192,2192,2192
0,152,64,152,152,152,152,152
0,152,65,2200,2200,2200,2200,2200
0,152,66,2192,2192,2192,2192,2192
0,152,67,152,152,152,152,152
0,152,68,2200,2200,2200,2200,2200
0,152,69,2192,2192,2192,2192,2192
0,152,70,152,152,152,152,152
0,152,71,2200,2200,2200,2200,2200
0,152,72,2192,2192,2192,2192,2192
0,152,73,152,152,152,152,152
0,152,74,2200,2200,2200,2200,2200
0,152,75,2192,2192,2192,2192,2192
0,152,76,152,152,152,152,152
0,152,77,2200,2200,2200,2200,2200
0,152,78,2192,2192,2192,2192,2192
0,152,79,152,152,152,152,152
0,152,80,2200,2200,2200,2200,2200
0,153,0,2448,2448,2448,2448,2448
0,153,1,408,408,408,408,408
0,153,2,2456,2456,2456,2456,2456
0,153,3,2448,2448,2448,2448,2448
0,153,4,408,408,408,408,408
0,153,5,2456,2456,2456,2456,2456
0,153,6,2448,2448,2448,2448,2448
0,153,7,408,408,408,408,408
0,153,8,2456,2456,2456,2456,2456
0,153,9,2448,2448,2448,2448,2448
0,153,10,408,408,408,408,408
0,153,11,2456,2456,2456,2456,2456
0,153,12,2448,2448,2448,2448,2448
0,153,13,408,408,408,408,408
0,153,14,2456,2456,2456,2456,2456
0,153,15,2448,2448,2448,2448,2448
0,153,16,408,408,408,408,408
0,153,17,2456,2456,2456,2456,2456
0,153,18,2448,2448,2448,2448,2448
0,153,19,408,408,408,408,408
0,153,20,2456,2456,2456,2456,2456
0,153,21,2448,2448,2448,2448,2448
0,153,22,408,408,408,408,408
0,153,23,2456,2456,2456,2456,2456
0,153,24,2448,2448,2448,2448,2448
0,153,25,408,408,408,408,408
0,153,26,2456,2456,2456,2456,2456
0,153,27,2193,2193,2193,2193,2193
0,153,28,153,153,153,153,153
0,153,29,2201,2201,2201,2201,2201
0,153,30,2193,2193,2193,2193,2193
0,153,31,153,153,153,153,153
0,153,32,2201,2201,2201,2201,2201
0,153,33,2193,2193,2193,2193,2193
0,153,34,153,153,153,153,153
0,153,35,2201,2201,2201,2201,2201
0,153,36,2193,2193,2193,2193,2193
0,153,37,153,153,153,153,153
0,153,38,2201,2201,2201,2201,2201
0,153,39,2193,2193,2193,2193,2193
0,153,40,153,153,153,153,153
0,153,41,2201,2201,2201,2201,2201
0,153,42,2193,2193,2193,2193,2193
0,153,43,153,153,153,153,153
0,153,44,2201,2201,2201,2201,2201
0,153,45,2193,2193,2193,2193,2193
0,153,46,153,153,153,153,153
0,153,47,2201,2201,2201,2201,2201
0,153,48,2193,2193,2193,2193,2193
0,153,49,153,153,153,153,153
0,153,50,2201,2201,2201,2201,2201
0,153,51,2193,2193,2193,2193,2193
0,153,52,153,153,153,153,153
0,153,53,2201,2201,2201,2201,2201
0,153,54,2449,2449,2449,2449,2449
0,153,55,409,409,409,409,409
0,153,56,2457,2457,2457,2457,2457
0,153,57,2449,2449,2449,2449,2449
0,153,58,409,409,409,409,409
0,153,59,2457,2457,2457,2457,2457
0,153,60,2449,2449,2449,2449,2449
0,153,61,409,409,409,409,409
0,153,62,2457,2457,2457,2457,2457
0,153,63,2449,2449,2449,2449,2449
0,153,64,409,409,409,409,409
0,153,65,2457,2457,2457,2457,2457
0,153,66,2449,2449,2449,2449,2449
0,153,67,409,409,409,409,409
0,153,68,2457,2457,2457,2457,2457
0,153,69,2449,2449,2449,2449,2449
0,153,70,409,409,409,409,409
0,153,71,2457,2457,2457,2457,2457
0,153,72,2449,2449,2449,2449,2449
0,153,73,409,409,409,409,409
0,153,74,2457,2457,2457,2457,2457
0,153,75,2449,2449,2449,2449,2449
0,153,76,409,409,409,409,409
0,153,77,2457,2457,2457,2457,2457
0,153,78,2449,2449,2449,2449,2449
0,153,79,409,409,409,409,409
0,153,80,2457,2457,2457,2457,2457
0,154,0,2704,2736,2736,2736,2736
0,154,1,664,696,696,696,696
0,154,2,2712,2744,2744,2744,2744
0,154,3,2704,2736,2736,2736,2736
0,154,4,664,696,696,696,696
0,154,5,2712,2744,2744,2744,2744
0,154,6,2704,2736,2736,2736,2736
0,154,7,664,696,696,696,696
0,154,8,2712,2744,2744,2744,2744
0,154,9,2194,2194,2194,2194,2194
0,154,10,154,154,154,154,154
0,154,11,2202,2202,2202,2202,2202
0,154,12,2194,2194,2194,2194,2194
0,154,13,154,154,154,154,154
0,154,14,2202,2202,2202,2202,2202
0,154,15,2194,2194,2194,2194,2194
0,154,16,154,154,154,154,154
0,154,17,2202,2202,2202,2202,2202
0,154,18,2706,2738,2738,2738,2738
0,154,19,666,698,698,698,698
0,154,20,2714,2746,2746,2746,2746
0,154,21,2706,2738,2738,2738,2738
0,154,22,666,698,698,698,698
0,154,23,2714,2746,2746,2746,2746
0,154,24,2706,2738,2738,2738,2738
0,154,25,666,698,698,698,698
0,154,26,2714,2746,2746,2746,2746
0,154,27,2704,2736,2736,2736,2736
0,154,28,664,696,696,696,696
0,154,29,2712,2744,2744,2744,2744
0,154,30,2704,2736,2736,2736,2736
0,154,31,664,696,696,696,696
0,154,32,2712,2744,2744,2744,2744
0,154,33,2704,2736,2736,2736,2736
0,154,34,664,696,696,696,696
0,154,35,2712,2744,2744,2744,2744
0,154,36,2194,2194,2194,2194,2194
0,154,37,154,154,154,154,154
0,154,38,2202,2202,2202,2202,2202
0,154,39,2194,2194,2194,2194,2194
0,154,40,154,154,154,154,154
0,154,41,2202,2202,2202,2202,2202
0,154,42,2194,2194,2194,2194,2194
0,154,43,154,154,154,154,154
0,154,44,2202,2202,2202,2202,2202
0,154,45,2706,2738,2738,2738,2738
0,154,46,666,698,698,698,698
0,154,47,2714,2746,2746,2746,2746
0,154,48,2706,2738,2738,2738,2738
0,154,49,666,698,698,698,698
0,154,50,2714,2746,2746,2746,2746
0,154,51,2706,2738,2738,2738,2738
0,154,52,666,698,698,698,698
0,154,53,2714,2746,2746,2746,2746
0,154,54,2704,2736,2736,2736,2736
0,154,55,664,696,696,696,696
0,154,56,2712,2744,2744,2744,2744
0,154,57,2704,2736,2736,2736,2736
0,154,58,664,696,696,696,696
0,154,59,2712,2744,2744,2744,2744
0,154,60,2704,2736,2736,2736,2736
0,154,61,664,696,696,696,696
0,154,62,2712,2744,2744,2744,2744
0,154,63,2194,2194,2194,2194,2194
0,154,64,154,154,154,154,154
0,154,65,2202,2202,2202,2202,2202
0,154,66,2194,2194,2194,2194,2194
0,154,67,154,154,154,154,154
0,154,68,2202,2202,2202,2202,2202
0,154,69,2194,2194,2194,2194,2194
0,154,70,154,154,154,154,154
0,154,71,2202,2202,2202,2202,2202
0,154,72,2706,2738,2738,2738,2738
0,154,73,666,698,698,698,698
0,154,74,2714,2746,2746,2746,2746
0,154,75,2706,2738,2738,2738,2738
0,154,76,666,698,698,698,698
0,154,77,2714,2746,2746,2746,2746
0,154,78,2706,2738,2738,2738,2738
0,154,79,666,698,698,698,698
0,154,80,2714,2746,2746,2746,2746
0,155,0,2960,2992,2992,2992,2992
0,155,1,920,952,952,952,952
0,155,2,2968,3000,3000,3000,3000
0,155,3,2960,2992,2992,2992,2992
0,155,4,920,952,952,952,952
0,155,5,2968,3000,3000,3000,3000
0,155,6,2960,2992,2992,2992,2992
0,155,7,920,952,952,952,952
0,155,8,2968,3000,3000,3000,3000
0,155,9,2450,2450,2450,2450,2450
0,155,10,410,410,410,410,410
0,155,11,2458,2458,2458,2458,2458
0,155,12,2450,2450,2450,2450,2450
0,155,13,410,410,410,410,410
0,155,14,2458,2458,2458,2458,2458
0,155,15,2450,2450,2450,2450,2450
0,155,16,410,410,410,410,410
0,155,17,2458,2458,2458,2458,2458
0,155,18,2962,2994,2994,2994,2994
0,155,19,922,954,954,954,954
0,155,20,2970,3002,3002,3002,3002
0,155,21,2962,2994,2994,2994,2994
0,155,22,922,954,954,954,954
0,155,23,2970,3002,3002,3002,3002
0,155,24,2962,2994,2994,2994,2994
0,155,25,922,954,954,954,954
0,155,26,2970,3002,3002,3002,3002
0,155,27,2705,2737,2737,2737,2737
0,155,28,665,697,697,697,697
0,155,29,2713,2745,2745,2745,2745
0,155,30,2705,2737,2737,2737,2737
0,155,31,665,697,697,697,697
0,155,32,2713,2745,2745,2745,2745
0,155,33,2705,2737,2737,2737,2737
0,155,34,665,697,697,697,697
0,155,35,2713,2745,2745,2745,2745
0,155,36,2195,2195,2195,2195,2195
0,155,37,155,155,155,155,155
0,155,38,2203,2203,2203,2203,2203
0,155,39,2195,2195,2195,2195,2195
0,155,40,155,155,155,155,155
0,155,41,2203,2203,2203,2203,2203
0,155,42,2195,2195,2195,2195,2195
0,155,43,155,155,155,155,155
0,155,44,2203,2203,2203,2203,2203
0,155,45,2707,2739,2739,2739,2739
0,155,46,667,699,699,699,699
0,155,47,2715,2747,2747,2747,2747
0,155,48,2707,2739,2739,2739,2739
0,155,49,667,699,699,699,699
0,155,50,2715,2747,2747,2747,2747
0,155,51,2707,2739,2739,2739,2739
0,155,52,667,699,699,699,699
0,155,53,2715,2747,2747,2747,2747
0,155,54,2961,2993,2993,2993,2993
0,155,55,921,953,953,953,953
0,155,56,2969,3001,3001,3001,3001
0,155,57,2961,2993,2993,2993,2993
0,155,58,921,953,953,953,953
0,155,59,2969,3001,3001,3001,3001
0,155,60,2961,2993,2993,2993,2993
0,155,61,921,953,953,953,953
0,155,62,2969,3001,3001,3001,3001
0,155,63,2451,2451,2451,2451,2451
0,155,64,411,411,411,411,411
0,155,65,2459,2459,2459,2459,2459
0,155,66,2451,2451,2451,2451,2451
0,155,67,411,411,411,411,411
0,155,68,2459,2459,2459,2459,2459
0,155,69,2451,2451,2451,2451,2451
0,155,70,411,411,411,411,411
0,155,71,2459,2459,2459,2459,2459
0,155,72,2963,2995,2995,2995,2995
0,155,73,923,955,955,955,955
0,155,74,2971,3003,3003,3003,3003
0,155,75,2963,2995,2995,2995,2995
0,155,76,923,955,955,955,955
0,155,77,2971,3003,3003,3003,3003
0,155,78,2963,2995,2995,2995,2995
0,155,79,923,955,955,955,955
0,155,80,2971,3003,3003,3003,3003
0,156,0,3216,3280,3280,3280,3280
0,156,1,1176,1240,1240,1240,1240
0,156,2,3224,3288,3288,3288,3288
0,156,3,2196,2196,2196,2196,2196
0,156,4,156,156,156,156,156
0,156,5,2204,2204,2204,2204,2204
0,156,6,3220,3284,3284,3284,3284
0,156,7,1180,1244,1244,1244,1244
0,156,8,3228,3292,3292,3292,3292
0,156,9,3216,3280,3280,3280,3280
0,156,10,1176,1240,1240,1240,1240
0,156,11,3224,3288,3288,3288,3288
0,156,12,2196,2196,2196,2196,2196
0,156,13,156,156,156,156,156
0,156,14,2204,2204,2204,2204,2204
0,156,15,3220,3284,3284,3284,3284
0,156,16,1180,1244,1244,1244,1244
0,156,17,3228,3292,3292,3292,3292
0,156,18,3216,3280,3280,3280,3280
0,156,19,1176,1240,1240,1240,1240
0,156,20,3224,3288,3288,3288,3288
0,156,21,2196,2196,2196,2196,2196
0,156,22,156,156,156,156,156
0,156,23,2204,2204,2204,2204,2204
0,156,24,3220,3284,3284,3284,3284
0,156,25,1180,1244,1244,1244,1244
0,156,26,3228,3292,3292,3292,3292
0,156,27,3216,3280,3280,3280,3280
0,156,28,1176,1240,1240,1240,1240
0,156,29,3224,3288,3288,3288,3288
0,156,30,2196,2196,2196,2196,2196
0,156,31,156,156,156,156,156
0,156,32,2204,2204,2204,2204,2204
0,156,33,3220,3284,3284,3284,3284
0,156,34,1180,1244,1244,1244,1244
0,156,35,3228,3292,3292,3292,3292
0,156,36,3216,3280,3280,3280,3280
0,156,37,1176,1240,1240,1240,1240
0,156,38,3224,3288,3288,3288,3288
0,156,39,2196,2196,2196,2196,2196
0,156,40,156,156,156,156,156
0,156,41,2204,2204,2204,2204,2204
0,156,42,3220,3284,3284,3284,3284
0,156,43,1180,1244,1244,1244,1244
0,156,44,3228,3292,3292,3292,3292
0,156,45,3216,3280,3280,3280,3280
0,156,46,1176,1240,1240,1240,1240
0,156,47,3224,3288,3288,3288,3288
0,156,48,2196,2196,2196,2196,2196
0,156,49,156,156,156,156,156
0,156,50,2204,2204,2204,2204,2204
0,156,51,3220,3284,3284,3284,3284
0,156,52,1180,1244,1244,1244,1244
0,156,53,3228,3292,3292,3292,3292
0,156,54,3216,3280,3280,3280,3280
0,156,55,1176,1240,1240,1240,1240
0,156,56,3224,3288,3288,3288,3288
0,156,57,2196,2196,2196,2196,2196
0,156,58,156,156,156,156,156
0,156,59,2204,2204,2204,2204,2204
0,156,60,3220,3284,3284,3284,3284
0,156,61,1180,1244,1244,1244,1244
0,156,62,3228,3292,3292,3292,3292
0,156,63,3216,3280,3280,3280,3280
0,156,64,1176,1240,1240,1240,1240
0,156,65,3224,3288,3288,3288,3288
0,156,66,2196,2196,2196,2196,2196
0,156,67,156,156,156,156,156
0,156,68,2204,2204,2204,2204,2204
0,156,69,3220,3284,3284,3284,3284
0,156,70,1180,1244,1244,1244,1244
0,156,71,3228,3292,3292,3292,3292
0,156,72,3216,3280,3280,3280,3280
0,156,73,1176,1240,1240,1240,1240
0,156,74,3224,3288,3288,3288,3288
0,156,75,2196,2196,2196,2196,2196
0,156,76,156,156,156,156,156
0,156,77,2204,2204,2204,2204,2204
0,156,78,3220,3284,3284,3284,3284
0,156,79,1180,1244,1244,1244,1244
0,156,80,3228,3292,3292,3292,3292
0,157,0,3472,3536,3536,3536,3536
0,157,1,1432,1496,1496,1496,1496
0,157,2,3480,3544,3544,3544,3544
0,157,3,2452,2452,2452,2452,2452
0,157,4,412,412,412,412,412
0,157,5,2460,2460,2460,2460,2460
0,157,6,3476,3540,3540,3540,3540
0,157,7,1436,1500,1500,1500,1500
0,157,8,3484,3548,3548,3548,3548
0,157,9,3472,3536,3536,3536,3536
0,157,10,1432,1496,1496,1496,1496
0,157,11,3480,3544,3544,3544,3544
0,157,12,2452,2452,2452,2452,2452
0,157,13,412,412,412,412,412
0,157,14,2460,2460,2460,2460,2460
0,157,15,3476,3540,3540,3540,3540
0,157,16,1436,1500,1500,1500,1500
0,157,17,3484,3548,3548,3548,3548
0,157,18,3472,3536,3536,3536,3536
0,157,19,1432,1496,1496,1496,1496
0,157,20,3480,3544,3544,3544,3544
0,157,21,2452,2452,2452,2452,2452
0,157,22,412,412,412,412,412
0,157,23,2460,2460,2460,2460,2460
0,157,24,3476,3540,3540,3540,3540
0,157,25,1436,1500,1500,1500,1500
0,157,26,3484,3548,3548,3548,3548
0,157,27,3217,3281,3281,3281,3281
0,157,28,1177,1241,1241,1241,1241
0,157,29,3225,3289,3289,3289,3289
0,157,30,2197,2197,2197,2197,2197
0,157,31,157,157,157,157,157
0,157,32,2205,2205,2205,2205,2205
0,157,33,3221,3285,3285,3285,3285
0,157,34,1181,1245,1245,1245,1245
0,157,35,3229,3293,3293,3293,3293
0,157,36,3217,3281,3281,3281,3281
0,157,37,1177,1241,1241,1241,1241
0,157,38,3225,3289,3289,3289,3289
0,157,39,2197,2197,2197,2197,2197
0,157,40,157,157,157,157,157
0,157,41,2205,2205,2205,2205,2205
0,157,42,3221,3285,3285,3285,3285
0,157,43,1181,1245,1245,1245,1245
0,157,44,3229,3293,3293,3293,3293
0,157,45,3217,3281,3281,3281,3281
0,157,46,1177,1241,1241,1241,1241
0,157,47,3225,3289,3289,3289,3289
0,157,48,2197,2197,2197,2197,2197
0,157,49,157,157,157,157,157
0,157,50,2205,2205,2205,2205,2205
0,157,51,3221,3285,3285,3285,3285
0,157,52,1181,1245,1245,1245,1245
0,157,53,3229,3293,3293,3293,3293
0,157,54,3473,3537,3537,3537,3537
0,157,55,1433,1497,1497,1497,1497
0,157,56,3481,3545,3545,3545,3545
0,157,57,2453,2453,2453,2453,2453
0,157,58,413,413,413,413,413
0,157,59,2461,2461,2461,2461,2461
0,157,60,3477,3541,3541,3541,3541
0,157,61,1437,1501,1501,1501,1501
0,157,62,3485,3549,3549,3549,3549
0,157,63,3473,3537,3537,3537,3537
0,157,64,1433,1497,1497,1497,1497
0,157,65,3481,3545,3545,3545,3545
0,157,66,2453,2453,2453,2453,2453
0,157,67,413,413,413,413,413
0,157,68,2461,2461,2461,2461,2461
0,157,69,3477,3541,3541,3541,3541
0,157,70,1437,1501,1501,1501,1501
0,157,71,3485,3549,3549,3549,3549
0,157,72,3473,3537,3537,3537,3537
0,157,73,1433,1497,1497,1497,1497
0,157,74,3481,3545,3545,3545,3545
0,157,75,2453,2453,2453,2453,2453
0,157,76,413,413,413,413,413
0,157,77,2461,2461,2461,2461,2461
0,157,78,3477,3541,3541,3541,3541
0,157,79,1437,1501,1501,1501,1501
0,157,80,3485,3549,3549,3549,3549
0,158,0,3728,3824,3824,3824,3824
0,158,1,1688,1784,1784,1784,1784
0,158,2,3736,3832,3832,3832,3832
0,158,3,2708,2740,2740,2740,2740
0,158,4,668,700,700,700,700
0,158,5,2716,2748,2748,2748,2748
0,158,6,3732,3828,3828,3828,3828
0,158,7,1692,1788,1788,1788,1788
0,158,8,3740,3836,3836,3836,3836
0,158,9,3218,3282,3282,3282,3282
0,158,10,1178,1242,1242,1242,1242
0,158,11,3226,3290,3290,3290,3290
0,158,12,2198,2198,2198,2198,2198
0,158,13,158,158,158,158,158
0,158,14,2206,2206,2206,2206,2206
0,158,15,3222,3286,3286,3286,3286
0,158,16,1182,1246,1246,1246,1246
0,158,17,3230,3294,3294,3294,3294
0,158,18,3730,3826,3826,3826,3826
0,158,19,1690,1786,1786,1786,1786
0,158,20,3738,3834,3834,3834,3834
0,158,21,2710,2742,2742,2742,2742
0,158,22,670,702,702,702,702
0,158,23,2718,2750,2750,2750,2750
0,158,24,3734,3830,3830,3830,3830
0,158,25,1694,1790,1790,1790,1790
0,158,26,3742,3838,3838,3838,3838
0,158,27,3728,3824,3824,3824,3824
0,158,28,1688,1784,1784,1784,1784
0,158,29,3736,3832,3832,3832,3832
0,158,30,2708,2740,2740,2740,2740
0,158,31,668,700,700,700,700
0,158,32,2716,2748,2748,2748,2748
0,158,33,3732,3828,3828,3828,3828
0,158,34,1692,1788,1788,1788,1788
0,158,35,3740,3836,3836,3836,3836
0,158,36,3218,3282,3282,3282,3282
0,158,37,1178,1242,1242,1242,1242
0,158,38,3226,3290,3290,3290,3290
0,158,39,2198,2198,2198,2198,2198
0,158,40,158,158,158,158,158
0,158,41,2206,2206,2206,2206,2206
0,158,42,3222,3286,3286,3286,3286
0,158,43,1182,1246,1246,1246,1246
0,158,44,3230,3294,3294,3294,3294
0,158,45,3730,3826,3826,3826,3826
0,158,46,1690,1786,1786,1786,1786
0,158,47,3738,3834,3834,3834,3834
0,158,48,2710,2742,2742,2742,2742
0,158,49,670,702,702,702,702
0,158,50,2718,2750,2750,2750,2750
0,158,51,3734,3830,3830,3830,3830
0,158,52,1694,1790,1790,1790,1790
0,158,53,3742,3838,3838,3838,3838
0,158,54,3728,3824,3824,3824,3824
0,158,55,1688,1784,1784,1784,1784
0,158,56,3736,3832,3832,3832,3832
0,158,57,2708,2740,2740,2740,2740
0,158,58,668,700,700,700,700
0,158,59,2716,2748,2748,2748,2748
0,158,60,3732,3828,3828,3828,3828
0,158,61,1692,1788,1788,1788,1788
0,158,62,3740,3836,3836,3836,3836
0,158,63,3218,3282,3282,3282,3282
0,158,64,1178,1242,1242,1242,1242
0,158,65,3226,3290,3290,3290,3290
0,158,66,2198,2198,2198,2198,2198
0,158,67,158,158,158,158,158
0,158,68,2206,2206,2206,2206,2206
0,158,69,3222,3286,3286,3286,3286
0,158,70,1182,1246,1246,1246,1246
0,158,71,3230,3294,3294,3294,3294
0,158,72,3730,3826,3826,3826,3826
0,158,73,1690,1786,1786,1786,1786
0,158,74,3738,3834,3834,3834,3834
0,158,75,2710,2742,2742,2742,2742
0,158,76,670,702,702,702,702
0,158,77,2718,2750,2750,2750,2750
0,158,78,3734,3830,3830,3830,3830
0,158,79,1694,1790,1790,1790,1790
0,158,80,3742,3838,3838,3838,3838
0,159,0,3984,4080,4080,4080,4080
0,159,1,1944,2040,2040,2040,2040
0,159,2,3992,4088,4088,4088,4088
0,159,3,2964,2996,2996,2996,2996
0,159,4,924,956,956,956,956
0,159,5,2972,3004,3004,3004,3004
0,159,6,3988,4084,4084,4084,4084
0,159,7,1948,2044,2044,2044,2044
0,159,8,3996,4092,4092,4092,4092
0,159,9,3474,3538,3538,3538,3538
0,159,10,1434,1498,1498,1498,1498
0,159,11,3482,3546,3546,3546,3546
0,159,12,2454,2454,2454,2454,2454
0,159,13,414,414,414,414,414
0,159,14,2462,2462,2462,2462,2462
0,159,15,3478,3542,3542,3542,3542
0,159,16,1438,1502,1502,1502,1502
0,159,17,3486,3550,3550,3550,3550
0,159,18,3986,4082,4082,4082,4082
0,159,19,1946,2042,2042,2042,2042
0,159,20,3994,4090,4090,4090,4090
0,159,21,2966,2998,2998,2998,2998
0,159,22,926,958,958,958,958
0,159,23,2974,3006,3006,3006,3006
0,159,24,3990,4086,4086,4086,4086
0,159,25,1950,2046,2046,2046,2046
0,159,26,3998,4094,4094,4094,4094
0,159,27,3729,3825,3825,3825,3825
0,159,28,1689,1785,1785,1785,1785
0,159,29,3737,3833,3833,3833,3833
0,159,30,2709,2741,2741,2741,2741
0,159,31,669,701,701,701,701
0,159,32,2717,2749,2749,2749,2749
0,159,33,3733,3829,3829,3829,3829
0,159,34,1693,1789,1789,1789,1789
0,159,35,3741,3837,3837,3837,3837
0,159,36,3219,3283,3283,3283,3283
0,159,37,1179,1243,1243,1243,1243
0,159,38,3227,3291,3291,3291,3291
0,159,39,2199,2199,2199,2199,2199
0,159,40,159,159,159,159,159
0,159,41,2207,2207,2207,2207,2207
0,159,42,3223,3287,3287,3287,3287
0,159,43,1183,1247,1247,1247,1247
0,159,44,3231,3295,3295,3295,3295
0,159,45,3731,3827,3827,3827,3827
0,159,46,1691,1787,1787,1787,1787
0,159,47,3739,3835,3835,3835,3835
0,159,48,2711,2743,2743,2743,2743
0,159,49,671,703,703,703,703
0,159,50,2719,2751,2751,2751,2751
0,159,51,3735,3831,3831,3831,3831
0,159,52,1695,1791,1791,1791,1791
0,159,53,3743,3839,3839,3839,3839
0,159,54,3985,4081,4081,4081,4081
0,159,55,1945,2041,2041,2041,2041
0,159,56,3993,4089,4089,4089,4089
0,159,57,2965,2997,2997,2997,2997
0,159,58,925,957,957,957,957
0,159,59,2973,3005,3005,3005,3005
0,159,60,3989,4085,4085,4085,4085
0,159,61,1949,2045,2045,2045,2045
0,159,62,3997,4093,4093,4093,4093
0,159,63,3475,3539,3539,3539,3539
0,159,64,1435,1499,1499,1499,1499
0,159,65,3483,3547,3547,3547,3547
0,159,66,2455,2455,2455,2455,2455
0,159,67,415,415,415,415,415
0,159,68,2463,2463,2463,2463,2463
0,159,69,3479,3543,3543,3543,3543
0,159,70,1439,1503,1503,1503,1503
0,159,71,3487,3551,3551,3551,3551
0,159,72,3987,4083,4083,4083,4083
0,159,73,1947,2043,2043,2043,2043
0,159,74,3995,4091,4091,4091,4091
0,159,75,2967,2999,2999,2999,2999
0,159,76,927,959,959,959,959
0,159,77,2975,3007,3007,3007,3007
0,159,78,3991,4087,4087,4087,4087
0,159,79,1951,2047,2047,2047,2047
0,159,80,3999,4095,4095,4095,4095
0,160,0,160,160,160,160,160
0,160,1,160,160,160,160,160
0,160,2,160,160,160,160,160
0,160,3,160,160,160,160,160
0,160,4,160,160,160,160,160
0,160,5,160,160,160,160,160
0,160,6,160,160,160,160,160
0,160,7,160,160,160,160,160
0,160,8,160,160,160,160,160
0,160,9,160,160,160,160,160
0,160,10,160,160,160,160,160
0,160,11,160,160,160,160,160
0,160,12,160,160,160,160,160
0,160,13,160,160,160,160,160
0,160,14,160,160,160,160,160
0,160,15,160,160,160,160,160
0,160,16,160,160,160,160,160
0,160,17,160,160,160,160,160
0,160,18,160,160,160,160,160
0,160,19,160,160,160,160,160
0,160,20,160,160,160,160,160
0,160,21,160,160,160,160,160
0,160,22,160,160,160,160,160
0,160,23,160,160,160,160,160
0,160,24,160,160,160,160,160
0,160,25,160,160,160,160,160
0,160,26,160,160,160,160,160
0,160,27,160,160,160,160,160
0,160,28,160,160,160,160,160
0,160,29,160,160,160,160,160
0,160,30,160,160,160,160,160
0,160,31,160,160,160,160,160
0,160,32,160,160,160,160,160
0,160,33,160,160,160,160,160
0,160,34,160,160,160,160,160
0,160,35,160,160,160,160,160
0,160,36,160,160,160,160,160
0,160,37,160,160,160,160,160
0,160,38,160,160,160,160,160
0,160,39,160,160,160,160,160
0,160,40,160,160,160,160,160
0,160,41,160,160,160,160,160
0,160,42,160,160,160,160,160
0,160,43,160,160,160,160,160
0,160,44,160,160,160,160,160
0,160,45,160,160,160,160,160
0,160,46,160,160,160,160,160
0,160,47,160,160,160,160,160
0,160,48,160,160,160,160,160
0,160,49,160,160,160,160,160
0,160,50,160,160,160,160,160
0,160,51,160,160,160,160,160
0,160,52,160,160,160,160,160
0,160,53,160,160,160,160,160
0,160,54,160,160,160,160,160
0,160,55,160,160,160,160,160
0,160,56,160,160,160,160,160
0,160,57,160,160,160,160,160
0,160,58,160,160,160,160,160
0,160,59,160,160,160,160,160
0,160,60,160,160,160,160,160
0,160,61,160,160,160,160,160
0,160,62,160,160,160,160,160
0,160,63,160,160,160,160,160
0,160,64,160,160,160,160,160
0,160,65,160,160,160,160,160
0,160,66,160,160,160,160,160
0,160,67,160,160,160,160,160
0,160,68,160,160,160,160,160
0,160,69,160,160,160,160,160
0,160,70,160,160,160,160,160
0,160,71,160,160,160,160,160
0,160,72,160,160,160,160,160
0,160,73,160,160,160,160,160
0,160,74,160,160,160,160,160
0,160,75,160,160,160,160,160
0,160,76,160,160,160,160,160
0,160,77,160,160,160,160,160
0,160,78,160,160,160,160,160
0,160,79,160,160,160,160,160
0,160,80,160,160,160,160,160
0,161,0,416,416,416,416,416
0,161,1,416,416,416,416,416
0,161,2,416,416,416,416,416
0,161,3,416,416,416,416,416
0,161,4,416,416,416,416,416
0,161,5,416,416,416,416,416
0,161,6,416,416,416,416,416
0,161,7,416,416,416,416,416
0,161,8,416,416,416,416,416
0,161,9,416,416,416,416,416
0,161,10,416,416,416,416,416
0,161,11,416,416,416,416,416
0,161,12,416,416,416,416,416
0,161,13,416,416,416,416,416
0,161,14,416,416,416,416,416
0,161,15,416,416,416,416,416
0,161,16,416,416,416,416,416
0,161,17,416,416,416,416,416
0,161,18,416,416,416,416,416
0,161,19,416,416,416,416,416
0,161,20,416,416,416,416,416
0,161,21,416,416,416,416,416
0,161,22,416,416,416,416,416
0,161,23,416,416,416,416,416
0,161,24,416,416,416,416,416
0,161,25,416,416,416,416,416
0,161,26,416,416,416,416,416
0,161,27,161,161,161,161,161
0,161,28,161,161,161,161,161
0,161,29,161,161,161,161,161
0,161,30,161,161,161,161,161
0,161,31,161,161,161,161,161
0,161,32,161,161,161,161,161
0,161,33,161,161,161,161,161
0,161,34,161,161,161,161,161
0,161,35,161,161,161,161,161
0,161,36,161,161,161,161,161
0,161,37,161,161,161,161,161
0,161,38,161,161,161,161,161
0,161,39,161,161,161,161,161
0,161,40,161,161,161,161,161
0,161,41,161,161,161,161,161
0,161,42,161,161,161,161,161
0,161,43,161,161,161,161,161
0,161,44,161,161,161,161,161
0,161,45,161,161,161,161,161
0,161,46,161,161,161,161,161
0,161,47,161,161,161,161,161
0,161,48,161,161,161,161,161
0,161,49,161,161,161,161,161
0,161,50,161,161,161,161,161
0,161,51,161,161,161,161,161
0,161,52,161,161,161,161,161
0,161,53,161,161,161,161,161
0,161,54,417,417,417,417,417
0,161,55,417,417,417,417,417
0,161,56,417,417,417,417,417
0,161,57,417,417,417,417,417
0,161,58,417,417,417,417,417
0,161,59,417,417,417,417,417
0,161,60,417,417,417,417,417
0,161,61,417,417,417,417,417
0,161,62,417,417,417,417,417
0,161,63,417,417,417,417,417
0,161,64,417,417,417,417,417
0,161,65,417,417,417,417,417
0,161,66,417,417,417,417,417
0,161,67,417,417,417,417,417
0,161,68,417,417,417,417,417
0,161,69,417,417,417,417,417
0,161,70,417,417,417,417,417
0,161,71,417,417,417,417,417
0,161,72,417,417,417,417,417
0,161,73,417,417,417,417,417
0,161,74,417,417,417,417,417
0,161,75,417,417,417,417,417
0,161,76,417,417,417,417,417
0,161,77,417,417,417,417,417
0,161,78,417,417,417,417,417
0,161,79,417,417,417,417,417
0,161,80,417,417,417,417,417
0,162,0,672,672,672,672,672
0,162,1,672,672,672,672,672
0,162,2,672,672,672,672,672
0,162,3,672,672,672,672,672
0,162,4,672,672,672,672,672
0,162,5,672,672,672,672,672
0,162,6,672,672,672,672,672
0,162,7,672,672,672,672,672
0,162,8,672,672,672,672,672
0,162,9,162,162,162,162,162
0,162,10,162,162,162,162,162
0,162,11,162,162,162,162,162
0,162,12,162,162,162,162,162
0,162,13,162,162,162,162,162
0,162,14,162,162,162,162,162
0,162,15,162,162,162,162,162
0,162,16,162,162,162,162,162
0,162,17,162,162,162,162,162
0,162,18,674,674,674,674,674
0,162,19,674,674,674,674,674
0,162,20,674,674,674,674,674
0,162,21,674,674,674,674,674
0,162,22,674,674,674,674,674
0,162,23,674,674,674,674,674
0,162,24,674,674,674,674,674
0,162,25,674,674,674,674,674
0,162,26,674,674,674,674,674
0,162,27,672,672,672,672,672
0,162,28,672,672,672,672,672
0,162,29,672,672,672,672,672
0,162,30,672,672,672,672,672
0,162,31,672,672,672,672,672
0,162,32,672,672,672,672,672
0,162,33,672,672,672,672,672
0,162,34,672,672,672,672,672
0,162,35,672,672,672,672,672
0,162,36,162,162,162,162,162
0,162,37,162,162,162,162,162
0,162,38,162,162,162,162,162
0,162,39,162,162,162,162,162
0,162,40,162,162,162,162,162
0,162,41,162,162,162,162,162
0,162,42,162,162,162,162,162
0,162,43,162,162,162,162,162
0,162,44,162,162,162,162,162
0,162,45,674,674,674,674,674
0,162,46,674,674,674,674,674
0,162,47,674,674,674,674,674
0,162,48,674,674,674,674,674
0,162,49,674,674,674,674,674
0,162,50,674,674,674,674,674
0,162,51,674,674,674,674,674
0,162,52,674,674,674,674,674
0,162,53,674,674,674,674,674
0,162,54,672,672,672,672,672
0,162,55,672,672,672,672,672
0,162,56,672,672,672,672,672
0,162,57,672,672,672,672,672
0,162,58,672,672,672,672,672
0,162,59,672,672,672,672,672
0,162,60,672,672,672,672,672
0,162,61,672,672,672,672,672
0,162,62,672,672,672,672,672
0,162,63,162,162,162,162,162
0,162,64,162,162,162,162,162
0,162,65,162,162,162,162,162
0,162,66,162,162,162,162,162
0,162,67,162,162,162,162,162
0,162,68,162,162,162,162,162
0,162,69,162,162,162,162,162
0,162,70,162,162,162,162,162
0,162,71,162,162,162,162,162
0,162,72,674,674,674,674,674
0,162,73,674,674,674,674,674
0,162,74,674,674,674,674,674
0,162,75,674,674,674,674,674
0,162,76,674,674,674,674,674
0,162,77,674,674,674,674,674
0,162,78,674,674,674,674,674
0,162,79,674,674,674,674,674
0,162,80,674,674,674,674,674
0,163,0,928,928,928,928,928
0,163,1,928,928,928,928,928
0,163,2,928,928,928,928,928
0,163,3,928,928,928,928,928
0,163,4,928,928,928,928,928
0,163,5,928,928,928,928,928
0,163,6,928,928,928,928,928
0,163,7,928,928,928,928,928
0,163,8,928,928,928,928,928
0,163,9,418,418,418,418,418
0,163,10,418,418,418,418,418
0,163,11,418,418,418,418,418
0,163,12,418,418,418,418,418
0,163,13,418,418,418,418,418
0,163,14,418,418,418,418,418
0,163,15,418,418,418,418,418
0,163,16,418,418,418,418,418
0,163,17,418,418,418,418,418
0,163,18,930,930,930,930,930
0,163,19,930,930,930,930,930
0,163,20,930,930,930,930,930
0,163,21,930,930,930,930,930
0,163,22,930,930,930,930,930
0,163,23,930,930,930,930,930
0,163,24,930,930,930,930,930
0,163,25,930,930,930,930,930
0,163,26,930,930,930,930,930
0,163,27,673,673,673,673,673
0,163,28,673,673,673,673,673
0,163,29,673,673,673,673,673
0,163,30,673,673,673,673,673
0,163,31,673,673,673,673,673
0,163,32,673,673,673,673,673
0,163,33,673,673,673,673,673
0,163,34,673,673,673,673,673
0,163,35,673,673,673,673,673
0,163,36,163,163,163,163,163
0,163,37,163,163,163,163,163
0,163,38,163,163,163,163,163
0,163,39,163,163,163,163,163
0,163,40,163,163,163,163,163
0,163,41,163,163,163,163,163
0,163,42,163,163,163,163,163
0,163,43,163,163,163,163,163
0,163,44,163,163,163,163,163
0,163,45,675,675,675,675,675
0,163,46,675,675,675,675,675
0,163,47,675,675,675,675,675
0,163,48,675,675,675,675,675
0,163,49,675,675,675,675,675
0,163,50,675,675,675,675,675
0,163,51,675,675,675,675,675
0,163,52,675,675,675,675,675
0,163,53,675,675,675,675,675
0,163,54,929,929,929,929,929
0,163,55,929,929,929,929,929
0,163,56,929,929,929,929,929
0,163,57,929,929,929,929,929
0,163,58,929,929,929,929,929
0,163,59,929,929,929,929,929
0,163,60,929,929,929,929,929
0,163,61,929,929,929,929,929
0,163,62,929,929,929,929,929
0,163,63,419,419,419,419,419
0,163,64,419,419,419,419,419
0,163,65,419,419,419,419,419
0,163,66,419,419,419,419,419
0,163,67,419,419,419,419,419
0,163,68,419,419,419,419,419
0,163,69,419,419,419,419,419
0,163,70,419,419,419,419,419
0,163,71,419,419,419,419,419
0,163,72,931,931,931,931,931
0,163,73,931,931,931,931,931
0,163,74,931,931,931,931,931
0,163,75,931,931,931,931,931
0,163,76,931,931,931,931,931
0,163,77,931,931,931,931,931
0,163,78,931,931,931,931,931
0,163,79,931,931,931,931,931
0,163,80,931,931,931,931,931
0,164,0,1184,1184,1184,1184,1184
0,164,1,1184,1184,1184,1184,1184
0,164,2,1184,1184,1184,1184,1184
0,164,3,164,164,164,164,164
0,164,4,164,164,164,164,164
0,164,5,164,164,164,164,164
0,164,6,1188,1188,1188,1188,1188
0,164,7,1188,1188,1188,1188,1188
0,164,8,1188,1188,1188,1188,1188
0,164,9,1184,1184,1184,1184,1184
0,164,10,1184,1184,1184,1184,1184
0,164,11,1184,1184,1184,1184,1184
0,164,12,164,164,164,164,164
0,164,13,164,164,164,164,164
0,164,14,164,164,164,164,164
0,164,15,1188,1188,1188,1188,1188
0,164,16,1188,1188,1188,1188,1188
0,164,17,1188,1188,1188,1188,1188
0,164,18,1184,1184,1184,1184,1184
0,164,19,1184,1184,1184,1184,1184
0,164,20,1184,1184,1184,1184,1184
0,164,21,164,164,164,164,164
0,164,22,164,164,164,164,164
0,164,23,164,164,164,164,164
0,164,24,1188,1188,1188,1188,1188
0,164,25,1188,1188,1188,1188,1188
0,164,26,1188,1188,1188,1188,1188
0,164,27,1184,1184,1184,1184,1184
0,164,28,1184,1184,1184,1184,1184
0,164,29,1184,1184,1184,1184,1184
0,164,30,164,164,164,164,164
0,164,31,164,164,164,164,164
0,164,32,164,164,164,164,164
0,164,33,1188,1188,1188,1188,1188
0,164,34,1188,1188,1188,1188,1188
0,164,35,1188,1188,1188,1188,1188
0,164,36,1184,1184,1184,1184,1184
0,164,37,1184,1184,1184,1184,1184
0,164,38,1184,1184,1184,1184,1184
0,164,39,164,164,164,164,164
0,164,40,164,164,164,164,164
0,164,41,164,164,164,164,164
0,164,42,1188,1188,1188,1188,1188
0,164,43,1188,1188,1188,1188,1188
0,164,44,1188,1188,1188,1188,1188
0,164,45,1184,1184,1184,1184,1184
0,164,46,1184,1184,1184,1184,1184
0,164,47,1184,1184,1184,1184,1184
0,164,48,164,164,164,164,164
0,164,49,164,164,164,164,164
0,164,50,164,164,164,164,164
0,164,51,1188,1188,1188,1188,1188
0,164,52,1188,1188,1188,1188,1188
0,164,53,1188,1188,1188,1188,1188
0,164,54,1184,1184,1184,1184,1184
0,164,55,1184,1184,1184,1184,1184
0,164,56,1184,1184,1184,1184,1184
0,164,57,164,164,164,164,164
0,164,58,164,164,164,164,164
0,164,59,164,164,164,164,164
0,164,60,1188,1188,1188,1188,1188
0,164,61,1188,1188,1188,1188,1188
0,164,62,1188,1188,1188,1188,1188
0,164,63,1184,1184,1184,1184,1184
0,164,64,1184,1184,1184,1184,1184
0,164,65,1184,1184,1184,1184,1184
0,164,66,164,164,164,164,164
0,164,67,164,164,164,164,164
0,164,68,164,164,164,164,164
0,164,69,1188,1188,1188,1188,1188
0,164,70,1188,1188,1188,1188,1188
0,164,71,1188,1188,1188,1188,1188
0,164,72,1184,1184,1184,1184,1184
0,164,73,1184,1184,1184,1184,1184
0,164,74,1184,1184,1184,1184,1184
0,164,75,164,164,164,164,164
0,164,76,164,164,164,164,164
0,164,77,164,164,164,164,164
0,164,78,1188,1188,1188,1188,1188
0,164,79,1188,1188,1188,1188,1188
0,164,80,1188,1188,1188,1188,1188
0,165,0,1440,1440,1440,1440,1440
0,165,1,1440,1440,1440,1440,1440
0,165,2,1440,1440,1440,1440,1440
0,165,3,420,420,420,420,420
0,165,4,420,420,420,420,420
0,165,5,420,420,420,420,420
0,165,6,1444,1444,1444,1444,1444
0,165,7,1444,1444,1444,1444,1444
0,165,8,1444,1444,1444,1444,1444
0,165,9,1440,1440,1440,1440,1440
0,165,10,1440,1440,1440,1440,1440
0,165,11,1440,1440,1440,1440,1440
0,165,12,420,420,420,420,420
0,165,13,420,420,420,420,420
0,165,14,420,420,420,420,420
0,165,15,1444,1444,1444,1444,1444
0,165,16,1444,1444,1444,1444,1444
0,165,17,1444,1444,1444,1444,1444
0,165,18,1440,1440,1440,1440,1440
0,165,19,1440,1440,1440,1440,1440
0,165,20,1440,1440,1440,1440,1440
0,165,21,420,420,420,420,420
0,165,22,420,420,420,420,420
0,165,23,420,420,420,420,420
0,165,24,1444,1444,1444,1444,1444
0,165,25,1444,1444,1444,1444,1444
0,165,26,1444,1444,1444,1444,1444
0,165,27,1185,1185,1185,1185,1185
0,165,28,1185,1185,1185,1185,1185
0,165,29,1185,1185,1185,1185,1185
0,165,30,165,165,165,165,165
0,165,31,165,165,165,165,165
0,165,32,165,165,165,165,165
0,165,33,1189,1189,1189,1189,1189
0,165,34,1189,1189,1189,1189,1189
0,165,35,1189,1189,1189,1189,1189
0,165,36,1185,1185,1185,1185,1185
0,165,37,1185,1185,1185,1185,1185
0,165,38,1185,1185,1185,1185,1185
0,165,39,165,165,165,165,165
0,165,40,165,165,165,165,165
0,165,41,165,165,165,165,165
0,165,42,1189,1189,1189,1189,1189
0,165,43,1189,1189,1189,1189,1189
0,165,44,1189,1189,1189,1189,1189
0,165,45,1185,1185,1185,1185,1185
0,165,46,1185,1185,1185,1185,1185
0,165,47,1185,1185,1185,1185,1185
0,165,48,165,165,165,165,165
0,165,49,165,165,165,165,165
0,165,50,165,165,165,165,165
0,165,51,1189,1189,1189,1189,1189
0,165,52,1189,1189,1189,1189,1189
0,165,53,1189,1189,1189,1189,1189
0,165,54,1441,1441,1441,1441,1441
0,165,55,1441,1441,1441,1441,1441
0,165,56,1441,1441,1441,1441,1441
0,165,57,421,421,421,421,421
0,165,58,421,421,421,421,421
0,165,59,421,421,421,421,421
0,165,60,1445,1445,1445,1445,1445
0,165,61,1445,1445,1445,1445,1445
0,165,62,1445,1445,1445,1445,1445
0,165,63,1441,1441,1441,1441,1441
0,165,64,1441,1441,1441,1441,1441
0,165,65,1441,1441,1441,1441,1441
0,165,66,421,421,421,421,421
0,165,67,421,421,421,421,421
0,165,68,421,421,421,421,421
0,165,69,1445,1445,1445,1445,1445
0,165,70,1445,1445,1445,1445,1445
0,165,71,1445,1445,1445,1445,1445
0,165,72,1441,1441,1441,1441,1441
0,165,73,1441,1441,1441,1441,1441
0,165,74,1441,1441,1441,1441,1441
0,165,75,421,421,421,421,421
0,165,76,421,421,421,421,421
0,165,77,421,421,421,421,421
0,165,78,1445,1445,1445,1445,1445
0,165,79,1445,1445,1445,1445,1445
0,165,80,1445,1445,1445,1445,1445
0,166,0,1696,3744,3744,3744,3744
0,166,1,1696,1704,1704,1704,1704
0,166,2,1696,3752,3752,3752,3752
0,166,3,676,2724,2724,2724,2724
0,166,4,676,684,684,684,684
0,166,5,676,2732,2732,2732,2732
0,166,6,1700,3748,3748,3748,3748
0,166,7,1700,1708,1708,1708,1708
0,166,8,1700,3756,3756,3756,3756
0,166,9,1186,3234,3234,3234,3234
0,166,10,1186,1194,1194,1194,1194
0,166,11,1186,3242,3242,3242,3242
0,166,12,166,166,166,166,166
0,166,13,166,166,166,166,166
0,166,14,166,166,166,166,166
0,166,15,1190,3238,3238,3238,3238
0,166,16,1190,1198,1198,1198,1198
0,166,17,1190,3246,3246,3246,3246
0,166,18,1698,3746,3746,3746,3746
0,166,19,1698,1706,1706,1706,1706
0,166,20,1698,3754,3754,3754,3754
0,166,21,678,2726,2726,2726,2726
0,166,22,678,686,686,686,686
0,166,23,678,2734,2734,2734,2734
0,166,24,1702,3750,3750,3750,3750
0,166,25,1702,1710,1710,1710,1710
0,166,26,1702,3758,3758,3758,3758
0,166,27,1696,3744,3744,3744,3744
0,166,28,1696,1704,1704,1704,1704
0,166,29,1696,3752,3752,3752,3752
0,166,30,676,2724,2724,2724,2724
0,166,31,676,684,684,684,684
0,166,32,676,2732,2732,2732,2732
0,166,33,1700,3748,3748,3748,3748
0,166,34,1700,1708,1708,1708,1708
0,166,35,1700,3756,3756,3756,3756
0,166,36,1186,3234,3234,3234,3234
0,166,37,1186,1194,1194,1194,1194
0,166,38,1186,3242,3242,3242,3242
0,166,39,166,166,166,166,166
0,166,40,166,166,166,166,166
0,166,41,166,166,166,166,166
0,166,42,1190,3238,3238,3238,3238
0,166,43,1190,1198,1198,1198,1198
0,166,44,1190,3246,3246,3246,3246
0,166,45,1698,3746,3746,3746,3746
0,166,46,1698,1706,1706,1706,1706
0,166,47,1698,3754,3754,3754,3754
0,166,48,678,2726,2726,2726,2726
0,166,49,678,686,686,686,686
0,166,50,678,2734,2734,2734,2734
0,166,51,1702,3750,3750,3750,3750
0,166,52,1702,1710,1710,1710,1710
0,166,53,1702,3758,3758,3758,3758
0,166,54,1696,3744,3744,3744,3744
0,166,55,1696,1704,1704,1704,1704
0,166,56,1696,3752,3752,3752,3752
0,166,57,676,2724,2724,2724,2724
0,166,58,676,684,684,684,684
0,166,59,676,2732,2732,2732,2732
0,166,60,1700,3748,3748,3748,3748
0,166,61,1700,1708,1708,1708,1708
0,166,62,1700,3756,3756,3756,3756
0,166,63,1186,3234,3234,3234,3234
0,166,64,1186,1194,1194,1194,1194
0,166,65,1186,3242,3242,3242,3242
0,166,66,166,166,166,166,166
0,166,67,166,166,166,166,166
0,166,68,166,166,166,166,166
0,166,69,1190,3238,3238,3238,3238
0,166,70,1190,1198,1198,1198,1198
0,166,71,1190,3246,3246,3246,3246
0,166,72,1698,3746,3746,3746,3746
0,166,73,1698,1706,1706,1706,1706
0,166,74,1698,3754,3754,3754,3754
0,166,75,678,2726,2726,2726,2726
0,166,76,678,686,686,686,686
0,166,77,678,2734,2734,2734,2734
0,166,78,1702,3750,3750,3750,3750
0,166,79,1702,1710,1710,1710,1710
0,166,80,1702,3758,3758,3758,3758
0,167,0,1952,4000,4000,4000,4000
0,167,1,1952,1960,1960,1960,1960
0,167,2,1952,4008,4008,4008,4008
0,167,3,932,2980,2980,2980,2980
0,167,4,932,940,940,940,940
0,167,5,932,2988,2988,2988,2988
0,167,6,1956,4004,4004,4004,4004
0,167,7,1956,1964,1964,1964,1964
0,167,8,1956,4012,4012,4012,4012
0,167,9,1442,3490,3490,3490,3490
0,167,10,1442,1450,1450,1450,1450
0,167,11,1442,3498,3498,3498,3498
0,167,12,422,422,422,422,422
0,167,13,422,422,422,422,422
0,167,14,422,422,422,422,422
0,167,15,1446,3494,3494,3494,3494
0,167,16,1446,1454,1454,1454,1454
0,167,17,1446,3502,3502,3502,3502
0,167,18,1954,4002,4002,4002,4002
0,167,19,1954,1962,1962,1962,1962
0,167,20,1954,4010,4010,4010,4010
0,167,21,934,2982,2982,2982,2982
0,167,22,934,942,942,942,942
0,167,23,934,2990,2990,2990,2990
0,167,24,1958,4006,4006,4006,4006
0,167,25,1958,1966,1966,1966,1966
0,167,26,1958,4014,4014,4014,4014
0,167,27,1697,3745,3745,3745,3745
0,167,28,1697,1705,1705,1705,1705
0,167,29,1697,3753,3753,3753,3753
0,167,30,677,2725,2725,2725,2725
0,167,31,677,685,685,685,685
0,167,32,677,2733,2733,2733,2733
0,167,33,1701,3749,3749,3749,3749
0,167,34,1701,1709,1709,1709,1709
0,167,35,1701,3757,3757,3757,3757
0,167,36,1187,3235,3235,3235,3235
0,167,37,1187,1195,1195,1195,1195
0,167,38,1187,3243,3243,3243,3243
0,167,39,167,167,167,167,167
0,167,40,167,167,167,167,167
0,167,41,167,167,167,167,167
0,167,42,1191,3239,3239,3239,3239
0,167,43,1191,1199,1199,1199,1199
0,167,44,1191,3247,3247,3247,3247
0,167,45,1699,3747,3747,3747,3747
0,167,46,1699,1707,1707,1707,1707
0,167,47,1699,3755,3755,3755,3755
0,167,48,679,2727,2727,2727,2727
0,167,49,679,687,687,687,687
0,167,50,679,2735,2735,2735,2735
0,167,51,1703,3751,3751,3751,3751
0,167,52,1703,1711,1711,1711,1711
0,167,53,1703,3759,3759,3759,3759
0,167,54,1953,4001,4001,4001,4001
0,167,55,1953,1961,1961,1961,1961
0,167,56,1953,4009,4009,4009,4009
0,167,57,933,2981,2981,2981,2981
0,167,58,933,941,941,941,941
0,167,59,933,2989,2989,2989,2989
0,167,60,1957,4005,4005,4005,4005
0,167,61,1957,1965,1965,1965,1965
0,167,62,1957,4013,4013,4013,4013
0,167,63,1443,3491,3491,3491,3491
0,167,64,1443,1451,1451,1451,1451
0,167,65,1443,3499,3499,3499,3499
0,167,66,423,423,423,423,423
0,167,67,423,423,423,423,423
0,167,68,423,423,423,423,423
0,167,69,1447,3495,3495,3495,3495
0,167,70,1447,1455,1455,1455,1455
0,167,71,1447,3503,3503,3503,3503
0,167,72,1955,4003,4003,4003,4003
0,167,73,1955,1963,1963,1963,1963
0,167,74,1955,4011,4011,4011,4011
0,167,75,935,2983,2983,2983,2983
0,167,76,935,943,943,943,943
0,167,77,935,2991,2991,2991,2991
0,167,78,1959,4007,4007,4007,4007
0,167,79,1959,1967,1967,1967,1967
0,167,80,1959,4015,4015,4015,4015
0,168,0,2208,2208,2208,2208,2208
0,168,1,168,168,168,168,168
0,168,2,2216,2216,2216,2216,2216
0,168,3,2208,2208,2208,2208,2208
0,168,4,168,168,168,168,168
0,168,5,2216,2216,2216,2216,2216
0,168,6,2208,2208,2208,2208,2208
0,168,7,168,168,168,168,168
0,168,8,2216,2216,2216,2216,2216
0,168,9,2208,2208,2208,2208,2208
0,168,10,168,168,168,168,168
0,168,11,2216,2216,2216,2216,2216
0,168,12,2208,2208,2208,2208,2208
0,168,13,168,168,168,168,168
0,168,14,2216,2216,2216,2216,2216
0,168,15,2208,2208,2208,2208,2208
0,168,16,168,168,168,168,168
0,168,17,2216,2216,2216,2216,2216
0,168,18,2208,2208,2208,2208,2208
0,168,19,168,168,168,168,168
0,168,20,2216,2216,2216,2216,2216
0,168,21,2208,2208,2208,2208,2208
0,168,22,168,168,168,168,168
0,168,23,2216,2216,2216,2216,2216
0,168,24,2208,2208,2208,2208,2208
0,168,25,168,168,168,168,168
0,168,26,2216,2216,2216,2216,2216
0,168,27,2208,2208,2208,2208,2208
0,168,28,168,168,168,168,168
0,168,29,2216,2216,2216,2216,2216
0,168,30,2208,2208,2208,2208,2208
0,168,31,168,168,168,168,168
0,168,32,2216,2216,2216,2216,2216
0,168,33,2208,2208,2208,2208,2208
0,168,34,168,168,168,168,168
0,168,35,2216,2216,2216,2216,2216
0,168,36,2208,2208,2208,2208,2208
0,168,37,168,168,168,168,168
0,168,38,2216,2216,2216,2216,2216
0,168,39,2208,2208,2208,2208,2208
0,168,40,168,168,168,168,168
0,168,41,2216,2216,2216,2216,2216
0,168,42,2208,2208,2208,2208,2208
0,168,43,168,168,168,168,168
0,168,44,2216,2216,2216,2216,2216
0,168,45,2208,2208,2208,2208,2208
0,168,46,168,168,168,168,168
0,168,47,2216,2216,2216,2216,2216
0,168,48,2208,2208,2208,2208,2208
0,168,49,168,168,168,168,168
0,168,50,2216,2216,2216,2216,2216
0,168,51,2208,2208,2208,2208,2208
0,168,52,168,168,168,168,168
0,168,53,2216,2216,2216,2216,2216
0,168,54,2208,2208,2208,2208,2208
0,168,55,168,168,168,168,168
0,168,56,2216,2216,2216,2216,2216
0,168,57,2208,2208,2208,2208,2208
0,168,58,168,168,168,168,168
0,168,59,2216,2216,2216,2216,2216
0,168,60,2208,2208,2208,2208,2208
0,168,61,168,168,168,168,168
0,168,62,2216,2216,2216,2216,2216
0,168,63,2208,2208,2208,2208,2208
0,168,64,168,168,168,168,168
0,168,65,2216,2216,2216,2216,2216
0,168,66,2208,2208,2208,2208,2208
0,168,67,168,168,168,168,168
0,168,68,2216,2216,2216,2216,2216
0,168,69,2208,2208,2208,2208,2208
0,168,70,168,168,168,168,168
0,168,71,2216,2216,2216,2216,2216
0,168,72,2208,2208,2208,2208,2208
0,168,73,168,168,168,168,168
0,168,74,2216,2216,2216,2216,2216
0,168,75,2208,2208,2208,2208,2208
0,168,76,168,168,168,168,168
0,168,77,2216,2216,2216,2216,2216
0,168,78,2208,2208,2208,2208,2208
0,168,79,168,168,168,168,168
0,168,80,2216,2216,2216,2216,2216
0,169,0,2464,2464,2464,2464,2464
0,169,1,424,424,424,424,424
0,169,2,2472,2472,2472,2472,2472
0,169,3,2464,2464,2464,2464,2464
0,169,4,424,424,424,424,424
0,169,5,2472,2472,2472,2472,2472
0,169,6,2464,2464,2464,2464,2464
0,169,7,424,424,424,424,424
0,169,8,2472,2472,2472,2472,2472
0,169,9,2464,2464,2464,2464,2464
0,169,10,424,424,424,424,424
0,169,11,2472,2472,2472,2472,2472
0,169,12,2464,2464,2464,2464,2464
0,169,13,424,424,424,424,424
0,169,14,2472,2472,2472,2472,2472
0,169,15,2464,2464,2464,2464,2464
0,169,16,424,424,424,424,424
0,169,17,2472,2472,2472,2472,2472
0,169,18,2464,2464,2464,2464,2464
0,169,19,424,424,424,424,424
0,169,20,2472,2472,2472,2472,2472
0,169,21,2464,2464,2464,2464,2464
0,169,22,424,424,424,424,424
0,169,23,2472,2472,2472,2472,2472
0,169,24,2464,2464,2464,2464,2464
0,169,25,424,424,424,424,424
0,169,26,2472,2472,2472,2472,2472
0,169,27,2209,2209,2209,2209,2209
0,169,28,169,169,169,169,169
0,169,29,2217,2217,2217,2217,2217
0,169,30,2209,2209,2209,2209,2209
0,169,31,169,169,169,169,169
0,169,32,2217,2217,2217,2217,2217
0,169,33,2209,2209,2209,2209,2209
0,169,34,169,169,169,169,169
0,169,35,2217,2217,2217,2217,2217
0,169,36,2209,2209,2209,2209,2209
0,169,37,169,169,169,169,169
0,169,38,2217,2217,2217,2217,2217
0,169,39,2209,2209,2209,2209,2209
0,169,40,169,169,169,169,169
0,169,41,2217,2217,2217,2217,2217
0,169,42,2209,2209,2209,2209,2209
0,169,43,169,169,169,169,169
0,169,44,2217,2217,2217,2217,2217
0,169,45,2209,2209,2209,2209,2209
0,169,46,169,169,169,169,169
0,169,47,2217,2217,2217,2217,2217
0,169,48,2209,2209,2209,2209,2209
0,169,49,169,169,169,169,169
0,169,50,2217,2217,2217,2217,2217
0,169,51,2209,2209,2209,2209,2209
0,169,52,169,169,169,169,169
0,169,53,2217,2217,2217,2217,2217
0,169,54,2465,2465,2465,2465,2465
0,169,55,425,425,425,425,425
0,169,56,2473,2473,2473,2473,2473
0,169,57,2465,2465,2465,2465,2465
0,169,58,425,425,425,425,425
0,169,59,2473,2473,2473,2473,2473
0,169,60,2465,2465,2465,2465,2465
0,169,61,425,425,425,425,425
0,169,62,2473,2473,2473,2473,2473
0,169,63,2465,2465,2465,2465,2465
0,169,64,425,425,425,425,425
0,169,65,2473,2473,2473,2473,2473
0,169,66,2465,2465,2465,2465,2465
0,169,67,425,425,425,425,425
0,169,68,2473,2473,2473,2473,2473
0,169,69,2465,2465,2465,2465,2465
0,169,70,425,425,425,425,425
0,169,71,2473,2473,2473,2473,2473
0,169,72,2465,2465,2465,2465,2465
0,169,73,425,425,425,425,425
0,169,74,2473,2473,2473,2473,2473
0,169,75,2465,2465,2465,2465,2465
0,169,76,425,425,425,425,425
0,169,77,2473,2473,2473,2473,2473
0,169,78,2465,2465,2465,2465,2465
0,169,79,425,425,425,425,425
0,169,80,2473,2473,2473,2473,2473
0,170,0,2720,2720,2720,2720,2720
0,170,1,680,680,680,680,680
0,170,2,2728,2728,2728,2728,2728
0,170,3,2720,2720,2720,2720,2720
0,170,4,680,680,680,680,680
0,170,5,2728,2728,2728,2728,2728
0,170,6,2720,2720,2720,2720,2720
0,170,7,680,680,680,680,680
0,170,8,2728,2728,2728,2728,2728
0,170,9,2210,2210,2210,2210,2210
0,170,10,170,170,170,170,170
0,170,11,2218,2218,2218,2218,2218
0,170,12,2210,2210,2210,2210,2210
0,170,13,170,170,170,170,170
0,170,14,2218,2218,2218,2218,2218
0,170,15,2210,2210,2210,2210,2210
0,170,16,170,170,170,170,170
0,170,17,2218,2218,2218,2218,2218
0,170,18,2722,2722,2722,2722,2722
0,170,19,682,682,682,682,682
0,170,20,2730,2730,2730,2730,2730
0,170,21,2722,2722,2722,2722,2722
0,170,22,682,682,682,682,682
0,170,23,2730,2730,2730,2730,2730
0,170,24,2722,2722,2722,2722,2722
0,170,25,682,682,682,682,682
0,170,26,2730,2730,2730,2730,2730
0,170,27,2720,2720,2720,2720,2720
0,170,28,680,680,680,680,680
0,170,29,2728,2728,2728,2728,2728
0,170,30,2720,2720,2720,2720,2720
0,170,31,680,680,680,680,680
0,170,32,2728,2728,2728,2728,2728
0,170,33,2720,2720,2720,2720,2720
0,170,34,680,680,680,680,680
0,170,35,2728,2728,2728,2728,2728
0,170,36,2210,2210,2210,2210,2210
0,170,37,170,170,170,170,170
0,170,38,2218,2218,2218,2218,2218
0,170,39,2210,2210,2210,2210,2210
0,170,40,170,170,170,170,170
0,170,41,2218,2218,2218,2218,2218
0,170,42,2210,2210,2210,2210,2210
0,170,43,170,170,170,170,170
0,170,44,2218,2218,2218,2218,2218
0,170,45,2722,2722,2722,2722,2722
0,170,46,682,682,682,682,682
0,170,47,2730,2730,2730,2730,2730
0,170,48,2722,2722,2722,2722,2722
0,170,49,682,682,682,682,682
0,170,50,2730,2730,2730,2730,2730
0,170,51,2722,2722,2722,2722,2722
0,170,52,682,682,682,682,682
0,170,53,2730,2730,2730,2730,2730
0,170,54,2720,2720,2720,2720,2720
0,170,55,680,680,680,680,680
0,170,56,2728,2728,2728,2728,2728
0,170,57,2720,2720,2720,2720,2720
0,170,58,680,680,680,680,680
0,170,59,2728,2728,2728,2728,2728
0,170,60,2720,2720,2720,2720,2720
0,170,61,680,680,680,680,680
0,170,62,2728,2728,2728,2728,2728
0,170,63,2210,2210,2210,2210,2210
0,170,64,170,170,170,170,170
0,170,65,2218,2218,2218,2218,2218
0,170,66,2210,2210,2210,2210,2210
0,170,67,170,170,170,170,170
0,170,68,2218,2218,2218,2218,2218
0,170,69,2210,2210,2210,2210,2210
0,170,70,170,170,170,170,170
0,170,71,2218,2218,2218,2218,2218
0,170,72,2722,2722,2722,2722,2722
0,170,73,682,682,682,682,682
0,170,74,2730,2730,2730,2730,2730
0,170,75,2722,2722,2722,2722,2722
0,170,76,682,682,682,682,682
0,170,77,2730,2730,2730,2730,2730
0,170,78,2722,2722,2722,2722,2722
0,170,79,682,682,682,682,682
0,170,80,2730,2730,2730,2730,2730
0,171,0,2976,2976,2976,2976,2976
0,171,1,936,936,936,936,936
0,171,2,2984,2984,2984,2984,2984
0,171,3,2976,2976,2976,2976,2976
0,171,4,936,936,936,936,936
0,171,5,2984,2984,2984,2984,2984
0,171,6,2976,2976,2976,2976,2976
0,171,7,936,936,936,936,936
0,171,8,2984,2984,2984,2984,2984
0,171,9,2466,2466,2466,2466,2466
0,171,10,426,426,426,426,426
0,171,11,2474,2474,2474,2474,2474
0,171,12,2466,2466,2466,2466,2466
0,171,13,426,426,426,426,426
0,171,14,2474,2474,2474,2474,2474
0,171,15,2466,2466,2466,2466,2466
0,171,16,426,426,426,426,426
0,171,17,2474,2474,2474,2474,2474
0,171,18,2978,2978,2978,2978,2978
0,171,19,938,938,938,938,938
0,171,20,2986,2986,2986,2986,2986
0,171,21,2978,2978,2978,2978,2978
0,171,22,938,938,938,938,938
0,171,23,2986,2986,2986,2986,2986
0,171,24,2978,2978,2978,2978,2978
0,171,25,938,938,938,938,938
0,171,26,2986,2986,2986,2986,2986
0,171,27,2721,2721,2721,2721,2721
0,171,28,681,681,681,681,681
0,171,29,2729,2729,2729,2729,2729
0,171,30,2721,2721,2721,2721,2721
0,171,31,681,681,681,681,681
0,171,32,2729,2729,2729,2729,2729
0,171,33,2721,2721,2721,2721,2721
0,171,34,681,681,681,681,681
0,171,35,2729,2729,2729,2729,2729
0,171,36,2211,2211,2211,2211,2211
0,171,37,171,171,171,171,171
0,171,38,2219,2219,2219,2219,2219
0,171,39,2211,2211,2211,2211,2211
0,171,40,171,171,171,171,171
0,171,41,2219,2219,2219,2219,2219
0,171,42,2211,2211,2211,2211,2211
0,171,43,171,171,171,171,171
0,171,44,2219,2219,2219,2219,2219
0,171,45,2723,2723,2723,2723,2723
0,171,46,683,683,683,683,683
0,171,47,2731,2731,2731,2731,2731
0,171,48,2723,2723,2723,2723,2723
0,171,49,683,683,683,683,683
0,171,50,2731,2731,2731,2731,2731
0,171,51,2723,2723,2723,2723,2723
0,171,52,683,683,683,683,683
0,171,53,2731,2731,2731,2731,2731
0,171,54,2977,2977,2977,2977,2977
0,171,55,937,937,937,937,937
0,171,56,2985,2985,2985,2985,2985
0,171,57,2977,2977,2977,2977,2977
0,171,58,937,937,937,937,937
0,171,59,2985,2985,2985,2985,2985
0,171,60,2977,2977,2977,2977,2977
0,171,61,937,937,937,937,937
0,171,62,2985,2985,2985,2985,2985
0,171,63,2467,2467,2467,2467,2467
0,171,64,427,427,427,427,427
0,171,65,2475,2475,2475,2475,2475
0,171,66,2467,2467,2467,2467,2467
0,171,67,427,427,427,427,427
0,171,68,2475,2475,2475,2475,2475
0,171,69,2467,2467,2467,2467,2467
0,171,70,427,427,427,427,427
0,171,71,2475,2475,2475,2475,2475
0,171,72,2979,2979,2979,2979,2979
0,171,73,939,939,939,939,939
0,171,74,2987,2987,2987,2987,2987
0,171,75,2979,2979,2979,2979,2979
0,171,76,939,939,939,939,939
0,171,77,2987,2987,2987,2987,2987
0,171,78,2979,2979,2979,2979,2979
0,171,79,939,939,939,939,939
0,171,80,2987,2987,2987,2987,2987
0,172,0,3232,3232,3232,3232,3232
0,172,1,1192,1192,1192,1192,1192
0,172,2,3240,3240,3240,3240,3240
0,172,3,2212,2212,2212,2212,2212
0,172,4,172,172,172,172,172
0,172,5,2220,2220,2220,2220,2220
0,172,6,3236,3236,3236,3236,3236
0,172,7,1196,1196,1196,1196,1196
0,172,8,3244,3244,3244,3244,3244
0,172,9,3232,3232,3232,3232,3232
0,172,10,1192,1192,1192,1192,1192
0,172,11,3240,3240,3240,3240,3240
0,172,12,2212,2212,2212,2212,2212
0,172,13,172,172,172,172,172
0,172,14,2220,2220,2220,2220,2220
0,172,15,3236,3236,3236,3236,3236
0,172,16,1196,1196,1196,1196,1196
0,172,17,3244,3244,3244,3244,3244
0,172,18,3232,3232,3232,3232,3232
0,172,19,1192,1192,1192,1192,1192
0,172,20,3240,3240,3240,3240,3240
0,172,21,2212,2212,2212,2212,2212
0,172,22,172,172,172,172,172
0,172,23,2220,2220,2220,2220,2220
0,172,24,3236,3236,3236,3236,3236
0,172,25,1196,1196,1196,1196,1196
0,172,26,3244,3244,3244,3244,3244
0,172,27,3232,3232,3232,3232,3232
0,172,28,1192,1192,1192,1192,1192
0,172,29,3240,3240,3240,3240,3240
0,172,30,2212,2212,2212,2212,2212
0,172,31,172,172,172,172,172
0,172,32,2220,2220,2220,2220,2220
0,172,33,3236,3236,3236,3236,3236
0,172,34,1196,1196,1196,1196,1196
0,172,35,3244,3244,3244,3244,3244
0,172,36,3232,3232,3232,3232,3232
0,172,37,1192,1192,1192,1192,1192
0,172,38,3240,3240,3240,3240,3240
0,172,39,2212,2212,2212,2212,2212
0,172,40,172,172,172,172,172
0,172,41,2220,2220,2220,2220,2220
0,172,42,3236,3236,3236,3236,3236
0,172,43,1196,1196,1196,1196,1196
0,172,44,3244,3244,3244,3244,3244
0,172,45,3232,3232,3232,3232,3232
0,172,46,1192,1192,1192,1192,1192
0,172,47,3240,3240,3240,3240,3240
0,172,48,2212,2212,2212,2212,2212
0,172,49,172,172,172,172,172
0,172,50,2220,2220,2220,2220,2220
0,172,51,3236,3236,3236,3236,3236
0,172,52,1196,1196,1196,1196,1196
0,172,53,3244,3244,3244,3244,3244
0,172,54,3232,3232,3232,3232,3232
0,172,55,1192,1192,1192,1192,1192
0,172,56,3240,3240,3240,3240,3240
0,172,57,2212,2212,2212,2212,2212
0,172,58,172,172,172,172,172
0,172,59,2220,2220,2220,2220,2220
0,172,60,3236,3236,3236,3236,3236
0,172,61,1196,1196,1196,1196,1196
0,172,62,3244,3244,3244,3244,3244
0,172,63,3232,3232,3232,3232,3232
0,172,64,1192,1192,1192,1192,1192
0,172,65,3240,3240,3240,3240,3240
0,172,66,2212,2212,2212,2212,2212
0,172,67,172,172,172,172,172
0,172,68,2220,2220,2220,2220,2220
0,172,69,3236,3236,3236,3236,3236
0,172,70,1196,1196,1196,1196,1196
0,172,71,3244,3244,3244,3244,3244
0,172,72,3232,3232,3232,3232,3232
0,172,73,1192,1192,1192,1192,1192
0,172,74,3240,3240,3240,3240,3240
0,172,75,2212,2212,2212,2212,2212
0,172,76,172,172,172,172,172
0,172,77,2220,2220,2220,2220,2220
0,172,78,3236,3236,3236,3236,3236
0,172,79,1196,1196,1196,1196,1196
0,172,80,3244,3244,3244,3244,3244
0,173,0,3488,3488,3488,3488,3488
0,173,1,1448,1448,1448,1448,1448
0,173,2,3496,3496,3496,3496,3496
0,173,3,2468,2468,2468,2468,2468
0,173,4,428,428,428,428,428
0,173,5,2476,2476,2476,2476,2476
0,173,6,3492,3492,3492,3492,3492
0,173,7,1452,1452,1452,1452,1452
0,173,8,3500,3500,3500,3500,3500
0,173,9,3488,3488,3488,3488,3488
0,173,10,1448,1448,1448,1448,1448
0,173,11,3496,3496,3496,3496,3496
0,173,12,2468,2468,2468,2468,2468
0,173,13,428,428,428,428,428
0,173,14,2476,2476,2476,2476,2476
0,173,15,3492,3492,3492,3492,3492
0,173,16,1452,1452,1452,1452,1452
0,173,17,3500,3500,3500,3500,3500
0,173,18,3488,3488,3488,3488,3488
0,173,19,1448,1448,1448,1448,1448
0,173,20,3496,3496,3496,3496,3496
0,173,21,2468,2468,2468,2468,2468
0,173,22,428,428,428,428,428
0,173,23,2476,2476,2476,2476,2476
0,173,24,3492,3492,3492,3492,3492
0,173,25,1452,1452,1452,1452,1452
0,173,26,3500,3500,3500,3500,3500
0,173,27,3233,3233,3233,3233,3233
0,173,28,1193,1193,1193,1193,1193
0,173,29,3241,3241,3241,3241,3241
0,173,30,2213,2213,2213,2213,2213
0,173,31,173,173,173,173,173
0,173,32,2221,2221,2221,2221,2221
0,173,33,3237,3237,3237,3237,3237
0,173,34,1197,1197,1197,1197,1197
0,173,35,3245,3245,3245,3245,3245
0,173,36,3233,3233,3233,3233,3233
0,173,37,1193,1193,1193,1193,1193
0,173,38,3241,3241,3241,3241,3241
0,173,39,2213,2213,2213,2213,2213
0,173,40,173,173,173,173,173
0,173,41,2221,2221,2221,2221,2221
0,173,42,3237,3237,3237,3237,3237
0,173,43,1197,1197,1197,1197,1197
0,173,44,3245,3245,3245,3245,3245
0,173,45,3233,3233,3233,3233,3233
0,173,46,1193,1193,1193,1193,1193
0,173,47,3241,3241,3241,3241,3241
0,173,48,2213,2213,2213,2213,2213
0,173,49,173,173,173,173,173
0,173,50,2221,2221,2221,2221,2221
0,173,51,3237,3237,3237,3237,3237
0,173,52,1197,1197,1197,1197,1197
0,173,53,3245,3245,3245,3245,3245
0,173,54,3489,3489,3489,3489,3489
0,173,55,1449,1449,1449,1449,1449
0,173,56,3497,3497,3497,3497,3497
0,173,57,2469,2469,2469,2469,2469
0,173,58,429,429,429,429,429
0,173,59,2477,2477,2477,2477,2477
0,173,60,3493,3493,3493,3493,3493
0,173,61,1453,1453,1453,1453,1453
0,173,62,3501,3501,3501,3501,3501
0,173,63,3489,3489,3489,3489,3489
0,173,64,1449,1449,1449,1449,1449
0,173,65,3497,3497,3497,3497,3497
0,173,66,2469,2469,2469,2469,2469
0,173,67,429,429,429,429,429
0,173,68,2477,2477,2477,2477,2477
0,173,69,3493,3493,3493,3493,3493
0,173,70,1453,1453,1453,1453,1453
0,173,71,3501,3501,3501,3501,3501
0,173,72,3489,3489,3489,3489,3489
0,173,73,1449,1449,1449,1449,1449
0,173,74,3497,3497,3497,3497,3497
0,173,75,2469,2469,2469,2469,2469
0,173,76,429,429,429,429,429
0,173,77,2477,2477,2477,2477,2477
0,173,78,3493,3493,3493,3493,3493
0,173,79,1453,1453,1453,1453,1453
0,173,80,3501,3501,3501,3501,3501
0,174,0,3744,3744,3744,3744,3744
0,174,1,1704,1704,1704,1704,1704
0,174,2,3752,3752,3752,3752,3752
0,174,3,2724,2724,2724,2724,2724
0,174,4,684,684,684,684,684
0,174,5,2732,2732,2732,2732,2732
0,174,6,3748,3748,3748,3748,3748
0,174,7,1708,1708,1708,1708,1708
0,174,8,3756,3756,3756,3756,3756
0,174,9,3234,3234,3234,3234,3234
0,174,10,1194,1194,1194,1194,1194
0,174,11,3242,3242,3242,3242,3242
0,174,12,2214,2214,2214,2214,2214
0,174,13,174,174,174,174,174
0,174,14,2222,2222,2222,2222,2222
0,174,15,3238,3238,3238,3238,3238
0,174,16,1198,1198,1198,1198,1198
0,174,17,3246,3246,3246,3246,3246
0,174,18,3746,3746,3746,3746,3746
0,174,19,1706,1706,1706,1706,1706
0,174,20,3754,3754,3754,3754,3754
0,174,21,2726,2726,2726,2726,2726
0,174,22,686,686,686,686,686
0,174,23,2734,2734,2734,2734,2734
0,174,24,3750,3750,3750,3750,3750
0,174,25,1710,1710,1710,1710,1710
0,174,26,3758,3758,3758,3758,3758
0,174,27,3744,3744,3744,3744,3744
0,174,28,1704,1704,1704,1704,1704
0,174,29,3752,3752,3752,3752,3752
0,174,30,2724,2724,2724,2724,2724
0,174,31,684,684,684,684,684
0,174,32,2732,2732,2732,2732,2732
0,174,33,3748,3748,3748,3748,3748
0,174,34,1708,1708,1708,1708,1708
0,174,35,3756,3756,3756,3756,3756
0,174,36,3234,3234,3234,3234,3234
0,174,37,1194,1194,1194,1194,1194
0,174,38,3242,3242,3242,3242,3242
0,174,39,2214,2214,2214,2214,2214
0,174,40,174,174,174,174,174
0,174,41,2222,2222,2222,2222,2222
0,174,42,3238,3238,3238,3238,3238
0,174,43,1198,1198,1198,1198,1198
0,174,44,3246,3246,3246,3246,3246
0,174,45,3746,3746,3746,3746,3746
0,174,46,1706,1706,1706,1706,1706
0,174,47,3754,3754,3754,3754,3754
0,174,48,2726,2726,2726,2726,2726
0,174,49,686,686,686,686,686
0,174,50,2734,2734,2734,2734,2734
0,174,51,3750,3750,3750,3750,3750
0,174,52,1710,1710,1710,1710,1710
0,174,53,3758,3758,3758,3758,3758
0,174,54,3744,3744,3744,3744,3744
0,174,55,1704,1704,1704,1704,1704
0,174,56,3752,3752,3752,3752,3752
0,174,57,2724,2724,2724,2724,2724
0,174,58,684,684,684,684,684
0,174,59,2732,2732,2732,2732,2732
0,174,60,3748,3748,3748,3748,3748
0,174,61,1708,1708,1708,1708,1708
0,174,62,3756,3756,3756,3756,3756
0,174,63,3234,3234,3234,3234,3234
0,174,64,1194,1194,1194,1194,1194
0,174,65,3242,3242,3242,3242,3242
0,174,66,2214,2214,2214,2214,2214
0,174,67,174,174,174,174,174
0,174,68,2222,2222,2222,2222,2222
0,174,69,3238,3238,3238,3238,3238
0,174,70,1198,1198,1198,1198,1198
0,174,71,3246,3246,3246,3246,3246
0,174,72,3746,3746,3746,3746,3746
0,174,73,1706,1706,1706,1706,1706
0,174,74,3754,3754,3754,3754,3754
0,174,75,2726,2726,2726,2726,2726
0,174,76,686,686,686,686,686
0,174,77,2734,2734,2734,2734,2734
0,174,78,3750,3750,3750,3750,3750
0,174,79,1710,1710,1710,1710,1710
0,174,80,3758,3758,3758,3758,3758
0,175,0,4000,4000,4000,4000,4000
0,175,1,1960,1960,1960,1960,1960
0,175,2,4008,4008,4008,4008,4008
0,175,3,2980,2980,2980,2980,2980
0,175,4,940,940,940,940,940
0,175,5,2988,2988,2988,2988,2988
0,175,6,4004,4004,4004,4004,4004
0,175,7,1964,1964,1964,1964,1964
0,175,8,4012,4012,4012,4012,4012
0,175,9,3490,3490,3490,3490,3490
0,175,10,1450,1450,1450,1450,1450
0,175,11,3498,3498,3498,3498,3498
0,175,12,2470,2470,2470,2470,2470
0,175,13,430,430,430,430,430
0,175,14,2478,2478,2478,2478,2478
0,175,15,3494,3494,3494,3494,3494
0,175,16,1454,1454,1454,1454,1454
0,175,17,3502,3502,3502,3502,3502
0,175,18,4002,4002,4002,4002,4002
0,175,19,1962,1962,1962,1962,1962
0,175,20,4010,4010,4010,4010,4010
0,175,21,2982,2982,2982,2982,2982
0,175,22,942,942,942,942,942
0,175,23,2990,2990,2990,2990,2990
0,175,24,4006,4006,4006,4006,4006
0,175,25,1966,1966,1966,1966,1966
0,175,26,4014,4014,4014,4014,4014
0,175,27,3745,3745,3745,3745,3745
0,175,28,1705,1705,1705,1705,1705
0,175,29,3753,3753,3753,3753,3753
0,175,30,2725,2725,2725,2725,2725
0,175,31,685,685,685,685,685
0,175,32,2733,2733,2733,2733,2733
0,175,33,3749,3749,3749,3749,3749
0,175,34,1709,1709,1709,1709,1709
0,175,35,3757,3757,3757,3757,3757
0,175,36,3235,3235,3235,3235,3235
0,175,37,1195,1195,1195,1195,1195
0,175,38,3243,3243,3243,3243,3243
0,175,39,2215,2215,2215,2215,2215
0,175,40,175,175,175,175,175
0,175,41,2223,2223,2223,2223,2223
0,175,42,3239,3239,3239,3239,3239
0,175,43,1199,1199,1199,1199,1199
0,175,44,3247,3247,3247,3247,3247
0,175,45,3747,3747,3747,3747,3747
0,175,46,1707,1707,1707,1707,1707
0,175,47,3755,3755,3755,3755,3755
0,175,48,2727,2727,2727,2727,2727
0,175,49,687,687,687,687,687
0,175,50,2735,2735,2735,2735,2735
0,175,51,3751,3751,3751,3751,3751
0,175,52,1711,1711,1711,1711,1711
0,175,53,3759,3759,3759,3759,3759
0,175,54,4001,4001,4001,4001,4001
0,175,55,1961,1961,1961,1961,1961
0,175,56,4009,4009,4009,4009,4009
0,175,57,2981,2981,2981,2981,2981
0,175,58,941,941,941,941,941
0,175,59,2989,2989,2989,2989,2989
0,175,60,4005,4005,4005,4005,4005
0,175,61,1965,1965,1965,1965,1965
0,175,62,4013,4013,4013,4013,4013
0,175,63,3491,3491,3491,3491,3491
0,175,64,1451,1451,1451,1451,1451
0,175,65,3499,3499,3499,3499,3499
0,175,66,2471,2471,2471,2471,2471
0,175,67,431,431,431,431,431
0,175,68,2479,2479,2479,2479,2479
0,175,69,3495,3495,3495,3495,3495
0,175,70,1455,1455,1455,1455,1455
0,175,71,3503,3503,3503,3503,3503
0,175,72,4003,4003,4003,4003,4003
0,175,73,1963,1963,1963,1963,1963
0,175,74,4011,4011,4011,4011,4011
0,175,75,2983,2983,2983,2983,2983
0,175,76,943,943,943,943,943
0,175,77,2991,2991,2991,2991,2991
0,175,78,4007,4007,4007,4007,4007
0,175,79,1967,1967,1967,1967,1967
0,175,80,4015,4015,4015,4015,4015
0,176,0,176,176,176,176,176
0,176,1,176,176,176,176,176
0,176,2,176,176,176,176,176
0,176,3,176,176,176,176,176
0,176,4,176,176,176,176,176
0,176,5,176,176,176,176,176
0,176,6,176,176,176,176,176
0,176,7,176,176,176,176,176
0,176,8,176,176,176,176,176
0,176,9,176,176,176,176,176
0,176,10,176,176,176,176,176
0,176,11,176,176,176,176,176
0,176,12,176,176,176,176,176
0,176,13,176,176,176,176,176
0,176,14,176,176,176,176,176
0,176,15,176,176,176,176,176
0,176,16,176,176,176,176,176
0,176,17,176,176,176,176,176
0,176,18,176,176,176,176,176
0,176,19,176,176,176,176,176
0,176,20,176,176,176,176,176
0,176,21,176,176,176,176,176
0,176,22,176,176,176,176,176
0,176,23,176,176,176,176,176
0,176,24,176,176,176,176,176
0,176,25,176,176,176,176,176
0,176,26,176,176,176,176,176
0,176,27,176,176,176,176,176
0,176,28,176,176,176,176,176
0,176,29,176,176,176,176,176
0,176,30,176,176,176,176,176
0,176,31,176,176,176,176,176
0,176,32,176,176,176,176,176
0,176,33,176,176,176,176,176
0,176,34,176,176,176,176,176
0,176,35,176,176,176,176,176
0,176,36,176,176,176,176,176
0,176,37,176,176,176,176,176
0,176,38,176,176,176,176,176
0,176,39,176,176,176,176,176
0,176,40,176,176,176,176,176
0,176,41,176,176,176,176,176
0,176,42,176,176,176,176,176
0,176,43,176,176,176,176,176
0,176,44,176,176,176,176,176
0,176,45,176,176,176,176,176
0,176,46,176,176,176,176,176
0,176,47,176,176,176,176,176
0,176,48,176,176,176,176,176
0,176,49,176,176,176,176,176
0,176,50,176,176,176,176,176
0,176,51,176,176,176,176,176
0,176,52,176,176,176,176,176
0,176,53,176,176,176,176,176
0,176,54,176,176,176,176,176
0,176,55,176,176,176,176,176
0,176,56,176,176,176,176,176
0,176,57,176,176,176,176,176
0,176,58,176,176,176,176,176
0,176,59,176,176,176,176,176
0,176,60,176,176,176,176,176
0,176,61,176,176,176,176,176
0,176,62,176,176,176,176,176
0,176,63,176,176,176,176,176
0,176,64,176,176,176,176,176
0,176,65,176,176,176,176,176
0,176,66,176,176,176,176,176
0,176,67,176,176,176,176,176
0,176,68,176,176,176,176,176
0,176,69,176,176,176,176,176
0,176,70,176,176,176,176,176
0,176,71,176,176,176,176,176
0,176,72,176,176,176,176,176
0,176,73,176,176,176,176,176
0,176,74,176,176,176,176,176
0,176,75,176,176,176,176,176
0,176,76,176,176,176,176,176
0,176,77,176,176,176,176,176
0,176,78,176,176,176,176,176
0,176,79,176,176,176,176,176
0,176,80,176,176,176,176,176
0,177,0,432,432,432,432,432
0,177,1,432,432,432,432,432
0,177,2,432,432,432,432,432
0,177,3,432,432,432,432,432
0,177,4,432,432,432,432,432
0,177,5,432,432,432,432,432
0,177,6,432,432,432,432,432
0,177,7,432,432,432,432,432
0,177,8,432,432,432,432,432
0,177,9,432,432,432,432,432
0,177,10,432,432,432,432,432
0,177,11,432,432,432,432,432
0,177,12,432,432,432,432,432
0,177,13,432,432,432,432,432
0,177,14,432,432,432,432,432
0,177,15,432,432,432,432,432
0,177,16,432,432,432,432,432
0,177,17,432,432,432,432,432
0,177,18,432,432,432,432,432
0,177,19,432,432,432,432,432
0,177,20,432,432,432,432,432
0,177,21,432,432,432,432,432
0,177,22,432,432,432,432,432
0,177,23,432,432,432,432,432
0,177,24,432,432,432,432,432
0,177,25,432,432,432,432,432
0,177,26,432,432,432,432,432
0,177,27,177,177,177,177,177
0,177,28,177,177,177,177,177
0,177,29,177,177,177,177,177
0,177,30,177,177,177,177,177
0,177,31,177,177,177,177,177
0,177,32,177,177,177,177,177
0,177,33,177,177,177,177,177
0,177,34,177,177,177,177,177
0,177,35,177,177,177,177,177
0,177,36,177,177,177,177,177
0,177,37,177,177,177,177,177
0,177,38,177,177,177,177,177
0,177,39,177,177,177,177,177
0,177,40,177,177,177,177,177
0,177,41,177,177,177,177,177
0,177,42,177,177,177,177,177
0,177,43,177,177,177,177,177
0,177,44,177,177,177,177,177
0,177,45,177,177,177,177,177
0,177,46,177,177,177,177,177
0,177,47,177,177,177,177,177
0,177,48,177,177,177,177,177
0,177,49,177,177,177,177,177
0,177,50,177,177,177,177,177
0,177,51,177,177,177,177,177
0,177,52,177,177,177,177,177
0,177,53,177,177,177,177,177
0,177,54,433,433,433,433,433
0,177,55,433,433,433,433,433
0,177,56,433,433,433,433,433
0,177,57,433,433,433,433,433
0,177,58,433,433,433,433,433
0,177,59,433,433,433,433,433
0,177,60,433,433,433,433,433
0,177,61,433,433,433,433,433
0,177,62,433,433,433,433,433
0,177,63,433,433,433,433,433
0,177,64,433,433,433,433,433
0,177,65,433,433,433,433,433
0,177,66,433,433,433,433,433
0,177,67,433,433,433,433,433
0,177,68,433,433,433,433,433
0,177,69,433,433,433,433,433
0,177,70,433,433,433,433,433
0,177,71,433,433,433,433,433
0,177,72,433,433,433,433,433
0,177,73,433,433,433,433,433
0,177,74,433,433,433,433,433
0,177,75,433,433,433,433,433
0,177,76,433,433,433,433,433
0,177,77,433,433,433,433,433
0,177,78,433,433,433,433,433
0,177,79,433,433,433,433,433
0,177,80,433,433,433,433,433
0,178,0,688,688,688,688,688
0,178,1,688,688,688,688,688
0,178,2,688,688,688,688,688
0,178,3,688,688,688,688,688
0,178,4,688,688,688,688,688
0,178,5,688,688,688,688,688
0,178,6,688,688,688,688,688
0,178,7,688,688,688,688,688
0,178,8,688,688,688,688,688
0,178,9,178,178,178,178,178
0,178,10,178,178,178,178,178
0,178,11,178,178,178,178,178
0,178,12,178,178,178,178,178
0,178,13,178,178,178,178,178
0,178,14,178,178,178,178,178
0,178,15,178,178,178,178,178
0,178,16,178,178,178,178,178
0,178,17,178,178,178,178,178
0,178,18,690,690,690,690,690
0,178,19,690,690,690,690,690
0,178,20,690,690,690,690,690
0,178,21,690,690,690,690,690
0,178,22,690,690,690,690,690
0,178,23,690,690,690,690,690
0,178,24,690,690,690,690,690
0,178,25,690,690,690,690,690
0,178,26,690,690,690,690,690
0,178,27,688,688,688,688,688
0,178,28,688,688,688,688,688
0,178,29,688,688,688,688,688
0,178,30,688,688,688,688,688
0,178,31,688,688,688,688,688
0,178,32,688,688,688,688,688
0,178,33,688,688,688,688,688
0,178,34,688,688,688,688,688
0,178,35,688,688,688,688,688
0,178,36,178,178,178,178,178
0,178,37,178,178,178,178,178
0,178,38,178,178,178,178,178
0,178,39,178,178,178,178,178
0,178,40,178,178,178,178,178
0,178,41,178,178,178,178,178
0,178,42,178,178,178,178,178
0,178,43,178,178,178,178,178
0,178,44,178,178,178,178,178
0,178,45,690,690,690,690,690
0,178,46,690,690,690,690,690
0,178,47,690,690,690,690,690
0,178,48,690,690,690,690,690
0,178,49,690,690,690,690,690
0,178,50,690,690,690,690,690
0,178,51,690,690,690,690,690
0,178,52,690,690,690,690,690
0,178,53,690,690,690,690,690
0,178,54,688,688,688,688,688
0,178,55,688,688,688,688,688
0,178,56,688,688,688,688,688
0,178,57,688,688,688,688,688
0,178,58,688,688,688,688,688
0,178,59,688,688,688,688,688
0,178,60,688,688,688,688,688
0,178,61,688,688,688,688,688
0,178,62,688,688,688,688,688
0,178,63,178,178,178,178,178
0,178,64,178,178,178,178,178
0,178,65,178,178,178,178,178
0,178,66,178,178,178,178,178
0,178,67,178,178,178,178,178
0,178,68,178,178,178,178,178
0,178,69,178,178,178,178,178
0,178,70,178,178,178,178,178
0,178,71,178,178,178,178,178
0,178,72,690,690,690,690,690
0,178,73,690,690,690,690,690
0,178,74,690,690,690,690,690
0,178,75,690,690,690,690,690
0,178,76,690,690,690,690,690
0,178,77,690,690,690,690,690
0,178,78,690,690,690,690,690
0,178,79,690,690,690,690,690
0,178,80,690,690,690,690,690
0,179,0,944,944,944,944,944
0,179,1,944,944,944,944,944
0,179,2,944,944,944,944,944
0,179,3,944,944,944,944,944
0,179,4,944,944,944,944,944
0,179,5,944,944,944,944,944
0,179,6,944,944,944,944,944
0,179,7,944,944,944,944,944
0,179,8,944,944,944,944,944
0,179,9,434,434,434,434,434
0,179,10,434,434,434,434,434
0,179,11,434,434,434,434,434
0,179,12,434,434,434,434,434
0,179,13,434,434,434,434,434
0,179,14,434,434,434,434,434
0,179,15,434,434,434,434,434
0,179,16,434,434,434,434,434
0,179,17,434,434,434,434,434
0,179,18,946,946,946,946,946
0,179,19,946,946,946,946,946
0,179,20,946,946,946,946,946
0,179,21,946,946,946,946,946
0,179,22,946,946,946,946,946
0,179,23,946,946,946,946,946
0,179,24,946,946,946,946,946
0,179,25,946,946,946,946,946
0,179,26,946,946,946,946,946
0,179,27,689,689,689,689,689
0,179,28,689,689,689,689,689
0,179,29,689,689,689,689,689
0,179,30,689,689,689,689,689
0,179,31,689,689,689,689,689
0,179,32,689,689,689,689,689
0,179,33,689,689,689,689,689
0,179,34,689,689,689,689,689
0,179,35,689,689,689,689,689
0,179,36,179,179,179,179,179
0,179,37,179,179,179,179,179
0,179,38,179,179,179,179,179
0,179,39,179,179,179,179,179
0,179,40,179,179,179,179,179
0,179,41,179,179,179,179,179
0,179,42,179,179,179,179,179
0,179,43,179,179,179,179,179
0,179,44,179,179,179,179,179
0,179,45,691,691,691,691,691
0,179,46,691,691,691,691,691
0,179,47,691,691,691,691,691
0,179,48,691,691,691,691,691
0,179,49,691,691,691,691,691
0,179,50,691,691,691,691,691
0,179,51,691,691,691,691,691
0,179,52,691,691,691,691,691
0,179,53,691,691,691,691,691
0,179,54,945,945,945,945,945
0,179,55,945,945,945,945,945
0,179,56,945,945,945,945,945
0,179,57,945,945,945,945,945
0,179,58,945,945,945,945,945
0,179,59,945,945,945,945,945
0,179,60,945,945,945,945,945
0,179,61,945,945,945,945,945
0,179,62,945,945,945,945,945
0,179,63,435,435,435,435,435
0,179,64,435,435,435,435,435
0,179,65,435,435,435,435,435
0,179,66,435,435,435,435,435
0,179,67,435,435,435,435,435
0,179,68,435,435,435,435,435
0,179,69,435,435,435,435,435
0,179,70,435,435,435,435,435
0,179,71,435,435,435,435,435
0,179,72,947,947,947,947,947
0,179,73,947,947,947,947,947
0,179,74,947,947,947,947,947
0,179,75,947,947,947,947,947
0,179,76,947,947,947,947,947
0,179,77,947,947,947,947,947
0,179,78,947,947,947,947,947
0,179,79,947,947,947,947,947
0,179,80,947,947,947,947,947
0,180,0,1200,1264,1264,1264,1264
0,180,1,1200,1264,1264,1264,1264
0,180,2,1200,1264,1264,1264,1264
0,180,3,180,180,180,180,180
0,180,4,180,180,180,180,180
0,180,5,180,180,180,180,180
0,180,6,1204,1268,1268,1268,1268
0,180,7,1204,1268,1268,1268,1268
0,180,8,1204,1268,1268,1268,1268
0,180,9,1200,1264,1264,1264,1264
0,180,10,1200,1264,1264,1264,1264
0,180,11,1200,1264,1264,1264,1264
0,180,12,180,180,180,180,180
0,180,13,180,180,180,180,180
0,180,14,180,180,180,180,180
0,180,15,1204,1268,1268,1268,1268
0,180,16,1204,1268,1268,1268,1268
0,180,17,1204,1268,1268,1268,1268
0,180,18,1200,1264,1264,1264,1264
0,180,19,1200,1264,1264,1264,1264
0,180,20,1200,1264,1264,1264,1264
0,180,21,180,180,180,180,180
0,180,22,180,180,180,180,180
0,180,23,180,180,180,180,180
0,180,24,1204,1268,1268,1268,1268
0,180,25,1204,1268,1268,1268,1268
0,180,26,1204,1268,1268,1268,1268
0,180,27,1200,1264,1264,1264,1264
0,180,28,1200,1264,1264,1264,1264
0,180,29,1200,1264,1264,1264,1264
0,180,30,180,180,180,180,180
0,180,31,180,180,180,180,180
0,180,32,180,180,180,180,180
0,180,33,1204,1268,1268,1268,1268
0,180,34,1204,1268,1268,1268,1268
0,180,35,1204,1268,1268,1268,1268
0,180,36,1200,1264,1264,1264,1264
0,180,37,1200,1264,1264,1264,1264
0,180,38,1200,1264,1264,1264,1264
0,180,39,180,180,180,180,180
0,180,40,180,180,180,180,180
0,180,41,180,180,180,180,180
0,180,42,1204,1268,1268,1268,1268
0,180,43,1204,1268,1268,1268,1268
0,180,44,1204,1268,1268,1268,1268
0,180,45,1200,1264,1264,1264,1264
0,180,46,1200,1264,1264,1264,1264
0,180,47,1200,1264,1264,1264,1264
0,180,48,180,180,180,180,180
0,180,49,180,180,180,180,180
0,180,50,180,180,180,180,180
0,180,51,1204,1268,1268,1268,1268
0,180,52,1204,1268,1268,1268,1268
0,180,53,1204,1268,1268,1268,1268
0,180,54,1200,1264,1264,1264,1264
0,180,55,1200,1264,1264,1264,1264
0,180,56,1200,1264,1264,1264,1264
0,180,57,180,180,180,180,180
0,180,58,180,180,180,180,180
0,180,59,180,180,180,180,180
0,180,60,1204,1268,1268,1268,1268
0,180,61,1204,1268,1268,1268,1268
0,180,62,1204,1268,1268,1268,1268
0,180,63,1200,1264,1264,1264,1264
0,180,64,1200,1264,1264,1264,1264
0,180,65,1200,1264,1264,1264,1264
0,180,66,180,180,180,180,180
0,180,67,180,180,180,180,180
0,180,68,180,180,180,180,180
0,180,69,1204,1268,1268,1268,1268
0,180,70,1204,1268,1268,1268,1268
0,180,71,1204,1268,1268,1268,1268
0,180,72,1200,1264,1264,1264,1264
0,180,73,1200,1264,1264,1264,1264
0,180,74,1200,1264,1264,1264,1264
0,180,75,180,180,180,180,180
0,180,76,180,180,180,180,180
0,180,77,180,180,180,180,180
0,180,78,1204,1268,1268,1268,1268
0,180,79,1204,1268,1268,1268,1268
0,180,80,1204,1268,1268,1268,1268
0,181,0,1456,1520,1520,1520,1520
0,181,1,1456,1520,1520,1520,1520
0,181,2,1456,1520,1520,1520,1520
0,181,3,436,436,436,436,436
0,181,4,436,436,436,436,436
0,181,5,436,436,436,436,436
0,181,6,1460,1524,1524,1524,1524
0,181,7,1460,1524,1524,1524,1524
0,181,8,1460,1524,1524,1524,1524
0,181,9,1456,1520,1520,1520,1520
0,181,10,1456,1520,1520,1520,1520
0,181,11,1456,1520,1520,1520,1520
0,181,12,436,436,436,436,436
0,181,13,436,436,436,436,436
0,181,14,436,436,436,436,436
0,181,15,1460,1524,1524,1524,1524
0,181,16,1460,1524,1524,1524,1524
0,181,17,1460,1524,1524,1524,1524
0,181,18,1456,1520,1520,1520,1520
0,181,19,1456,1520,1520,1520,1520
0,181,20,1456,1520,1520,1520,1520
0,181,21,436,436,436,436,436
0,181,22,436,436,436,436,436
0,181,23,436,436,436,436,436
0,181,24,1460,1524,1524,1524,1524
0,181,25,1460,1524,1524,1524,1524
0,181,26,1460,1524,1524,1524,1524
0,181,27,1201,1265,1265,1265,1265
0,181,28,1201,1265,1265,1265,1265
0,181,29,1201,1265,1265,1265,1265
0,181,30,181,181,181,181,181
0,181,31,181,181,181,181,181
0,181,32,181,181,181,181,181
0,181,33,1205,1269,1269,1269,1269
0,181,34,1205,1269,1269,1269,1269
0,181,35,1205,1269,1269,1269,1269
0,181,36,1201,1265,1265,1265,1265
0,181,37,1201,1265,1265,1265,1265
0,181,38,1201,1265,1265,1265,1265
0,181,39,181,181,181,181,181
0,181,40,181,181,181,181,181
0,181,41,181,181,181,181,181
0,181,42,1205,1269,1269,1269,1269
0,181,43,1205,1269,1269,1269,1269
0,181,44,1205,1269,1269,1269,1269
0,181,45,1201,1265,1265,1265,1265
0,181,46,1201,1265,1265,1265,1265
0,181,47,1201,1265,1265,1265,1265
0,181,48,181,181,181,181,181
0,181,49,181,181,181,181,181
0,181,50,181,181,181,181,181
0,181,51,1205,1269,1269,1269,1269
0,181,52,1205,1269,1269,1269,1269
0,181,53,1205,1269,1269,1269,1269
0,181,54,1457,1521,1521,1521,1521
0,181,55,1457,1521,1521,1521,1521
0,181,56,1457,1521,1521,1521,1521
0,181,57,437,437,437,437,437
0,181,58,437,437,437,437,437
0,181,59,437,437,437,437,437
0,181,60,1461,1525,1525,1525,1525
0,181,61,1461,1525,1525,1525,1525
0,181,62,1461,1525,1525,1525,1525
0,181,63,1457,1521,1521,1521,1521
0,181,64,1457,1521,1521,1521,1521
0,181,65,1457,1521,1521,1521,1521
0,181,66,437,437,437,437,437
0,181,67,437,437,437,437,437
0,181,68,437,437,437,437,437
0,181,69,1461,1525,1525,1525,1525
0,181,70,1461,1525,1525,1525,1525
0,181,71,1461,1525,1525,1525,1525
0,181,72,1457,1521,1521,1521,1521
0,181,73,1457,1521,1521,1521,1521
0,181,74,1457,1521,1521,1521,1521
0,181,75,437,437,437,437,437
0,181,76,437,437,437,437,437
0,181,77,437,437,437,437,437
0,181,78,1461,1525,1525,1525,1525
0,181,79,1461,1525,1525,1525,1525
0,181,80,1461,1525,1525,1525,1525
0,182,0,1712,3824,3824,3824,3824
0,182,1,1712,1784,1784,1784,1784
0,182,2,1712,3832,3832,3832,3832
0,182,3,692,2740,2740,2740,2740
0,182,4,692,700,700,700,700
0,182,5,692,2748,2748,2748,2748
0,182,6,1716,3828,3828,3828,3828
0,182,7,1716,1788,1788,1788,1788
0,182,8,1716,3836,3836,3836,3836
0,182,9,1202,3314,3314,3314,3314
0,182,10,1202,1274,1274,1274,1274
0,182,11,1202,3322,3322,3322,3322
0,182,12,182,182,182,182,182
0,182,13,182,182,182,182,182
0,182,14,182,182,182,182,182
0,182,15,1206,3318,3318,3318,3318
0,182,16,1206,1278,1278,1278,1278
0,182,17,1206,3326,3326,3326,3326
0,182,18,1714,3826,3826,3826,3826
0,182,19,1714,1786,1786,1786,1786
0,182,20,1714,3834,3834,3834,3834
0,182,21,694,2742,2742,2742,2742
0,182,22,694,702,702,702,702
0,182,23,694,2750,2750,2750,2750
0,182,24,1718,3830,3830,3830,3830
0,182,25,1718,1790,1790,1790,1790
0,182,26,1718,3838,3838,3838,3838
0,182,27,1712,3824,3824,3824,3824
0,182,28,1712,1784,1784,1784,1784
0,182,29,1712,3832,3832,3832,3832
0,182,30,692,2740,2740,2740,2740
0,182,31,692,700,700,700,700
0,182,32,692,2748,2748,2748,2748
0,182,33,1716,3828,3828,3828,3828
0,182,34,1716,1788,1788,1788,1788
0,182,35,1716,3836,3836,3836,3836
0,182,36,1202,3314,3314,3314,3314
0,182,37,1202,1274,1274,1274,1274
0,182,38,1202,3322,3322,3322,3322
0,182,39,182,182,182,182,182
0,182,40,182,182,182,182,182
0,182,41,182,182,182,182,182
0,182,42,1206,3318,3318,3318,3318
0,182,43,1206,1278,1278,1278,1278
0,182,44,1206,3326,3326,3326,3326
0,182,45,1714,3826,3826,3826,3826
0,182,46,1714,1786,1786,1786,1786
0,182,47,1714,3834,3834,3834,3834
0,182,48,694,2742,2742,2742,2742
0,182,49,694,702,702,702,702
0,182,50,694,2750,2750,2750,2750
0,182,51,1718,3830,3830,3830,3830
0,182,52,1718,1790,1790,1790,1790
0,182,53,1718,3838,3838,3838,3838
0,182,54,1712,3824,3824,3824,3824
0,182,55,1712,1784,1784,1784,1784
0,182,56,1712,3832,3832,3832,3832
0,182,57,692,2740,2740,2740,2740
0,182,58,692,700,700,700,700
0,182,59,692,2748,2748,2748,2748
0,182,60,1716,3828,3828,3828,3828
0,182,61,1716,1788,1788,1788,1788
0,182,62,1716,3836,3836,3836,3836
0,182,63,1202,3314,3314,3314,3314
0,182,64,1202,1274,1274,1274,1274
0,182,65,1202,3322,3322,3322,3322
0,182,66,182,182,182,182,182
0,182,67,182,182,182,182,182
0,182,68,182,182,182,182,182
0,182,69,1206,3318,3318,3318,3318
0,182,70,1206,1278,1278,1278,1278
0,182,71,1206,3326,3326,3326,3326
0,182,72,1714,3826,3826,3826,3826
0,182,73,1714,1786,1786,1786,1786
0,182,74,1714,3834,3834,3834,3834
0,182,75,694,2742,2742,2742,2742
0,182,76,694,702,702,702,702
0,182,77,694,2750,2750,2750,2750
0,182,78,1718,3830,3830,3830,3830
0,182,79,1718,1790,1790,1790,1790
0,182,80,1718,3838,3838,3838,3838
0,183,0,1968,4080,4080,4080,4080
0,183,1,1968,2040,2040,2040,2040
0,183,2,1968,4088,4088,4088,4088
0,183,3,948,2996,2996,2996,2996
0,183,4,948,956,956,956,956
0,183,5,948,3004,3004,3004,3004
0,183,6,1972,4084,4084,4084,4084
0,183,7,1972,2044,2044,2044,2044
0,183,8,1972,4092,4092,4092,4092
0,183,9,1458,3570,3570,3570,3570
0,183,10,1458,1530,1530,1530,1530
0,183,11,1458,3578,3578,3578,3578
0,183,12,438,438,438,438,438
0,183,13,438,438,438,438,438
0,183,14,438,438,438,438,438
0,183,15,1462,3574,3574,3574,3574
0,183,16,1462,1534,1534,1534,1534
0,183,17,1462,3582,3582,3582,3582
0,183,18,1970,4082,4082,4082,4082
0,183,19,1970,2042,2042,2042,2042
0,183,20,1970,4090,4090,4090,4090
0,183,21,950,2998,2998,2998,2998
0,183,22,950,958,958,958,958
0,183,23,950,3006,3006,3006,3006
0,183,24,1974,4086,4086,4086,4086
0,183,25,1974,2046,2046,2046,2046
0,183,26,1974,4094,4094,4094,4094
0,183,27,1713,3825,3825,3825,3825
0,183,28,1713,1785,1785,1785,1785
0,183,29,1713,3833,3833,3833,3833
0,183,30,693,2741,2741,2741,2741
0,183,31,693,701,701,701,701
0,183,32,693,2749,2749,2749,2749
0,183,33,1717,3829,3829,3829,3829
0,183,34,1717,1789,1789,1789,1789
0,183,35,1717,3837,3837,3837,3837
0,183,36,1203,3315,3315,3315,3315
0,183,37,1203,1275,1275,1275,1275
0,183,38,1203,3323,3323,3323,3323
0,183,39,183,183,183,183,183
0,183,40,183,183,183,183,183
0,183,41,183,183,183,183,183
0,183,42,1207,3319,3319,3319,3319
0,183,43,1207,1279,1279,1279,1279
0,183,44,1207,3327,3327,3327,3327
0,183,45,1715,3827,3827,3827,3827
0,183,46,1715,1787,1787,1787,1787
0,183,47,1715,3835,3835,3835,3835
0,183,48,695,2743,2743,2743,2743
0,183,49,695,703,703,703,703
0,183,50,695,2751,2751,2751,2751
0,183,51,1719,3831,3831,3831,3831
0,183,52,1719,1791,1791,1791,1791
0,183,53,1719,3839,3839,3839,3839
0,183,54,1969,4081,4081,4081,4081
0,183,55,1969,2041,2041,2041,2041
0,183,56,1969,4089,4089,4089,4089
0,183,57,949,2997,2997,2997,2997
0,183,58,949,957,957,957,957
0,183,59,949,3005,3005,3005,3005
0,183,60,1973,4085,4085,4085,4085
0,183,61,1973,2045,2045,2045,2045
0,183,62,1973,4093,4093,4093,4093
0,183,63,1459,3571,3571,3571,3571
0,183,64,1459,1531,1531,1531,1531
0,183,65,1459,3579,3579,3579,3579
0,183,66,439,439,439,439,439
0,183,67,439,439,439,439,439
0,183,68,439,439,439,439,439
0,183,69,1463,3575,3575,3575,3575
0,183,70,1463,1535,1535,1535,1535
0,183,71,1463,3583,3583,3583,3583
0,183,72,1971,4083,4083,4083,4083
0,183,73,1971,2043,2043,2043,2043
0,183,74,1971,4091,4091,4091,4091
0,183,75,951,2999,2999,2999,2999
0,183,76,951,959,959,959,959
0,183,77,951,3007,3007,3007,3007
0,183,78,1975,4087,4087,4087,4087
0,183,79,1975,2047,2047,2047,2047
0,183,80,1975,4095,4095,4095,4095
0,184,0,2224,2224,2224,2224,2224
0,184,1,184,184,184,184,184
0,184,2,2232,2232,2232,2232,2232
0,184,3,2224,2224,2224,2224,2224
0,184,4,184,184,184,184,184
0,184,5,2232,2232,2232,2232,2232
0,184,6,2224,2224,2224,2224,2224
0,184,7,184,184,184,184,184
0,184,8,2232,2232,2232,2232,2232
0,184,9,2224,2224,2224,2224,2224
0,184,10,184,184,184,184,184
0,184,11,2232,2232,2232,2232,2232
0,184,12,2224,2224,2224,2224,2224
0,184,13,184,184,184,184,184
0,184,14,2232,2232,2232,2232,2232
0,184,15,2224,2224,2224,2224,2224
0,184,16,184,184,184,184,184
0,184,17,2232,2232,2232,2232,2232
0,184,18,2224,2224,2224,2224,2224
0,184,19,184,184,184,184,184
0,184,20,2232,2232,2232,2232,2232
0,184,21,2224,2224,2224,2224,2224
0,184,22,184,184,184,184,184
0,184,23,2232,2232,2232,2232,2232
0,184,24,2224,2224,2224,2224,2224
0,184,25,184,184,184,184,184
0,184,26,2232,2232,2232,2232,2232
0,184,27,2224,2224,2224,2224,2224
0,184,28,184,184,184,184,184
0,184,29,2232,2232,2232,2232,2232
0,184,30,2224,2224,2224,2224,2224
0,184,31,184,184,184,184,184
0,184,32,2232,2232,2232,2232,2232
0,184,33,2224,2224,2224,2224,2224
0,184,34,184,184,184,184,184
0,184,35,2232,2232,2232,2232,2232
0,184,36,2224,2224,2224,2224,2224
0,184,37,184,184,184,184,184
0,184,38,2232,2232,2232,2232,2232
0,184,39,2224,2224,2224,2224,2224
0,184,40,184,184,184,184,184
0,184,41,2232,2232,2232,2232,2232
0,184,42,2224,2224,2224,2224,2224
0,184,43,184,184,184,184,184
0,184,44,2232,2232,2232,2232,2232
0,184,45,2224,2224,2224,2224,2224
0,184,46,184,184,184,184,184
0,184,47,2232,2232,2232,2232,2232
0,184,48,2224,2224,2224,2224,2224
0,184,49,184,184,184,184,184
0,184,50,2232,2232,2232,2232,2232
0,184,51,2224,2224,2224,2224,2224
0,184,52,184,184,184,184,184
0,184,53,2232,2232,2232,2232,2232
0,184,54,2224,2224,2224,2224,2224
0,184,55,184,184,184,184,184
0,184,56,2232,2232,2232,2232,2232
0,184,57,2224,2224,2224,2224,2224
0,184,58,184,184,184,184,184
0,184,59,2232,2232,2232,2232,2232
0,184,60,2224,2224,2224,2224,2224
0,184,61,184,184,184,184,184
0,184,62,2232,2232,2232,2232,2232
0,184,63,2224,2224,2224,2224,2224
0,184,64,184,184,184,184,184
0,184,65,2232,2232,2232,2232,2232
0,184,66,2224,2224,2224,2224,2224
0,184,67,184,184,184,184,184
0,184,68,2232,2232,2232,2232,2232
0,184,69,2224,2224,2224,2224,2224
0,184,70,184,184,184,184,184
0,184,71,2232,2232,2232,2232,2232
0,184,72,2224,2224,2224,2224,2224
0,184,73,184,184,184,184,184
0,184,74,2232,2232,2232,2232,2232
0,184,75,2224,2224,2224,2224,2224
0,184,76,184,184,184,184,184
0,184,77,2232,2232,2232,2232,2232
0,184,78,2224,2224,2224,2224,2224
0,184,79,184,184,184,184,184
0,184,80,2232,2232,2232,2232,2232
0,185,0,2480,2480,2480,2480,2480
0,185,1,440,440,440,440,440
0,185,2,2488,2488,2488,2488,2488
0,185,3,2480,2480,2480,2480,2480
0,185,4,440,440,440,440,440
0,185,5,2488,2488,2488,2488,2488
0,185,6,2480,2480,2480,2480,2480
0,185,7,440,440,440,440,440
0,185,8,2488,2488,2488,2488,2488
0,185,9,2480,2480,2480,2480,2480
0,185,10,440,440,440,440,440
0,185,11,2488,2488,2488,2488,2488
0,185,12,2480,2480,2480,2480,2480
0,185,13,440,440,440,440,440
0,185,14,2488,2488,2488,2488,2488
0,185,15,2480,2480,2480,2480,2480
0,185,16,440,440,440,440,440
0,185,17,2488,2488,2488,2488,2488
0,185,18,2480,2480,2480,2480,2480
0,185,19,440,440,440,440,440
0,185,20,2488,2488,2488,2488,2488
0,185,21,2480,2480,2480,2480,2480
0,185,22,440,440,440,440,440
0,185,23,2488,2488,2488,2488,2488
0,185,24,2480,2480,2480,2480,2480
0,185,25,440,440,440,440,440
0,185,26,2488,2488,2488,2488,2488
0,185,27,2225,2225,2225,2225,2225
0,185,28,185,185,185,185,185
0,185,29,2233,2233,2233,2233,2233
0,185,30,2225,2225,2225,2225,2225
0,185,31,185,185,185,185,185
0,185,32,2233,2233,2233,2233,2233
0,185,33,2225,2225,2225,2225,2225
0,185,34,185,185,185,185,185
0,185,35,2233,2233,2233,2233,2233
0,185,36,2225,2225,2225,2225,2225
0,185,37,185,185,185,185,185
0,185,38,2233,2233,2233,2233,2233
0,185,39,2225,2225,2225,2225,2225
0,185,40,185,185,185,185,185
0,185,41,2233,2233,2233,2233,2233
0,185,42,2225,2225,2225,2225,2225
0,185,43,185,185,185,185,185
0,185,44,2233,2233,2233,2233,2233
0,185,45,2225,2225,2225,2225,2225
0,185,46,185,185,185,185,185
0,185,47,2233,2233,2233,2233,2233
0,185,48,2225,2225,2225,2225,2225
0,185,49,185,185,185,185,185
0,185,50,2233,2233,2233,2233,2233
0,185,51,2225,2225,2225,2225,2225
0,185,52,185,185,185,185,185
0,185,53,2233,2233,2233,2233,2233
0,185,54,2481,2481,2481,2481,2481
0,185,55,441,441,441,441,441
0,185,56,2489,2489,2489,2489,2489
0,185,57,2481,2481,2481,2481,2481
0,185,58,441,441,441,441,441
0,185,59,2489,2489,2489,2489,2489
0,185,60,2481,2481,2481,2481,2481
0,185,61,441,441,441,441,441
0,185,62,2489,2489,2489,2489,2489
0,185,63,2481,2481,2481,2481,2481
0,185,64,441,441,441,441,441
0,185,65,2489,2489,2489,2489,2489
0,185,66,2481,2481,2481,2481,2481
0,185,67,441,441,441,441,441
0,185,68,2489,2489,2489,2489,2489
0,185,69,2481,2481,2481,2481,2481
0,185,70,441,441,441,441,441
0,185,71,2489,2489,2489,2489,2489
0,185,72,2481,2481,2481,2481,2481
0,185,73,441,441,441,441,441
0,185,74,2489,2489,2489,2489,2489
0,185,75,2481,2481,2481,2481,2481
0,185,76,441,441,441,441,441
0,185,77,2489,2489,2489,2489,2489
0,185,78,2481,2481,2481,2481,2481
0,185,79,441,441,441,441,441
0,185,80,2489,2489,2489,2489,2489
0,186,0,2736,2736,2736,2736,2736
0,186,1,696,696,696,696,696
0,186,2,2744,2744,2744,2744,2744
0,186,3,2736,2736,2736,2736,2736
0,186,4,696,696,696,696,696
0,186,5,2744,2744,2744,2744,2744
0,186,6,2736,2736,2736,2736,2736
0,186,7,696,696,696,696,696
0,186,8,2744,2744,2744,2744,2744
0,186,9,2226,2226,2226,2226,2226
0,186,10,186,186,186,186,186
0,186,11,2234,2234,2234,2234,2234
0,186,12,2226,2226,2226,2226,2226
0,186,13,186,186,186,186,186
0,186,14,2234,2234,2234,2234,2234
0,186,15,2226,2226,2226,2226,2226
0,186,16,186,186,186,186,186
0,186,17,2234,2234,2234,2234,2234
0,186,18,2738,2738,2738,2738,2738
0,186,19,698,698,698,698,698
0,186,20,2746,2746,2746,2746,2746
0,186,21,2738,2738,2738,2738,2738
0,186,22,698,698,698,698,698
0,186,23,2746,2746,2746,2746,2746
0,186,24,2738,2738,2738,2738,2738
0,186,25,698,698,698,698,698
0,186,26,2746,2746,2746,2746,2746
0,186,27,2736,2736,2736,2736,2736
0,186,28,696,696,696,696,696
0,186,29,2744,2744,2744,2744,2744
0,186,30,2736,2736,2736,2736,2736
0,186,31,696,696,696,696,696
0,186,32,2744,2744,2744,2744,2744
0,186,33,2736,2736,2736,2736,2736
0,186,34,696,696,696,696,696
0,186,35,2744,2744,2744,2744,2744
0,186,36,2226,2226,2226,2226,2226
0,186,37,186,186,186,186,186
0,186,38,2234,2234,2234,2234,2234
0,186,39,2226,2226,2226,2226,2226
0,186,40,186,186,186,186,186
0,186,41,2234,2234,2234,2234,2234
0,186,42,2226,2226,2226,2226,2226
0,186,43,186,186,186,186,186
0,186,44,2234,2234,2234,2234,2234
0,186,45,2738,2738,2738,2738,2738
0,186,46,698,698,698,698,698
0,186,47,2746,2746,2746,2746,2746
0,186,48,2738,2738,2738,2738,2738
0,186,49,698,698,698,698,698
0,186,50,2746,2746,2746,2746,2746
0,186,51,2738,2738,2738,2738,2738
0,186,52,698,698,698,698,698
0,186,53,2746,2746,2746,2746,2746
0,186,54,2736,2736,2736,2736,2736
0,186,55,696,696,696,696,696
0,186,56,2744,2744,2744,2744,2744
0,186,57,2736,2736,2736,2736,2736
0,186,58,696,696,696,696,696
0,186,59,2744,2744,2744,2744,2744
0,186,60,2736,2736,2736,2736,2736
0,186,61,696,696,696,696,696
0,186,62,2744,2744,2744,2744,2744
0,186,63,2226,2226,2226,2226,2226
0,186,64,186,186,186,186,186
0,186,65,2234,2234,2234,2234,2234
0,186,66,2226,2226,2226,2226,2226
0,186,67,186,186,186,186,186
0,186,68,2234,2234,2234,2234,2234
0,186,69,2226,2226,2226,2226,2226
0,186,70,186,186,186,186,186
0,186,71,2234,2234,2234,2234,2234
0,186,72,2738,2738,2738,2738,2738
0,186,73,698,698,698,698,698
0,186,74,2746,2746,2746,2746,2746
0,186,75,2738,2738,2738,2738,2738
0,186,76,698,698,698,698,698
0,186,77,2746,2746,2746,2746,2746
0,186,78,2738,2738,2738,2738,2738
0,186,79,698,698,698,698,698
0,186,80,2746,2746,2746,2746,2746
0,187,0,2992,2992,2992,2992,2992
0,187,1,952,952,952,952,952
0,187,2,3000,3000,3000,3000,3000
0,187,3,2992,2992,2992,2992,2992
0,187,4,952,952,952,952,952
0,187,5,3000,3000,3000,3000,3000
0,187,6,2992,2992,2992,2992,2992
0,187,7,952,952,952,952,952
0,187,8,3000,3000,3000,3000,3000
0,187,9,2482,2482,2482,2482,2482
0,187,10,442,442,442,442,442
0,187,11,2490,2490,2490,2490,2490
0,187,12,2482,2482,2482,2482,2482
0,187,13,442,442,442,442,442
0,187,14,2490,2490,2490,2490,2490
0,187,15,2482,2482,2482,2482,2482
0,187,16,442,442,442,442,442
0,187,17,2490,2490,2490,2490,2490
0,187,18,2994,2994,2994,2994,2994
0,187,19,954,954,954,954,954
0,187,20,3002,3002,3002,3002,3002
0,187,21,2994,2994,2994,2994,2994
0,187,22,954,954,954,954,954
0,187,23,3002,3002,3002,3002,3002
0,187,24,2994,2994,2994,2994,2994
0,187,25,954,954,954,954,954
0,187,26,3002,3002,3002,3002,3002
0,187,27,2737,2737,2737,2737,2737
0,187,28,697,697,697,697,697
0,187,29,2745,2745,2745,2745,2745
0,187,30,2737,2737,2737,2737,2737
0,187,31,697,697,697,697,697
0,187,32,2745,2745,2745,2745,2745
0,187,33,2737,2737,2737,2737,2737
0,187,34,697,697,697,697,697
0,187,35,2745,2745,2745,2745,2745
0,187,36,2227,2227,2227,2227,2227
0,187,37,187,187,187,187,187
0,187,38,2235,2235,2235,2235,2235
0,187,39,2227,2227,2227,2227,2227
0,187,40,187,187,187,187,187
0,187,41,2235,2235,2235,2235,2235
0,187,42,2227,2227,2227,2227,2227
0,187,43,187,187,187,187,187
0,187,44,2235,2235,2235,2235,2235
0,187,45,2739,2739,2739,2739,2739
0,187,46,699,699,699,699,699
0,187,47,2747,2747,2747,2747,2747
0,187,48,2739,2739,2739,2739,2739
0,187,49,699,699,699,699,699
0,187,50,2747,2747,2747,2747,2747
0,187,51,2739,2739,2739,2739,2739
0,187,52,699,699,699,699,699
0,187,53,2747,2747,2747,2747,2747
0,187,54,2993,2993,2993,2993,2993
0,187,55,953,953,953,953,953
0,187,56,3001,3001,3001,3001,3001
0,187,57,2993,2993,2993,2993,2993
0,187,58,953,953,953,953,953
0,187,59,3001,3001,3001,3001,3001
0,187,60,2993,2993,2993,2993,2993
0,187,61,953,953,953,953,953
0,187,62,3001,3001,3001,3001,3001
0,187,63,2483,2483,2483,2483,2483
0,187,64,443,443,443,443,443
0,187,65,2491,2491,2491,2491,2491
0,187,66,2483,2483,2483,2483,2483
0,187,67,443,443,443,443,443
0,187,68,2491,2491,2491,2491,2491
0,187,69,2483,2483,2483,2483,2483
0,187,70,443,443,443,443,443
0,187,71,2491,2491,2491,2491,2491
0,187,72,2995,2995,2995,2995,2995
0,187,73,955,955,955,955,955
0,187,74,3003,3003,3003,3003,3003
0,187,75,2995,2995,2995,2995,2995
0,187,76,955,955,955,955,955
0,187,77,3003,3003,3003,3003,3003
0,187,78,2995,2995,2995,2995,2995
0,187,79,955,955,955,955,955
0,187,80,3003,3003,3003,3003,3003
0,188,0,3248,3312,3312,3312,3312
0,188,1,1208,1272,1272,1272,1272
0,188,2,3256,3320,3320,3320,3320
0,188,3,2228,2228,2228,2228,2228
0,188,4,188,188,188,188,188
0,188,5,2236,2236,2236,2236,2236
0,188,6,3252,3316,3316,3316,3316
0,188,7,1212,1276,1276,1276,1276
0,188,8,3260,3324,3324,3324,3324
0,188,9,3248,3312,3312,3312,3312
0,188,10,1208,1272,1272,1272,1272
0,188,11,3256,3320,3320,3320,3320
0,188,12,2228,2228,2228,2228,2228
0,188,13,188,188,188,188,188
0,188,14,2236,2236,2236,2236,2236
0,188,15,3252,3316,3316,3316,3316
0,188,16,1212,1276,1276,1276,1276
0,188,17,3260,3324,3324,3324,3324
0,188,18,3248,3312,3312,3312,3312
0,188,19,1208,1272,1272,1272,1272
0,188,20,3256,3320,3320,3320,3320
0,188,21,2228,2228,2228,2228,2228
0,188,22,188,188,188,188,188
0,188,23,2236,2236,2236,2236,2236
0,188,24,3252,3316,3316,3316,3316
0,188,25,1212,1276,1276,1276,1276
0,188,26,3260,3324,3324,3324,3324
0,188,27,3248,3312,3312,3312,3312
0,188,28,1208,1272,1272,1272,1272
0,188,29,3256,3320,3320,3320,3320
0,188,30,2228,2228,2228,2228,2228
0,188,31,188,188,188,188,188
0,188,32,2236,2236,2236,2236,2236
0,188,33,3252,3316,3316,3316,3316
0,188,34,1212,1276,1276,1276,1276
0,188,35,3260,3324,3324,3324,3324
0,188,36,3248,3312,3312,3312,3312
0,188,37,1208,1272,1272,1272,1272
0,188,38,3256,3320,3320,3320,3320
0,188,39,2228,2228,2228,2228,2228
0,188,40,188,188,188,188,188
0,188,41,2236,2236,2236,2236,2236
0,188,42,3252,3316,3316,3316,3316
0,188,43,1212,1276,1276,1276,1276
0,188,44,3260,3324,3324,3324,3324
0,188,45,3248,3312,3312,3312,3312
0,188,46,1208,1272,1272,1272,1272
0,188,47,3256,3320,3320,3320,3320
0,188,48,2228,2228,2228,2228,2228
0,188,49,188,188,188,188,188
0,188,50,2236,2236,2236,2236,2236
0,188,51,3252,3316,3316,3316,3316
0,188,52,1212,1276,1276,1276,1276
0,188,53,3260,3324,3324,3324,3324
0,188,54,3248,3312,3312,3312,3312
0,188,55,1208,1272,1272,1272,1272
0,188,56,3256,3320,3320,3320,3320
0,188,57,2228,2228,2228,2228,2228
0,188,58,188,188,188,188,188
0,188,59,2236,2236,2236,2236,2236
0,188,60,3252,3316,3316,3316,3316
0,188,61,1212,1276,1276,1276,1276
0,188,62,3260,3324,3324,3324,3324
0,188,63,3248,3312,3312,3312,3312
0,188,64,1208,1272,1272,1272,1272
0,188,65,3256,3320,3320,3320,3320
0,188,66,2228,2228,2228,2228,2228
0,188,67,188,188,188,188,188
0,188,68,2236,2236,2236,2236,2236
0,188,69,3252,3316,3316,3316,3316
0,188,70,1212,1276,1276,1276,1276
0,188,71,3260,3324,3324,3324,3324
0,188,72,3248,3312,3312,3312,3312
0,188,73,1208,1272,1272,1272,1272
0,188,74,3256,3320,3320,3320,3320
0,188,75,2228,2228,2228,2228,2228
0,188,76,188,188,188,188,188
0,188,77,2236,2236,2236,2236,2236
0,188,78,3252,3316,3316,3316,3316
0,188,79,1212,1276,1276,1276,1276
0,188,80,3260,3324,3324,3324,3324
0,189,0,3504,3568,3568,3568,3568
0,189,1,1464,1528,1528,1528,1528
0,189,2,3512,3576,3576,3576,3576
0,189,3,2484,2484,2484,2484,2484
0,189,4,444,444,444,444,444
0,189,5,2492,2492,2492,2492,2492
0,189,6,3508,3572,3572,3572,3572
0,189,7,1468,1532,1532,1532,1532
0,189,8,3516,3580,3580,3580,3580
0,189,9,3504,3568,3568,3568,3568
0,189,10,1464,1528,1528,1528,1528
0,189,11,3512,3576,3576,3576,3576
0,189,12,2484,2484,2484,2484,2484
0,189,13,444,444,444,444,444
0,189,14,2492,2492,2492,2492,2492
0,189,15,3508,3572,3572,3572,3572
0,189,16,1468,1532,1532,1532,1532
0,189,17,3516,3580,3580,3580,3580
0,189,18,3504,3568,3568,3568,3568
0,189,19,1464,1528,1528,1528,1528
0,189,20,3512,3576,3576,3576,3576
0,189,21,2484,2484,2484,2484,2484
0,189,22,444,444,444,444,444
0,189,23,2492,2492,2492,2492,2492
0,189,24,3508,3572,3572,3572,3572
0,189,25,1468,1532,1532,1532,1532
0,189,26,3516,3580,3580,3580,3580
0,189,27,3249,3313,3313,3313,3313
0,189,28,1209,1273,1273,1273,1273
0,189,29,3257,3321,3321,3321,3321
0,189,30,2229,2229,2229,2229,2229
0,189,31,189,189,189,189,189
0,189,32,2237,2237,2237,2237,2237
0,189,33,3253,3317,3317,3317,3317
0,189,34,1213,1277,1277,1277,1277
0,189,35,3261,3325,3325,3325,3325
0,189,36,3249,3313,3313,3313,3313
0,189,37,1209,1273,1273,1273,1273
0,189,38,3257,3321,3321,3321,3321
0,189,39,2229,2229,2229,2229,2229
0,189,40,189,189,189,189,189
0,189,41,2237,2237,2237,2237,2237
0,189,42,3253,3317,3317,3317,3317
0,189,43,1213,1277,1277,1277,1277
0,189,44,3261,3325,3325,3325,3325
0,189,45,3249,3313,3313,3313,3313
0,189,46,1209,1273,1273,1273,1273
0,189,47,3257,3321,3321,3321,3321
0,189,48,2229,2229,2229,2229,2229
0,189,49,189,189,189,189,189
0,189,50,2237,2237,2237,2237,2237
0,189,51,3253,3317,3317,3317,3317
0,189,52,1213,1277,1277,1277,1277
0,189,53,3261,3325,3325,3325,3325
0,189,54,3505,3569,3569,3569,3569
0,189,55,1465,1529,1529,1529,1529
0,189,56,3513,3577,3577,3577,3577
0,189,57,2485,2485,2485,2485,2485
0,189,58,445,445,445,445,445
0,189,59,2493,2493,2493,2493,2493
0,189,60,3509,3573,3573,3573,3573
0,189,61,1469,1533,1533,1533,1533
0,189,62,3517,3581,3581,3581,3581
0,189,63,3505,3569,3569,3569,3569
0,189,64,1465,1529,1529,1529,1529
0,189,65,3513,3577,3577,3577,3577
0,189,66,2485,2485,2485,2485,2485
0,189,67,445,445,445,445,445
0,189,68,2493,2493,2493,2493,2493
0,189,69,3509,3573,3573,3573,3573
0,189,70,1469,1533,1533,1533,1533
0,189,71,3517,3581,3581,3581,3581
0,189,72,3505,3569,3569,3569,3569
0,189,73,1465,1529,1529,1529,1529
0,189,74,3513,3577,3577,3577,3577
0,189,75,2485,2485,2485,2485,2485
0,189,76,445,445,445,445,445
0,189,77,2493,2493,2493,2493,2493
0,189,78,3509,3573,3573,3573,3573
0,189,79,1469,1533,1533,1533,1533
0,189,80,3517,3581,3581,3581,3581
0,190,0,3760,3824,3824,3824,3824
0,190,1,1720,1784,1784,1784,1784
0,190,2,3768,3832,3832,3832,3832
0,190,3,2740,2740,2740,2740,2740
0,190,4,700,700,700,700,700
0,190,5,2748,2748,2748,2748,2748
0,190,6,3764,3828,3828,3828,3828
0,190,7,1724,1788,1788,1788,1788
0,190,8,3772,3836,3836,3836,3836
0,190,9,3250,3314,3314,3314,3314
0,190,10,1210,1274,1274,1274,1274
0,190,11,3258,3322,3322,3322,3322
0,190,12,2230,2230,2230,2230,2230
0,190,13,190,190,190,190,190
0,190,14,2238,2238,2238,2238,2238
0,190,15,3254,3318,3318,3318,3318
0,190,16,1214,1278,1278,1278,1278
0,190,17,3262,3326,3326,3326,3326
0,190,18,3762,3826,3826,3826,3826
0,190,19,1722,1786,1786,1786,1786
0,190,20,3770,3834,3834,3834,3834
0,190,21,2742,2742,2742,2742,2742
0,190,22,702,702,702,702,702
0,190,23,2750,2750,2750,2750,2750
0,190,24,3766,3830,3830,3830,3830
0,190,25,1726,1790,1790,1790,1790
0,190,26,3774,3838,3838,3838,3838
0,190,27,3760,3824,3824,3824,3824
0,190,28,1720,1784,1784,1784,1784
0,190,29,3768,3832,3832,3832,3832
0,190,30,2740,2740,2740,2740,2740
0,190,31,700,700,700,700,700
0,190,32,2748,2748,2748,2748,2748
0,190,33,3764,3828,3828,3828,3828
0,190,34,1724,1788,1788,1788,1788
0,190,35,3772,3836,3836,3836,3836
0,190,36,3250,3314,3314,3314,3314
0,190,37,1210,1274,1274,1274,1274
0,190,38,3258,3322,3322,3322,3322
0,190,39,2230,2230,2230,2230,2230
0,190,40,190,190,190,190,190
0,190,41,2238,2238,2238,2238,2238
0,190,42,3254,3318,3318,3318,3318
0,190,43,1214,1278,1278,1278,1278
0,190,44,3262,3326,3326,3326,3326
0,190,45,3762,3826,3826,3826,3826
0,190,46,1722,1786,1786,1786,1786
0,190,47,3770,3834,3834,3834,3834
0,190,48,2742,2742,2742,2742,2742
0,190,49,702,702,702,702,702
0,190,50,2750,2750,2750,2750,2750
0,190,51,3766,3830,3830,3830,3830
0,190,52,1726,1790,1790,1790,1790
0,190,53,3774,3838,3838,3838,3838
0,190,54,3760,3824,3824,3824,3824
0,190,55,1720,1784,1784,1784,1784
0,190,56,3768,3832,3832,3832,3832
0,190,57,2740,2740,2740,2740,2740
0,190,58,700,700,700,700,700
0,190,59,2748,2748,2748,2748,2748
0,190,60,3764,3828,3828,3828,3828
0,190,61,1724,1788,1788,1788,1788
0,190,62,3772,3836,3836,3836,3836
0,190,63,3250,3314,3314,3314,3314
0,190,64,1210,1274,1274,1274,1274
0,190,65,3258,3322,3322,3322,3322
0,190,66,2230,2230,2230,2230,2230
0,190,67,190,190,190,190,190
0,190,68,2238,2238,2238,2238,2238
0,190,69,3254,3318,3318,3318,3318
0,190,70,1214,1278,1278,1278,1278
0,190,71,3262,3326,3326,3326,3326
0,190,72,3762,3826,3826,3826,3826
0,190,73,1722,1786,1786,1786,1786
0,190,74,3770,3834,3834,3834,3834
0,190,75,2742,2742,2742,2742,2742
0,190,76,702,702,702,702,702
0,190,77,2750,2750,2750,2750,2750
0,190,78,3766,3830,3830,3830,3830
0,190,79,1726,1790,1790,1790,1790
0,190,80,3774,3838,3838,3838,3838
0,191,0,4016,4080,4080,4080,4080
0,191,1,1976,2040,2040,2040,2040
0,191,2,4024,4088,4088,4088,4088
0,191,3,2996,2996,2996,2996,2996
0,191,4,956,956,956,956,956
0,191,5,3004,3004,3004,3004,3004
0,191,6,4020,4084,4084,4084,4084
0,191,7,1980,2044,2044,2044,2044
0,191,8,4028,4092,4092,4092,4092
0,191,9,3506,3570,3570,3570,3570
0,191,10,1466,1530,1530,1530,1530
0,191,11,3514,3578,3578,3578,3578
0,191,12,2486,2486,2486,2486,2486
0,191,13,446,446,446,446,446
0,191,14,2494,2494,2494,2494,2494
0,191,15,3510,3574,3574,3574,3574
0,191,16,1470,1534,1534,1534,1534
0,191,17,3518,3582,3582,3582,3582
0,191,18,4018,4082,4082,4082,4082
0,191,19,1978,2042,2042,2042,2042
0,191,20,4026,4090,4090,4090,4090
0,191,21,2998,2998,2998,2998,2998
0,191,22,958,958,958,958,958
0,191,23,3006,3006,3006,3006,3006
0,191,24,4022,4086,4086,4086,4086
0,191,25,1982,2046,2046,2046,2046
0,191,26,4030,4094,4094,4094,4094
0,191,27,3761,3825,3825,3825,3825
0,191,28,1721,1785,1785,1785,1785
0,191,29,3769,3833,3833,3833,3833
0,191,30,2741,2741,2741,2741,2741
0,191,31,701,701,701,701,701
0,191,32,2749,2749,2749,2749,2749
0,191,33,3765,3829,3829,3829,3829
0,191,34,1725,1789,1789,1789,1789
0,191,35,3773,3837,3837,3837,3837
0,191,36,3251,3315,3315,3315,3315
0,191,37,1211,1275,1275,1275,1275
0,191,38,3259,3323,3323,3323,3323
0,191,39,2231,2231,2231,2231,2231
0,191,40,191,191,191,191,191
0,191,41,2239,2239,2239,2239,2239
0,191,42,3255,3319,3319,3319,3319
0,191,43,1215,1279,1279,1279,1279
0,191,44,3263,3327,3327,3327,3327
0,191,45,3763,3827,3827,3827,3827
0,191,46,1723,1787,1787,1787,1787
0,191,47,3771,3835,3835,3835,3835
0,191,48,2743,2743,2743,2743,2743
0,191,49,703,703,703,703,703
0,191,50,2751,2751,2751,2751,2751
0,191,51,3767,3831,3831,3831,3831
0,191,52,1727,1791,1791,1791,1791
0,191,53,3775,3839,3839,3839,3839
0,191,54,4017,4081,4081,4081,4081
0,191,55,1977,2041,2041,2041,2041
0,191,56,4025,4089,4089,4089,4089
0,191,57,2997,2997,2997,2997,2997
0,191,58,957,957,957,957,957
0,191,59,3005,3005,3005,3005,3005
0,191,60,4021,4085,4085,4085,4085
0,191,61,1981,2045,2045,2045,2045
0,191,62,4029,4093,4093,4093,4093
0,191,63,3507,3571,3571,3571,3571
0,191,64,1467,1531,1531,1531,1531
0,191,65,3515,3579,3579,3579,3579
0,191,66,2487,2487,2487,2487,2487
0,191,67,447,447,447,447,447
0,191,68,2495,2495,2495,2495,2495
0,191,69,3511,3575,3575,3575,3575
0,191,70,1471,1535,1535,1535,1535
0,191,71,3519,3583,3583,3583,3583
0,191,72,4019,4083,4083,4083,4083
0,191,73,1979,2043,2043,2043,2043
0,191,74,4027,4091,4091,4091,4091
0,191,75,2999,2999,2999,2999,2999
0,191,76,959,959,959,959,959
0,191,77,3007,3007,3007,3007,3007
0,191,78,4023,4087,4087,4087,4087
0,191,79,1983,2047,2047,2047,2047
0,191,80,4031,4095,4095,4095,4095
0,192,0,192,192,192,192,192
0,192,1,192,192,192,192,192
0,192,2,192,192,192,192,192
0,192,3,192,192,192,192,192
0,192,4,192,192,192,192,192
0,192,5,192,192,192,192,192
0,192,6,192,192,192,192,192
0,192,7,192,192,192,192,192
0,192,8,192,192,192,192,192
0,192,9,192,192,192,192,192
0,192,10,192,192,192,192,192
0,192,11,192,192,192,192,192
0,192,12,192,192,192,192,192
0,192,13,192,192,192,192,192
0,192,14,192,192,192,192,192
0,192,15,192,192,192,192,192
0,192,16,192,192,192,192,192
0,192,17,192,192,192,192,192
0,192,18,192,192,192,192,192
0,192,19,192,192,192,192,192
0,192,20,192,192,192,192,192
0,192,21,192,192,192,192,192
0,192,22,192,192,192,192,192
0,192,23,192,192,192,192,192
0,192,24,192,192,192,192,192
0,192,25,192,192,192,192,192
0,192,26,192,192,192,192,192
0,192,27,192,192,192,192,192
0,192,28,192,192,192,192,192
0,192,29,192,192,192,192,192
0,192,30,192,192,192,192,192
0,192,31,192,192,192,192,192
0,192,32,192,192,192,192,192
0,192,33,192,192,192,192,192
0,192,34,192,192,192,192,192
0,192,35,192,192,192,192,192
0,192,36,192,192,192,192,192
0,192,37,192,192,192,192,192
0,192,38,192,192,192,192,192
0,192,39,192,192,192,192,192
0,192,40,192,192,192,192,192
0,192,41,192,192,192,192,192
0,192,42,192,192,192,192,192
0,192,43,192,192,192,192,192
0,192,44,192,192,192,192,192
0,192,45,192,192,192,192,192
0,192,46,192,192,192,192,192
0,192,47,192,192,192,192,192
0,192,48,192,192,192,192,192
0,192,49,192,192,192,192,192
0,192,50,192,192,192,192,192
0,192,51,192,192,192,192,192
0,192,52,192,192,192,192,192
0,192,53,192,192,192,192,192
0,192,54,192,192,192,192,192
0,192,55,192,192,192,192,192
0,192,56,192,192,192,192,192
0,192,57,192,192,192,192,192
0,192,58,192,192,192,192,192
0,192,59,192,192,192,192,192
0,192,60,192,192,192,192,192
0,192,61,192,192,192,192,192
0,192,62,192,192,192,192,192
0,192,63,192,192,192,192,192
0,192,64,192,192,192,192,192
0,192,65,192,192,192,192,192
0,192,66,192,192,192,192,192
0,192,67,192,192,192,192,192
0,192,68,192,192,192,192,192
0,192,69,192,192,192,192,192
0,192,70,192,192,192,192,192
0,192,71,192,192,192,192,192
0,192,72,192,192,192,192,192
0,192,73,192,192,192,192,192
0,192,74,192,192,192,192,192
0,192,75,192,192,192,192,192
0,192,76,192,192,192,192,192
0,192,77,192,192,192,192,192
0,192,78,192,192,192,192,192
0,192,79,192,192,192,192,192
0,192,80,192,192,192,192,192
0,193,0,448,448,448,448,448
0,193,1,448,448,448,448,448
0,193,2,448,448,448,448,448
0,193,3,448,448,448,448,448
0,193,4,448,448,448,448,448
0,193,5,448,448,448,448,448
0,193,6,448,448,448,448,448
0,193,7,448,448,448,448,448
0,193,8,448,448,448,448,448
0,193,9,448,448,448,448,448
0,193,10,448,448,448,448,448
0,193,11,448,448,448,448,448
0,193,12,448,448,448,448,448
0,193,13,448,448,448,448,448
0,193,14,448,448,448,448,448
0,193,15,448,448,448,448,448
0,193,16,448,448,448,448,448
0,193,17,448,448,448,448,448
0,193,18,448,448,448,448,448
0,193,19,448,448,448,448,448
0,193,20,448,448,448,448,448
0,193,21,448,448,448,448,448
0,193,22,448,448,448,448,448
0,193,23,448,448,448,448,448
0,193,24,448,448,448,448,448
0,193,25,448,448,448,448,448
0,193,26,448,448,448,448,448
0,193,27,193,193,193,193,193
0,193,28,193,193,193,193,193
0,193,29,193,193,193,193,193
0,193,30,193,193,193,193,193
0,193,31,193,193,193,193,193
0,193,32,193,193,193,193,193
0,193,33,193,193,193,193,193
0,193,34,193,193,193,193,193
0,193,35,193,193,193,193,193
0,193,36,193,193,193,193,193
0,193,37,193,193,193,193,193
0,193,38,193,193,193,193,193
0,193,39,193,193,193,193,193
0,193,40,193,193,193,193,193
0,193,41,193,193,193,193,193
0,193,42,193,193,193,193,193
0,193,43,193,193,193,193,193
0,193,44,193,193,193,193,193
0,193,45,193,193,193,193,193
0,193,46,193,193,193,193,193
0,193,47,193,193,193,193,193
0,193,48,193,193,193,193,193
0,193,49,193,193,193,193,193
0,193,50,193,193,193,193,193
0,193,51,193,193,193,193,193
0,193,52,193,193,193,193,193
0,193,53,193,193,193,193,193
0,193,54,449,449,449,449,449
0,193,55,449,449,449,449,449
0,193,56,449,449,449,449,449
0,193,57,449,449,449,449,449
0,193,58,449,449,449,449,449
0,193,59,449,449,449,449,449
0,193,60,449,449,449,449,449
0,193,61,449,449,449,449,449
0,193,62,449,449,449,449,449
0,193,63,449,449,449,449,449
0,193,64,449,449,449,449,449
0,193,65,449,449,449,449,449
0,193,66,449,449,449,449,449
0,193,67,449,449,449,449,449
0,193,68,449,449,449,449,449
0,193,69,449,449,449,449,449
0,193,70,449,449,449,449,449
0,193,71,449,449,449,449,449
0,193,72,449,449,449,449,449
0,193,73,449,449,449,449,449
0,193,74,449,449,449,449,449
0,193,75,449,449,449,449,449
0,193,76,449,449,449,449,449
0,193,77,449,449,449,449,449
0,193,78,449,449,449,449,449
0,193,79,449,449,449,449,449
0,193,80,449,449,449,449,449
0,194,0,704,704,704,704,704
0,194,1,704,704,704,704,704
0,194,2,704,704,704,704,704
0,194,3,704,704,704,704,704
0,194,4,704,704,704,704,704
0,194,5,704,704,704,704,704
0,194,6,704,704,704,704,704
0,194,7,704,704,704,704,704
0,194,8,704,704,704,704,704
0,194,9,194,194,194,194,194
0,194,10,194,194,194,194,194
0,194,11,194,194,194,194,194
0,194,12,194,194,194,194,194
0,194,13,194,194,194,194,194
0,194,14,194,194,194,194,194
0,194,15,194,194,194,194,194
0,194,16,194,194,194,194,194
0,194,17,194,194,194,194,194
0,194,18,706,706,706,706,706
0,194,19,706,706,706,706,706
0,194,20,706,706,706,706,706
0,194,21,706,706,706,706,706
0,194,22,706,706,706,706,706
0,194,23,706,706,706,706,706
0,194,24,706,706,706,706,706
0,194,25,706,706,706,706,706
0,194,26,706,706,706,706,706
0,194,27,704,704,704,704,704
0,194,28,704,704,704,704,704
0,194,29,704,704,704,704,704
0,194,30,704,704,704,704,704
0,194,31,704,704,704,704,704
0,194,32,704,704,704,704,704
0,194,33,704,704,704,704,704
0,194,34,704,704,704,704,704
0,194,35,704,704,704,704,704
0,194,36,194,194,194,194,194
0,194,37,194,194,194,194,194
0,194,38,194,194,194,194,194
0,194,39,194,194,194,194,194
0,194,40,194,194,194,194,194
0,194,41,194,194,194,194,194
0,194,42,194,194,194,194,194
0,194,43,194,194,194,194,194
0,194,44,194,194,194,194,194
0,194,45,706,706,706,706,706
0,194,46,706,706,706,706,706
0,194,47,706,706,706,706,706
0,194,48,706,706,706,706,706
0,194,49,706,706,706,706,706
0,194,50,706,706,706,706,706
0,194,51,706,706,706,706,706
0,194,52,706,706,706,706,706
0,194,53,706,706,706,706,706
0,194,54,704,704,704,704,704
0,194,55,704,704,704,704,704
0,194,56,704,704,704,704,704
0,194,57,704,704,704,704,704
0,194,58,704,704,704,704,704
0,194,59,704,704,704,704,704
0,194,60,704,704,704,704,704
0,194,61,704,704,704,704,704
0,194,62,704,704,704,704,704
0,194,63,194,194,194,194,194
0,194,64,194,194,194,194,194
0,194,65,194,194,194,194,194
0,194,66,194,194,194,194,194
0,194,67,194,194,194,194,194
0,194,68,194,194,194,194,194
0,194,69,194,194,194,194,194
0,194,70,194,194,194,194,194
0,194,71,194,194,194,194,194
0,194,72,706,706,706,706,706
0,194,73,706,706,706,706,706
0,194,74,706,706,706,706,706
0,194,75,706,706,706,706,706
0,194,76,706,706,706,706,706
0,194,77,706,706,706,706,706
0,194,78,706,706,706,706,706
0,194,79,706,706,706,706,706
0,194,80,706,706,706,706,706
0,195,0,960,960,960,960,960
0,195,1,960,960,960,960,960
0,195,2,960,960,960,960,960
0,195,3,960,960,960,960,960
0,195,4,960,960,960,960,960
0,195,5,960,960,960,960,960
0,195,6,960,960,960,960,960
0,195,7,960,960,960,960,960
0,195,8,960,960,960,960,960
0,195,9,450,450,450,450,450
0,195,10,450,450,450,450,450
0,195,11,450,450,450,450,450
0,195,12,450,450,450,450,450
0,195,13,450,450,450,450,450
0,195,14,450,450,450,450,450
0,195,15,450,450,450,450,450
0,195,16,450,450,450,450,450
0,195,17,450,450,450,450,450
0,195,18,962,962,962,962,962
0,195,19,962,962,962,962,962
0,195,20,962,962,962,962,962
0,195,21,962,962,962,962,962
0,195,22,962,962,962,962,962
0,195,23,962,962,962,962,962
0,195,24,962,962,962,962,962
0,195,25,962,962,962,962,962
0,195,26,962,962,962,962,962
0,195,27,705,705,705,705,705
0,195,28,705,705,705,705,705
0,195,29,705,705,705,705,705
0,195,30,705,705,705,705,705
0,195,31,705,705,705,705,705
0,195,32,705,705,705,705,705
0,195,33,705,705,705,705,705
0,195,34,705,705,705,705,705
0,195,35,705,705,705,705,705
0,195,36,195,195,195,195,195
0,195,37,195,195,195,195,195
0,195,38,195,195,195,195,195
0,195,39,195,195,195,195,195
0,195,40,195,195,195,195,195
0,195,41,195,195,195,195,195
0,195,42,195,195,195,195,195
0,195,43,195,195,195,195,195
0,195,44,195,195,195,195,195
0,195,45,707,707,707,707,707
0,195,46,707,707,707,707,707
0,195,47,707,707,707,707,707
0,195,48,707,707,707,707,707
0,195,49,707,707,707,707,707
0,195,50,707,707,707,707,707
0,195,51,707,707,707,707,707
0,195,52,707,707,707,707,707
0,195,53,707,707,707,707,707
0,195,54,961,961,961,961,961
0,195,55,961,961,961,961,961
0,195,56,961,961,961,961,961
0,195,57,961,961,961,961,961
0,195,58,961,961,961,961,961
0,195,59,961,961,961,961,961
0,195,60,961,961,961,961,961
0,195,61,961,961,961,961,961
0,195,62,961,961,961,961,961
0,195,63,451,451,451,451,451
0,195,64,451,451,451,451,451
0,195,65,451,451,451,451,451
0,195,66,451,451,451,451,451
0,195,67,451,451,451,451,451
0,195,68,451,451,451,451,451
0,195,69,451,451,451,451,451
0,195,70,451,451,451,451,451
0,195,71,451,451,451,451,451
0,195,72,963,963,963,963,963
0,195,73,963,963,963,963,963
0,195,74,963,963,963,963,963
0,195,75,963,963,963,963,963
0,195,76,963,963,963,963,963
0,195,77,963,963,963,963,963
0,195,78,963,963,963,963,963
0,195,79,963,963,963,963,963
0,195,80,963,963,963,963,963
0,196,0,1216,1216,1216,1216,1216
0,196,1,1216,1216,1216,1216,1216
0,196,2,1216,1216,1216,1216,1216
0,196,3,196,196,196,196,196
0,196,4,196,196,196,196,196
0,196,5,196,196,196,196,196
0,196,6,1220,1220,1220,1220,1220
0,196,7,1220,1220,1220,1220,1220
0,196,8,1220,1220,1220,1220,1220
0,196,9,1216,1216,1216,1216,1216
0,196,10,1216,1216,1216,1216,1216
0,196,11,1216,1216,1216,1216,1216
0,196,12,196,196,196,196,196
0,196,13,196,196,196,196,196
0,196,14,196,196,196,196,196
0,196,15,1220,1220,1220,1220,1220
0,196,16,1220,1220,1220,1220,1220
0,196,17,1220,1220,1220,1220,1220
0,196,18,1216,1216,1216,1216,1216
0,196,19,1216,1216,1216,1216,1216
0,196,20,1216,1216,1216,1216,1216
0,196,21,196,196,196,196,196
0,196,22,196,196,196,196,196
0,196,23,196,196,196,196,196
0,196,24,1220,1220,1220,1220,1220
0,196,25,1220,1220,1220,1220,1220
0,196,26,1220,1220,1220,1220,1220
0,196,27,1216,1216,1216,1216,1216
0,196,28,1216,1216,1216,1216,1216
0,196,29,1216,1216,1216,1216,1216
0,196,30,196,196,196,196,196
0,196,31,196,196,196,196,196
0,196,32,196,196,196,196,196
0,196,33,1220,1220,1220,1220,1220
0,196,34,1220,1220,1220,1220,1220
0,196,35,1220,1220,1220,1220,1220
0,196,36,1216,1216,1216,1216,1216
0,196,37,1216,1216,1216,1216,1216
0,196,38,1216,1216,1216,1216,1216
0,196,39,196,196,196,196,196
0,196,40,196,196,196,196,196
0,196,41,196,196,196,196,196
0,196,42,1220,1220,1220,1220,1220
0,196,43,1220,1220,1220,1220,1220
0,196,44,1220,1220,1220,1220,1220
0,196,45,1216,1216,1216,1216,1216
0,196,46,1216,1216,1216,1216,1216
0,196,47,1216,1216,1216,1216,1216
0,196,48,196,196,196,196,196
0,196,49,196,196,196,196,196
0,196,50,196,196,196,196,196
0,196,51,1220,1220,1220,1220,1220
0,196,52,1220,1220,1220,1220,1220
0,196,53,1220,1220,1220,1220,1220
0,196,54,1216,1216,1216,1216,1216
0,196,55,1216,1216,1216,1216,1216
0,196,56,1216,1216,1216,1216,1216
0,196,57,196,196,196,196,196
0,196,58,196,196,196,196,196
0,196,59,196,196,196,196,196
0,196,60,1220,1220,1220,1220,1220
0,196,61,1220,1220,1220,1220,1220
0,196,62,1220,1220,1220,1220,1220
0,196,63,1216,1216,1216,1216,1216
0,196,64,1216,1216,1216,1216,1216
0,196,65,1216,1216,1216,1216,1216
0,196,66,196,196,196,196,196
0,196,67,196,196,196,196,196
0,196,68,196,196,196,196,196
0,196,69,1220,1220,1220,1220,1220
0,196,70,1220,1220,1220,1220,1220
0,196,71,1220,1220,1220,1220,1220
0,196,72,1216,1216,1216,1216,1216
0,196,73,1216,1216,1216,1216,1216
0,196,74,1216,1216,1216,1216,1216
0,196,75,196,196,196,196,196
0,196,76,196,196,196,196,196
0,196,77,196,196,196,196,196
0,196,78,1220,1220,1220,1220,1220
0,196,79,1220,1220,1220,1220,1220
0,196,80,1220,1220,1220,1220,1220
0,197,0,1472,1472,1472,1472,1472
0,197,1,1472,1472,1472,1472,1472
0,197,2,1472,1472,1472,1472,1472
0,197,3,452,452,452,452,452
0,197,4,452,452,452,452,452
0,197,5,452,452,452,452,452
0,197,6,1476,1476,1476,1476,1476
0,197,7,1476,1476,1476,1476,1476
0,197,8,1476,1476,1476,1476,1476
0,197,9,1472,1472,1472,1472,1472
0,197,10,1472,1472,1472,1472,1472
0,197,11,1472,1472,1472,1472,1472
0,197,12,452,452,452,452,452
0,197,13,452,452,452,452,452
0,197,14,452,452,452,452,452
0,197,15,1476,1476,1476,1476,1476
0,197,16,1476,1476,1476,1476,1476
0,197,17,1476,1476,1476,1476,1476
0,197,18,1472,1472,1472,1472,1472
0,197,19,1472,1472,1472,1472,1472
0,197,20,1472,1472,1472,1472,1472
0,197,21,452,452,452,452,452
0,197,22,452,452,452,452,452
0,197,23,452,452,452,452,452
0,197,24,1476,1476,1476,1476,1476
0,197,25,1476,1476,1476,1476,1476
0,197,26,1476,1476,1476,1476,1476
0,197,27,1217,1217,1217,1217,1217
0,197,28,1217,1217,1217,1217,1217
0,197,29,1217,1217,1217,1217,1217
0,197,30,197,197,197,197,197
0,197,31,197,197,197,197,197
0,197,32,197,197,197,197,197
0,197,33,1221,1221,1221,1221,1221
0,197,34,1221,1221,1221,1221,1221
0,197,35,1221,1221,1221,1221,1221
0,197,36,1217,1217,1217,1217,1217
0,197,37,1217,1217,1217,1217,1217
0,197,38,1217,1217,1217,1217,1217
0,197,39,197,197,197,197,197
0,197,40,197,197,197,197,197
0,197,41,197,197,197,197,197
0,197,42,1221,1221,1221,1221,1221
0,197,43,1221,1221,1221,1221,1221
0,197,44,1221,1221,1221,1221,1221
0,197,45,1217,1217,1217,1217,1217
0,197,46,1217,1217,1217,1217,1217
0,197,47,1217,1217,1217,1217,1217
0,197,48,197,197,197,197,197
0,197,49,197,197,197,197,197
0,197,50,197,197,197,197,197
0,197,51,1221,1221,1221,1221,1221
0,197,52,1221,1221,1221,1221,1221
0,197,53,1221,1221,1221,1221,1221
0,197,54,1473,1473,1473,1473,1473
0,197,55,1473,1473,1473,1473,1473
0,197,56,1473,1473,1473,1473,1473
0,197,57,453,453,453,453,453
0,197,58,453,453,453,453,453
0,197,59,453,453,453,453,453
0,197,60,1477,1477,1477,1477,1477
0,197,61,1477,1477,1477,1477,1477
0,197,62,1477,1477,1477,1477,1477
0,197,63,1473,1473,1473,1473,1473
0,197,64,1473,1473,1473,1473,1473
0,197,65,1473,1473,1473,1473,1473
0,197,66,453,453,453,453,453
0,197,67,453,453,453,453,453
0,197,68,453,453,453,453,453
0,197,69,1477,1477,1477,1477,1477
0,197,70,1477,1477,1477,1477,1477
0,197,71,1477,1477,1477,1477,1477
0,197,72,1473,1473,1473,1473,1473
0,197,73,1473,1473,1473,1473,1473
0,197,74,1473,1473,1473,1473,1473
0,197,75,453,453,453,453,453
0,197,76,453,453,453,453,453
0,197,77,453,453,453,453,453
0,197,78,1477,1477,1477,1477,1477
0,197,79,1477,1477,1477,1477,1477
0,197,80,1477,1477,1477,1477,1477
0,198,0,1728,3776,3776,3776,3776
0,198,1,1728,1736,1736,1736,1736
0,198,2,1728,3784,3784,3784,3784
0,198,3,708,2756,2756,2756,2756
0,198,4,708,716,716,716,716
0,198,5,708,2764,2764,2764,2764
0,198,6,1732,3780,3780,3780,3780
0,198,7,1732,1740,1740,1740,1740
0,198,8,1732,3788,3788,3788,3788
0,198,9,1218,3266,3266,3266,3266
0,198,10,1218,1226,1226,1226,1226
0,198,11,1218,3274,3274,3274,3274
0,198,12,198,198,198,198,198
0,198,13,198,198,198,198,198
0,198,14,198,198,198,198,198
0,198,15,1222,3270,3270,3270,3270
0,198,16,1222,1230,1230,1230,1230
0,198,17,1222,3278,3278,3278,3278
0,198,18,1730,3778,3778,3778,3778
0,198,19,1730,1738,1738,1738,1738
0,198,20,1730,3786,3786,3786,3786
0,198,21,710,2758,2758,2758,2758
0,198,22,710,718,718,718,718
0,198,23,710,2766,2766,2766,2766
0,198,24,1734,3782,3782,3782,3782
0,198,25,1734,1742,1742,1742,1742
0,198,26,1734,3790,3790,3790,3790
0,198,27,1728,3776,3776,3776,3776
0,198,28,1728,1736,1736,1736,1736
0,198,29,1728,3784,3784,3784,3784
0,198,30,708,2756,2756,2756,2756
0,198,31,708,716,716,716,716
0,198,32,708,2764,2764,2764,2764
0,198,33,1732,3780,3780,3780,3780
0,198,34,1732,1740,1740,1740,1740
0,198,35,1732,3788,3788,3788,3788
0,198,36,1218,3266,3266,3266,3266
0,198,37,1218,1226,1226,1226,1226
0,198,38,1218,3274,3274,3274,3274
0,198,39,198,198,198,198,198
0,198,40,198,198,198,198,198
0,198,41,198,198,198,198,198
0,198,42,1222,3270,3270,3270,3270
0,198,43,1222,1230,1230,1230,1230
0,198,44,1222,3278,3278,3278,3278
0,198,45,1730,3778,3778,3778,3778
0,198,46,1730,1738,1738,1738,1738
0,198,47,1730,3786,3786,3786,3786
0,198,48,710,2758,2758,2758,2758
0,198,49,710,718,718,718,718
0,198,50,710,2766,2766,2766,2766
0,198,51,1734,3782,3782,3782,3782
0,198,52,1734,1742,1742,1742,1742
0,198,53,1734,3790,3790,3790,3790
0,198,54,1728,3776,3776,3776,3776
0,198,55,1728,1736,1736,1736,1736
0,198,56,1728,3784,3784,3784,3784
0,198,57,708,2756,2756,2756,2756
0,198,58,708,716,716,716,716
0,198,59,708,2764,2764,2764,2764
0,198,60,1732,3780,3780,3780,3780
0,198,61,1732,1740,1740,1740,1740
0,198,62,1732,3788,3788,3788,3788
0,198,63,1218,3266,3266,3266,3266
0,198,64,1218,1226,1226,1226,1226
0,198,65,1218,3274,3274,3274,3274
0,198,66,198,198,198,198,198
0,198,67,198,198,198,198,198
0,198,68,198,198,198,198,198
0,198,69,1222,3270,3270,3270,3270
0,198,70,1222,1230,1230,1230,1230
0,198,71,1222,3278,3278,3278,3278
0,198,72,1730,3778,3778,3778,3778
0,198,73,1730,1738,1738,1738,1738
0,198,74,1730,3786,3786,3786,3786
0,198,75,710,2758,2758,2758,2758
0,198,76,710,718,718,718,718
0,198,77,710,2766,2766,2766,2766
0,198,78,1734,3782,3782,3782,3782
0,198,79,1734,1742,1742,1742,1742
0,198,80,1734,3790,3790,3790,3790
0,199,0,1984,4032,4032,4032,4032
0,199,1,1984,1992,1992,1992,1992
0,199,2,1984,4040,4040,4040,4040
0,199,3,964,3012,3012,3012,3012
0,199,4,964,972,972,972,972
0,199,5,964,3020,3020,3020,3020
0,199,6,1988,4036,4036,4036,4036
0,199,7,1988,1996,1996,1996,1996
0,199,8,1988,4044,4044,4044,4044
0,199,9,1474,3522,3522,3522,3522
0,199,10,1474,1482,1482,1482,1482
0,199,11,1474,3530,3530,3530,3530
0,199,12,454,454,454,454,454
0,199,13,454,454,454,454,454
0,199,14,454,454,454,454,454
0,199,15,1478,3526,3526,3526,3526
0,199,16,1478,1486,1486,1486,1486
0,199,17,1478,3534,3534,3534,3534
0,199,18,1986,4034,4034,4034,4034
0,199,19,1986,1994,1994,1994,1994
0,199,20,1986,4042,4042,4042,4042
0,199,21,966,3014,3014,3014,3014
0,199,22,966,974,974,974,974
0,199,23,966,3022,3022,3022,3022
0,199,24,1990,4038,4038,4038,4038
0,199,25,1990,1998,1998,1998,1998
0,199,26,1990,4046,4046,4046,4046
0,199,27,1729,3777,3777,3777,3777
0,199,28,1729,1737,1737,1737,1737
0,199,29,1729,3785,3785,3785,3785
0,199,30,709,2757,2757,2757,2757
0,199,31,709,717,717,717,717
0,199,32,709,2765,2765,2765,2765
0,199,33,1733,3781,3781,3781,3781
0,199,34,1733,1741,1741,1741,1741
0,199,35,1733,3789,3789,3789,3789
0,199,36,1219,3267,3267,3267,3267
0,199,37,1219,1227,1227,1227,1227
0,199,38,1219,3275,3275,3275,3275
0,199,39,199,199,199,199,199
0,199,40,199,199,199,199,199
0,199,41,199,199,199,199,199
0,199,42,1223,3271,3271,3271,3271
0,199,43,1223,1231,1231,1231,1231
0,199,44,1223,3279,3279,3279,3279
0,199,45,1731,3779,3779,3779,3779
0,199,46,1731,1739,1739,1739,1739
0,199,47,1731,3787,3787,3787,3787
0,199,48,711,2759,2759,2759,2759
0,199,49,711,719,719,719,719
0,199,50,711,2767,2767,2767,2767
0,199,51,1735,3783,3783,3783,3783
0,199,52,1735,1743,1743,1743,1743
0,199,53,1735,3791,3791,3791,3791
0,199,54,1985,4033,4033,4033,4033
0,199,55,1985,1993,1993,1993,1993
0,199,56,1985,4041,4041,4041,4041
0,199,57,965,3013,3013,3013,3013
0,199,58,965,973,973,973,973
0,199,59,965,3021,3021,3021,3021
0,199,60,1989,4037,4037,4037,4037
0,199,61,1989,1997,1997,1997,1997
0,199,62,1989,4045,4045,4045,4045
0,199,63,1475,3523,3523,3523,3523
0,199,64,1475,1483,1483,1483,1483
0,199,65,1475,3531,3531,3531,3531
0,199,66,455,455,455,455,455
0,199,67,455,455,455,455,455
0,199,68,455,455,455,455,455
0,199,69,1479,3527,3527,3527,3527
0,199,70,1479,1487,1487,1487,1487
0,199,71,1479,3535,3535,3535,3535
0,199,72,1987,4035,4035,4035,4035
0,199,73,1987,1995,1995,1995,1995
0,199,74,1987,4043,4043,4043,4043
0,199,75,967,3015,3015,3015,3015
0,199,76,967,975,975,975,975
0,199,77,967,3023,3023,3023,3023
0,199,78,1991,4039,4039,4039,4039
0,199,79,1991,1999,1999,1999,1999
0,199,80,1991,4047,4047,4047,4047
0,200,0,2240,2240,2240,2240,2240
0,200,1,200,200,200,200,200
0,200,2,2248,2248,2248,2248,2248
0,200,3,2240,2240,2240,2240,2240
0,200,4,200,200,200,200,200
0,200,5,2248,2248,2248,2248,2248
0,200,6,2240,2240,2240,2240,2240
0,200,7,200,200,200,200,200
0,200,8,2248,2248,2248,2248,2248
0,200,9,2240,2240,2240,2240,2240
0,200,10,200,200,200,200,200
0,200,11,2248,2248,2248,2248,2248
0,200,12,2240,2240,2240,2240,2240
0,200,13,200,200,200,200,200
0,200,14,2248,2248,2248,2248,2248
0,200,15,2240,2240,2240,2240,2240
0,200,16,200,200,200,200,200
0,200,17,2248,2248,2248,2248,2248
0,200,18,2240,2240,2240,2240,2240
0,200,19,200,200,200,200,200
0,200,20,2248,2248,2248,2248,2248
0,200,21,2240,2240,2240,2240,2240
0,200,22,200,200,200,200,200
0,200,23,2248,2248,2248,2248,2248
0,200,24,2240,2240,2240,2240,2240
0,200,25,200,200,200,200,200
0,200,26,2248,2248,2248,2248,2248
0,200,27,2240,2240,2240,2240,2240
0,200,28,200,200,200,200,200
0,200,29,2248,2248,2248,2248,2248
0,200,30,2240,2240,2240,2240,2240
0,200,31,200,200,200,200,200
0,200,32,2248,2248,2248,2248,2248
0,200,33,2240,2240,2240,2240,2240
0,200,34,200,200,200,200,200
0,200,35,2248,2248,2248,2248,2248
0,200,36,2240,2240,2240,2240,2240
0,200,37,200,200,200,200,200
0,200,38,2248,2248,2248,2248,2248
0,200,39,2240,2240,2240,2240,2240
0,200,40,200,200,200,200,200
0,200,41,2248,2248,2248,2248,2248
0,200,42,2240,2240,2240,2240,2240
0,200,43,200,200,200,200,200
0,200,44,2248,2248,2248,2248,2248
0,200,45,2240,2240,2240,2240,2240
0,200,46,200,200,200,200,200
0,200,47,2248,2248,2248,2248,2248
0,200,48,2240,2240,2240,2240,2240
0,200,49,200,200,200,200,200
0,200,50,2248,2248,2248,2248,2248
0,200,51,2240,2240,2240,2240,2240
0,200,52,200,200,200,200,200
0,200,53,2248,2248,2248,2248,2248
0,200,54,2240,2240,2240,2240,2240
0,200,55,200,200,200,200,200
0,200,56,2248,2248,2248,2248,2248
0,200,57,2240,2240,2240,2240,2240
0,200,58,200,200,200,200,200
0,200,59,2248,2248,2248,2248,2248
0,200,60,2240,2240,2240,2240,2240
0,200,61,200,200,200,200,200
0,200,62,2248,2248,2248,2248,2248
0,200,63,2240,2240,2240,2240,2240
0,200,64,200,200,200,200,200
0,200,65,2248,2248,2248,2248,2248
0,200,66,2240,2240,2240,2240,2240
0,200,67,200,200,200,200,200
0,200,68,2248,2248,2248,2248,2248
0,200,69,2240,2240,2240,2240,2240
0,200,70,200,200,200,200,200
0,200,71,2248,2248,2248,2248,2248
0,200,72,2240,2240,2240,2240,2240
0,200,73,200,200,200,200,200
0,200,74,2248,2248,2248,2248,2248
0,200,75,2240,2240,2240,2240,2240
0,200,76,200,200,200,200,200
0,200,77,2248,2248,2248,2248,2248
0,200,78,2240,2240,2240,2240,2240
0,200,79,200,200,200,200,200
0,200,80,2248,2248,2248,2248,2248
0,201,0,2496,2496,2496,2496,2496
0,201,1,456,456,456,456,456
0,201,2,2504,2504,2504,2504,2504
0,201,3,2496,2496,2496,2496,2496
0,201,4,456,456,456,456,456
0,201,5,2504,2504,2504,2504,2504
0,201,6,2496,2496,2496,2496,2496
0,201,7,456,456,456,456,456
0,201,8,2504,2504,2504,2504,2504
0,201,9,2496,2496,2496,2496,2496
0,201,10,456,456,456,456,456
0,201,11,2504,2504,2504,2504,2504
0,201,12,2496,2496,2496,2496,2496
0,201,13,456,456,456,456,456
0,201,14,2504,2504,2504,2504,2504
0,201,15,2496,2496,2496,2496,2496
0,201,16,456,456,456,456,456
0,201,17,2504,2504,2504,2504,2504
0,201,18,2496,2496,2496,2496,2496
0,201,19,456,456,456,456,456
0,201,20,2504,2504,2504,2504,2504
0,201,21,2496,2496,2496,2496,2496
0,201,22,456,456,456,456,456
0,201,23,2504,2504,2504,2504,2504
0,201,24,2496,2496,2496,2496,2496
0,201,25,456,456,456,456,456
0,201,26,2504,2504,2504,2504,2504
0,201,27,2241,2241,2241,2241,2241
0,201,28,201,201,201,201,201
0,201,29,2249,2249,2249,2249,2249
0,201,30,2241,2241,2241,2241,2241
0,201,31,201,201,201,201,201
0,201,32,2249,2249,2249,2249,2249
0,201,33,2241,2241,2241,2241,2241
0,201,34,201,201,201,201,201
0,201,35,2249,2249,2249,2249,2249
0,201,36,2241,2241,2241,2241,2241
0,201,37,201,201,201,201,201
0,201,38,2249,2249,2249,2249,2249
0,201,39,2241,2241,2241,2241,2241
0,201,40,201,201,201,201,201
0,201,41,2249,2249,2249,2249,2249
0,201,42,2241,2241,2241,2241,2241
0,201,43,201,201,201,201,201
0,201,44,2249,2249,2249,2249,2249
0,201,45,2241,2241,2241,2241,2241
0,201,46,201,201,201,201,201
0,201,47,2249,2249,2249,2249,2249
0,201,48,2241,2241,2241,2241,2241
0,201,49,201,201,201,201,201
0,201,50,2249,2249,2249,2249,2249
0,201,51,2241,2241,2241,2241,2241
0,201,52,201,201,201,201,201
0,201,53,2249,2249,2249,2249,2249
0,201,54,2497,2497,2497,2497,2497
0,201,55,457,457,457,457,457
0,201,56,2505,2505,2505,2505,2505
0,201,57,2497,2497,2497,2497,2497
0,201,58,457,457,457,457,457
0,201,59,2505,2505,2505,2505,2505
0,201,60,2497,2497,2497,2497,2497
0,201,61,457,457,457,457,457
0,201,62,2505,2505,2505,2505,2505
0,201,63,2497,2497,2497,2497,2497
0,201,64,457,457,457,457,457
0,201,65,2505,2505,2505,2505,2505
0,201,66,2497,2497,2497,2497,2497
0,201,67,457,457,457,457,457
0,201,68,2505,2505,2505,2505,2505
0,201,69,2497,2497,2497,2497,2497
0,201,70,457,457,457,457,457
0,201,71,2505,2505,2505,2505,2505
0,201,72,2497,2497,2497,2497,2497
0,201,73,457,457,457,457,457
0,201,74,2505,2505,2505,2505,2505
0,201,75,2497,2497,2497,2497,2497
0,201,76,457,457,457,457,457
0,201,77,2505,2505,2505,2505,2505
0,201,78,2497,2497,2497,2497,2497
0,201,79,457,457,457,457,457
0,201,80,2505,2505,2505,2505,2505
0,202,0,2752,2752,2752,2752,2752
0,202,1,712,712,712,712,712
0,202,2,2760,2760,2760,2760,2760
0,202,3,2752,2752,2752,2752,2752
0,202,4,712,712,712,712,712
0,202,5,2760,2760,2760,2760,2760
0,202,6,2752,2752,2752,2752,2752
0,202,7,712,712,712,712,712
0,202,8,2760,2760,2760,2760,2760
0,202,9,2242,2242,2242,2242,2242
0,202,10,202,202,202,202,202
0,202,11,2250,2250,2250,2250,2250
0,202,12,2242,2242,2242,2242,2242
0,202,13,202,202,202,202,202
0,202,14,2250,2250,2250,2250,2250
0,202,15,2242,2242,2242,2242,2242
0,202,16,202,202,202,202,202
0,202,17,2250,2250,2250,2250,2250
0,202,18,2754,2754,2754,2754,2754
0,202,19,714,714,714,714,714
0,202,20,2762,2762,2762,2762,2762
0,202,21,2754,2754,2754,2754,2754
0,202,22,714,714,714,714,714
0,202,23,2762,2762,2762,2762,2762
0,202,24,2754,2754,2754,2754,2754
0,202,25,714,714,714,714,714
0,202,26,2762,2762,2762,2762,2762
0,202,27,2752,2752,2752,2752,2752
0,202,28,712,712,712,712,712
0,202,29,2760,2760,2760,2760,2760
0,202,30,2752,2752,2752,2752,2752
0,202,31,712,712,712,712,712
0,202,32,2760,2760,2760,2760,2760
0,202,33,2752,2752,2752,2752,2752
0,202,34,712,712,712,712,712
0,202,35,2760,2760,2760,2760,2760
0,202,36,2242,2242,2242,2242,2242
0,202,37,202,202,202,202,202
0,202,38,2250,2250,2250,2250,2250
0,202,39,2242,2242,2242,2242,2242
0,202,40,202,202,202,202,202
0,202,41,2250,2250,2250,2250,2250
0,202,42,2242,2242,2242,2242,2242
0,202,43,202,202,202,202,202
0,202,44,2250,2250,2250,2250,2250
0,202,45,2754,2754,2754,2754,2754
0,202,46,714,714,714,714,714
0,202,47,2762,2762,2762,2762,2762
0,202,48,2754,2754,2754,2754,2754
0,202,49,714,714,714,714,714
0,202,50,2762,2762,2762,2762,2762
0,202,51,2754,2754,2754,2754,2754
0,202,52,714,714,714,714,714
0,202,53,2762,2762,2762,2762,2762
0,202,54,2752,2752,2752,2752,2752
0,202,55,712,712,712,712,712
0,202,56,2760,2760,2760,2760,2760
0,202,57,2752,2752,2752,2752,2752
0,202,58,712,712,712,712,712
0,202,59,2760,2760,2760,2760,2760
0,202,60,2752,2752,2752,2752,2752
0,202,61,712,712,712,712,712
0,202,62,2760,2760,2760,2760,2760
0,202,63,2242,2242,2242,2242,2242
0,202,64,202,202,202,202,202
0,202,65,2250,2250,2250,2250,2250
0,202,66,2242,2242,2242,2242,2242
0,202,67,202,202,202,202,202
0,202,68,2250,2250,2250,2250,2250
0,202,69,2242,2242,2242,2242,2242
0,202,70,202,202,202,202,202
0,202,71,2250,2250,2250,2250,2250
0,202,72,2754,2754,2754,2754,2754
0,202,73,714,714,714,714,714
0,202,74,2762,2762,2762,2762,2762
0,202,75,2754,2754,2754,2754,2754
0,202,76,714,714,714,714,714
0,202,77,2762,2762,2762,2762,2762
0,202,78,2754,2754,2754,2754,2754
0,202,79,714,714,714,714,714
0,202,80,2762,2762,2762,2762,2762
0,203,0,3008,3008,3008,3008,3008
0,203,1,968,968,968,968,968
0,203,2,3016,3016,3016,3016,3016
0,203,3,3008,3008,3008,3008,3008
0,203,4,968,968,968,968,968
0,203,5,3016,3016,3016,3016,3016
0,203,6,3008,3008,3008,3008,3008
0,203,7,968,968,968,968,968
0,203,8,3016,3016,3016,3016,3016
0,203,9,2498,2498,2498,2498,2498
0,203,10,458,458,458,458,458
0,203,11,2506,2506,2506,2506,2506
0,203,12,2498,2498,2498,2498,2498
0,203,13,458,458,458,458,458
0,203,14,2506,2506,2506,2506,2506
0,203,15,2498,2498,2498,2498,2498
0,203,16,458,458,458,458,458
0,203,17,2506,2506,2506,2506,2506
0,203,18,3010,3010,3010,3010,3010
0,203,19,970,970,970,970,970
0,203,20,3018,3018,3018,3018,3018
0,203,21,3010,3010,3010,3010,3010
0,203,22,970,970,970,970,970
0,203,23,3018,3018,3018,3018,3018
0,203,24,3010,3010,3010,3010,3010
0,203,25,970,970,970,970,970
0,203,26,3018,3018,3018,3018,3018
0,203,27,2753,2753,2753,2753,2753
0,203,28,713,713,713,713,713
0,203,29,2761,2761,2761,2761,2761
0,203,30,2753,2753,2753,2753,2753
0,203,31,713,713,713,713,713
0,203,32,2761,2761,2761,2761,2761
0,203,33,2753,2753,2753,2753,2753
0,203,34,713,713,713,713,713
0,203,35,2761,2761,2761,2761,2761
0,203,36,2243,2243,2243,2243,2243
0,203,37,203,203,203,203,203
0,203,38,2251,2251,2251,2251,2251
0,203,39,2243,2243,2243,2243,2243
0,203,40,203,203,203,203,203
0,203,41,2251,2251,2251,2251,2251
0,203,42,2243,2243,2243,2243,2243
0,203,43,203,203,203,203,203
0,203,44,2251,2251,2251,2251,2251
0,203,45,2755,2755,2755,2755,2755
0,203,46,715,715,715,715,715
0,203,47,2763,2763,2763,2763,2763
0,203,48,2755,2755,2755,2755,2755
0,203,49,715,715,715,715,715
0,203,50,2763,2763,2763,2763,2763
0,203,51,2755,2755,2755,2755,2755
0,203,52,715,715,715,715,715
0,203,53,2763,2763,2763,2763,2763
0,203,54,3009,3009,3009,3009,3009
0,203,55,969,969,969,969,969
0,203,56,3017,3017,3017,3017,3017
0,203,57,3009,3009,3009,3009,3009
0,203,58,969,969,969,969,969
0,203,59,3017,3017,3017,3017,3017
0,203,60,3009,3009,3009,3009,3009
0,203,61,969,969,969,969,969
0,203,62,3017,3017,3017,3017,3017
0,203,63,2499,2499,2499,2499,2499
0,203,64,459,459,459,459,459
0,203,65,2507,2507,2507,2507,2507
0,203,66,2499,2499,2499,2499,2499
0,203,67,459,459,459,459,459
0,203,68,2507,2507,2507,2507,2507
0,203,69,2499,2499,2499,2499,2499
0,203,70,459,459,459,459,459
0,203,71,2507,2507,2507,2507,2507
0,203,72,3011,3011,3011,3011,3011
0,203,73,971,971,971,971,971
0,203,74,3019,3019,3019,3019,3019
0,203,75,3011,3011,3011,3011,3011
0,203,76,971,971,971,971,971
0,203,77,3019,3019,3019,3019,3019
0,203,78,3011,3011,3011,3011,3011
0,203,79,971,971,971,971,971
0,203,80,3019,3019,3019,3019,3019
0,204,0,3264,3264,3264,3264,3264
0,204,1,1224,1224,1224,1224,1224
0,204,2,3272,3272,3272,3272,3272
0,204,3,2244,2244,2244,2244,2244
0,204,4,204,204,204,204,204
0,204,5,2252,2252,2252,2252,2252
0,204,6,3268,3268,3268,3268,3268
0,204,7,1228,1228,1228,1228,1228
0,204,8,3276,3276,3276,3276,3276
0,204,9,3264,3264,3264,3264,3264
0,204,10,1224,1224,1224,1224,1224
0,204,11,3272,3272,3272,3272,3272
0,204,12,2244,2244,2244,2244,2244
0,204,13,204,204,204,204,204
0,204,14,2252,2252,2252,2252,2252
0,204,15,3268,3268,3268,3268,3268
0,204,16,1228,1228,1228,1228,1228
0,204,17,3276,3276,3276,3276,3276
0,204,18,3264,3264,3264,3264,3264
0,204,19,1224,1224,1224,1224,1224
0,204,20,3272,3272,3272,3272,3272
0,204,21,2244,2244,2244,2244,2244
0,204,22,204,204,204,204,204
0,204,23,2252,2252,2252,2252,2252
0,204,24,3268,3268,3268,3268,3268
0,204,25,1228,1228,1228,1228,1228
0,204,26,3276,3276,3276,3276,3276
0,204,27,3264,3264,3264,3264,3264
0,204,28,1224,1224,1224,1224,1224
0,204,29,3272,3272,3272,3272,3272
0,204,30,2244,2244,2244,2244,2244
0,204,31,204,204,204,204,204
0,204,32,2252,2252,2252,2252,2252
0,204,33,3268,3268,3268,3268,3268
0,204,34,1228,1228,1228,1228,1228
0,204,35,3276,3276,3276,3276,3276
0,204,36,3264,3264,3264,3264,3264
0,204,37,1224,1224,1224,1224,1224
0,204,38,3272,3272,3272,3272,3272
0,204,39,2244,2244,2244,2244,2244
0,204,40,204,204,204,204,204
0,204,41,2252,2252,2252,2252,2252
0,204,42,3268,3268,3268,3268,3268
0,204,43,1228,1228,1228,1228,1228
0,204,44,3276,3276,3276,3276,3276
0,204,45,3264,3264,3264,3264,3264
0,204,46,1224,1224,1224,1224,1224
0,204,47,3272,3272,3272,3272,3272
0,204,48,2244,2244,2244,2244,2244
0,204,49,204,204,204,204,204
0,204,50,2252,2252,2252,2252,2252
0,204,51,3268,3268,3268,3268,3268
0,204,52,1228,1228,1228,1228,1228
0,204,53,3276,3276,3276,3276,3276
0,204,54,3264,3264,3264,3264,3264
0,204,55,1224,1224,1224,1224,1224
0,204,56,3272,3272,3272,3272,3272
0,204,57,2244,2244,2244,2244,2244
0,204,58,204,204,204,204,204
0,204,59,2252,2252,2252,2252,2252
0,204,60,3268,3268,3268,3268,3268
0,204,61,1228,1228,1228,1228,1228
0,204,62,3276,3276,3276,3276,3276
0,204,63,3264,3264,3264,3264,3264
0,204,64,1224,1224,1224,1224,1224
0,204,65,3272,3272,3272,3272,3272
0,204,66,2244,2244,2244,2244,2244
0,204,67,204,204,204,204,204
0,204,68,2252,2252,2252,2252,2252
0,204,69,3268,3268,3268,3268,3268
0,204,70,1228,1228,1228,1228,1228
0,204,71,3276,3276,3276,3276,3276
0,204,72,3264,3264,3264,3264,3264
0,204,73,1224,1224,1224,1224,1224
0,204,74,3272,3272,3272,3272,3272
0,204,75,2244,2244,2244,2244,2244
0,204,76,204,204,204,204,204
0,204,77,2252,2252,2252,2252,2252
0,204,78,3268,3268,3268,3268,3268
0,204,79,1228,1228,1228,1228,1228
0,204,80,3276,3276,3276,3276,3276
0,205,0,3520,3520,3520,3520,3520
0,205,1,1480,1480,1480,1480,1480
0,205,2,3528,3528,3528,3528,3528
0,205,3,2500,2500,2500,2500,2500
0,205,4,460,460,460,460,460
0,205,5,2508,2508,2508,2508,2508
0,205,6,3524,3524,3524,3524,3524
0,205,7,1484,1484,1484,1484,1484
0,205,8,3532,3532,3532,3532,3532
0,205,9,3520,3520,3520,3520,3520
0,205,10,1480,1480,1480,1480,1480
0,205,11,3528,3528,3528,3528,3528
0,205,12,2500,2500,2500,2500,2500
0,205,13,460,460,460,460,460
0,205,14,2508,2508,2508,2508,2508
0,205,15,3524,3524,3524,3524,3524
0,205,16,1484,1484,1484,1484,1484
0,205,17,3532,3532,3532,3532,3532
0,205,18,3520,3520,3520,3520,3520
0,205,19,1480,1480,1480,1480,1480
0,205,20,3528,3528,3528,3528,3528
0,205,21,2500,2500,2500,2500,2500
0,205,22,460,460,460,460,460
0,205,23,2508,2508,2508,2508,2508
0,205,24,3524,3524,3524,3524,3524
0,205,25,1484,1484,1484,1484,1484
0,205,26,3532,3532,3532,3532,3532
0,205,27,3265,3265,3265,3265,3265
0,205,28,1225,1225,1225,1225,1225
0,205,29,3273,3273,3273,3273,3273
0,205,30,2245,2245,2245,2245,2245
0,205,31,205,205,205,205,205
0,205,32,2253,2253,2253,2253,2253
0,205,33,3269,3269,3269,3269,3269
0,205,34,1229,1229,1229,1229,1229
0,205,35,3277,3277,3277,3277,3277
0,205,36,3265,3265,3265,3265,3265
0,205,37,1225,1225,1225,1225,1225
0,205,38,3273,3273,3273,3273,3273
0,205,39,2245,2245,2245,2245,2245
0,205,40,205,205,205,205,205
0,205,41,2253,2253,2253,2253,2253
0,205,42,3269,3269,3269,3269,3269
0,205,43,1229,1229,1229,1229,1229
0,205,44,3277,3277,3277,3277,3277
0,205,45,3265,3265,3265,3265,3265
0,205,46,1225,1225,1225,1225,1225
0,205,47,3273,3273,3273,3273,3273
0,205,48,2245,2245,2245,2245,2245
0,205,49,205,205,205,205,205
0,205,50,2253,2253,2253,2253,2253
0,205,51,3269,3269,3269,3269,3269
0,205,52,1229,1229,1229,1229,1229
0,205,53,3277,3277,3277,3277,3277
0,205,54,3521,3521,3521,3521,3521
0,205,55,1481,1481,1481,1481,1481
0,205,56,3529,3529,3529,3529,3529
0,205,57,2501,2501,2501,2501,2501
0,205,58,461,461,461,461,461
0,205,59,2509,2509,2509,2509,2509
0,205,60,3525,3525,3525,3525,3525
0,205,61,1485,1485,1485,1485,1485
0,205,62,3533,3533,3533,3533,3533
0,205,63,3521,3521,3521,3521,3521
0,205,64,1481,1481,1481,1481,1481
0,205,65,3529,3529,3529,3529,3529
0,205,66,2501,2501,2501,2501,2501
0,205,67,461,461,461,461,461
0,205,68,2509,2509,2509,2509,2509
0,205,69,3525,3525,3525,3525,3525
0,205,70,1485,1485,1485,1485,1485
0,205,71,3533,3533,3533,3533,3533
0,205,72,3521,3521,3521,3521,3521
0,205,73,1481,1481,1481,1481,1481
0,205,74,3529,3529,3529,3529,3529
0,205,75,2501,2501,2501,2501,2501
0,205,76,461,461,461,461,461
0,205,77,2509,2509,2509,2509,2509
0,205,78,3525,3525,3525,3525,3525
0,205,79,1485,1485,1485,1485,1485
0,205,80,3533,3533,3533,3533,3533
0,206,0,3776,3776,3776,3776,3776
0,206,1,1736,1736,1736,1736,1736
0,206,2,3784,3784,3784,3784,3784
0,206,3,2756,2756,2756,2756,2756
0,206,4,716,716,716,716,716
0,206,5,2764,2764,2764,2764,2764
0,206,6,3780,3780,3780,3780,3780
0,206,7,1740,1740,1740,1740,1740
0,206,8,3788,3788,3788,3788,3788
0,206,9,3266,3266,3266,3266,3266
0,206,10,1226,1226,1226,1226,1226
0,206,11,3274,3274,3274,3274,3274
0,206,12,2246,2246,2246,2246,2246
0,206,13,206,206,206,206,206
0,206,14,2254,2254,2254,2254,2254
0,206,15,3270,3270,3270,3270,3270
0,206,16,1230,1230,1230,1230,1230
0,206,17,3278,3278,3278,3278,3278
0,206,18,3778,3778,3778,3778,3778
0,206,19,1738,1738,1738,1738,1738
0,206,20,3786,3786,3786,3786,3786
0,206,21,2758,2758,2758,2758,2758
0,206,22,718,718,718,718,718
0,206,23,2766,2766,2766,2766,2766
0,206,24,3782,3782,3782,3782,3782
0,206,25,1742,1742,1742,1742,1742
0,206,26,3790,3790,3790,3790,3790
0,206,27,3776,3776,3776,3776,3776
0,206,28,1736,1736,1736,1736,1736
0,206,29,3784,3784,3784,3784,3784
0,206,30,2756,2756,2756,2756,2756
0,206,31,716,716,716,716,716
0,206,32,2764,2764,2764,2764,2764
0,206,33,3780,3780,3780,3780,3780
0,206,34,1740,1740,1740,1740,1740
0,206,35,3788,3788,3788,3788,3788
0,206,36,3266,3266,3266,3266,3266
0,206,37,1226,1226,1226,1226,1226
0,206,38,3274,3274,3274,3274,3274
0,206,39,2246,2246,2246,2246,2246
0,206,40,206,206,206,206,206
0,206,41,2254,2254,2254,2254,2254
0,206,42,3270,3270,3270,3270,3270
0,206,43,1230,1230,1230,1230,1230
0,206,44,3278,3278,3278,3278,3278
0,206,45,3778,3778,3778,3778,3778
0,206,46,1738,1738,1738,1738,1738
0,206,47,3786,3786,3786,3786,3786
0,206,48,2758,2758,2758,2758,2758
0,206,49,718,718,718,718,718
0,206,50,2766,2766,2766,2766,2766
0,206,51,3782,3782,3782,3782,3782
0,206,52,1742,1742,1742,1742,1742
0,206,53,3790,3790,3790,3790,3790
0,206,54,3776,3776,3776,3776,3776
0,206,55,1736,1736,1736,1736,1736
0,206,56,3784,3784,3784,3784,3784
0,206,57,2756,2756,2756,2756,2756
0,206,58,716,716,716,716,716
0,206,59,2764,2764,2764,2764,2764
0,206,60,3780,3780,3780,3780,3780
0,206,61,1740,1740,1740,1740,1740
0,206,62,3788,3788,3788,3788,3788
0,206,63,3266,3266,3266,3266,3266
0,206,64,1226,1226,1226,1226,1226
0,206,65,3274,3274,3274,3274,3274
0,206,66,2246,2246,2246,2246,2246
0,206,67,206,206,206,206,206
0,206,68,2254,2254,2254,2254,2254
0,206,69,3270,3270,3270,3270,3270
0,206,70,1230,1230,1230,1230,1230
0,206,71,3278,3278,3278,3278,3278
0,206,72,3778,3778,3778,3778,3778
0,206,73,1738,1738,1738,1738,1738
0,206,74,3786,3786,3786,3786,3786
0,206,75,2758,2758,2758,2758,2758
0,206,76,718,718,718,718,718
0,206,77,2766,2766,2766,2766,2766
0,206,78,3782,3782,3782,3782,3782
0,206,79,1742,1742,1742,1742,1742
0,206,80,3790,3790,3790,3790,3790
0,207,0,4032,4032,4032,4032,4032
0,207,1,1992,1992,1992,1992,1992
0,207,2,4040,4040,4040,4040,4040
0,207,3,3012,3012,3012,3012,3012
0,207,4,972,972,972,972,972
0,207,5,3020,3020,3020,3020,3020
0,207,6,4036,4036,4036,4036,4036
0,207,7,1996,1996,1996,1996,1996
0,207,8,4044,4044,4044,4044,4044
0,207,9,3522,3522,3522,3522,3522
0,207,10,1482,1482,1482,1482,1482
0,207,11,3530,3530,3530,3530,3530
0,207,12,2502,2502,2502,2502,2502
0,207,13,462,462,462,462,462
0,207,14,2510,2510,2510,2510,2510
0,207,15,3526,3526,3526,3526,3526
0,207,16,1486,1486,1486,1486,1486
0,207,17,3534,3534,3534,3534,3534
0,207,18,4034,4034,4034,4034,4034
0,207,19,1994,1994,1994,1994,1994
0,207,20,4042,4042,4042,4042,4042
0,207,21,3014,3014,3014,3014,3014
0,207,22,974,974,974,974,974
0,207,23,3022,3022,3022,3022,3022
0,207,24,4038,4038,4038,4038,4038
0,207,25,1998,1998,1998,1998,1998
0,207,26,4046,4046,4046,4046,4046
0,207,27,3777,3777,3777,3777,3777
0,207,28,1737,1737,1737,1737,1737
0,207,29,3785,3785,3785,3785,3785
0,207,30,2757,2757,2757,2757,2757
0,207,31,717,717,717,717,717
0,207,32,2765,2765,2765,2765,2765
0,207,33,3781,3781,3781,3781,3781
0,207,34,1741,1741,1741,1741,1741
0,207,35,3789,3789,3789,3789,3789
0,207,36,3267,3267,3267,3267,3267
0,207,37,1227,1227,1227,1227,1227
0,207,38,3275,3275,3275,3275,3275
0,207,39,2247,2247,2247,2247,2247
0,207,40,207,207,207,207,207
0,207,41,2255,2255,2255,2255,2255
0,207,42,3271,3271,3271,3271,3271
0,207,43,1231,1231,1231,1231,1231
0,207,44,3279,3279,3279,3279,3279
0,207,45,3779,3779,3779,3779,3779
0,207,46,1739,1739,1739,1739,1739
0,207,47,3787,3787,3787,3787,3787
0,207,48,2759,2759,2759,2759,2759
0,207,49,719,719,719,719,719
0,207,50,2767,2767,2767,2767,2767
0,207,51,3783,3783,3783,3783,3783
0,207,52,1743,1743,1743,1743,1743
0,207,53,3791,3791,3791,3791,3791
0,207,54,4033,4033,4033,4033,4033
0,207,55,1993,1993,1993,1993,1993
0,207,56,4041,4041,4041,4041,4041
0,207,57,3013,3013,3013,3013,3013
0,207,58,973,973,973,973,973
0,207,59,3021,3021,3021,3021,3021
0,207,60,4037,4037,4037,4037,4037
0,207,61,1997,1997,1997,1997,1997
0,207,62,4045,4045,4045,4045,4045
0,207,63,3523,3523,3523,3523,3523
0,207,64,1483,1483,1483,1483,1483
0,207,65,3531,3531,3531,3531,3531
0,207,66,2503,2503,2503,2503,2503
0,207,67,463,463,463,463,463
0,207,68,2511,2511,2511,2511,2511
0,207,69,3527,3527,3527,3527,3527
0,207,70,1487,1487,1487,1487,1487
0,207,71,3535,3535,3535,3535,3535
0,207,72,4035,4035,4035,4035,4035
0,207,73,1995,1995,1995,1995,1995
0,207,74,4043,4043,4043,4043,4043
0,207,75,3015,3015,3015,3015,3015
0,207,76,975,975,975,975,975
0,207,77,3023,3023,3023,3023,3023
0,207,78,4039,4039,4039,4039,4039
0,207,79,1999,1999,1999,1999,1999
0,207,80,4047,4047,4047,4047,4047
0,208,0,208,208,208,208,208
0,208,1,208,208,208,208,208
0,208,2,208,208,208,208,208
0,208,3,208,208,208,208,208
0,208,4,208,208,208,208,208
0,208,5,208,208,208,208,208
0,208,6,208,208,208,208,208
0,208,7,208,208,208,208,208
0,208,8,208,208,208,208,208
0,208,9,208,208,208,208,208
0,208,10,208,208,208,208,208
0,208,11,208,208,208,208,208
0,208,12,208,208,208,208,208
0,208,13,208,208,208,208,208
0,208,14,208,208,208,208,208
0,208,15,208,208,208,208,208
0,208,16,208,208,208,208,208
0,208,17,208,208,208,208,208
0,208,18,208,208,208,208,208
0,208,19,208,208,208,208,208
0,208,20,208,208,208,208,208
0,208,21,208,208,208,208,208
0,208,22,208,208,208,208,208
0,208,23,208,208,208,208,208
0,208,24,208,208,208,208,208
0,208,25,208,208,208,208,208
0,208,26,208,208,208,208,208
0,208,27,208,208,208,208,208
0,208,28,208,208,208,208,208
0,208,29,208,208,208,208,208
0,208,30,208,208,208,208,208
0,208,31,208,208,208,208,208
0,208,32,208,208,208,208,208
0,208,33,208,208,208,208,208
0,208,34,208,208,208,208,208
0,208,35,208,208,208,208,208
0,208,36,208,208,208,208,208
0,208,37,208,208,208,208,208
0,208,38,208,208,208,208,208
0,208,39,208,208,208,208,208
0,208,40,208,208,208,208,208
0,208,41,208,208,208,208,208
0,208,42,208,208,208,208,208
0,208,43,208,208,208,208,208
0,208,44,208,208,208,208,208
0,208,45,208,208,208,208,208
0,208,46,208,208,208,208,208
0,208,47,208,208,208,208,208
0,208,48,208,208,208,208,208
0,208,49,208,208,208,208,208
0,208,50,208,208,208,208,208
0,208,51,208,208,208,208,208
0,208,52,208,208,208,208,208
0,208,53,208,208,208,208,208
0,208,54,208,208,208,208,208
0,208,55,208,208,208,208,208
0,208,56,208,208,208,208,208
0,208,57,208,208,208,208,208
0,208,58,208,208,208,208,208
0,208,59,208,208,208,208,208
0,208,60,208,208,208,208,208
0,208,61,208,208,208,208,208
0,208,62,208,208,208,208,208
0,208,63,208,208,208,208,208
0,208,64,208,208,208,208,208
0,208,65,208,208,208,208,208
0,208,66,208,208,208,208,208
0,208,67,208,208,208,208,208
0,208,68,208,208,208,208,208
0,208,69,208,208,208,208,208
0,208,70,208,208,208,208,208
0,208,71,208,208,208,208,208
0,208,72,208,208,208,208,208
0,208,73,208,208,208,208,208
0,208,74,208,208,208,208,208
0,208,75,208,208,208,208,208
0,208,76,208,208,208,208,208
0,208,77,208,208,208,208,208
0,208,78,208,208,208,208,208
0,208,79,208,208,208,208,208
0,208,80,208,208,208,208,208
0,209,0,464,464,464,464,464
0,209,1,464,464,464,464,464
0,209,2,464,464,464,464,464
0,209,3,464,464,464,464,464
0,209,4,464,464,464,464,464
0,209,5,464,464,464,464,464
0,209,6,464,464,464,464,464
0,209,7,464,464,464,464,464
0,209,8,464,464,464,464,464
0,209,9,464,464,464,464,464
0,209,10,464,464,464,464,464
0,209,11,464,464,464,464,464
0,209,12,464,464,464,464,464
0,209,13,464,464,464,464,464
0,209,14,464,464,464,464,464
0,209,15,464,464,464,464,464
0,209,16,464,464,464,464,464
0,209,17,464,464,464,464,464
0,209,18,464,464,464,464,464
0,209,19,464,464,464,464,464
0,209,20,464,464,464,464,464
0,209,21,464,464,464,464,464
0,209,22,464,464,464,464,464
0,209,23,464,464,464,464,464
0,209,24,464,464,464,464,464
0,209,25,464,464,464,464,464
0,209,26,464,464,464,464,464
0,209,27,209,209,209,209,209
0,209,28,209,209,209,209,209
0,209,29,209,209,209,209,209
0,209,30,209,209,209,209,209
0,209,31,209,209,209,209,209
0,209,32,209,209,209,209,209
0,209,33,209,209,209,209,209
0,209,34,209,209,209,209,209
0,209,35,209,209,209,209,209
0,209,36,209,209,209,209,209
0,209,37,209,209,209,209,209
0,209,38,209,209,209,209,209
0,209,39,209,209,209,209,209
0,209,40,209,209,209,209,209
0,209,41,209,209,209,209,209
0,209,42,209,209,209,209,209
0,209,43,209,209,209,209,209
0,209,44,209,209,209,209,209
0,209,45,209,209,209,209,209
0,209,46,209,209,209,209,209
0,209,47,209,209,209,209,209
0,209,48,209,209,209,209,209
0,209,49,209,209,209,209,209
0,209,50,209,209,209,209,209
0,209,51,209,209,209,209,209
0,209,52,209,209,209,209,209
0,209,53,209,209,209,209,209
0,209,54,465,465,465,465,465
0,209,55,465,465,465,465,465
0,209,56,465,465,465,465,465
0,209,57,465,465,465,465,465
0,209,58,465,465,465,465,465
0,209,59,465,465,465,465,465
0,209,60,465,465,465,465,465
0,209,61,465,465,465,465,465
0,209,62,465,465,465,465,465
0,209,63,465,465,465,465,465
0,209,64,465,465,465,465,465
0,209,65,465,465,465,465,465
0,209,66,465,465,465,465,465
0,209,67,465,465,465,465,465
0,209,68,465,465,465,465,465
0,209,69,465,465,465,465,465
0,209,70,465,465,465,465,465
0,209,71,465,465,465,465,465
0,209,72,465,465,465,465,465
0,209,73,465,465,465,465,465
0,209,74,465,465,465,465,465
0,209,75,465,465,465,465,465
0,209,76,465,465,465,465,465
0,209,77,465,465,465,465,465
0,209,78,465,465,465,465,465
0,209,79,465,465,465,465,465
0,209,80,465,465,465,465,465
0,210,0,720,752,752,752,752
0,210,1,720,752,752,752,752
0,210,2,720,752,752,752,752
0,210,3,720,752,752,752,752
0,210,4,720,752,752,752,752
0,210,5,720,752,752,752,752
0,210,6,720,752,752,752,752
0,210,7,720,752,752,752,752
0,210,8,720,752,752,752,752
0,210,9,210,210,210,210,210
0,210,10,210,210,210,210,210
0,210,11,210,210,210,210,210
0,210,12,210,210,210,210,210
0,210,13,210,210,210,210,210
0,210,14,210,210,210,210,210
0,210,15,210,210,210,210,210
0,210,16,210,210,210,210,210
0,210,17,210,210,210,210,210
0,210,18,722,754,754,754,754
0,210,19,722,754,754,754,754
0,210,20,722,754,754,754,754
0,210,21,722,754,754,754,754
0,210,22,722,754,754,754,754
0,210,23,722,754,754,754,754
0,210,24,722,754,754,754,754
0,210,25,722,754,754,754,754
0,210,26,722,754,754,754,754
0,210,27,720,752,752,752,752
0,210,28,720,752,752,752,752
0,210,29,720,752,752,752,752
0,210,30,720,752,752,752,752
0,210,31,720,752,752,752,752
0,210,32,720,752,752,752,752
0,210,33,720,752,752,752,752
0,210,34,720,752,752,752,752
0,210,35,720,752,752,752,752
0,210,36,210,210,210,210,210
0,210,37,210,210,210,210,210
0,210,38,210,210,210,210,210
0,210,39,210,210,210,210,210
0,210,40,210,210,210,210,210
0,210,41,210,210,210,210,210
0,210,42,210,210,210,210,210
0,210,43,210,210,210,210,210
0,210,44,210,210,210,210,210
0,210,45,722,754,754,754,754
0,210,46,722,754,754,754,754
0,210,47,722,754,754,754,754
0,210,48,722,754,754,754,754
0,210,49,722,754,754,754,754
0,210,50,722,754,754,754,754
0,210,51,722,754,754,754,754
0,210,52,722,754,754,754,754
0,210,53,722,754,754,754,754
0,210,54,720,752,752,752,752
0,210,55,720,752,752,752,752
0,210,56,720,752,752,752,752
0,210,57,720,752,752,752,752
0,210,58,720,752,752,752,752
0,210,59,720,752,752,752,752
0,210,60,720,752,752,752,752
0,210,61,720,752,752,752,752
0,210,62,720,752,752,752,752
0,210,63,210,210,210,210,210
0,210,64,210,210,210,210,210
0,210,65,210,210,210,210,210
0,210,66,210,210,210,210,210
0,210,67,210,210,210,210,210
0,210,68,210,210,210,210,210
0,210,69,210,210,210,210,210
0,210,70,210,210,210,210,210
0,210,71,210,210,210,210,210
0,210,72,722,754,754,754,754
0,210,73,722,754,754,754,754
0,210,74,722,754,754,754,754
0,210,75,722,754,754,754,754
0,210,76,722,754,754,754,754
0,210,77,722,754,754,754,754
0,210,78,722,754,754,754,754
0,210,79,722,754,754,754,754
0,210,80,722,754,754,754,754
0,211,0,976,1008,1008,1008,1008
0,211,1,976,1008,1008,1008,1008
0,211,2,976,1008,1008,1008,1008
0,211,3,976,1008,1008,1008,1008
0,211,4,976,1008,1008,1008,1008
0,211,5,976,1008,1008,1008,1008
0,211,6,976,1008,1008,1008,1008
0,211,7,976,1008,1008,1008,1008
0,211,8,976,1008,1008,1008,1008
0,211,9,466,466,466,466,466
0,211,10,466,466,466,466,466
0,211,11,466,466,466,466,466
0,211,12,466,466,466,466,466
0,211,13,466,466,466,466,466
0,211,14,466,466,466,466,466
0,211,15,466,466,466,466,466
0,211,16,466,466,466,466,466
0,211,17,466,466,466,466,466
0,211,18,978,1010,1010,1010,1010
0,211,19,978,1010,1010,1010,1010
0,211,20,978,1010,1010,1010,1010
0,211,21,978,1010,1010,1010,1010
0,211,22,978,1010,1010,1010,1010
0,211,23,978,1010,1010,1010,1010
0,211,24,978,1010,1010,1010,1010
0,211,25,978,1010,1010,1010,1010
0,211,26,978,1010,1010,1010,1010
0,211,27,721,753,753,753,753
0,211,28,721,753,753,753,753
0,211,29,721,753,753,753,753
0,211,30,721,753,753,753,753
0,211,31,721,753,753,753,753
0,211,32,721,753,753,753,753
0,211,33,721,753,753,753,753
0,211,34,721,753,753,753,753
0,211,35,721,753,753,753,753
0,211,36,211,211,211,211,211
0,211,37,211,211,211,211,211
0,211,38,211,211,211,211,211
0,211,39,211,211,211,211,211
0,211,40,211,211,211,211,211
0,211,41,211,211,211,211,211
0,211,42,211,211,211,211,211
0,211,43,211,211,211,211,211
0,211,44,211,211,211,211,211
0,211,45,723,755,755,755,755
0,211,46,723,755,755,755,755
0,211,47,723,755,755,755,755
0,211,48,723,755,755,755,755
0,211,49,723,755,755,755,755
0,211,50,723,755,755,755,755
0,211,51,723,755,755,755,755
0,211,52,723,755,755,755,755
0,211,53,723,755,755,755,755
0,211,54,977,1009,1009,1009,1009
0,211,55,977,1009,1009,1009,1009
0,211,56,977,1009,1009,1009,1009
0,211,57,977,1009,1009,1009,1009
0,211,58,977,1009,1009,1009,1009
0,211,59,977,1009,1009,1009,1009
0,211,60,977,1009,1009,1009,1009
0,211,61,977,1009,1009,1009,1009
0,211,62,977,1009,1009,1009,1009
0,211,63,467,467,467,467,467
0,211,64,467,467,467,467,467
0,211,65,467,467,467,467,467
0,211,66,467,467,467,467,467
0,211,67,467,467,467,467,467
0,211,68,467,467,467,467,467
0,211,69,467,467,467,467,467
0,211,70,467,467,467,467,467
0,211,71,467,467,467,467,467
0,211,72,979,1011,1011,1011,1011
0,211,73,979,1011,1011,1011,1011
0,211,74,979,1011,1011,1011,1011
0,211,75,979,1011,1011,1011,1011
0,211,76,979,1011,1011,1011,1011
0,211,77,979,1011,1011,1011,1011
0,211,78,979,1011,1011,1011,1011
0,211,79,979,1011,1011,1011,1011
0,211,80,979,1011,1011,1011,1011
0,212,0,1232,1232,1232,1232,1232
0,212,1,1232,1232,1232,1232,1232
0,212,2,1232,1232,1232,1232,1232
0,212,3,212,212,212,212,212
0,212,4,212,212,212,212,212
0,212,5,212,212,212,212,212
0,212,6,1236,1236,1236,1236,1236
0,212,7,1236,1236,1236,1236,1236
0,212,8,1236,1236,1236,1236,1236
0,212,9,1232,1232,1232,1232,1232
0,212,10,1232,1232,1232,1232,1232
0,212,11,1232,1232,1232,1232,1232
0,212,12,212,212,212,212,212
0,212,13,212,212,212,212,212
0,212,14,212,212,212,212,212
0,212,15,1236,1236,1236,1236,1236
0,212,16,1236,1236,1236,1236,1236
0,212,17,1236,1236,1236,1236,1236
0,212,18,1232,1232,1232,1232,1232
0,212,19,1232,1232,1232,1232,1232
0,212,20,1232,1232,1232,1232,1232
0,212,21,212,212,212,212,212
0,212,22,212,212,212,212,212
0,212,23,212,212,212,212,212
0,212,24,1236,1236,1236,1236,1236
0,212,25,1236,1236,1236,1236,1236
0,212,26,1236,1236,1236,1236,1236
0,212,27,1232,1232,1232,1232,1232
0,212,28,1232,1232,1232,1232,1232
0,212,29,1232,1232,1232,1232,1232
0,212,30,212,212,212,212,212
0,212,31,212,212,212,212,212
0,212,32,212,212,212,212,212
0,212,33,1236,1236,1236,1236,1236
0,212,34,1236,1236,1236,1236,1236
0,212,35,1236,1236,1236,1236,1236
0,212,36,1232,1232,1232,1232,1232
0,212,37,1232,1232,1232,1232,1232
0,212,38,1232,1232,1232,1232,1232
0,212,39,212,212,212,212,212
0,212,40,212,212,212,212,212
0,212,41,212,212,212,212,212
0,212,42,1236,1236,1236,1236,1236
0,212,43,1236,1236,1236,1236,1236
0,212,44,1236,1236,1236,1236,1236
0,212,45,1232,1232,1232,1232,1232
0,212,46,1232,1232,1232,1232,1232
0,212,47,1232,1232,1232,1232,1232
0,212,48,212,212,212,212,212
0,212,49,212,212,212,212,212
0,212,50,212,212,212,212,212
0,212,51,1236,1236,1236,1236,1236
0,212,52,1236,1236,1236,1236,1236
0,212,53,1236,1236,1236,1236,1236
0,212,54,1232,1232,1232,1232,1232
0,212,55,1232,1232,1232,1232,1232
0,212,56,1232,1232,1232,1232,1232
0,212,57,212,212,212,212,212
0,212,58,212,212,212,212,212
0,212,59,212,212,212,212,212
0,212,60,1236,1236,1236,1236,1236
0,212,61,1236,1236,1236,1236,1236
0,212,62,1236,1236,1236,1236,1236
0,212,63,1232,1232,1232,1232,1232
0,212,64,1232,1232,1232,1232,1232
0,212,65,1232,1232,1232,1232,1232
0,212,66,212,212,212,212,212
0,212,67,212,212,212,212,212
0,212,68,212,212,212,212,212
0,212,69,1236,1236,1236,1236,1236
0,212,70,1236,1236,1236,1236,1236
0,212,71,1236,1236,1236,1236,1236
0,212,72,1232,1232,1232,1232,1232
0,212,73,1232,1232,1232,1232,1232
0,212,74,1232,1232,1232,1232,1232
0,212,75,212,212,212,212,212
0,212,76,212,212,212,212,212
0,212,77,212,212,212,212,212
0,212,78,1236,1236,1236,1236,1236
0,212,79,1236,1236,1236,1236,1236
0,212,80,1236,1236,1236,1236,1236
0,213,0,1488,1488,1488,1488,1488
0,213,1,1488,1488,1488,1488,1488
0,213,2,1488,1488,1488,1488,1488
0,213,3,468,468,468,468,468
0,213,4,468,468,468,468,468
0,213,5,468,468,468,468,468
0,213,6,1492,1492,1492,1492,1492
0,213,7,1492,1492,1492,1492,1492
0,213,8,1492,1492,1492,1492,1492
0,213,9,1488,1488,1488,1488,1488
0,213,10,1488,1488,1488,1488,1488
0,213,11,1488,1488,1488,1488,1488
0,213,12,468,468,468,468,468
0,213,13,468,468,468,468,468
0,213,14,468,468,468,468,468
0,213,15,1492,1492,1492,1492,1492
0,213,16,1492,1492,1492,1492,1492
0,213,17,1492,1492,1492,1492,1492
0,213,18,1488,1488,1488,1488,1488
0,213,19,1488,1488,1488,1488,1488
0,213,20,1488,1488,1488,1488,1488
0,213,21,468,468,468,468,468
0,213,22,468,468,468,468,468
0,213,23,468,468,468,468,468
0,213,24,1492,1492,1492,1492,1492
0,213,25,1492,1492,1492,1492,1492
0,213,26,1492,1492,1492,1492,1492
0,213,27,1233,1233,1233,1233,1233
0,213,28,1233,1233,1233,1233,1233
0,213,29,1233,1233,1233,1233,1233
0,213,30,213,213,213,213,213
0,213,31,213,213,213,213,213
0,213,32,213,213,213,213,213
0,213,33,1237,1237,1237,1237,1237
0,213,34,1237,1237,1237,1237,1237
0,213,35,1237,1237,1237,1237,1237
0,213,36,1233,1233,1233,1233,1233
0,213,37,1233,1233,1233,1233,1233
0,213,38,1233,1233,1233,1233,1233
0,213,39,213,213,213,213,213
0,213,40,213,213,213,213,213
0,213,41,213,213,213,213,213
0,213,42,1237,1237,1237,1237,1237
0,213,43,1237,1237,1237,1237,1237
0,213,44,1237,1237,1237,1237,1237
0,213,45,1233,1233,1233,1233,1233
0,213,46,1233,1233,1233,1233,1233
0,213,47,1233,1233,1233,1233,1233
0,213,48,213,213,213,213,213
0,213,49,213,213,213,213,213
0,213,50,213,213,213,213,213
0,213,51,1237,1237,1237,1237,1237
0,213,52,1237,1237,1237,1237,1237
0,213,53,1237,1237,1237,1237,1237
0,213,54,1489,1489,1489,1489,1489
0,213,55,1489,1489,1489,1489,1489
0,213,56,1489,1489,1489,1489,1489
0,213,57,469,469,469,469,469
0,213,58,469,469,469,469,469
0,213,59,469,469,469,469,469
0,213,60,1493,1493,1493,1493,1493
0,213,61,1493,1493,1493,1493,1493
0,213,62,1493,1493,1493,1493,1493
0,213,63,1489,1489,1489,1489,1489
0,213,64,1489,1489,1489,1489,1489
0,213,65,1489,1489,1489,1489,1489
0,213,66,469,469,469,469,469
0,213,67,469,469,469,469,469
0,213,68,469,469,469,469,469
0,213,69,1493,1493,1493,1493,1493
0,213,70,1493,1493,1493,1493,1493
0,213,71,1493,1493,1493,1493,1493
0,213,72,1489,1489,1489,1489,1489
0,213,73,1489,1489,1489,1489,1489
0,213,74,1489,1489,1489,1489,1489
0,213,75,469,469,469,469,469
0,213,76,469,469,469,469,469
0,213,77,469,469,469,469,469
0,213,78,1493,1493,1493,1493,1493
0,213,79,1493,1493,1493,1493,1493
0,213,80,1493,1493,1493,1493,1493
0,214,0,1744,3824,3824,3824,3824
0,214,1,1744,1784,1784,1784,1784
0,214,2,1744,3832,3832,3832,3832
0,214,3,724,2804,2804,2804,2804
0,214,4,724,764,764,764,764
0,214,5,724,2812,2812,2812,2812
0,214,6,1748,3828,3828,3828,3828
0,214,7,1748,1788,1788,1788,1788
0,214,8,1748,3836,3836,3836,3836
0,214,9,1234,3282,3282,3282,3282
0,214,10,1234,1242,1242,1242,1242
0,214,11,1234,3290,3290,3290,3290
0,214,12,214,214,214,214,214
0,214,13,214,214,214,214,214
0,214,14,214,214,214,214,214
0,214,15,1238,3286,3286,3286,3286
0,214,16,1238,1246,1246,1246,1246
0,214,17,1238,3294,3294,3294,3294
0,214,18,1746,3826,3826,3826,3826
0,214,19,1746,1786,1786,1786,1786
0,214,20,1746,3834,3834,3834,3834
0,214,21,726,2806,2806,2806,2806
0,214,22,726,766,766,766,766
0,214,23,726,2814,2814,2814,2814
0,214,24,1750,3830,3830,3830,3830
0,214,25,1750,1790,1790,1790,1790
0,214,26,1750,3838,3838,3838,3838
0,214,27,1744,3824,3824,3824,3824
0,214,28,1744,1784,1784,1784,1784
0,214,29,1744,3832,3832,3832,3832
0,214,30,724,2804,2804,2804,2804
0,214,31,724,764,764,764,764
0,214,32,724,2812,2812,2812,2812
0,214,33,1748,3828,3828,3828,3828
0,214,34,1748,1788,1788,1788,1788
0,214,35,1748,3836,3836,3836,3836
0,214,36,1234,3282,3282,3282,3282
0,214,37,1234,1242,1242,1242,1242
0,214,38,1234,3290,3290,3290,3290
0,214,39,214,214,214,214,214
0,214,40,214,214,214,214,214
0,214,41,214,214,214,214,214
0,214,42,1238,3286,3286,3286,3286
0,214,43,1238,1246,1246,1246,1246
0,214,44,1238,3294,3294,3294,3294
0,214,45,1746,3826,3826,3826,3826
0,214,46,1746,1786,1786,1786,1786
0,214,47,1746,3834,3834,3834,3834
0,214,48,726,2806,2806,2806,2806
0,214,49,726,766,766,766,766
0,214,50,726,2814,2814,2814,2814
0,214,51,1750,3830,3830,3830,3830
0,214,52,1750,1790,1790,1790,1790
0,214,53,1750,3838,3838,3838,3838
0,214,54,1744,3824,3824,3824,3824
0,214,55,1744,1784,1784,1784,1784
0,214,56,1744,3832,3832,3832,3832
0,214,57,724,2804,2804,2804,2804
0,214,58,724,764,764,764,764
0,214,59,724,2812,2812,2812,2812
0,214,60,1748,3828,3828,3828,3828
0,214,61,1748,1788,1788,1788,1788
0,214,62,1748,3836,3836,3836,3836
0,214,63,1234,3282,3282,3282,3282
0,214,64,1234,1242,1242,1242,1242
0,214,65,1234,3290,3290,3290,3290
0,214,66,214,214,214,214,214
0,214,67,214,214,214,214,214
0,214,68,214,214,214,214,214
0,214,69,1238,3286,3286,3286,3286
0,214,70,1238,1246,1246,1246,1246
0,214,71,1238,3294,3294,3294,3294
0,214,72,1746,3826,3826,3826,3826
0,214,73,1746,1786,1786,1786,1786
0,214,74,1746,3834,3834,3834,3834
0,214,75,726,2806,2806,2806,2806
0,214,76,726,766,766,766,766
0,214,77,726,2814,2814,2814,2814
0,214,78,1750,3830,3830,3830,3830
0,214,79,1750,1790,1790,1790,1790
0,214,80,1750,3838,3838,3838,3838
0,215,0,2000,4080,4080,4080,4080
0,215,1,2000,2040,2040,2040,2040
0,215,2,2000,4088,4088,4088,4088
0,215,3,980,3060,3060,3060,3060
0,215,4,980,1020,1020,1020,1020
0,215,5,980,3068,3068,3068,3068
0,215,6,2004,4084,4084,4084,4084
0,215,7,2004,2044,2044,2044,2044
0,215,8,2004,4092,4092,4092,4092
0,215,9,1490,3538,3538,3538,3538
0,215,10,1490,1498,1498,1498,1498
0,215,11,1490,3546,3546,3546,3546
0,215,12,470,470,470,470,470
0,215,13,470,470,470,470,470
0,215,14,470,470,470,470,470
0,215,15,1494,3542,3542,3542,3542
0,215,16,1494,1502,1502,1502,1502
0,215,17,1494,3550,3550,3550,3550
0,215,18,2002,4082,4082,4082,4082
0,215,19,2002,2042,2042,2042,2042
0,215,20,2002,4090,4090,4090,4090
0,215,21,982,3062,3062,3062,3062
0,215,22,982,1022,1022,1022,1022
0,215,23,982,3070,3070,3070,3070
0,215,24,2006,4086,4086,4086,4086
0,215,25,2006,2046,2046,2046,2046
0,215,26,2006,4094,4094,4094,4094
0,215,27,1745,3825,3825,3825,3825
0,215,28,1745,1785,1785,1785,1785
0,215,29,1745,3833,3833,3833,3833
0,215,30,725,2805,2805,2805,2805
0,215,31,725,765,765,765,765
0,215,32,725,2813,2813,2813,2813
0,215,33,1749,3829,3829,3829,3829
0,215,34,1749,1789,1789,1789,1789
0,215,35,1749,3837,3837,3837,3837
0,215,36,1235,3283,3283,3283,3283
0,215,37,1235,1243,1243,1243,1243
0,215,38,1235,3291,3291,3291,3291
0,215,39,215,215,215,215,215
0,215,40,215,215,215,215,215
0,215,41,215,215,215,215,215
0,215,42,1239,3287,3287,3287,3287
0,215,43,1239,1247,1247,1247,1247
0,215,44,1239,3295,3295,3295,3295
0,215,45,1747,3827,3827,3827,3827
0,215,46,1747,1787,1787,1787,1787
0,215,47,1747,3835,3835,3835,3835
0,215,48,727,2807,2807,2807,2807
0,215,49,727,767,767,767,767
0,215,50,727,2815,2815,2815,2815
0,215,51,1751,3831,3831,3831,3831
0,215,52,1751,1791,1791,1791,1791
0,215,53,1751,3839,3839,3839,3839
0,215,54,2001,4081,4081,4081,4081
0,215,55,2001,2041,2041,2041,2041
0,215,56,2001,4089,4089,4089,4089
0,215,57,981,3061,3061,3061,3061
0,215,58,981,1021,1021,1021,1021
0,215,59,981,3069,3069,3069,3069
0,215,60,2005,4085,4085,4085,4085
0,215,61,2005,2045,2045,2045,2045
0,215,62,2005,4093,4093,4093,4093
0,215,63,1491,3539,3539,3539,3539
0,215,64,1491,1499,1499,1499,1499
0,215,65,1491,3547,3547,3547,3547
0,215,66,471,471,471,471,471
0,215,67,471,471,471,471,471
0,215,68,471,471,471,471,471
0,215,69,1495,3543,3543,3543,3543
0,215,70,1495,1503,1503,1503,1503
0,215,71,1495,3551,3551,3551,3551
0,215,72,2003,4083,4083,4083,4083
0,215,73,2003,2043,2043,2043,2043
0,215,74,2003,4091,4091,4091,4091
0,215,75,983,3063,3063,3063,3063
0,215,76,983,1023,1023,1023,1023
0,215,77,983,3071,3071,3071,3071
0,215,78,2007,4087,4087,4087,4087
0,215,79,2007,2047,2047,2047,2047
0,215,80,2007,4095,4095,4095,4095
0,216,0,2256,2256,2256,2256,2256
0,216,1,216,216,216,216,216
0,216,2,2264,2264,2264,2264,2264
0,216,3,2256,2256,2256,2256,2256
0,216,4,216,216,216,216,216
0,216,5,2264,2264,2264,2264,2264
0,216,6,2256,2256,2256,2256,2256
0,216,7,216,216,216,216,216
0,216,8,2264,2264,2264,2264,2264
0,216,9,2256,2256,2256,2256,2256
0,216,10,216,216,216,216,216
0,216,11,2264,2264,2264,2264,2264
0,216,12,2256,2256,2256,2256,2256
0,216,13,216,216,216,216,216
0,216,14,2264,2264,2264,2264,2264
0,216,15,2256,2256,2256,2256,2256
0,216,16,216,216,216,216,216
0,216,17,2264,2264,2264,2264,2264
0,216,18,2256,2256,2256,2256,2256
0,216,19,216,216,216,216,216
0,216,20,2264,2264,2264,2264,2264
0,216,21,2256,2256,2256,2256,2256
0,216,22,216,216,216,216,216
0,216,23,2264,2264,2264,2264,2264
0,216,24,2256,2256,2256,2256,2256
0,216,25,216,216,216,216,216
0,216,26,2264,2264,2264,2264,2264
0,216,27,2256,2256,2256,2256,2256
0,216,28,216,216,216,216,216
0,216,29,2264,2264,2264,2264,2264
0,216,30,2256,2256,2256,2256,2256
0,216,31,216,216,216,216,216
0,216,32,2264,2264,2264,2264,2264
0,216,33,2256,2256,2256,2256,2256
0,216,34,216,216,216,216,216
0,216,35,2264,2264,2264,2264,2264
0,216,36,2256,2256,2256,2256,2256
0,216,37,216,216,216,216,216
0,216,38,2264,2264,2264,2264,2264
0,216,39,2256,2256,2256,2256,2256
0,216,40,216,216,216,216,216
0,216,41,2264,2264,2264,2264,2264
0,216,42,2256,2256,2256,2256,2256
0,216,43,216,216,216,216,216
0,216,44,2264,2264,2264,2264,2264
0,216,45,2256,2256,2256,2256,2256
0,216,46,216,216,216,216,216
0,216,47,2264,2264,2264,2264,2264
0,216,48,2256,2256,2256,2256,2256
0,216,49,216,216,216,216,216
0,216,50,2264,2264,2264,2264,2264
0,216,51,2256,2256,2256,2256,2256
0,216,52,216,216,216,216,216
0,216,53,2264,2264,2264,2264,2264
0,216,54,2256,2256,2256,2256,2256
0,216,55,216,216,216,216,216
0,216,56,2264,2264,2264,2264,2264
0,216,57,2256,2256,2256,2256,2256
0,216,58,216,216,216,216,216
0,216,59,2264,2264,2264,2264,2264
0,216,60,2256,2256,2256,2256,2256
0,216,61,216,216,216,216,216
0,216,62,2264,2264,2264,2264,2264
0,216,63,2256,2256,2256,2256,2256
0,216,64,216,216,216,216,216
0,216,65,2264,2264,2264,2264,2264
0,216,66,2256,2256,2256,2256,2256
0,216,67,216,216,216,216,216
0,216,68,2264,2264,2264,2264,2264
0,216,69,2256,2256,2256,2256,2256
0,216,70,216,216,216,216,216
0,216,71,2264,2264,2264,2264,2264
0,216,72,2256,2256,2256,2256,2256
0,216,73,216,216,216,216,216
0,216,74,2264,2264,2264,2264,2264
0,216,75,2256,2256,2256,2256,2256
0,216,76,216,216,216,216,216
0,216,77,2264,2264,2264,2264,2264
0,216,78,2256,2256,2256,2256,2256
0,216,79,216,216,216,216,216
0,216,80,2264,2264,2264,2264,2264
0,217,0,2512,2512,2512,2512,2512
0,217,1,472,472,472,472,472
0,217,2,2520,2520,2520,2520,2520
0,217,3,2512,2512,2512,2512,2512
0,217,4,472,472,472,472,472
0,217,5,2520,2520,2520,2520,2520
0,217,6,2512,2512,2512,2512,2512
0,217,7,472,472,472,472,472
0,217,8,2520,2520,2520,2520,2520
0,217,9,2512,2512,2512,2512,2512
0,217,10,472,472,472,472,472
0,217,11,2520,2520,2520,2520,2520
0,217,12,2512,2512,2512,2512,2512
0,217,13,472,472,472,472,472
0,217,14,2520,2520,2520,2520,2520
0,217,15,2512,2512,2512,2512,2512
0,217,16,472,472,472,472,472
0,217,17,2520,2520,2520,2520,2520
0,217,18,2512,2512,2512,2512,2512
0,217,19,472,472,472,472,472
0,217,20,2520,2520,2520,2520,2520
0,217,21,2512,2512,2512,2512,2512
0,217,22,472,472,472,472,472
0,217,23,2520,2520,2520,2520,2520
0,217,24,2512,2512,2512,2512,2512
0,217,25,472,472,472,472,472
0,217,26,2520,2520,2520,2520,2520
0,217,27,2257,2257,2257,2257,2257
0,217,28,217,217,217,217,217
0,217,29,2265,2265,2265,2265,2265
0,217,30,2257,2257,2257,2257,2257
0,217,31,217,217,217,217,217
0,217,32,2265,2265,2265,2265,2265
0,217,33,2257,2257,2257,2257,2257
0,217,34,217,217,217,217,217
0,217,35,2265,2265,2265,2265,2265
0,217,36,2257,2257,2257,2257,2257
0,217,37,217,217,217,217,217
0,217,38,2265,2265,2265,2265,2265
0,217,39,2257,2257,2257,2257,2257
0,217,40,217,217,217,217,217
0,217,41,2265,2265,2265,2265,2265
0,217,42,2257,2257,2257,2257,2257
0,217,43,217,217,217,217,217
0,217,44,2265,2265,2265,2265,2265
0,217,45,2257,2257,2257,2257,2257
0,217,46,217,217,217,217,217
0,217,47,2265,2265,2265,2265,2265
0,217,48,2257,2257,2257,2257,2257
0,217,49,217,217,217,217,217
0,217,50,2265,2265,2265,2265,2265
0,217,51,2257,2257,2257,2257,2257
0,217,52,217,217,217,217,217
0,217,53,2265,2265,2265,2265,2265
0,217,54,2513,2513,2513,2513,2513
0,217,55,473,473,473,473,473
0,217,56,2521,2521,2521,2521,2521
0,217,57,2513,2513,2513,2513,2513
0,217,58,473,473,473,473,473
0,217,59,2521,2521,2521,2521,2521
0,217,60,2513,2513,2513,2513,2513
0,217,61,473,473,473,473,473
0,217,62,2521,2521,2521,2521,2521
0,217,63,2513,2513,2513,2513,2513
0,217,64,473,473,473,473,473
0,217,65,2521,2521,2521,2521,2521
0,217,66,2513,2513,2513,2513,2513
0,217,67,473,473,473,473,473
0,217,68,2521,2521,2521,2521,2521
0,217,69,2513,2513,2513,2513,2513
0,217,70,473,473,473,473,473
0,217,71,2521,2521,2521,2521,2521
0,217,72,2513,2513,2513,2513,2513
0,217,73,473,473,473,473,473
0,217,74,2521,2521,2521,2521,2521
0,217,75,2513,2513,2513,2513,2513
0,217,76,473,473,473,473,473
0,217,77,2521,2521,2521,2521,2521
0,217,78,2513,2513,2513,2513,2513
0,217,79,473,473,473,473,473
0,217,80,2521,2521,2521,2521,2521
0,218,0,2768,2800,2800,2800,2800
0,218,1,728,760,760,760,760
0,218,2,2776,2808,2808,2808,2808
0,218,3,2768,2800,2800,2800,2800
0,218,4,728,760,760,760,760
0,218,5,2776,2808,2808,2808,2808
0,218,6,2768,2800,2800,2800,2800
0,218,7,728,760,760,760,760
0,218,8,2776,2808,2808,2808,2808
0,218,9,2258,2258,2258,2258,2258
0,218,10,218,218,218,218,218
0,218,11,2266,2266,2266,2266,2266
0,218,12,2258,2258,2258,2258,2258
0,218,13,218,218,218,218,218
0,218,14,2266,2266,2266,2266,2266
0,218,15,2258,2258,2258,2258,2258
0,218,16,218,218,218,218,218
0,218,17,2266,2266,2266,2266,2266
0,218,18,2770,2802,2802,2802,2802
0,218,19,730,762,762,762,762
0,218,20,2778,2810,2810,2810,2810
0,218,21,2770,2802,2802,2802,2802
0,218,22,730,762,762,762,762
0,218,23,2778,2810,2810,2810,2810
0,218,24,2770,2802,2802,2802,2802
0,218,25,730,762,762,762,762
0,218,26,2778,2810,2810,2810,2810
0,218,27,2768,2800,2800,2800,2800
0,218,28,728,760,760,760,760
0,218,29,2776,2808,2808,2808,2808
0,218,30,2768,2800,2800,2800,2800
0,218,31,728,760,760,760,760
0,218,32,2776,2808,2808,2808,2808
0,218,33,2768,2800,2800,2800,2800
0,218,34,728,760,760,760,760
0,218,35,2776,2808,2808,2808,2808
0,218,36,2258,2258,2258,2258,2258
0,218,37,218,218,218,218,218
0,218,38,2266,2266,2266,2266,2266
0,218,39,2258,2258,2258,2258,2258
0,218,40,218,218,218,218,218
0,218,41,2266,2266,2266,2266,2266
0,218,42,2258,2258,2258,2258,2258
0,218,43,218,218,218,218,218
0,218,44,2266,2266,2266,2266,2266
0,218,45,2770,2802,2802,2802,2802
0,218,46,730,762,762,762,762
0,218,47,2778,2810,2810,2810,2810
0,218,48,2770,2802,2802,2802,2802
0,218,49,730,762,762,762,762
0,218,50,2778,2810,2810,2810,2810
0,218,51,2770,2802,2802,2802,2802
0,218,52,730,762,762,762,762
0,218,53,2778,2810,2810,2810,2810
0,218,54,2768,2800,2800,2800,2800
0,218,55,728,760,760,760,760
0,218,56,2776,2808,2808,2808,2808
0,218,57,2768,2800,2800,2800,2800
0,218,58,728,760,760,760,760
0,218,59,2776,2808,2808,2808,2808
0,218,60,2768,2800,2800,2800,2800
0,218,61,728,760,760,760,760
0,218,62,2776,2808,2808,2808,2808
0,218,63,2258,2258,2258,2258,2258
0,218,64,218,218,218,218,218
0,218,65,2266,2266,2266,2266,2266
0,218,66,2258,2258,2258,2258,2258
0,218,67,218,218,218,218,218
0,218,68,2266,2266,2266,2266,2266
0,218,69,2258,2258,2258,2258,2258
0,218,70,218,218,218,218,218
0,218,71,2266,2266,2266,2266,2266
0,218,72,2770,2802,2802,2802,2802
0,218,73,730,762,762,762,762
0,218,74,2778,2810,2810,2810,2810
0,218,75,2770,2802,2802,2802,2802
0,218,76,730,762,762,762,762
0,218,77,2778,2810,2810,2810,2810
0,218,78,2770,2802,2802,2802,2802
0,218,79,730,762,762,762,762
0,218,80,2778,2810,2810,2810,2810
0,219,0,3024,3056,3056,3056,3056
0,219,1,984,1016,1016,1016,1016
0,219,2,3032,3064,3064,3064,3064
0,219,3,3024,3056,3056,3056,3056
0,219,4,984,1016,1016,1016,1016
0,219,5,3032,3064,3064,3064,3064
0,219,6,3024,3056,3056,3056,3056
0,219,7,984,1016,1016,1016,1016
0,219,8,3032,3064,3064,3064,3064
0,219,9,2514,2514,2514,2514,2514
0,219,10,474,474,474,474,474
0,219,11,2522,2522,2522,2522,2522
0,219,12,2514,2514,2514,2514,2514
0,219,13,474,474,474,474,474
0,219,14,2522,2522,2522,2522,2522
0,219,15,2514,2514,2514,2514,2514
0,219,16,474,474,474,474,474
0,219,17,2522,2522,2522,2522,2522
0,219,18,3026,3058,3058,3058,3058
0,219,19,986,1018,1018,1018,1018
0,219,20,3034,3066,3066,3066,3066
0,219,21,3026,3058,3058,3058,3058
0,219,22,986,1018,1018,1018,1018
0,219,23,3034,3066,3066,3066,3066
0,219,24,3026,3058,3058,3058,3058
0,219,25,986,1018,1018,1018,1018
0,219,26,3034,3066,3066,3066,3066
0,219,27,2769,2801,2801,2801,2801
0,219,28,729,761,761,761,761
0,219,29,2777,2809,2809,2809,2809
0,219,30,2769,2801,2801,2801,2801
0,219,31,729,761,761,761,761
0,219,32,2777,2809,2809,2809,2809
0,219,33,2769,2801,2801,2801,2801
0,219,34,729,761,761,761,761
0,219,35,2777,2809,2809,2809,2809
0,219,36,2259,2259,2259,2259,2259
0,219,37,219,219,219,219,219
0,219,38,2267,2267,2267,2267,2267
0,219,39,2259,2259,2259,2259,2259
0,219,40,219,219,219,219,219
0,219,41,2267,2267,2267,2267,2267
0,219,42,2259,2259,2259,2259,2259
0,219,43,219,219,219,219,219
0,219,44,2267,2267,2267,2267,2267
0,219,45,2771,2803,2803,2803,2803
0,219,46,731,763,763,763,763
0,219,47,2779,2811,2811,2811,2811
0,219,48,2771,2803,2803,2803,2803
0,219,49,731,763,763,763,763
0,219,50,2779,2811,2811,2811,2811
0,219,51,2771,2803,2803,2803,2803
0,219,52,731,763,763,763,763
0,219,53,2779,2811,2811,2811,2811
0,219,54,3025,3057,3057,3057,3057
0,219,55,985,1017,1017,1017,1017
0,219,56,3033,3065,3065,3065,3065
0,219,57,3025,3057,3057,3057,3057
0,219,58,985,1017,1017,1017,1017
0,219,59,3033,3065,3065,3065,3065
0,219,60,3025,3057,3057,3057,3057
0,219,61,985,1017,1017,1017,1017
0,219,62,3033,3065,3065,3065,3065
0,219,63,2515,2515,2515,2515,2515
0,219,64,475,475,475,475,475
0,219,65,2523,2523,2523,2523,2523
0,219,66,2515,2515,2515,2515,2515
0,219,67,475,475,475,475,475
0,219,68,2523,2523,2523,2523,2523
0,219,69,2515,2515,2515,2515,2515
0,219,70,475,475,475,475,475
0,219,71,2523,2523,2523,2523,2523
0,219,72,3027,3059,3059,3059,3059
0,219,73,987,1019,1019,1019,1019
0,219,74,3035,3067,3067,3067,3067
0,219,75,3027,3059,3059,3059,3059
0,219,76,987,1019,1019,1019,1019
0,219,77,3035,3067,3067,3067,3067
0,219,78,3027,3059,3059,3059,3059
0,219,79,987,1019,1019,1019,1019
0,219,80,3035,3067,3067,3067,3067
0,220,0,3280,3280,3280,3280,3280
0,220,1,1240,1240,1240,1240,1240
0,220,2,3288,3288,3288,3288,3288
0,220,3,2260,2260,2260,2260,2260
0,220,4,220,220,220,220,220
0,220,5,2268,2268,2268,2268,2268
0,220,6,3284,3284,3284,3284,3284
0,220,7,1244,1244,1244,1244,1244
0,220,8,3292,3292,3292,3292,3292
0,220,9,3280,3280,3280,3280,3280
0,220,10,1240,1240,1240,1240,1240
0,220,11,3288,3288,3288,3288,3288
0,220,12,2260,2260,2260,2260,2260
0,220,13,220,220,220,220,220
0,220,14,2268,2268,2268,2268,2268
0,220,15,3284,3284,3284,3284,3284
0,220,16,1244,1244,1244,1244,1244
0,220,17,3292,3292,3292,3292,3292
0,220,18,3280,3280,3280,3280,3280
0,220,19,1240,1240,1240,1240,1240
0,220,20,3288,3288,3288,3288,3288
0,220,21,2260,2260,2260,2260,2260
0,220,22,220,220,220,220,220
0,220,23,2268,2268,2268,2268,2268
0,220,24,3284,3284,3284,3284,3284
0,220,25,1244,1244,1244,1244,1244
0,220,26,3292,3292,3292,3292,3292
0,220,27,3280,3280,3280,3280,3280
0,220,28,1240,1240,1240,1240,1240
0,220,29,3288,3288,3288,3288,3288
0,220,30,2260,2260,2260,2260,2260
0,220,31,220,220,220,220,220
0,220,32,2268,2268,2268,2268,2268
0,220,33,3284,3284,3284,3284,3284
0,220,34,1244,1244,1244,1244,1244
0,220,35,3292,3292,3292,3292,3292
0,220,36,3280,3280,3280,3280,3280
0,220,37,1240,1240,1240,1240,1240
0,220,38,3288,3288,3288,3288,3288
0,220,39,2260,2260,2260,2260,2260
0,220,40,220,220,220,220,220
0,220,41,2268,2268,2268,2268,2268
0,220,42,3284,3284,3284,3284,3284
0,220,43,1244,1244,1244,1244,1244
0,220,44,3292,3292,3292,3292,3292
0,220,45,3280,3280,3280,3280,3280
0,220,46,1240,1240,1240,1240,1240
0,220,47,3288,3288,3288,3288,3288
0,220,48,2260,2260,2260,2260,2260
0,220,49,220,220,220,220,220
0,220,50,2268,2268,2268,2268,2268
0,220,51,3284,3284,3284,3284,3284
0,220,52,1244,1244,1244,1244,1244
0,220,53,3292,3292,3292,3292,3292
0,220,54,3280,3280,3280,3280,3280
0,220,55,1240,1240,1240,1240,1240
0,220,56,3288,3288,3288,3288,3288
0,220,57,2260,2260,2260,2260,2260
0,220,58,220,220,220,220,220
0,220,59,2268,2268,2268,2268,2268
0,220,60,3284,3284,3284,3284,3284
0,220,61,1244,1244,1244,1244,1244
0,220,62,3292,3292,3292,3292,3292
0,220,63,3280,3280,3280,3280,3280
0,220,64,1240,1240,1240,1240,1240
0,220,65,3288,3288,3288,3288,3288
0,220,66,2260,2260,2260,2260,2260
0,220,67,220,220,220,220,220
0,220,68,2268,2268,2268,2268,2268
0,220,69,3284,3284,3284,3284,3284
0,220,70,1244,1244,1244,1244,1244
0,220,71,3292,3292,3292,3292,3292
0,220,72,3280,3280,3280,3280,3280
0,220,73,1240,1240,1240,1240,1240
0,220,74,3288,3288,3288,3288,3288
0,220,75,2260,2260,2260,2260,2260
0,220,76,220,220,220,220,220
0,220,77,2268,2268,2268,2268,2268
0,220,78,3284,3284,3284,3284,3284
0,220,79,1244,1244,1244,1244,1244
0,220,80,3292,3292,3292,3292,3292
0,221,0,3536,3536,3536,3536,3536
0,221,1,1496,1496,1496,1496,1496
0,221,2,3544,3544,3544,3544,3544
0,221,3,2516,2516,2516,2516,2516
0,221,4,476,476,476,476,476
0,221,5,2524,2524,2524,2524,2524
0,221,6,3540,3540,3540,3540,3540
0,221,7,1500,1500,1500,1500,1500
0,221,8,3548,3548,3548,3548,3548
0,221,9,3536,3536,3536,3536,3536
0,221,10,1496,1496,1496,1496,1496
0,221,11,3544,3544,3544,3544,3544
0,221,12,2516,2516,2516,2516,2516
0,221,13,476,476,476,476,476
0,221,14,2524,2524,2524,2524,2524
0,221,15,3540,3540,3540,3540,3540
0,221,16,1500,1500,1500,1500,1500
0,221,17,3548,3548,3548,3548,3548
0,221,18,3536,3536,3536,3536,3536
0,221,19,1496,1496,1496,1496,1496
0,221,20,3544,3544,3544,3544,3544
0,221,21,2516,2516,2516,2516,2516
0,221,22,476,476,476,476,476
0,221,23,2524,2524,2524,2524,2524
0,221,24,3540,3540,3540,3540,3540
0,221,25,1500,1500,1500,1500,1500
0,221,26,3548,3548,3548,3548,3548
0,221,27,3281,3281,3281,3281,3281
0,221,28,1241,1241,1241,1241,1241
0,221,29,3289,3289,3289,3289,3289
0,221,30,2261,2261,2261,2261,2261
0,221,31,221,221,221,221,221
0,221,32,2269,2269,2269,2269,2269
0,221,33,3285,3285,3285,3285,3285
0,221,34,1245,1245,1245,1245,1245
0,221,35,3293,3293,3293,3293,3293
0,221,36,3281,3281,3281,3281,3281
0,221,37,1241,1241,1241,1241,1241
0,221,38,3289,3289,3289,3289,3289
0,221,39,2261,2261,2261,2261,2261
0,221,40,221,221,221,221,221
0,221,41,2269,2269,2269,2269,2269
0,221,42,3285,3285,3285,3285,3285
0,221,43,1245,1245,1245,1245,1245
0,221,44,3293,3293,3293,3293,3293
0,221,45,3281,3281,3281,3281,3281
0,221,46,1241,1241,1241,1241,1241
0,221,47,3289,3289,3289,3289,3289
0,221,48,2261,2261,2261,2261,2261
0,221,49,221,221,221,221,221
0,221,50,2269,2269,2269,2269,2269
0,221,51,3285,3285,3285,3285,3285
0,221,52,1245,1245,1245,1245,1245
0,221,53,3293,3293,3293,3293,3293
0,221,54,3537,3537,3537,3537,3537
0,221,55,1497,1497,1497,1497,1497
0,221,56,3545,3545,3545,3545,3545
0,221,57,2517,2517,2517,2517,2517
0,221,58,477,477,477,477,477
0,221,59,2525,2525,2525,2525,2525
0,221,60,3541,3541,3541,3541,3541
0,221,61,1501,1501,1501,1501,1501
0,221,62,3549,3549,3549,3549,3549
0,221,63,3537,3537,3537,3537,3537
0,221,64,1497,1497,1497,1497,1497
0,221,65,3545,3545,3545,3545,3545
0,221,66,2517,2517,2517,2517,2517
0,221,67,477,477,477,477,477
0,221,68,2525,2525,2525,2525,2525
0,221,69,3541,3541,3541,3541,3541
0,221,70,1501,1501,1501,1501,1501
0,221,71,3549,3549,3549,3549,3549
0,221,72,3537,3537,3537,3537,3537
0,221,73,1497,1497,1497,1497,1497
0,221,74,3545,3545,3545,3545,3545
0,221,75,2517,2517,2517,2517,2517
0,221,76,477,477,477,477,477
0,221,77,2525,2525,2525,2525,2525
0,221,78,3541,3541,3541,3541,3541
0,221,79,1501,1501,1501,1501,1501
0,221,80,3549,3549,3549,3549,3549
0,222,0,3792,3824,3824,3824,3824
0,222,1,1752,1784,1784,1784,1784
0,222,2,3800,3832,3832,3832,3832
0,222,3,2772,2804,2804,2804,2804
0,222,4,732,764,764,764,764
0,222,5,2780,2812,2812,2812,2812
0,222,6,3796,3828,3828,3828,3828
0,222,7,1756,1788,1788,1788,1788
0,222,8,3804,3836,3836,3836,3836
0,222,9,3282,3282,3282,3282,3282
0,222,10,1242,1242,1242,1242,1242
0,222,11,3290,3290,3290,3290,3290
0,222,12,2262,2262,2262,2262,2262
0,222,13,222,222,222,222,222
0,222,14,2270,2270,2270,2270,2270
0,222,15,3286,3286,3286,3286,3286
0,222,16,1246,1246,1246,1246,1246
0,222,17,3294,3294,3294,3294,3294
0,222,18,3794,3826,3826,3826,3826
0,222,19,1754,1786,1786,1786,1786
0,222,20,3802,3834,3834,3834,3834
0,222,21,2774,2806,2806,2806,2806
0,222,22,734,766,766,766,766
0,222,23,2782,2814,2814,2814,2814
0,222,24,3798,3830,3830,3830,3830
0,222,25,1758,1790,1790,1790,1790
0,222,26,3806,3838,3838,3838,3838
0,222,27,3792,3824,3824,3824,3824
0,222,28,1752,1784,1784,1784,1784
0,222,29,3800,3832,3832,3832,3832
0,222,30,2772,2804,2804,2804,2804
0,222,31,732,764,764,764,764
0,222,32,2780,2812,2812,2812,2812
0,222,33,3796,3828,3828,3828,3828
0,222,34,1756,1788,1788,1788,1788
0,222,35,3804,3836,3836,3836,3836
0,222,36,3282,3282,3282,3282,3282
0,222,37,1242,1242,1242,1242,1242
0,222,38,3290,3290,3290,3290,3290
0,222,39,2262,2262,2262,2262,2262
0,222,40,222,222,222,222,222
0,222,41,2270,2270,2270,2270,2270
0,222,42,3286,3286,3286,3286,3286
0,222,43,1246,1246,1246,1246,1246
0,222,44,3294,3294,3294,3294,3294
0,222,45,3794,3826,3826,3826,3826
0,222,46,1754,1786,1786,1786,1786
0,222,47,3802,3834,3834,3834,3834
0,222,48,2774,2806,2806,2806,2806
0,222,49,734,766,766,766,766
0,222,50,2782,2814,2814,2814,2814
0,222,51,3798,3830,3830,3830,3830
0,222,52,1758,1790,1790,1790,1790
0,222,53,3806,3838,3838,3838,3838
0,222,54,3792,3824,3824,3824,3824
0,222,55,1752,1784,1784,1784,1784
0,222,56,3800,3832,3832,3832,3832
0,222,57,2772,2804,2804,2804,2804
0,222,58,732,764,764,764,764
0,222,59,2780,2812,2812,2812,2812
0,222,60,3796,3828,3828,3828,3828
0,222,61,1756,1788,1788,1788,1788
0,222,62,3804,3836,3836,3836,3836
0,222,63,3282,3282,3282,3282,3282
0,222,64,1242,1242,1242,1242,1242
0,222,65,3290,3290,3290,3290,3290
0,222,66,2262,2262,2262,2262,2262
0,222,67,222,222,222,222,222
0,222,68,2270,2270,2270,2270,2270
0,222,69,3286,3286,3286,3286,3286
0,222,70,1246,1246,1246,1246,1246
0,222,71,3294,3294,3294,3294,3294
0,222,72,3794,3826,3826,3826,3826
0,222,73,1754,1786,1786,1786,1786
0,222,74,3802,3834,3834,3834,3834
0,222,75,2774,2806,2806,2806,2806
0,222,76,734,766,766,766,766
0,222,77,2782,2814,2814,2814,2814
0,222,78,3798,3830,3830,3830,3830
0,222,79,1758,1790,1790,1790,1790
0,222,80,3806,3838,3838,3838,3838
0,223,0,4048,4080,4080,4080,4080
0,223,1,2008,2040,2040,2040,2040
0,223,2,4056,4088,4088,4088,4088
0,223,3,3028,3060,3060,3060,3060
0,223,4,988,1020,1020,1020,1020
0,223,5,3036,3068,3068,3068,3068
0,223,6,4052,4084,4084,4084,4084
0,223,7,2012,2044,2044,2044,2044
0,223,8,4060,4092,4092,4092,4092
0,223,9,3538,3538,3538,3538,3538
0,223,10,1498,1498,1498,1498,1498
0,223,11,3546,3546,3546,3546,3546
0,223,12,2518,2518,2518,2518,2518
0,223,13,478,478,478,478,478
0,223,14,2526,2526,2526,2526,2526
0,223,15,3542,3542,3542,3542,3542
0,223,16,1502,1502,1502,1502,1502
0,223,17,3550,3550,3550,3550,3550
0,223,18,4050,4082,4082,4082,4082
0,223,19,2010,2042,2042,2042,2042
0,223,20,4058,4090,4090,4090,4090
0,223,21,3030,3062,3062,3062,3062
0,223,22,990,1022,1022,1022,1022
0,223,23,3038,3070,3070,3070,3070
0,223,24,4054,4086,4086,4086,4086
0,223,25,2014,2046,2046,2046,2046
0,223,26,4062,4094,4094,4094,4094
0,223,27,3793,3825,3825,3825,3825
0,223,28,1753,1785,1785,1785,1785
0,223,29,3801,3833,3833,3833,3833
0,223,30,2773,2805,2805,2805,2805
0,223,31,733,765,765,765,765
0,223,32,2781,2813,2813,2813,2813
0,223,33,3797,3829,3829,3829,3829
0,223,34,1757,1789,1789,1789,1789
0,223,35,3805,3837,3837,3837,3837
0,223,36,3283,3283,3283,3283,3283
0,223,37,1243,1243,1243,1243,1243
0,223,38,3291,3291,3291,3291,3291
0,223,39,2263,2263,2263,2263,2263
0,223,40,223,223,223,223,223
0,223,41,2271,2271,2271,2271,2271
0,223,42,3287,3287,3287,3287,3287
0,223,43,1247,1247,1247,1247,1247
0,223,44,3295,3295,3295,3295,3295
0,223,45,3795,3827,3827,3827,3827
0,223,46,1755,1787,1787,1787,1787
0,223,47,3803,3835,3835,3835,3835
0,223,48,2775,2807,2807,2807,2807
0,223,49,735,767,767,767,767
0,223,50,2783,2815,2815,2815,2815
0,223,51,3799,3831,3831,3831,3831
0,223,52,1759,1791,1791,1791,1791
0,223,53,3807,3839,3839,3839,3839
0,223,54,4049,4081,4081,4081,4081
0,223,55,2009,2041,2041,2041,2041
0,223,56,4057,4089,4089,4089,4089
0,223,57,3029,3061,3061,3061,3061
0,223,58,989,1021,1021,1021,1021
0,223,59,3037,3069,3069,3069,3069
0,223,60,4053,4085,4085,4085,4085
0,223,61,2013,2045,2045,2045,2045
0,223,62,4061,4093,4093,4093,4093
0,223,63,3539,3539,3539,3539,3539
0,223,64,1499,1499,1499,1499,1499
0,223,65,3547,3547,3547,3547,3547
0,223,66,2519,2519,2519,2519,2519
0,223,67,479,479,479,479,479
0,223,68,2527,2527,2527,2527,2527
0,223,69,3543,3543,3543,3543,3543
0,223,70,1503,1503,1503,1503,1503
0,223,71,3551,3551,3551,3551,3551
0,223,72,4051,4083,4083,4083,4083
0,223,73,2011,2043,2043,2043,2043
0,223,74,4059,4091,4091,4091,4091
0,223,75,3031,3063,3063,3063,3063
0,223,76,991,1023,1023,1023,1023
0,223,77,3039,3071,3071,3071,3071
0,223,78,4055,4087,4087,4087,4087
0,223,79,2015,2047,2047,2047,2047
0,223,80,4063,4095,4095,4095,4095
0,224,0,224,224,224,224,224
0,224,1,224,224,224,224,224
0,224,2,224,224,224,224,224
0,224,3,224,224,224,224,224
0,224,4,224,224,224,224,224
0,224,5,224,224,224,224,224
0,224,6,224,224,224,224,224
0,224,7,224,224,224,224,224
0,224,8,224,224,224,224,224
0,224,9,224,224,224,224,224
0,224,10,224,224,224,224,224
0,224,11,224,224,224,224,224
0,224,12,224,224,224,224,224
0,224,13,224,224,224,224,224
0,224,14,224,224,224,224,224
0,224,15,224,224,224,224,224
0,224,16,224,224,224,224,224
0,224,17,224,224,224,224,224
0,224,18,224,224,224,224,224
0,224,19,224,224,224,224,224
0,224,20,224,224,224,224,224
0,224,21,224,224,224,224,224
0,224,22,224,224,224,224,224
0,224,23,224,224,224,224,224
0,224,24,224,224,224,224,224
0,224,25,224,224,224,224,224
0,224,26,224,224,224,224,224
0,224,27,224,224,224,224,224
0,224,28,224,224,224,224,224
0,224,29,224,224,224,224,224
0,224,30,224,224,224,224,224
0,224,31,224,224,224,224,224
0,224,32,224,224,224,224,224
0,224,33,224,224,224,224,224
0,224,34,224,224,224,224,224
0,224,35,224,224,224,224,224
0,224,36,224,224,224,224,224
0,224,37,224,224,224,224,224
0,224,38,224,224,224,224,224
0,224,39,224,224,224,224,224
0,224,40,224,224,224,224,224
0,224,41,224,224,224,224,224
0,224,42,224,224,224,224,224
0,224,43,224,224,224,224,224
0,224,44,224,224,224,224,224
0,224,45,224,224,224,224,224
0,224,46,224,224,224,224,224
0,224,47,224,224,224,224,224
0,224,48,224,224,224,224,224
0,224,49,224,224,224,224,224
0,224,50,224,224,224,224,224
0,224,51,224,224,224,224,224
0,224,52,224,224,224,224,224
0,224,53,224,224,224,224,224
0,224,54,224,224,224,224,224
0,224,55,224,224,224,224,224
0,224,56,224,224,224,224,224
0,224,57,224,224,224,224,224
0,224,58,224,224,224,224,224
0,224,59,224,224,224,224,224
0,224,60,224,224,224,224,224
0,224,61,224,224,224,224,224
0,224,62,224,224,224,224,224
0,224,63,224,224,224,224,224
0,224,64,224,224,224,224,224
0,224,65,224,224,224,224,224
0,224,66,224,224,224,224,224
0,224,67,224,224,224,224,224
0,224,68,224,224,224,224,224
0,224,69,224,224,224,224,224
0,224,70,224,224,224,224,224
0,224,71,224,224,224,224,224
0,224,72,224,224,224,224,224
0,224,73,224,224,224,224,224
0,224,74,224,224,224,224,224
0,224,75,224,224,224,224,224
0,224,76,224,224,224,224,224
0,224,77,224,224,224,224,224
0,224,78,224,224,224,224,224
0,224,79,224,224,224,224,224
0,224,80,224,224,224,224,224
0,225,0,480,480,480,480,480
0,225,1,480,480,480,480,480
0,225,2,480,480,480,480,480
0,225,3,480,480,480,480,480
0,225,4,480,480,480,480,480
0,225,5,480,480,480,480,480
0,225,6,480,480,480,480,480
0,225,7,480,480,480,480,480
0,225,8,480,480,480,480,480
0,225,9,480,480,480,480,480
0,225,10,480,480,480,480,480
0,225,11,480,480,480,480,480
0,225,12,480,480,480,480,480
0,225,13,480,480,480,480,480
0,225,14,480,480,480,480,480
0,225,15,480,480,480,480,480
0,225,16,480,480,480,480,480
0,225,17,480,480,480,480,480
0,225,18,480,480,480,480,480
0,225,19,480,480,480,480,480
0,225,20,480,480,480,480,480
0,225,21,480,480,480,480,480
0,225,22,480,480,480,480,480
0,225,23,480,480,480,480,480
0,225,24,480,480,480,480,480
0,225,25,480,480,480,480,480
0,225,26,480,480,480,480,480
0,225,27,225,225,225,225,225
0,225,28,225,225,225,225,225
0,225,29,225,225,225,225,225
0,225,30,225,225,225,225,225
0,225,31,225,225,225,225,225
0,225,32,225,225,225,225,225
0,225,33,225,225,225,225,225
0,225,34,225,225,225,225,225
0,225,35,225,225,225,225,225
0,225,36,225,225,225,225,225
0,225,37,225,225,225,225,225
0,225,38,225,225,225,225,225
0,225,39,225,225,225,225,225
0,225,40,225,225,225,225,225
0,225,41,225,225,225,225,225
0,225,42,225,225,225,225,225
0,225,43,225,225,225,225,225
0,225,44,225,225,225,225,225
0,225,45,225,225,225,225,225
0,225,46,225,225,225,225,225
0,225,47,225,225,225,225,225
0,225,48,225,225,225,225,225
0,225,49,225,225,225,225,225
0,225,50,225,225,225,225,225
0,225,51,225,225,225,225,225
0,225,52,225,225,225,225,225
0,225,53,225,225,225,225,225
0,225,54,481,481,481,481,481
0,225,55,481,481,481,481,481
0,225,56,481,481,481,481,481
0,225,57,481,481,481,481,481
0,225,58,481,481,481,481,481
0,225,59,481,481,481,481,481
0,225,60,481,481,481,481,481
0,225,61,481,481,481,481,481
0,225,62,481,481,481,481,481
0,225,63,481,481,481,481,481
0,225,64,481,481,481,481,481
0,225,65,481,481,481,481,481
0,225,66,481,481,481,481,481
0,225,67,481,481,481,481,481
0,225,68,481,481,481,481,481
0,225,69,481,481,481,481,481
0,225,70,481,481,481,481,481
0,225,71,481,481,481,481,481
0,225,72,481,481,481,481,481
0,225,73,481,481,481,481,481
0,225,74,481,481,481,481,481
0,225,75,481,481,481,481,481
0,225,76,481,481,481,481,481
0,225,77,481,481,481,481,481
0,225,78,481,481,481,481,481
0,225,79,481,481,481,481,481
0,225,80,481,481,481,481,481
0,226,0,736,736,736,736,736
0,226,1,736,736,736,736,736
0,226,2,736,736,736,736,736
0,226,3,736,736,736,736,736
0,226,4,736,736,736,736,736
0,226,5,736,736,736,736,736
0,226,6,736,736,736,736,736
0,226,7,736,736,736,736,736
0,226,8,736,736,736,736,736
0,226,9,226,226,226,226,226
0,226,10,226,226,226,226,226
0,226,11,226,226,226,226,226
0,226,12,226,226,226,226,226
0,226,13,226,226,226,226,226
0,226,14,226,226,226,226,226
0,226,15,226,226,226,226,226
0,226,16,226,226,226,226,226
0,226,17,226,226,226,226,226
0,226,18,738,738,738,738,738
0,226,19,738,738,738,738,738
0,226,20,738,738,738,738,738
0,226,21,738,738,738,738,738
0,226,22,738,738,738,738,738
0,226,23,738,738,738,738,738
0,226,24,738,738,738,738,738
0,226,25,738,738,738,738,738
0,226,26,738,738,738,738,738
0,226,27,736,736,736,736,736
0,226,28,736,736,736,736,736
0,226,29,736,736,736,736,736
0,226,30,736,736,736,736,736
0,226,31,736,736,736,736,736
0,226,32,736,736,736,736,736
0,226,33,736,736,736,736,736
0,226,34,736,736,736,736,736
0,226,35,736,736,736,736,736
0,226,36,226,226,226,226,226
0,226,37,226,226,226,226,226
0,226,38,226,226,226,226,226
0,226,39,226,226,226,226,226
0,226,40,226,226,226,226,226
0,226,41,226,226,226,226,226
0,226,42,226,226,226,226,226
0,226,43,226,226,226,226,226
0,226,44,226,226,226,226,226
0,226,45,738,738,738,738,738
0,226,46,738,738,738,738,738
0,226,47,738,738,738,738,738
0,226,48,738,738,738,738,738
0,226,49,738,738,738,738,738
0,226,50,738,738,738,738,738
0,226,51,738,738,738,738,738
0,226,52,738,738,738,738,738
0,226,53,738,738,738,738,738
0,226,54,736,736,736,736,736
0,226,55,736,736,736,736,736
0,226,56,736,736,736,736,736
0,226,57,736,736,736,736,736
0,226,58,736,736,736,736,736
0,226,59,736,736,736,736,736
0,226,60,736,736,736,736,736
0,226,61,736,736,736,736,736
0,226,62,736,736,736,736,736
0,226,63,226,226,226,226,226
0,226,64,226,226,226,226,226
0,226,65,226,226,226,226,226
0,226,66,226,226,226,226,226
0,226,67,226,226,226,226,226
0,226,68,226,226,226,226,226
0,226,69,226,226,226,226,226
0,226,70,226,226,226,226,226
0,226,71,226,226,226,226,226
0,226,72,738,738,738,738,738
0,226,73,738,738,738,738,738
0,226,74,738,738,738,738,738
0,226,75,738,738,738,738,738
0,226,76,738,738,738,738,738
0,226,77,738,738,738,738,738
0,226,78,738,738,738,738,738
0,226,79,738,738,738,738,738
0,226,80,738,738,738,738,738
0,227,0,992,992,992,992,992
0,227,1,992,992,992,992,992
0,227,2,992,992,992,992,992
0,227,3,992,992,992,992,992
0,227,4,992,992,992,992,992
0,227,5,992,992,992,992,992
0,227,6,992,992,992,992,992
0,227,7,992,992,992,992,992
0,227,8,992,992,992,992,992
0,227,9,482,482,482,482,482
0,227,10,482,482,482,482,482
0,227,11,482,482,482,482,482
0,227,12,482,482,482,482,482
0,227,13,482,482,482,482,482
0,227,14,482,482,482,482,482
0,227,15,482,482,482,482,482
0,227,16,482,482,482,482,482
0,227,17,482,482,482,482,482
0,227,18,994,994,994,994,994
0,227,19,994,994,994,994,994
0,227,20,994,994,994,994,994
0,227,21,994,994,994,994,994
0,227,22,994,994,994,994,994
0,227,23,994,994,994,994,994
0,227,24,994,994,994,994,994
0,227,25,994,994,994,994,994
0,227,26,994,994,994,994,994
0,227,27,737,737,737,737,737
0,227,28,737,737,737,737,737
0,227,29,737,737,737,737,737
0,227,30,737,737,737,737,737
0,227,31,737,737,737,737,737
0,227,32,737,737,737,737,737
0,227,33,737,737,737,737,737
0,227,34,737,737,737,737,737
0,227,35,737,737,737,737,737
0,227,36,227,227,227,227,227
0,227,37,227,227,227,227,227
0,227,38,227,227,227,227,227
0,227,39,227,227,227,227,227
0,227,40,227,227,227,227,227
0,227,41,227,227,227,227,227
0,227,42,227,227,227,227,227
0,227,43,227,227,227,227,227
0,227,44,227,227,227,227,227
0,227,45,739,739,739,739,739
0,227,46,739,739,739,739,739
0,227,47,739,739,739,739,739
0,227,48,739,739,739,739,739
0,227,49,739,739,739,739,739
0,227,50,739,739,739,739,739
0,227,51,739,739,739,739,739
0,227,52,739,739,739,739,739
0,227,53,739,739,739,739,739
0,227,54,993,993,993,993,993
0,227,55,993,993,993,993,993
0,227,56,993,993,993,993,993
0,227,57,993,993,993,993,993
0,227,58,993,993,993,993,993
0,227,59,993,993,993,993,993
0,227,60,993,993,993,993,993
0,227,61,993,993,993,993,993
0,227,62,993,993,993,993,993
0,227,63,483,483,483,483,483
0,227,64,483,483,483,483,483
0,227,65,483,483,483,483,483
0,227,66,483,483,483,483,483
0,227,67,483,483,483,483,483
0,227,68,483,483,483,483,483
0,227,69,483,483,483,483,483
0,227,70,483,483,483,483,483
0,227,71,483,483,483,483,483
0,227,72,995,995,995,995,995
0,227,73,995,995,995,995,995
0,227,74,995,995,995,995,995
0,227,75,995,995,995,995,995
0,227,76,995,995,995,995,995
0,227,77,995,995,995,995,995
0,227,78,995,995,995,995,995
0,227,79,995,995,995,995,995
0,227,80,995,995,995,995,995
0,228,0,1248,1248,1248,1248,1248
0,228,1,1248,1248,1248,1248,1248
0,228,2,1248,1248,1248,1248,1248
0,228,3,228,228,228,228,228
0,228,4,228,228,228,228,228
0,228,5,228,228,228,228,228
0,228,6,1252,1252,1252,1252,1252
0,228,7,1252,1252,1252,1252,1252
0,228,8,1252,1252,1252,1252,1252
0,228,9,1248,1248,1248,1248,1248
0,228,10,1248,1248,1248,1248,1248
0,228,11,1248,1248,1248,1248,1248
0,228,12,228,228,228,228,228
0,228,13,228,228,228,228,228
0,228,14,228,228,228,228,228
0,228,15,1252,1252,1252,1252,1252
0,228,16,1252,1252,1252,1252,1252
0,228,17,1252,1252,1252,1252,1252
0,228,18,1248,1248,1248,1248,1248
0,228,19,1248,1248,1248,1248,1248
0,228,20,1248,1248,1248,1248,1248
0,228,21,228,228,228,228,228
0,228,22,228,228,228,228,228
0,228,23,228,228,228,228,228
0,228,24,1252,1252,1252,1252,1252
0,228,25,1252,1252,1252,1252,1252
0,228,26,1252,1252,1252,1252,1252
0,228,27,1248,1248,1248,1248,1248
0,228,28,1248,1248,1248,1248,1248
0,228,29,1248,1248,1248,1248,1248
0,228,30,228,228,228,228,228
0,228,31,228,228,228,228,228
0,228,32,228,228,228,228,228
0,228,33,1252,1252,1252,1252,1252
0,228,34,1252,1252,1252,1252,1252
0,228,35,1252,1252,1252,1252,1252
0,228,36,1248,1248,1248,1248,1248
0,228,37,1248,1248,1248,1248,1248
0,228,38,1248,1248,1248,1248,1248
0,228,39,228,228,228,228,228
0,228,40,228,228,228,228,228
0,228,41,228,228,228,228,228
0,228,42,1252,1252,1252,1252,1252
0,228,43,1252,1252,1252,1252,1252
0,228,44,1252,1252,1252,1252,1252
0,228,45,1248,1248,1248,1248,1248
0,228,46,1248,1248,1248,1248,1248
0,228,47,1248,1248,1248,1248,1248
0,228,48,228,228,228,228,228
0,228,49,228,228,228,228,228
0,228,50,228,228,228,228,228
0,228,51,1252,1252,1252,1252,1252
0,228,52,1252,1252,1252,1252,1252
0,228,53,1252,1252,1252,1252,1252
0,228,54,1248,1248,1248,1248,1248
0,228,55,1248,1248,1248,1248,1248
0,228,56,1248,1248,1248,1248,1248
0,228,57,228,228,228,228,228
0,228,58,228,228,228,228,228
0,228,59,228,228,228,228,228
0,228,60,1252,1252,1252,1252,1252
0,228,61,1252,1252,1252,1252,1252
0,228,62,1252,1252,1252,1252,1252
0,228,63,1248,1248,1248,1248,1248
0,228,64,1248,1248,1248,1248,1248
0,228,65,1248,1248,1248,1248,1248
0,228,66,228,228,228,228,228
0,228,67,228,228,228,228,228
0,228,68,228,228,228,228,228
0,228,69,1252,1252,1252,1252,1252
0,228,70,1252,1252,1252,1252,1252
0,228,71,1252,1252,1252,1252,1252
0,228,72,1248,1248,1248,1248,1248
0,228,73,1248,1248,1248,1248,1248
0,228,74,1248,1248,1248,1248,1248
0,228,75,228,228,228,228,228
0,228,76,228,228,228,228,228
0,228,77,228,228,228,228,228
0,228,78,1252,1252,1252,1252,1252
0,228,79,1252,1252,1252,1252,1252
0,228,80,1252,1252,1252,1252,1252
0,229,0,1504,1504,1504,1504,1504
0,229,1,1504,1504,1504,1504,1504
0,229,2,1504,1504,1504,1504,1504
0,229,3,484,484,484,484,484
0,229,4,484,484,484,484,484
0,229,5,484,484,484,484,484
0,229,6,1508,1508,1508,1508,1508
0,229,7,1508,1508,1508,1508,1508
0,229,8,1508,1508,1508,1508,1508
0,229,9,1504,1504,1504,1504,1504
0,229,10,1504,1504,1504,1504,1504
0,229,11,1504,1504,1504,1504,1504
0,229,12,484,484,484,484,484
0,229,13,484,484,484,484,484
0,229,14,484,484,484,484,484
0,229,15,1508,1508,1508,1508,1508
0,229,16,1508,1508,1508,1508,1508
0,229,17,1508,1508,1508,1508,1508
0,229,18,1504,1504,1504,1504,1504
0,229,19,1504,1504,1504,1504,1504
0,229,20,1504,1504,1504,1504,1504
0,229,21,484,484,484,484,484
0,229,22,484,484,484,484,484
0,229,23,484,484,484,484,484
0,229,24,1508,1508,1508,1508,1508
0,229,25,1508,1508,1508,1508,1508
0,229,26,1508,1508,1508,1508,1508
0,229,27,1249,1249,1249,1249,1249
0,229,28,1249,1249,1249,1249,1249
0,229,29,1249,1249,1249,1249,1249
0,229,30,229,229,229,229,229
0,229,31,229,229,229,229,229
0,229,32,229,229,229,229,229
0,229,33,1253,1253,1253,1253,1253
0,229,34,1253,1253,1253,1253,1253
0,229,35,1253,1253,1253,1253,1253
0,229,36,1249,1249,1249,1249,1249
0,229,37,1249,1249,1249,1249,1249
0,229,38,1249,1249,1249,1249,1249
0,229,39,229,229,229,229,229
0,229,40,229,229,229,229,229
0,229,41,229,229,229,229,229
0,229,42,1253,1253,1253,1253,1253
0,229,43,1253,1253,1253,1253,1253
0,229,44,1253,1253,1253,1253,1253
0,229,45,1249,1249,1249,1249,1249
0,229,46,1249,1249,1249,1249,1249
0,229,47,1249,1249,1249,1249,1249
0,229,48,229,229,229,229,229
0,229,49,229,229,229,229,229
0,229,50,229,229,229,229,229
0,229,51,1253,1253,1253,1253,1253
0,229,52,1253,1253,1253,1253,1253
0,229,53,1253,1253,1253,1253,1253
0,229,54,1505,1505,1505,1505,1505
0,229,55,1505,1505,1505,1505,1505
0,229,56,1505,1505,1505,1505,1505
0,229,57,485,485,485,485,485
0,229,58,485,485,485,485,485
0,229,59,485,485,485,485,485
0,229,60,1509,1509,1509,1509,1509
0,229,61,1509,1509,1509,1509,1509
0,229,62,1509,1509,1509,1509,1509
0,229,63,1505,1505,1505,1505,1505
0,229,64,1505,1505,1505,1505,1505
0,229,65,1505,1505,1505,1505,1505
0,229,66,485,485,485,485,485
0,229,67,485,485,485,485,485
0,229,68,485,485,485,485,485
0,229,69,1509,1509,1509,1509,1509
0,229,70,1509,1509,1509,1509,1509
0,229,71,1509,1509,1509,1509,1509
0,229,72,1505,1505,1505,1505,1505
0,229,73,1505,1505,1505,1505,1505
0,229,74,1505,1505,1505,1505,1505
0,229,75,485,485,485,485,485
0,229,76,485,485,485,485,485
0,229,77,485,485,485,485,485
0,229,78,1509,1509,1509,1509,1509
0,229,79,1509,1509,1509,1509,1509
0,229,80,1509,1509,1509,1509,1509
0,230,0,1760,3808,3808,3808,3808
0,230,1,1760,1768,1768,1768,1768
0,230,2,1760,3816,3816,3816,3816
0,230,3,740,2788,2788,2788,2788
0,230,4,740,748,748,748,748
0,230,5,740,2796,2796,2796,2796
0,230,6,1764,3812,3812,3812,3812
0,230,7,1764,1772,1772,1772,1772
0,230,8,1764,3820,3820,3820,3820
0,230,9,1250,3298,3298,3298,3298
0,230,10,1250,1258,1258,1258,1258
0,230,11,1250,3306,3306,3306,3306
0,230,12,230,230,230,230,230
0,230,13,230,230,230,230,230
0,230,14,230,230,230,230,230
0,230,15,1254,3302,3302,3302,3302
0,230,16,1254,1262,1262,1262,1262
0,230,17,1254,3310,3310,3310,3310
0,230,18,1762,3810,3810,3810,3810
0,230,19,1762,1770,1770,1770,1770
0,230,20,1762,3818,3818,3818,3818
0,230,21,742,2790,2790,2790,2790
0,230,22,742,750,750,750,750
0,230,23,742,2798,2798,2798,2798
0,230,24,1766,3814,3814,3814,3814
0,230,25,1766,1774,1774,1774,1774
0,230,26,1766,3822,3822,3822,3822
0,230,27,1760,3808,3808,3808,3808
0,230,28,1760,1768,1768,1768,1768
0,230,29,1760,3816,3816,3816,3816
0,230,30,740,2788,2788,2788,2788
0,230,31,740,748,748,748,748
0,230,32,740,2796,2796,2796,2796
0,230,33,1764,3812,3812,3812,3812
0,230,34,1764,1772,1772,1772,1772
0,230,35,1764,3820,3820,3820,3820
0,230,36,1250,3298,3298,3298,3298
0,230,37,1250,1258,1258,1258,1258
0,230,38,1250,3306,3306,3306,3306
0,230,39,230,230,230,230,230
0,230,40,230,230,230,230,230
0,230,41,230,230,230,230,230
0,230,42,1254,3302,3302,3302,3302
0,230,43,1254,1262,1262,1262,1262
0,230,44,1254,3310,3310,3310,3310
0,230,45,1762,3810,3810,3810,3810
0,230,46,1762,1770,1770,1770,1770
0,230,47,1762,3818,3818,3818,3818
0,230,48,742,2790,2790,2790,2790
0,230,49,742,750,750,750,750
0,230,50,742,2798,2798,2798,2798
0,230,51,1766,3814,3814,3814,3814
0,230,52,1766,1774,1774,1774,1774
0,230,53,1766,3822,3822,3822,3822
0,230,54,1760,3808,3808,3808,3808
0,230,55,1760,1768,1768,1768,1768
0,230,56,1760,3816,3816,3816,3816
0,230,57,740,2788,2788,2788,2788
0,230,58,740,748,748,748,748
0,230,59,740,2796,2796,2796,2796
0,230,60,1764,3812,3812,3812,3812
0,230,61,1764,1772,1772,1772,1772
0,230,62,1764,3820,3820,3820,3820
0,230,63,1250,3298,3298,3298,3298
0,230,64,1250,1258,1258,1258,1258
0,230,65,1250,3306,3306,3306,3306
0,230,66,230,230,230,230,230
0,230,67,230,230,230,230,230
0,230,68,230,230,230,230,230
0,230,69,1254,3302,3302,3302,3302
0,230,70,1254,1262,1262,1262,1262
0,230,71,1254,3310,3310,3310,3310
0,230,72,1762,3810,3810,3810,3810
0,230,73,1762,1770,1770,1770,1770
0,230,74,1762,3818,3818,3818,3818
0,230,75,742,2790,2790,2790,2790
0,230,76,742,750,750,750,750
0,230,77,742,2798,2798,2798,2798
0,230,78,1766,3814,3814,3814,3814
0,230,79,1766,1774,1774,1774,1774
0,230,80,1766,3822,3822,3822,3822
0,231,0,2016,4064,4064,4064,4064
0,231,1,2016,2024,2024,2024,2024
0,231,2,2016,4072,4072,4072,4072
0,231,3,996,3044,3044,3044,3044
0,231,4,996,1004,1004,1004,1004
0,231,5,996,3052,3052,3052,3052
0,231,6,2020,4068,4068,4068,4068
0,231,7,2020,2028,2028,2028,2028
0,231,8,2020,4076,4076,4076,4076
0,231,9,1506,3554,3554,3554,3554
0,231,10,1506,1514,1514,1514,1514
0,231,11,1506,3562,3562,3562,3562
0,231,12,486,486,486,486,486
0,231,13,486,486,486,486,486
0,231,14,486,486,486,486,486
0,231,15,1510,3558,3558,3558,3558
0,231,16,1510,1518,1518,1518,1518
0,231,17,1510,3566,3566,3566,3566
0,231,18,2018,4066,4066,4066,4066
0,231,19,2018,2026,2026,2026,2026
0,231,20,2018,4074,4074,4074,4074
0,231,21,998,3046,3046,3046,3046
0,231,22,998,1006,1006,1006,1006
0,231,23,998,3054,3054,3054,3054
0,231,24,2022,4070,4070,4070,4070
0,231,25,2022,2030,2030,2030,2030
0,231,26,2022,4078,4078,4078,4078
0,231,27,1761,3809,3809,3809,3809
0,231,28,1761,1769,1769,1769,1769
0,231,29,1761,3817,3817,3817,3817
0,231,30,741,2789,2789,2789,2789
0,231,31,741,749,749,749,749
0,231,32,741,2797,2797,2797,2797
0,231,33,1765,3813,3813,3813,3813
0,231,34,1765,1773,1773,1773,1773
0,231,35,1765,3821,3821,3821,3821
0,231,36,1251,3299,3299,3299,3299
0,231,37,1251,1259,1259,1259,1259
0,231,38,1251,3307,3307,3307,3307
0,231,39,231,231,231,231,231
0,231,40,231,231,231,231,231
0,231,41,231,231,231,231,231
0,231,42,1255,3303,3303,3303,3303
0,231,43,1255,1263,1263,1263,1263
0,231,44,1255,3311,3311,3311,3311
0,231,45,1763,3811,3811,3811,3811
0,231,46,1763,1771,1771,1771,1771
0,231,47,1763,3819,3819,3819,3819
0,231,48,743,2791,2791,2791,2791
0,231,49,743,751,751,751,751
0,231,50,743,2799,2799,2799,2799
0,231,51,1767,3815,3815,3815,3815
0,231,52,1767,1775,1775,1775,1775
0,231,53,1767,3823,3823,3823,3823
0,231,54,2017,4065,4065,4065,4065
0,231,55,2017,2025,2025,2025,2025
0,231,56,2017,4073,4073,4073,4073
0,231,57,997,3045,3045,3045,3045
0,231,58,997,1005,1005,1005,1005
0,231,59,997,3053,3053,3053,3053
0,231,60,2021,4069,4069,4069,4069
0,231,61,2021,2029,2029,2029,2029
0,231,62,2021,4077,4077,4077,4077
0,231,63,1507,3555,3555,3555,3555
0,231,64,1507,1515,1515,1515,1515
0,231,65,1507,3563,3563,3563,3563
0,231,66,487,487,487,487,487
0,231,67,487,487,487,487,487
0,231,68,487,487,487,487,487
0,231,69,1511,3559,3559,3559,3559
0,231,70,1511,1519,1519,1519,1519
0,231,71,1511,3567,3567,3567,3567
0,231,72,2019,4067,4067,4067,4067
0,231,73,2019,2027,2027,2027,2027
0,231,74,2019,4075,4075,4075,4075
0,231,75,999,3047,3047,3047,3047
0,231,76,999,1007,1007,1007,1007
0,231,77,999,3055,3055,3055,3055
0,231,78,2023,4071,4071,4071,4071
0,231,79,2023,2031,2031,2031,2031
0,231,80,2023,4079,4079,4079,4079
0,232,0,2272,2272,2272,2272,2272
0,232,1,232,232,232,232,232
0,232,2,2280,2280,2280,2280,2280
0,232,3,2272,2272,2272,2272,2272
0,232,4,232,232,232,232,232
0,232,5,2280,2280,2280,2280,2280
0,232,6,2272,2272,2272,2272,2272
0,232,7,232,232,232,232,232
0,232,8,2280,2280,2280,2280,2280
0,232,9,2272,2272,2272,2272,2272
0,232,10,232,232,232,232,232
0,232,11,2280,2280,2280,2280,2280
0,232,12,2272,2272,2272,2272,2272
0,232,13,232,232,232,232,232
0,232,14,2280,2280,2280,2280,2280
0,232,15,2272,2272,2272,2272,2272
0,232,16,232,232,232,232,232
0,232,17,2280,2280,2280,2280,2280
0,232,18,2272,2272,2272,2272,2272
0,232,19,232,232,232,232,232
0,232,20,2280,2280,2280,2280,2280
0,232,21,2272,2272,2272,2272,2272
0,232,22,232,232,232,232,232
0,232,23,2280,2280,2280,2280,2280
0,232,24,2272,2272,2272,2272,2272
0,232,25,232,232,232,232,232
0,232,26,2280,2280,2280,2280,2280
0,232,27,2272,2272,2272,2272,2272
0,232,28,232,232,232,232,232
0,232,29,2280,2280,2280,2280,2280
0,232,30,2272,2272,2272,2272,2272
0,232,31,232,232,232,232,232
0,232,32,2280,2280,2280,2280,2280
0,232,33,2272,2272,2272,2272,2272
0,232,34,232,232,232,232,232
0,232,35,2280,2280,2280,2280,2280
0,232,36,2272,2272,2272,2272,2272
0,232,37,232,232,232,232,232
0,232,38,2280,2280,2280,2280,2280
0,232,39,2272,2272,2272,2272,2272
0,232,40,232,232,232,232,232
0,232,41,2280,2280,2280,2280,2280
0,232,42,2272,2272,2272,2272,2272
0,232,43,232,232,232,232,232
0,232,44,2280,2280,2280,2280,2280
0,232,45,2272,2272,2272,2272,2272
0,232,46,232,232,232,232,232
0,232,47,2280,2280,2280,2280,2280
0,232,48,2272,2272,2272,2272,2272
0,232,49,232,232,232,232,232
0,232,50,2280,2280,2280,2280,2280
0,232,51,2272,2272,2272,2272,2272
0,232,52,232,232,232,232,232
0,232,53,2280,2280,2280,2280,2280
0,232,54,2272,2272,2272,2272,2272
0,232,55,232,232,232,232,232
0,232,56,2280,2280,2280,2280,2280
0,232,57,2272,2272,2272,2272,2272
0,232,58,232,232,232,232,232
0,232,59,2280,2280,2280,2280,2280
0,232,60,2272,2272,2272,2272,2272
0,232,61,232,232,232,232,232
0,232,62,2280,2280,2280,2280,2280
0,232,63,2272,2272,2272,2272,2272
0,232,64,232,232,232,232,232
0,232,65,2280,2280,2280,2280,2280
0,232,66,2272,2272,2272,2272,2272
0,232,67,232,232,232,232,232
0,232,68,2280,2280,2280,2280,2280
0,232,69,2272,2272,2272,2272,2272
0,232,70,232,232,232,232,232
0,232,71,2280,2280,2280,2280,2280
0,232,72,2272,2272,2272,2272,2272
0,232,73,232,232,232,232,232
0,232,74,2280,2280,2280,2280,2280
0,232,75,2272,2272,2272,2272,2272
0,232,76,232,232,232,232,232
0,232,77,2280,2280,2280,2280,2280
0,232,78,2272,2272,2272,2272,2272
0,232,79,232,232,232,232,232
0,232,80,2280,2280,2280,2280,2280
0,233,0,2528,2528,2528,2528,2528
0,233,1,488,488,488,488,488
0,233,2,2536,2536,2536,2536,2536
0,233,3,2528,2528,2528,2528,2528
0,233,4,488,488,488,488,488
0,233,5,2536,2536,2536,2536,2536
0,233,6,2528,2528,2528,2528,2528
0,233,7,488,488,488,488,488
0,233,8,2536,2536,2536,2536,2536
0,233,9,2528,2528,2528,2528,2528
0,233,10,488,488,488,488,488
0,233,11,2536,2536,2536,2536,2536
0,233,12,2528,2528,2528,2528,2528
0,233,13,488,488,488,488,488
0,233,14,2536,2536,2536,2536,2536
0,233,15,2528,2528,2528,2528,2528
0,233,16,488,488,488,488,488
0,233,17,2536,2536,2536,2536,2536
0,233,18,2528,2528,2528,2528,2528
0,233,19,488,488,488,488,488
0,233,20,2536,2536,2536,2536,2536
0,233,21,2528,2528,2528,2528,2528
0,233,22,488,488,488,488,488
0,233,23,2536,2536,2536,2536,2536
0,233,24,2528,2528,2528,2528,2528
0,233,25,488,488,488,488,488
0,233,26,2536,2536,2536,2536,2536
0,233,27,2273,2273,2273,2273,2273
0,233,28,233,233,233,233,233
0,233,29,2281,2281,2281,2281,2281
0,233,30,2273,2273,2273,2273,2273
0,233,31,233,233,233,233,233
0,233,32,2281,2281,2281,2281,2281
0,233,33,2273,2273,2273,2273,2273
0,233,34,233,233,233,233,233
0,233,35,2281,2281,2281,2281,2281
0,233,36,2273,2273,2273,2273,2273
0,233,37,233,233,233,233,233
0,233,38,2281,2281,2281,2281,2281
0,233,39,2273,2273,2273,2273,2273
0,233,40,233,233,233,233,233
0,233,41,2281,2281,2281,2281,2281
0,233,42,2273,2273,2273,2273,2273
0,233,43,233,233,233,233,233
0,233,44,2281,2281,2281,2281,2281
0,233,45,2273,2273,2273,2273,2273
0,233,46,233,233,233,233,233
0,233,47,2281,2281,2281,2281,2281
0,233,48,2273,2273,2273,2273,2273
0,233,49,233,233,233,233,233
0,233,50,2281,2281,2281,2281,2281
0,233,51,2273,2273,2273,2273,2273
0,233,52,233,233,233,233,233
0,233,53,2281,2281,2281,2281,2281
0,233,54,2529,2529,2529,2529,2529
0,233,55,489,489,489,489,489
0,233,56,2537,2537,2537,2537,2537
0,233,57,2529,2529,2529,2529,2529
0,233,58,489,489,489,489,489
0,233,59,2537,2537,2537,2537,2537
0,233,60,2529,2529,2529,2529,2529
0,233,61,489,489,489,489,489
0,233,62,2537,2537,2537,2537,2537
0,233,63,2529,2529,2529,2529,2529
0,233,64,489,489,489,489,489
0,233,65,2537,2537,2537,2537,2537
0,233,66,2529,2529,2529,2529,2529
0,233,67,489,489,489,489,489
0,233,68,2537,2537,2537,2537,2537
0,233,69,2529,2529,2529,2529,2529
0,233,70,489,489,489,489,489
0,233,71,2537,2537,2537,2537,2537
0,233,72,2529,2529,2529,2529,2529
0,233,73,489,489,489,489,489
0,233,74,2537,2537,2537,2537,2537
0,233,75,2529,2529,2529,2529,2529
0,233,76,489,489,489,489,489
0,233,77,2537,2537,2537,2537,2537
0,233,78,2529,2529,2529,2529,2529
0,233,79,489,489,489,489,489
0,233,80,2537,2537,2537,2537,2537
0,234,0,2784,2784,2784,2784,2784
0,234,1,744,744,744,744,744
0,234,2,2792,2792,2792,2792,2792
0,234,3,2784,2784,2784,2784,2784
0,234,4,744,744,744,744,744
0,234,5,2792,2792,2792,2792,2792
0,234,6,2784,2784,2784,2784,2784
0,234,7,744,744,744,744,744
0,234,8,2792,2792,2792,2792,2792
0,234,9,2274,2274,2274,2274,2274
0,234,10,234,234,234,234,234
0,234,11,2282,2282,2282,2282,2282
0,234,12,2274,2274,2274,2274,2274
0,234,13,234,234,234,234,234
0,234,14,2282,2282,2282,2282,2282
0,234,15,2274,2274,2274,2274,2274
0,234,16,234,234,234,234,234
0,234,17,2282,2282,2282,2282,2282
0,234,18,2786,2786,2786,2786,2786
0,234,19,746,746,746,746,746
0,234,20,2794,2794,2794,2794,2794
0,234,21,2786,2786,2786,2786,2786
0,234,22,746,746,746,746,746
0,234,23,2794,2794,2794,2794,2794
0,234,24,2786,2786,2786,2786,2786
0,234,25,746,746,746,746,746
0,234,26,2794,2794,2794,2794,2794
0,234,27,2784,2784,2784,2784,2784
0,234,28,744,744,744,744,744
0,234,29,2792,2792,2792,2792,2792
0,234,30,2784,2784,2784,2784,2784
0,234,31,744,744,744,744,744
0,234,32,2792,2792,2792,2792,2792
0,234,33,2784,2784,2784,2784,2784
0,234,34,744,744,744,744,744
0,234,35,2792,2792,2792,2792,2792
0,234,36,2274,2274,2274,2274,2274
0,234,37,234,234,234,234,234
0,234,38,2282,2282,2282,2282,2282
0,234,39,2274,2274,2274,2274,2274
0,234,40,234,234,234,234,234
0,234,41,2282,2282,2282,2282,2282
0,234,42,2274,2274,2274,2274,2274
0,234,43,234,234,234,234,234
0,234,44,2282,2282,2282,2282,2282
0,234,45,2786,2786,2786,2786,2786
0,234,46,746,746,746,746,746
0,234,47,2794,2794,2794,2794,2794
0,234,48,2786,2786,2786,2786,2786
0,234,49,746,746,746,746,746
0,234,50,2794,2794,2794,2794,2794
0,234,51,2786,2786,2786,2786,2786
0,234,52,746,746,746,746,746
0,234,53,2794,2794,2794,2794,2794
0,234,54,2784,2784,2784,2784,2784
0,234,55,744,744,744,744,744
0,234,56,2792,2792,2792,2792,2792
0,234,57,2784,2784,2784,2784,2784
0,234,58,744,744,744,744,744
0,234,59,2792,2792,2792,2792,2792
0,234,60,2784,2784,2784,2784,2784
0,234,61,744,744,744,744,744
0,234,62,2792,2792,2792,2792,2792
0,234,63,2274,2274,2274,2274,2274
0,234,64,234,234,234,234,234
0,234,65,2282,2282,2282,2282,2282
0,234,66,2274,2274,2274,2274,2274
0,234,67,234,234,234,234,234
0,234,68,2282,2282,2282,2282,2282
0,234,69,2274,2274,2274,2274,2274
0,234,70,234,234,234,234,234
0,234,71,2282,2282,2282,2282,2282
0,234,72,2786,2786,2786,2786,2786
0,234,73,746,746,746,746,746
0,234,74,2794,2794,2794,2794,2794
0,234,75,2786,2786,2786,2786,2786
0,234,76,746,746,746,746,746
0,234,77,2794,2794,2794,2794,2794
0,234,78,2786,2786,2786,2786,2786
0,234,79,746,746,746,746,746
0,234,80,2794,2794,2794,2794,2794
0,235,0,3040,3040,3040,3040,3040
0,235,1,1000,1000,1000,1000,1000
0,235,2,3048,3048,3048,3048,3048
0,235,3,3040,3040,3040,3040,3040
0,235,4,1000,1000,1000,1000,1000
0,235,5,3048,3048,3048,3048,3048
0,235,6,3040,3040,3040,3040,3040
0,235,7,1000,1000,1000,1000,1000
0,235,8,3048,3048,3048,3048,3048
0,235,9,2530,2530,2530,2530,2530
0,235,10,490,490,490,490,490
0,235,11,2538,2538,2538,2538,2538
0,235,12,2530,2530,2530,2530,2530
0,235,13,490,490,490,490,490
0,235,14,2538,2538,2538,2538,2538
0,235,15,2530,2530,2530,2530,2530
0,235,16,490,490,490,490,490
0,235,17,2538,2538,2538,2538,2538
0,235,18,3042,3042,3042,3042,3042
0,235,19,1002,1002,1002,1002,1002
0,235,20,3050,3050,3050,3050,3050
0,235,21,3042,3042,3042,3042,3042
0,235,22,1002,1002,1002,1002,1002
0,235,23,3050,3050,3050,3050,3050
0,235,24,3042,3042,3042,3042,3042
0,235,25,1002,1002,1002,1002,1002
0,235,26,3050,3050,3050,3050,3050
0,235,27,2785,2785,2785,2785,2785
0,235,28,745,745,745,745,745
0,235,29,2793,2793,2793,2793,2793
0,235,30,2785,2785,2785,2785,2785
0,235,31,745,745,745,745,745
0,235,32,2793,2793,2793,2793,2793
0,235,33,2785,2785,2785,2785,2785
0,235,34,745,745,745,745,745
0,235,35,2793,2793,2793,2793,2793
0,235,36,2275,2275,2275,2275,2275
0,235,37,235,235,235,235,235
0,235,38,2283,2283,2283,2283,2283
0,235,39,2275,2275,2275,2275,2275
0,235,40,235,235,235,235,235
0,235,41,2283,2283,2283,2283,2283
0,235,42,2275,2275,2275,2275,2275
0,235,43,235,235,235,235,235
0,235,44,2283,2283,2283,2283,2283
0,235,45,2787,2787,2787,2787,2787
0,235,46,747,747,747,747,747
0,235,47,2795,2795,2795,2795,2795
0,235,48,2787,2787,2787,2787,2787
0,235,49,747,747,747,747,747
0,235,50,2795,2795,2795,2795,2795
0,235,51,2787,2787,2787,2787,2787
0,235,52,747,747,747,747,747
0,235,53,2795,2795,2795,2795,2795
0,235,54,3041,3041,3041,3041,3041
0,235,55,1001,1001,1001,1001,1001
0,235,56,3049,3049,3049,3049,3049
0,235,57,3041,3041,3041,3041,3041
0,235,58,1001,1001,1001,1001,1001
0,235,59,3049,3049,3049,3049,3049
0,235,60,3041,3041,3041,3041,3041
0,235,61,1001,1001,1001,1001,1001
0,235,62,3049,3049,3049,3049,3049
0,235,63,2531,2531,2531,2531,2531
0,235,64,491,491,491,491,491
0,235,65,2539,2539,2539,2539,2539
0,235,66,2531,2531,2531,2531,2531
0,235,67,491,491,491,491,491
0,235,68,2539,2539,2539,2539,2539
0,235,69,2531,2531,2531,2531,2531
0,235,70,491,491,491,491,491
0,235,71,2539,2539,2539,2539,2539
0,235,72,3043,3043,3043,3043,3043
0,235,73,1003,1003,1003,1003,1003
0,235,74,3051,3051,3051,3051,3051
0,235,75,3043,3043,3043,3043,3043
0,235,76,1003,1003,1003,1003,1003
0,235,77,3051,3051,3051,3051,3051
0,235,78,3043,3043,3043,3043,3043
0,235,79,1003,1003,1003,1003,1003
0,235,80,3051,3051,3051,3051,3051
0,236,0,3296,3296,3296,3296,3296
0,236,1,1256,1256,1256,1256,1256
0,236,2,3304,3304,3304,3304,3304
0,236,3,2276,2276,2276,2276,2276
0,236,4,236,236,236,236,236
0,236,5,2284,2284,2284,2284,2284
0,236,6,3300,3300,3300,3300,3300
0,236,7,1260,1260,1260,1260,1260
0,236,8,3308,3308,3308,3308,3308
0,236,9,3296,3296,3296,3296,3296
0,236,10,1256,1256,1256,1256,1256
0,236,11,3304,3304,3304,3304,3304
0,236,12,2276,2276,2276,2276,2276
0,236,13,236,236,236,236,236
0,236,14,2284,2284,2284,2284,2284
0,236,15,3300,3300,3300,3300,3300
0,236,16,1260,1260,1260,1260,1260
0,236,17,3308,3308,3308,3308,3308
0,236,18,3296,3296,3296,3296,3296
0,236,19,1256,1256,1256,1256,1256
0,236,20,3304,3304,3304,3304,3304
0,236,21,2276,2276,2276,2276,2276
0,236,22,236,236,236,236,236
0,236,23,2284,2284,2284,2284,2284
0,236,24,3300,3300,3300,3300,3300
0,236,25,1260,1260,1260,1260,1260
0,236,26,3308,3308,3308,3308,3308
0,236,27,3296,3296,3296,3296,3296
0,236,28,1256,1256,1256,1256,1256
0,236,29,3304,3304,3304,3304,3304
0,236,30,2276,2276,2276,2276,2276
0,236,31,236,236,236,236,236
0,236,32,2284,2284,2284,2284,2284
0,236,33,3300,3300,3300,3300,3300
0,236,34,1260,1260,1260,1260,1260
0,236,35,3308,3308,3308,3308,3308
0,236,36,3296,3296,3296,3296,3296
0,236,37,1256,1256,1256,1256,1256
0,236,38,3304,3304,3304,3304,3304
0,236,39,2276,2276,2276,2276,2276
0,236,40,236,236,236,236,236
0,236,41,2284,2284,2284,2284,2284
0,236,42,3300,3300,3300,3300,3300
0,236,43,1260,1260,1260,1260,1260
0,236,44,3308,3308,3308,3308,3308
0,236,45,3296,3296,3296,3296,3296
0,236,46,1256,1256,1256,1256,1256
0,236,47,3304,3304,3304,3304,3304
0,236,48,2276,2276,2276,2276,2276
0,236,49,236,236,236,236,236
0,236,50,2284,2284,2284,2284,2284
0,236,51,3300,3300,3300,3300,3300
0,236,52,1260,1260,1260,1260,1260
0,236,53,3308,3308,3308,3308,3308
0,236,54,3296,3296,3296,3296,3296
0,236,55,1256,1256,1256,1256,1256
0,236,56,3304,3304,3304,3304,3304
0,236,57,2276,2276,2276,2276,2276
0,236,58,236,236,236,236,236
0,236,59,2284,2284,2284,2284,2284
0,236,60,3300,3300,3300,3300,3300
0,236,61,1260,1260,1260,1260,1260
0,236,62,3308,3308,3308,3308,3308
0,236,63,3296,3296,3296,3296,3296
0,236,64,1256,1256,1256,1256,1256
0,236,65,3304,3304,3304,3304,3304
0,236,66,2276,2276,2276,2276,2276
0,236,67,236,236,236,236,236
0,236,68,2284,2284,2284,2284,2284
0,236,69,3300,3300,3300,3300,3300
0,236,70,1260,1260,1260,1260,1260
0,236,71,3308,3308,3308,3308,3308
0,236,72,3296,3296,3296,3296,3296
0,236,73,1256,1256,1256,1256,1256
0,236,74,3304,3304,3304,3304,3304
0,236,75,2276,2276,2276,2276,2276
0,236,76,236,236,236,236,236
0,236,77,2284,2284,2284,2284,2284
0,236,78,3300,3300,3300,3300,3300
0,236,79,1260,1260,1260,1260,1260
0,236,80,3308,3308,3308,3308,3308
0,237,0,3552,3552,3552,3552,3552
0,237,1,1512,1512,1512,1512,1512
0,237,2,3560,3560,3560,3560,3560
0,237,3,2532,2532,2532,2532,2532
0,237,4,492,492,492,492,492
0,237,5,2540,2540,2540,2540,2540
0,237,6,3556,3556,3556,3556,3556
0,237,7,1516,1516,1516,1516,1516
0,237,8,3564,3564,3564,3564,3564
0,237,9,3552,3552,3552,3552,3552
0,237,10,1512,1512,1512,1512,1512
0,237,11,3560,3560,3560,3560,3560
0,237,12,2532,2532,2532,2532,2532
0,237,13,492,492,492,492,492
0,237,14,2540,2540,2540,2540,2540
0,237,15,3556,3556,3556,3556,3556
0,237,16,1516,1516,1516,1516,1516
0,237,17,3564,3564,3564,3564,3564
0,237,18,3552,3552,3552,3552,3552
0,237,19,1512,1512,1512,1512,1512
0,237,20,3560,3560,3560,3560,3560
0,237,21,2532,2532,2532,2532,2532
0,237,22,492,492,492,492,492
0,237,23,2540,2540,2540,2540,2540
0,237,24,3556,3556,3556,3556,3556
0,237,25,1516,1516,1516,1516,1516
0,237,26,3564,3564,3564,3564,3564
0,237,27,3297,3297,3297,3297,3297
0,237,28,1257,1257,1257,1257,1257
0,237,29,3305,3305,3305,3305,3305
0,237,30,2277,2277,2277,2277,2277
0,237,31,237,237,237,237,237
0,237,32,2285,2285,2285,2285,2285
0,237,33,3301,3301,3301,3301,3301
0,237,34,1261,1261,1261,1261,1261
0,237,35,3309,3309,3309,3309,3309
0,237,36,3297,3297,3297,3297,3297
0,237,37,1257,1257,1257,1257,1257
0,237,38,3305,3305,3305,3305,3305
0,237,39,2277,2277,2277,2277,2277
0,237,40,237,237,237,237,237
0,237,41,2285,2285,2285,2285,2285
0,237,42,3301,3301,3301,3301,3301
0,237,43,1261,1261,1261,1261,1261
0,237,44,3309,3309,3309,3309,3309
0,237,45,3297,3297,3297,3297,3297
0,237,46,1257,1257,1257,1257,1257
0,237,47,3305,3305,3305,3305,3305
0,237,48,2277,2277,2277,2277,2277
0,237,49,237,237,237,237,237
0,237,50,2285,2285,2285,2285,2285
0,237,51,3301,3301,3301,3301,3301
0,237,52,1261,1261,1261,1261,1261
0,237,53,3309,3309,3309,3309,3309
0,237,54,3553,3553,3553,3553,3553
0,237,55,1513,1513,1513,1513,1513
0,237,56,3561,3561,3561,3561,3561
0,237,57,2533,2533,2533,2533,2533
0,237,58,493,493,493,493,493
0,237,59,2541,2541,2541,2541,2541
0,237,60,3557,3557,3557,3557,3557
0,237,61,1517,1517,1517,1517,1517
0,237,62,3565,3565,3565,3565,3565
0,237,63,3553,3553,3553,3553,3553
0,237,64,1513,1513,1513,1513,1513
0,237,65,3561,3561,3561,3561,3561
0,237,66,2533,2533,2533,2533,2533
0,237,67,493,493,493,493,493
0,237,68,2541,2541,2541,2541,2541
0,237,69,3557,3557,3557,3557,3557
0,237,70,1517,1517,1517,1517,1517
0,237,71,3565,3565,3565,3565,3565
0,237,72,3553,3553,3553,3553,3553
0,237,73,1513,1513,1513,1513,1513
0,237,74,3561,3561,3561,3561,3561
0,237,75,2533,2533,2533,2533,2533
0,237,76,493,493,493,493,493
0,237,77,2541,2541,2541,2541,2541
0,237,78,3557,3557,3557,3557,3557
0,237,79,1517,1517,1517,1517,1517
0,237,80,3565,3565,3565,3565,3565
0,238,0,3808,3808,3808,3808,3808
0,238,1,1768,1768,1768,1768,1768
0,238,2,3816,3816,3816,3816,3816
0,238,3,2788,2788,2788,2788,2788
0,238,4,748,748,748,748,748
0,238,5,2796,2796,2796,2796,2796
0,238,6,3812,3812,3812,3812,3812
0,238,7,1772,1772,1772,1772,1772
0,238,8,3820,3820,3820,3820,3820
0,238,9,3298,3298,3298,3298,3298
0,238,10,1258,1258,1258,1258,1258
0,238,11,3306,3306,3306,3306,3306
0,238,12,2278,2278,2278,2278,2278
0,238,13,238,238,238,238,238
0,238,14,2286,2286,2286,2286,2286
0,238,15,3302,3302,3302,3302,3302
0,238,16,1262,1262,1262,1262,1262
0,238,17,3310,3310,3310,3310,3310
0,238,18,3810,3810,3810,3810,3810
0,238,19,1770,1770,1770,1770,1770
0,238,20,3818,3818,3818,3818,3818
0,238,21,2790,2790,2790,2790,2790
0,238,22,750,750,750,750,750
0,238,23,2798,2798,2798,2798,2798
0,238,24,3814,3814,3814,3814,3814
0,238,25,1774,1774,1774,1774,1774
0,238,26,3822,3822,3822,3822,3822
0,238,27,3808,3808,3808,3808,3808
0,238,28,1768,1768,1768,1768,1768
0,238,29,3816,3816,3816,3816,3816
0,238,30,2788,2788,2788,2788,2788
0,238,31,748,748,748,748,748
0,238,32,2796,2796,2796,2796,2796
0,238,33,3812,3812,3812,3812,3812
0,238,34,1772,1772,1772,1772,1772
0,238,35,3820,3820,3820,3820,3820
0,238,36,3298,3298,3298,3298,3298
0,238,37,1258,1258,1258,1258,1258
0,238,38,3306,3306,3306,3306,3306
0,238,39,2278,2278,2278,2278,2278
0,238,40,238,238,238,238,238
0,238,41,2286,2286,2286,2286,2286
0,238,42,3302,3302,3302,3302,3302
0,238,43,1262,1262,1262,1262,1262
0,238,44,3310,3310,3310,3310,3310
0,238,45,3810,3810,3810,3810,3810
0,238,46,1770,1770,1770,1770,1770
0,238,47,3818,3818,3818,3818,3818
0,238,48,2790,2790,2790,2790,2790
0,238,49,750,750,750,750,750
0,238,50,2798,2798,2798,2798,2798
0,238,51,3814,3814,3814,3814,3814
0,238,52,1774,1774,1774,1774,1774
0,238,53,3822,3822,3822,3822,3822
0,238,54,3808,3808,3808,3808,3808
0,238,55,1768,1768,1768,1768,1768
0,238,56,3816,3816,3816,3816,3816
0,238,57,2788,2788,2788,2788,2788
0,238,58,748,748,748,748,748
0,238,59,2796,2796,2796,2796,2796
0,238,60,3812,3812,3812,3812,3812
0,238,61,1772,1772,1772,1772,1772
0,238,62,3820,3820,3820,3820,3820
0,238,63,3298,3298,3298,3298,3298
0,238,64,1258,1258,1258,1258,1258
0,238,65,3306,3306,3306,3306,3306
0,238,66,2278,2278,2278,2278,2278
0,238,67,238,238,238,238,238
0,238,68,2286,2286,2286,2286,2286
0,238,69,3302,3302,3302,3302,3302
0,238,70,1262,1262,1262,1262,1262
0,238,71,3310,3310,3310,3310,3310
0,238,72,3810,3810,3810,3810,3810
0,238,73,1770,1770,1770,1770,1770
0,238,74,3818,3818,3818,3818,3818
0,238,75,2790,2790,2790,2790,2790
0,238,76,750,750,750,750,750
0,238,77,2798,2798,2798,2798,2798
0,238,78,3814,3814,3814,3814,3814
0,238,79,1774,1774,1774,1774,1774
0,238,80,3822,3822,3822,3822,3822
0,239,0,4064,4064,4064,4064,4064
0,239,1,2024,2024,2024,2024,2024
0,239,2,4072,4072,4072,4072,4072
0,239,3,3044,3044,3044,3044,3044
0,239,4,1004,1004,1004,1004,1004
0,239,5,3052,3052,3052,3052,3052
0,239,6,4068,4068,4068,4068,4068
0,239,7,2028,2028,2028,2028,2028
0,239,8,4076,4076,4076,4076,4076
0,239,9,3554,3554,3554,3554,3554
0,239,10,1514,1514,1514,1514,1514
0,239,11,3562,3562,3562,3562,3562
0,239,12,2534,2534,2534,2534,2534
0,239,13,494,494,494,494,494
0,239,14,2542,2542,2542,2542,2542
0,239,15,3558,3558,3558,3558,3558
0,239,16,1518,1518,1518,1518,1518
0,239,17,3566,3566,3566,3566,3566
0,239,18,4066,4066,4066,4066,4066
0,239,19,2026,2026,2026,2026,2026
0,239,20,4074,4074,4074,4074,4074
0,239,21,3046,3046,3046,3046,3046
0,239,22,1006,1006,1006,1006,1006
0,239,23,3054,3054,3054,3054,3054
0,239,24,4070,4070,4070,4070,4070
0,239,25,2030,2030,2030,2030,2030
0,239,26,4078,4078,4078,4078,4078
0,239,27,3809,3809,3809,3809,3809
0,239,28,1769,1769,1769,1769,1769
0,239,29,3817,3817,3817,3817,3817
0,239,30,2789,2789,2789,2789,2789
0,239,31,749,749,749,749,749
0,239,32,2797,2797,2797,2797,2797
0,239,33,3813,3813,3813,3813,3813
0,239,34,1773,1773,1773,1773,1773
0,239,35,3821,3821,3821,3821,3821
0,239,36,3299,3299,3299,3299,3299
0,239,37,1259,1259,1259,1259,1259
0,239,38,3307,3307,3307,3307,3307
0,239,39,2279,2279,2279,2279,2279
0,239,40,239,239,239,239,239
0,239,41,2287,2287,2287,2287,2287
0,239,42,3303,3303,3303,3303,3303
0,239,43,1263,1263,1263,1263,1263
0,239,44,3311,3311,3311,3311,3311
0,239,45,3811,3811,3811,3811,3811
0,239,46,1771,1771,1771,1771,1771
0,239,47,3819,3819,3819,3819,3819
0,239,48,2791,2791,2791,2791,2791
0,239,49,751,751,751,751,751
0,239,50,2799,2799,2799,2799,2799
0,239,51,3815,3815,3815,3815,3815
0,239,52,1775,1775,1775,1775,1775
0,239,53,3823,3823,3823,3823,3823
0,239,54,4065,4065,4065,4065,4065
0,239,55,2025,2025,2025,2025,2025
0,239,56,4073,4073,4073,4073,4073
0,239,57,3045,3045,3045,3045,3045
0,239,58,1005,1005,1005,1005,1005
0,239,59,3053,3053,3053,3053,3053
0,239,60,4069,4069,4069,4069,4069
0,239,61,2029,2029,2029,2029,2029
0,239,62,4077,4077,4077,4077,4077
0,239,63,3555,3555,3555,3555,3555
0,239,64,1515,1515,1515,1515,1515
0,239,65,3563,3563,3563,3563,3563
0,239,66,2535,2535,2535,2535,2535
0,239,67,495,495,495,495,495
0,239,68,2543,2543,2543,2543,2543
0,239,69,3559,3559,3559,3559,3559
0,239,70,1519,1519,1519,1519,1519
0,239,71,3567,3567,3567,3567,3567
0,239,72,4067,4067,4067,4067,4067
0,239,73,2027,2027,2027,2027,2027
0,239,74,4075,4075,4075,4075,4075
0,239,75,3047,3047,3047,3047,3047
0,239,76,1007,1007,1007,1007,1007
0,239,77,3055,3055,3055,3055,3055
0,239,78,4071,4071,4071,4071,4071
0,239,79,2031,2031,2031,2031,2031
0,239,80,4079,4079,4079,4079,4079
0,240,0,240,240,240,240,240
0,240,1,240,240,240,240,240
0,240,2,240,240,240,240,240
0,240,3,240,240,240,240,240
0,240,4,240,240,240,240,240
0,240,5,240,240,240,240,240
0,240,6,240,240,240,240,240
0,240,7,240,240,240,240,240
0,240,8,240,240,240,240,240
0,240,9,240,240,240,240,240
0,240,10,240,240,240,240,240
0,240,11,240,240,240,240,240
0,240,12,240,240,240,240,240
0,240,13,240,240,240,240,240
0,240,14,240,240,240,240,240
0,240,15,240,240,240,240,240
0,240,16,240,240,240,240,240
0,240,17,240,240,240,240,240
0,240,18,240,240,240,240,240
0,240,19,240,240,240,240,240
0,240,20,240,240,240,240,240
0,240,21,240,240,240,240,240
0,240,22,240,240,240,240,240
0,240,23,240,240,240,240,240
0,240,24,240,240,240,240,240
0,240,25,240,240,240,240,240
0,240,26,240,240,240,240,240
0,240,27,240,240,240,240,240
0,240,28,240,240,240,240,240
0,240,29,240,240,240,240,240
0,240,30,240,240,240,240,240
0,240,31,240,240,240,240,240
0,240,32,240,240,240,240,240
0,240,33,240,240,240,240,240
0,240,34,240,240,240,240,240
0,240,35,240,240,240,240,240
0,240,36,240,240,240,240,240
0,240,37,240,240,240,240,240
0,240,38,240,240,240,240,240
0,240,39,240,240,240,240,240
0,240,40,240,240,240,240,240
0,240,41,240,240,240,240,240
0,240,42,240,240,240,240,240
0,240,43,240,240,240,240,240
0,240,44,240,240,240,240,240
0,240,45,240,240,240,240,240
0,240,46,240,240,240,240,240
0,240,47,240,240,240,240,240
0,240,48,240,240,240,240,240
0,240,49,240,240,240,240,240
0,240,50,240,240,240,240,240
0,240,51,240,240,240,240,240
0,240,52,240,240,240,240,240
0,240,53,240,240,240,240,240
0,240,54,240,240,240,240,240
0,240,55,240,240,240,240,240
0,240,56,240,240,240,240,240
0,240,57,240,240,240,240,240
0,240,58,240,240,240,240,240
0,240,59,240,240,240,240,240
0,240,60,240,240,240,240,240
0,240,61,240,240,240,240,240
0,240,62,240,240,240,240,240
0,240,63,240,240,240,240,240
0,240,64,240,240,240,240,240
0,240,65,240,240,240,240,240
0,240,66,240,240,240,240,240
0,240,67,240,240,240,240,240
0,240,68,240,240,240,240,240
0,240,69,240,240,240,240,240
0,240,70,240,240,240,240,240
0,240,71,240,240,240,240,240
0,240,72,240,240,240,240,240
0,240,73,240,240,240,240,240
0,240,74,240,240,240,240,240
0,240,75,240,240,240,240,240
0,240,76,240,240,240,240,240
0,240,77,240,240,240,240,240
0,240,78,240,240,240,240,240
0,240,79,240,240,240,240,240
0,240,80,240,240,240,240,240
0,241,0,496,496,496,496,496
0,241,1,496,496,496,496,496
0,241,2,496,496,496,496,496
0,241,3,496,496,496,496,496
0,241,4,496,496,496,496,496
0,241,5,496,496,496,496,496
0,241,6,496,496,496,496,496
0,241,7,496,496,496,496,496
0,241,8,496,496,496,496,496
0,241,9,496,496,496,496,496
0,241,10,496,496,496,496,496
0,241,11,496,496,496,496,496
0,241,12,496,496,496,496,496
0,241,13,496,496,496,496,496
0,241,14,496,496,496,496,496
0,241,15,496,496,496,496,496
0,241,16,496,496,496,496,496
0,241,17,496,496,496,496,496
0,241,18,496,496,496,496,496
0,241,19,496,496,496,496,496
0,241,20,496,496,496,496,496
0,241,21,496,496,496,496,496
0,241,22,496,496,496,496,496
0,241,23,496,496,496,496,496
0,241,24,496,496,496,496,496
0,241,25,496,496,496,496,496
0,241,26,496,496,496,496,496
0,241,27,241,241,241,241,241
0,241,28,241,241,241,241,241
0,241,29,241,241,241,241,241
0,241,30,241,241,241,241,241
0,241,31,241,241,241,241,241
0,241,32,241,241,241,241,241
0,241,33,241,241,241,241,241
0,241,34,241,241,241,241,241
0,241,35,241,241,241,241,241
0,241,36,241,241,241,241,241
0,241,37,241,241,241,241,241
0,241,38,241,241,241,241,241
0,241,39,241,241,241,241,241
0,241,40,241,241,241,241,241
0,241,41,241,241,241,241,241
0,241,42,241,241,241,241,241
0,241,43,241,241,241,241,241
0,241,44,241,241,241,241,241
0,241,45,241,241,241,241,241
0,241,46,241,241,241,241,241
0,241,47,241,241,241,241,241
0,241,48,241,241,241,241,241
0,241,49,241,241,241,241,241
0,241,50,241,241,241,241,241
0,241,51,241,241,241,241,241
0,241,52,241,241,241,241,241
0,241,53,241,241,241,241,241
0,241,54,497,497,497,497,497
0,241,55,497,497,497,497,497
0,241,56,497,497,497,497,497
0,241,57,497,497,497,497,497
0,241,58,497,497,497,497,497
0,241,59,497,497,497,497,497
0,241,60,497,497,497,497,497
0,241,61,497,497,497,497,497
0,241,62,497,497,497,497,497
0,241,63,497,497,497,497,497
0,241,64,497,497,497,497,497
0,241,65,497,497,497,497,497
0,241,66,497,497,497,497,497
0,241,67,497,497,497,497,497
0,241,68,497,497,497,497,497
0,241,69,497,497,497,497,497
0,241,70,497,497,497,497,497
0,241,71,497,497,497,497,497
0,241,72,497,497,497,497,497
0,241,73,497,497,497,497,497
0,241,74,497,497,497,497,497
0,241,75,497,497,497,497,497
0,241,76,497,497,497,497,497
0,241,77,497,497,497,497,497
0,241,78,497,497,497,497,497
0,241,79,497,497,497,497,497
0,241,80,497,497,497,497,497
0,242,0,752,752,752,752,752
0,242,1,752,752,752,752,752
0,242,2,752,752,752,752,752
0,242,3,752,752,752,752,752
0,242,4,752,752,752,752,752
0,242,5,752,752,752,752,752
0,242,6,752,752,752,752,752
0,242,7,752,752,752,752,752
0,242,8,752,752,752,752,752
0,242,9,242,242,242,242,242
0,242,10,242,242,242,242,242
0,242,11,242,242,242,242,242
0,242,12,242,242,242,242,242
0,242,13,242,242,242,242,242
0,242,14,242,242,242,242,242
0,242,15,242,242,242,242,242
0,242,16,242,242,242,242,242
0,242,17,242,242,242,242,242
0,242,18,754,754,754,754,754
0,242,19,754,754,754,754,754
0,242,20,754,754,754,754,754
0,242,21,754,754,754,754,754
0,242,22,754,754,754,754,754
0,242,23,754,754,754,754,754
0,242,24,754,754,754,754,754
0,242,25,754,754,754,754,754
0,242,26,754,754,754,754,754
0,242,27,752,752,752,752,752
0,242,28,752,752,752,752,752
0,242,29,752,752,752,752,752
0,242,30,752,752,752,752,752
0,242,31,752,752,752,752,752
0,242,32,752,752,752,752,752
0,242,33,752,752,752,752,752
0,242,34,752,752,752,752,752
0,242,35,752,752,752,752,752
0,242,36,242,242,242,242,242
0,242,37,242,242,242,242,242
0,242,38,242,242,242,242,242
0,242,39,242,242,242,242,242
0,242,40,242,242,242,242,242
0,242,41,242,242,242,242,242
0,242,42,242,242,242,242,242
0,242,43,242,242,242,242,242
0,242,44,242,242,242,242,242
0,242,45,754,754,754,754,754
0,242,46,754,754,754,754,754
0,242,47,754,754,754,754,754
0,242,48,754,754,754,754,754
0,242,49,754,754,754,754,754
0,242,50,754,754,754,754,754
0,242,51,754,754,754,754,754
0,242,52,754,754,754,754,754
0,242,53,754,754,754,754,754
0,242,54,752,752,752,752,752
0,242,55,752,752,752,752,752
0,242,56,752,752,752,752,752
0,242,57,752,752,752,752,752
0,242,58,752,752,752,752,752
0,242,59,752,752,752,752,752
0,242,60,752,752,752,752,752
0,242,61,752,752,752,752,752
0,242,62,752,752,752,752,752
0,242,63,242,242,242,242,242
0,242,64,242,242,242,242,242
0,242,65,242,242,242,242,242
0,242,66,242,242,242,242,242
0,242,67,242,242,242,242,242
0,242,68,242,242,242,242,242
0,242,69,242,242,242,242,242
0,242,70,242,242,242,242,242
0,242,71,242,242,242,242,242
0,242,72,754,754,754,754,754
0,242,73,754,754,754,754,754
0,242,74,754,754,754,754,754
0,242,75,754,754,754,754,754
0,242,76,754,754,754,754,754
0,242,77,754,754,754,754,754
0,242,78,754,754,754,754,754
0,242,79,754,754,754,754,754
0,242,80,754,754,754,754,754
0,243,0,1008,1008,1008,1008,1008
0,243,1,1008,1008,1008,1008,1008
0,243,2,1008,1008,1008,1008,1008
0,243,3,1008,1008,1008,1008,1008
0,243,4,1008,1008,1008,1008,1008
0,243,5,1008,1008,1008,1008,1008
0,243,6,1008,1008,1008,1008,1008
0,243,7,1008,1008,1008,1008,1008
0,243,8,1008,1008,1008,1008,1008
0,243,9,498,498,498,498,498
0,243,10,498,498,498,498,498
0,243,11,498,498,498,498,498
0,243,12,498,498,498,498,498
0,243,13,498,498,498,498,498
0,243,14,498,498,498,498,498
0,243,15,498,498,498,498,498
0,243,16,498,498,498,498,498
0,243,17,498,498,498,498,498
0,243,18,1010,1010,1010,1010,1010
0,243,19,1010,1010,1010,1010,1010
0,243,20,1010,1010,1010,1010,1010
0,243,21,1010,1010,1010,1010,1010
0,243,22,1010,1010,1010,1010,1010
0,243,23,1010,1010,1010,1010,1010
0,243,24,1010,1010,1010,1010,1010
0,243,25,1010,1010,1010,1010,1010
0,243,26,1010,1010,1010,1010,1010
0,243,27,753,753,753,753,753
0,243,28,753,753,753,753,753
0,243,29,753,753,753,753,753
0,243,30,753,753,753,753,753
0,243,31,753,753,753,753,753
0,243,32,753,753,753,753,753
0,243,33,753,753,753,753,753
0,243,34,753,753,753,753,753
0,243,35,753,753,753,753,753
0,243,36,243,243,243,243,243
0,243,37,243,243,243,243,243
0,243,38,243,243,243,243,243
0,243,39,243,243,243,243,243
0,243,40,243,243,243,243,243
0,243,41,243,243,243,243,243
0,243,42,243,243,243,243,243
0,243,43,243,243,243,243,243
0,243,44,243,243,243,243,243
0,243,45,755,755,755,755,755
0,243,46,755,755,755,755,755
0,243,47,755,755,755,755,755
0,243,48,755,755,755,755,755
0,243,49,755,755,755,755,755
0,243,50,755,755,755,755,755
0,243,51,755,755,755,755,755
0,243,52,755,755,755,755,755
0,243,53,755,755,755,755,755
0,243,54,1009,1009,1009,1009,1009
0,243,55,1009,1009,1009,1009,1009
0,243,56,1009,1009,1009,1009,1009
0,243,57,1009,1009,1009,1009,1009
0,243,58,1009,1009,1009,1009,1009
0,243,59,1009,1009,1009,1009,1009
0,243,60,1009,1009,1009,1009,1009
0,243,61,1009,1009,1009,1009,1009
0,243,62,1009,1009,1009,1009,1009
0,243,63,499,499,499,499,499
0,243,64,499,499,499,499,499
0,243,65,499,499,499,499,499
0,243,66,499,499,499,499,499
0,243,67,499,499,499,499,499
0,243,68,499,499,499,499,499
0,243,69,499,499,499,499,499
0,243,70,499,499,499,499,499
0,243,71,499,499,499,499,499
0,243,72,1011,1011,1011,1011,1011
0,243,73,1011,1011,1011,1011,1011
0,243,74,1011,1011,1011,1011,1011
0,243,75,1011,1011,1011,1011,1011
0,243,76,1011,1011,1011,1011,1011
0,243,77,1011,1011,1011,1011,1011
0,243,78,1011,1011,1011,1011,1011
0,243,79,1011,1011,1011,1011,1011
0,243,80,1011,1011,1011,1011,1011
0,244,0,1264,1264,1264,1264,1264
0,244,1,1264,1264,1264,1264,1264
0,244,2,1264,1264,1264,1264,1264
0,244,3,244,244,244,244,244
0,244,4,244,244,244,244,244
0,244,5,244,244,244,244,244
0,244,6,1268,1268,1268,1268,1268
0,244,7,1268,1268,1268,1268,1268
0,244,8,1268,1268,1268,1268,1268
0,244,9,1264,1264,1264,1264,1264
0,244,10,1264,1264,1264,1264,1264
0,244,11,1264,1264,1264,1264,1264
0,244,12,244,244,244,244,244
0,244,13,244,244,244,244,244
0,244,14,244,244,244,244,244
0,244,15,1268,1268,1268,1268,1268
0,244,16,1268,1268,1268,1268,1268
0,244,17,1268,1268,1268,1268,1268
0,244,18,1264,1264,1264,1264,1264
0,244,19,1264,1264,1264,1264,1264
0,244,20,1264,1264,1264,1264,1264
0,244,21,244,244,244,244,244
0,244,22,244,244,244,244,244
0,244,23,244,244,244,244,244
0,244,24,1268,1268,1268,1268,1268
0,244,25,1268,1268,1268,1268,1268
0,244,26,1268,1268,1268,1268,1268
0,244,27,1264,1264,1264,1264,1264
0,244,28,1264,1264,1264,1264,1264
0,244,29,1264,1264,1264,1264,1264
0,244,30,244,244,244,244,244
0,244,31,244,244,244,244,244
0,244,32,244,244,244,244,244
0,244,33,1268,1268,1268,1268,1268
0,244,34,1268,1268,1268,1268,1268
0,244,35,1268,1268,1268,1268,1268
0,244,36,1264,1264,1264,1264,1264
0,244,37,1264,1264,1264,1264,1264
0,244,38,1264,1264,1264,1264,1264
0,244,39,244,244,244,244,244
0,244,40,244,244,244,244,244
0,244,41,244,244,244,244,244
0,244,42,1268,1268,1268,1268,1268
0,244,43,1268,1268,1268,1268,1268
0,244,44,1268,1268,1268,1268,1268
0,244,45,1264,1264,1264,1264,1264
0,244,46,1264,1264,1264,1264,1264
0,244,47,1264,1264,1264,1264,1264
0,244,48,244,244,244,244,244
0,244,49,244,244,244,244,244
0,244,50,244,244,244,244,244
0,244,51,1268,1268,1268,1268,1268
0,244,52,1268,1268,1268,1268,1268
0,244,53,1268,1268,1268,1268,1268
0,244,54,1264,1264,1264,1264,1264
0,244,55,1264,1264,1264,1264,1264
0,244,56,1264,1264,1264,1264,1264
0,244,57,244,244,244,244,244
0,244,58,244,244,244,244,244
0,244,59,244,244,244,244,244
0,244,60,1268,1268,1268,1268,1268
0,244,61,1268,1268,1268,1268,1268
0,244,62,1268,1268,1268,1268,1268
0,244,63,1264,1264,1264,1264,1264
0,244,64,1264,1264,1264,1264,1264
0,244,65,1264,1264,1264,1264,1264
0,244,66,244,244,244,244,244
0,244,67,244,244,244,244,244
0,244,68,244,244,244,244,244
0,244,69,1268,1268,1268,1268,1268
0,244,70,1268,1268,1268,1268,1268
0,244,71,1268,1268,1268,1268,1268
0,244,72,1264,1264,1264,1264,1264
0,244,73,1264,1264,1264,1264,1264
0,244,74,1264,1264,1264,1264,1264
0,244,75,244,244,244,244,244
0,244,76,244,244,244,244,244
0,244,77,244,244,244,244,244
0,244,78,1268,1268,1268,1268,1268
0,244,79,1268,1268,1268,1268,1268
0,244,80,1268,1268,1268,1268,1268
0,245,0,1520,1520,1520,1520,1520
0,245,1,1520,1520,1520,1520,1520
0,245,2,1520,1520,1520,1520,1520
0,245,3,500,500,500,500,500
0,245,4,500,500,500,500,500
0,245,5,500,500,500,500,500
0,245,6,1524,1524,1524,1524,1524
0,245,7,1524,1524,1524,1524,1524
0,245,8,1524,1524,1524,1524,1524
0,245,9,1520,1520,1520,1520,1520
0,245,10,1520,1520,1520,1520,1520
0,245,11,1520,1520,1520,1520,1520
0,245,12,500,500,500,500,500
0,245,13,500,500,500,500,500
0,245,14,500,500,500,500,500
0,245,15,1524,1524,1524,1524,1524
0,245,16,1524,1524,1524,1524,1524
0,245,17,1524,1524,1524,1524,1524
0,245,18,1520,1520,1520,1520,1520
0,245,19,1520,1520,1520,1520,1520
0,245,20,1520,1520,1520,1520,1520
0,245,21,500,500,500,500,500
0,245,22,500,500,500,500,500
0,245,23,500,500,500,500,500
0,245,24,1524,1524,1524,1524,1524
0,245,25,1524,1524,1524,1524,1524
0,245,26,1524,1524,1524,1524,1524
0,245,27,1265,1265,1265,1265,1265
0,245,28,1265,1265,1265,1265,1265
0,245,29,1265,1265,1265,1265,1265
0,245,30,245,245,245,245,245
0,245,31,245,245,245,245,245
0,245,32,245,245,245,245,245
0,245,33,1269,1269,1269,1269,1269
0,245,34,1269,1269,1269,1269,1269
0,245,35,1269,1269,1269,1269,1269
0,245,36,1265,1265,1265,1265,1265
0,245,37,1265,1265,1265,1265,1265
0,245,38,1265,1265,1265,1265,1265
0,245,39,245,245,245,245,245
0,245,40,245,245,245,245,245
0,245,41,245,245,245,245,245
0,245,42,1269,1269,1269,1269,1269
0,245,43,1269,1269,1269,1269,1269
0,245,44,1269,1269,1269,1269,1269
0,245,45,1265,1265,1265,1265,1265
0,245,46,1265,1265,1265,1265,1265
0,245,47,1265,1265,1265,1265,1265
0,245,48,245,245,245,245,245
0,245,49,245,245,245,245,245
0,245,50,245,245,245,245,245
0,245,51,1269,1269,1269,1269,1269
0,245,52,1269,1269,1269,1269,1269
0,245,53,1269,1269,1269,1269,1269
0,245,54,1521,1521,1521,1521,1521
0,245,55,1521,1521,1521,1521,1521
0,245,56,1521,1521,1521,1521,1521
0,245,57,501,501,501,501,501
0,245,58,501,501,501,501,501
0,245,59,501,501,501,501,501
0,245,60,1525,1525,1525,1525,1525
0,245,61,1525,1525,1525,1525,1525
0,245,62,1525,1525,1525,1525,1525
0,245,63,1521,1521,1521,1521,1521
0,245,64,1521,1521,1521,1521,1521
0,245,65,1521,1521,1521,1521,1521
0,245,66,501,501,501,501,501
0,245,67,501,501,501,501,501
0,245,68,501,501,501,501,501
0,245,69,1525,1525,1525,1525,1525
0,245,70,1525,1525,1525,1525,1525
0,245,71,1525,1525,1525,1525,1525
0,245,72,1521,1521,1521,1521,1521
0,245,73,1521,1521,1521,1521,1521
0,245,74,1521,1521,1521,1521,1521
0,245,75,501,501,501,501,501
0,245,76,501,501,501,501,501
0,245,77,501,501,501,501,501
0,245,78,1525,1525,1525,1525,1525
0,245,79,1525,1525,1525,1525,1525
0,245,80,1525,1525,1525,1525,1525
0,246,0,1776,3824,3824,3824,3824
0,246,1,1776,1784,1784,1784,1784
0,246,2,1776,3832,3832,3832,3832
0,246,3,756,2804,2804,2804,2804
0,246,4,756,764,764,764,764
0,246,5,756,2812,2812,2812,2812
0,246,6,1780,3828,3828,3828,3828
0,246,7,1780,1788,1788,1788,1788
0,246,8,1780,3836,3836,3836,3836
0,246,9,1266,3314,3314,3314,3314
0,246,10,1266,1274,1274,1274,1274
0,246,11,1266,3322,3322,3322,3322
0,246,12,246,246,246,246,246
0,246,13,246,246,246,246,246
0,246,14,246,246,246,246,246
0,246,15,1270,3318,3318,3318,3318
0,246,16,1270,1278,1278,1278,1278
0,246,17,1270,3326,3326,3326,3326
0,246,18,1778,3826,3826,3826,3826
0,246,19,1778,1786,1786,1786,1786
0,246,20,1778,3834,3834,3834,3834
0,246,21,758,2806,2806,2806,2806
0,246,22,758,766,766,766,766
0,246,23,758,2814,2814,2814,2814
0,246,24,1782,3830,3830,3830,3830
0,246,25,1782,1790,1790,1790,1790
0,246,26,1782,3838,3838,3838,3838
0,246,27,1776,3824,3824,3824,3824
0,246,28,1776,1784,1784,1784,1784
0,246,29,1776,3832,3832,3832,3832
0,246,30,756,2804,2804,2804,2804
0,246,31,756,764,764,764,764
0,246,32,756,2812,2812,2812,2812
0,246,33,1780,3828,3828,3828,3828
0,246,34,1780,1788,1788,1788,1788
0,246,35,1780,3836,3836,3836,3836
0,246,36,1266,3314,3314,3314,3314
0,246,37,1266,1274,1274,1274,1274
0,246,38,1266,3322,3322,3322,3322
0,246,39,246,246,246,246,246
0,246,40,246,246,246,246,246
0,246,41,246,246,246,246,246
0,246,42,1270,3318,3318,3318,3318
0,246,43,1270,1278,1278,1278,1278
0,246,44,1270,3326,3326,3326,3326
0,246,45,1778,3826,3826,3826,3826
0,246,46,1778,1786,1786,1786,1786
0,246,47,1778,3834,3834,3834,3834
0,246,48,758,2806,2806,2806,2806
0,246,49,758,766,766,766,766
0,246,50,758,2814,2814,2814,2814
0,246,51,1782,3830,3830,3830,3830
0,246,52,1782,1790,1790,1790,1790
0,246,53,1782,3838,3838,3838,3838
0,246,54,1776,3824,3824,3824,3824
0,246,55,1776,1784,1784,1784,1784
0,246,56,1776,3832,3832,3832,3832
0,246,57,756,2804,2804,2804,2804
0,246,58,756,764,764,764,764
0,246,59,756,2812,2812,2812,2812
0,246,60,1780,3828,3828,3828,3828
0,246,61,1780,1788,1788,1788,1788
0,246,62,1780,3836,3836,3836,3836
0,246,63,1266,3314,3314,3314,3314
0,246,64,1266,1274,1274,1274,1274
0,246,65,1266,3322,3322,3322,3322
0,246,66,246,246,246,246,246
0,246,67,246,246,246,246,246
0,246,68,246,246,246,246,246
0,246,69,1270,3318,3318,3318,3318
0,246,70,1270,1278,1278,1278,1278
0,246,71,1270,3326,3326,3326,3326
0,246,72,1778,3826,3826,3826,3826
0,246,73,1778,1786,1786,1786,1786
0,246,74,1778,3834,3834,3834,3834
0,246,75,758,2806,2806,2806,2806
0,246,76,758,766,766,766,766
0,246,77,758,2814,2814,2814,2814
0,246,78,1782,3830,3830,3830,3830
0,246,79,1782,1790,1790,1790,1790
0,246,80,1782,3838,3838,3838,3838
0,247,0,2032,4080,4080,4080,4080
0,247,1,2032,2040,2040,2040,2040
0,247,2,2032,4088,4088,4088,4088
0,247,3,1012,3060,3060,3060,3060
0,247,4,1012,1020,1020,1020,1020
0,247,5,1012,3068,3068,3068,3068
0,247,6,2036,4084,4084,4084,4084
0,247,7,2036,2044,2044,2044,2044
0,247,8,2036,4092,4092,4092,4092
0,247,9,1522,3570,3570,3570,3570
0,247,10,1522,1530,1530,1530,1530
0,247,11,1522,3578,3578,3578,3578
0,247,12,502,502,502,502,502
0,247,13,502,502,502,502,502
0,247,14,502,502,502,502,502
0,247,15,1526,3574,3574,3574,3574
0,247,16,1526,1534,1534,1534,1534
0,247,17,1526,3582,3582,3582,3582
0,247,18,2034,4082,4082,4082,4082
0,247,19,2034,2042,2042,2042,2042
0,247,20,2034,4090,4090,4090,4090
0,247,21,1014,3062,3062,3062,3062
0,247,22,1014,1022,1022,1022,1022
0,247,23,1014,3070,3070,3070,3070
0,247,24,2038,4086,4086,4086,4086
0,247,25,2038,2046,2046,2046,2046
0,247,26,2038,4094,4094,4094,4094
0,247,27,1777,3825,3825,3825,3825
0,247,28,1777,1785,1785,1785,1785
0,247,29,1777,3833,3833,3833,3833
0,247,30,757,2805,2805,2805,2805
0,247,31,757,765,765,765,765
0,247,32,757,2813,2813,2813,2813
0,247,33,1781,3829,3829,3829,3829
0,247,34,1781,1789,1789,1789,1789
0,247,35,1781,3837,3837,3837,3837
0,247,36,1267,3315,3315,3315,3315
0,247,37,1267,1275,1275,1275,1275
0,247,38,1267,3323,3323,3323,3323
0,247,39,247,247,247,247,247
0,247,40,247,247,247,247,247
0,247,41,247,247,247,247,247
0,247,42,1271,3319,3319,3319,3319
0,247,43,1271,1279,1279,1279,1279
0,247,44,1271,3327,3327,3327,3327
0,247,45,1779,3827,3827,3827,3827
0,247,46,1779,1787,1787,1787,1787
0,247,47,1779,3835,3835,3835,3835
0,247,48,759,2807,2807,2807,2807
0,247,49,759,767,767,767,767
0,247,50,759,2815,2815,2815,2815
0,247,51,1783,3831,3831,3831,3831
0,247,52,1783,1791,1791,1791,1791
0,247,53,1783,3839,3839,3839,3839
0,247,54,2033,4081,4081,4081,4081
0,247,55,2033,2041,2041,2041,2041
0,247,56,2033,4089,4089,4089,4089
0,247,57,1013,3061,3061,3061,3061
0,247,58,1013,1021,1021,1021,1021
0,247,59,1013,3069,3069,3069,3069
0,247,60,2037,4085,4085,4085,4085
0,247,61,2037,2045,2045,2045,2045
0,247,62,2037,4093,4093,4093,4093
0,247,63,1523,3571,3571,3571,3571
0,247,64,1523,1531,1531,1531,1531
0,247,65,1523,3579,3579,3579,3579
0,247,66,503,503,503,503,503
0,247,67,503,503,503,503,503
0,247,68,503,503,503,503,503
0,247,69,1527,3575,3575,3575,3575
0,247,70,1527,1535,1535,1535,1535
0,247,71,1527,3583,3583,3583,3583
0,247,72,2035,4083,4083,4083,4083
0,247,73,2035,2043,2043,2043,2043
0,247,74,2035,4091,4091,4091,4091
0,247,75,1015,3063,3063,3063,3063
0,247,76,1015,1023,1023,1023,1023
0,247,77,1015,3071,3071,3071,3071
0,247,78,2039,4087,4087,4087,4087
0,247,79,2039,2047,2047,2047,2047
0,247,80,2039,4095,4095,4095,4095
0,248,0,2288,2288,2288,2288,2288
0,248,1,248,248,248,248,248
0,248,2,2296,2296,2296,2296,2296
0,248,3,2288,2288,2288,2288,2288
0,248,4,248,248,248,248,248
0,248,5,2296,2296,2296,2296,2296
0,248,6,2288,2288,2288,2288,2288
0,248,7,248,248,248,248,248
0,248,8,2296,2296,2296,2296,2296
0,248,9,2288,2288,2288,2288,2288
0,248,10,248,248,248,248,248
0,248,11,2296,2296,2296,2296,2296
0,248,12,2288,2288,2288,2288,2288
0,248,13,248,248,248,248,248
0,248,14,2296,2296,2296,2296,2296
0,248,15,2288,2288,2288,2288,2288
0,248,16,248,248,248,248,248
0,248,17,2296,2296,2296,2296,2296
0,248,18,2288,2288,2288,2288,2288
0,248,19,248,248,248,248,248
0,248,20,2296,2296,2296,2296,2296
0,248,21,2288,2288,2288,2288,2288
0,248,22,248,248,248,248,248
0,248,23,2296,2296,2296,2296,2296
0,248,24,2288,2288,2288,2288,2288
0,248,25,248,248,248,248,248
0,248,26,2296,2296,2296,2296,2296
0,248,27,2288,2288,2288,2288,2288
0,248,28,248,248,248,248,248
0,248,29,2296,2296,2296,2296,2296
0,248,30,2288,2288,2288,2288,2288
0,248,31,248,248,248,248,248
0,248,32,2296,2296,2296,2296,2296
0,248,33,2288,2288,2288,2288,2288
0,248,34,248,248,248,248,248
0,248,35,2296,2296,2296,2296,2296
0,248,36,2288,2288,2288,2288,2288
0,248,37,248,248,248,248,248
0,248,38,2296,2296,2296,2296,2296
0,248,39,2288,2288,2288,2288,2288
0,248,40,248,248,248,248,248
0,248,41,2296,2296,2296,2296,2296
0,248,42,2288,2288,2288,2288,2288
0,248,43,248,248,248,248,248
0,248,44,2296,2296,2296,2296,2296
0,248,45,2288,2288,2288,2288,2288
0,248,46,248,248,248,248,248
0,248,47,2296,2296,2296,2296,2296
0,248,48,2288,2288,2288,2288,2288
0,248,49,248,248,248,248,248
0,248,50,2296,2296,2296,2296,2296
0,248,51,2288,2288,2288,2288,2288
0,248,52,248,248,248,248,248
0,248,53,2296,2296,2296,2296,2296
0,248,54,2288,2288,2288,2288,2288
0,248,55,248,248,248,248,248
0,248,56,2296,2296,2296,2296,2296
0,248,57,2288,2288,2288,2288,2288
0,248,58,248,248,248,248,248
0,248,59,2296,2296,2296,2296,2296
0,248,60,2288,2288,2288,2288,2288
0,248,61,248,248,248,248,248
0,248,62,2296,2296,2296,2296,2296
0,248,63,2288,2288,2288,2288,2288
0,248,64,248,248,248,248,248
0,248,65,2296,2296,2296,2296,2296
0,248,66,2288,2288,2288,2288,2288
0,248,67,248,248,248,248,248
0,248,68,2296,2296,2296,2296,2296
0,248,69,2288,2288,2288,2288,2288
0,248,70,248,248,248,248,248
0,248,71,2296,2296,2296,2296,2296
0,248,72,2288,2288,2288,2288,2288
0,248,73,248,248,248,248,248
0,248,74,2296,2296,2296,2296,2296
0,248,75,2288,2288,2288,2288,2288
0,248,76,248,248,248,248,248
0,248,77,2296,2296,2296,2296,2296
0,248,78,2288,2288,2288,2288,2288
0,248,79,248,248,248,248,248
0,248,80,2296,2296,2296,2296,2296
0,249,0,2544,2544,2544,2544,2544
0,249,1,504,504,504,504,504
0,249,2,2552,2552,2552,2552,2552
0,249,3,2544,2544,2544,2544,2544
0,249,4,504,504,504,504,504
0,249,5,2552,2552,2552,2552,2552
0,249,6,2544,2544,2544,2544,2544
0,249,7,504,504,504,504,504
0,249,8,2552,2552,2552,2552,2552
0,249,9,2544,2544,2544,2544,2544
0,249,10,504,504,504,504,504
0,249,11,2552,2552,2552,2552,2552
0,249,12,2544,2544,2544,2544,2544
0,249,13,504,504,504,504,504
0,249,14,2552,2552,2552,2552,2552
0,249,15,2544,2544,2544,2544,2544
0,249,16,504,504,504,504,504
0,249,17,2552,2552,2552,2552,2552
0,249,18,2544,2544,2544,2544,2544
0,249,19,504,504,504,504,504
0,249,20,2552,2552,2552,2552,2552
0,249,21,2544,2544,2544,2544,2544
0,249,22,504,504,504,504,504
0,249,23,2552,2552,2552,2552,2552
0,249,24,2544,2544,2544,2544,2544
0,249,25,504,504,504,504,504
0,249,26,2552,2552,2552,2552,2552
0,249,27,2289,2289,2289,2289,2289
0,249,28,249,249,249,249,249
0,249,29,2297,2297,2297,2297,2297
0,249,30,2289,2289,2289,2289,2289
0,249,31,249,249,249,249,249
0,249,32,2297,2297,2297,2297,2297
0,249,33,2289,2289,2289,2289,2289
0,249,34,249,249,249,249,249
0,249,35,2297,2297,2297,2297,2297
0,249,36,2289,2289,2289,2289,2289
0,249,37,249,249,249,249,249
0,249,38,2297,2297,2297,2297,2297
0,249,39,2289,2289,2289,2289,2289
0,249,40,249,249,249,249,249
0,249,41,2297,2297,2297,2297,2297
0,249,42,2289,2289,2289,2289,2289
0,249,43,249,249,249,249,249
0,249,44,2297,2297,2297,2297,2297
0,249,45,2289,2289,2289,2289,2289
0,249,46,249,249,249,249,249
0,249,47,2297,2297,2297,2297,2297
0,249,48,2289,2289,2289,2289,2289
0,249,49,249,249,249,249,249
0,249,50,2297,2297,2297,2297,2297
0,249,51,2289,2289,2289,2289,2289
0,249,52,249,249,249,249,249
0,249,53,2297,2297,2297,2297,2297
0,249,54,2545,2545,2545,2545,2545
0,249,55,505,505,505,505,505
0,249,56,2553,2553,2553,2553,2553
0,249,57,2545,2545,2545,2545,2545
0,249,58,505,505,505,505,505
0,249,59,2553,2553,2553,2553,2553
0,249,60,2545,2545,2545,2545,2545
0,249,61,505,505,505,505,505
0,249,62,2553,2553,2553,2553,2553
0,249,63,2545,2545,2545,2545,2545
0,249,64,505,505,505,505,505
0,249,65,2553,2553,2553,2553,2553
0,249,66,2545,2545,2545,2545,2545
0,249,67,505,505,505,505,505
0,249,68,2553,2553,2553,2553,2553
0,249,69,2545,2545,2545,2545,2545
0,249,70,505,505,505,505,505
0,249,71,2553,2553,2553,2553,2553
0,249,72,2545,2545,2545,2545,2545
0,249,73,505,505,505,505,505
0,249,74,2553,2553,2553,2553,2553
0,249,75,2545,2545,2545,2545,2545
0,249,76,505,505,505,505,505
0,249,77,2553,2553,2553,2553,2553
0,249,78,2545,2545,2545,2545,2545
0,249,79,505,505,505,505,505
0,249,80,2553,2553,2553,2553,2553
0,250,0,2800,2800,2800,2800,2800
0,250,1,760,760,760,760,760
0,250,2,2808,2808,2808,2808,2808
0,250,3,2800,2800,2800,2800,2800
0,250,4,760,760,760,760,760
0,250,5,2808,2808,2808,2808,2808
0,250,6,2800,2800,2800,2800,2800
0,250,7,760,760,760,760,760
0,250,8,2808,2808,2808,2808,2808
0,250,9,2290,2290,2290,2290,2290
0,250,10,250,250,250,250,250
0,250,11,2298,2298,2298,2298,2298
0,250,12,2290,2290,2290,2290,2290
0,250,13,250,250,250,250,250
0,250,14,2298,2298,2298,2298,2298
0,250,15,2290,2290,2290,2290,2290
0,250,16,250,250,250,250,250
0,250,17,2298,2298,2298,2298,2298
0,250,18,2802,2802,2802,2802,2802
0,250,19,762,762,762,762,762
0,250,20,2810,2810,2810,2810,2810
0,250,21,2802,2802,2802,2802,2802
0,250,22,762,762,762,762,762
0,250,23,2810,2810,2810,2810,2810
0,250,24,2802,2802,2802,2802,2802
0,250,25,762,762,762,762,762
0,250,26,2810,2810,2810,2810,2810
0,250,27,2800,2800,2800,2800,2800
0,250,28,760,760,760,760,760
0,250,29,2808,2808,2808,2808,2808
0,250,30,2800,2800,2800,2800,2800
0,250,31,760,760,760,760,760
0,250,32,2808,2808,2808,2808,2808
0,250,33,2800,2800,2800,2800,2800
0,250,34,760,760,760,760,760
0,250,35,2808,2808,2808,2808,2808
0,250,36,2290,2290,2290,2290,2290
0,250,37,250,250,250,250,250
0,250,38,2298,2298,2298,2298,2298
0,250,39,2290,2290,2290,2290,2290
0,250,40,250,250,250,250,250
0,250,41,2298,2298,2298,2298,2298
0,250,42,2290,2290,2290,2290,2290
0,250,43,250,250,250,250,250
0,250,44,2298,2298,2298,2298,2298
0,250,45,2802,2802,2802,2802,2802
0,250,46,762,762,762,762,762
0,250,47,2810,2810,2810,2810,2810
0,250,48,2802,2802,2802,2802,2802
0,250,49,762,762,762,762,762
0,250,50,2810,2810,2810,2810,2810
0,250,51,2802,2802,2802,2802,2802
0,250,52,762,762,762,762,762
0,250,53,2810,2810,2810,2810,2810
0,250,54,2800,2800,2800,2800,2800
0,250,55,760,760,760,760,760
0,250,56,2808,2808,2808,2808,2808
0,250,57,2800,2800,2800,2800,2800
0,250,58,760,760,760,760,760
0,250,59,2808,2808,2808,2808,2808
0,250,60,2800,2800,2800,2800,2800
0,250,61,760,760,760,760,760
0,250,62,2808,2808,2808,2808,2808
0,250,63,2290,2290,2290,2290,2290
0,250,64,250,250,250,250,250
0,250,65,2298,2298,2298,2298,2298
0,250,66,2290,2290,2290,2290,2290
0,250,67,250,250,250,250,250
0,250,68,2298,2298,2298,2298,2298
0,250,69,2290,2290,2290,2290,2290
0,250,70,250,250,250,250,250
0,250,71,2298,2298,2298,2298,2298
0,250,72,2802,2802,2802,2802,2802
0,250,73,762,762,762,762,762
0,250,74,2810,2810,2810,2810,2810
0,250,75,2802,2802,2802,2802,2802
0,250,76,762,762,762,762,762
0,250,77,2810,2810,2810,2810,2810
0,250,78,2802,2802,2802,2802,2802
0,250,79,762,762,762,762,762
0,250,80,2810,2810,2810,2810,2810
0,251,0,3056,3056,3056,3056,3056
0,251,1,1016,1016,1016,1016,1016
0,251,2,3064,3064,3064,3064,3064
0,251,3,3056,3056,3056,3056,3056
0,251,4,1016,1016,1016,1016,1016
0,251,5,3064,3064,3064,3064,3064
0,251,6,3056,3056,3056,3056,3056
0,251,7,1016,1016,1016,1016,1016
0,251,8,3064,3064,3064,3064,3064
0,251,9,2546,2546,2546,2546,2546
0,251,10,506,506,506,506,506
0,251,11,2554,2554,2554,2554,2554
0,251,12,2546,2546,2546,2546,2546
0,251,13,506,506,506,506,506
0,251,14,2554,2554,2554,2554,2554
0,251,15,2546,2546,2546,2546,2546
0,251,16,506,506,506,506,506
0,251,17,2554,2554,2554,2554,2554
0,251,18,3058,3058,3058,3058,3058
0,251,19,1018,1018,1018,1018,1018
0,251,20,3066,3066,3066,3066,3066
0,251,21,3058,3058,3058,3058,3058
0,251,22,1018,1018,1018,1018,1018
0,251,23,3066,3066,3066,3066,3066
0,251,24,3058,3058,3058,3058,3058
0,251,25,1018,1018,1018,1018,1018
0,251,26,3066,3066,3066,3066,3066
0,251,27,2801,2801,2801,2801,2801
0,251,28,761,761,761,761,761
0,251,29,2809,2809,2809,2809,2809
0,251,30,2801,2801,2801,2801,2801
0,251,31,761,761,761,761,761
0,251,32,2809,2809,2809,2809,2809
0,251,33,2801,2801,2801,2801,2801
0,251,34,761,761,761,761,761
0,251,35,2809,2809,2809,2809,2809
0,251,36,2291,2291,2291,2291,2291
0,251,37,251,251,251,251,251
0,251,38,2299,2299,2299,2299,2299
0,251,39,2291,2291,2291,2291,2291
0,251,40,251,251,251,251,251
0,251,41,2299,2299,2299,2299,2299
0,251,42,2291,2291,2291,2291,2291
0,251,43,251,251,251,251,251
0,251,44,2299,2299,2299,2299,2299
0,251,45,2803,2803,2803,2803,2803
0,251,46,763,763,763,763,763
0,251,47,2811,2811,2811,2811,2811
0,251,48,2803,2803,2803,2803,2803
0,251,49,763,763,763,763,763
0,251,50,2811,2811,2811,2811,2811
0,251,51,2803,2803,2803,2803,2803
0,251,52,763,763,763,763,763
0,251,53,2811,2811,2811,2811,2811
0,251,54,3057,3057,3057,3057,3057
0,251,55,1017,1017,1017,1017,1017
0,251,56,3065,3065,3065,3065,3065
0,251,57,3057,3057,3057,3057,3057
0,251,58,1017,1017,1017,1017,1017
0,251,59,3065,3065,3065,3065,3065
0,251,60,3057,3057,3057,3057,3057
0,251,61,1017,1017,1017,1017,1017
0,251,62,3065,3065,3065,3065,3065
0,251,63,2547,2547,2547,2547,2547
0,251,64,507,507,507,507,507
0,251,65,2555,2555,2555,2555,2555
0,251,66,2547,2547,2547,2547,2547
0,251,67,507,507,507,507,507
0,251,68,2555,2555,2555,2555,2555
0,251,69,2547,2547,2547,2547,2547
0,251,70,507,507,507,507,507
0,251,71,2555,2555,2555,2555,2555
0,251,72,3059,3059,3059,3059,3059
0,251,73,1019,1019,1019,1019,1019
0,251,74,3067,3067,3067,3067,3067
0,251,75,3059,3059,3059,3059,3059
0,251,76,1019,1019,1019,1019,1019
0,251,77,3067,3067,3067,3067,3067
0,251,78,3059,3059,3059,3059,3059
0,251,79,1019,1019,1019,1019,1019
0,251,80,3067,3067,3067,3067,3067
0,252,0,3312,3312,3312,3312,3312
0,252,1,1272,1272,1272,1272,1272
0,252,2,3320,3320,3320,3320,3320
0,252,3,2292,2292,2292,2292,2292
0,252,4,252,252,252,252,252
0,252,5,2300,2300,2300,2300,2300
0,252,6,3316,3316,3316,3316,3316
0,252,7,1276,1276,1276,1276,1276
0,252,8,3324,3324,3324,3324,3324
0,252,9,3312,3312,3312,3312,3312
0,252,10,1272,1272,1272,1272,1272
0,252,11,3320,3320,3320,3320,3320
0,252,12,2292,2292,2292,2292,2292
0,252,13,252,252,252,252,252
0,252,14,2300,2300,2300,2300,2300
0,252,15,3316,3316,3316,3316,3316
0,252,16,1276,1276,1276,1276,1276
0,252,17,3324,3324,3324,3324,3324
0,252,18,3312,3312,3312,3312,3312
0,252,19,1272,1272,1272,1272,1272
0,252,20,3320,3320,3320,3320,3320
0,252,21,2292,2292,2292,2292,2292
0,252,22,252,252,252,252,252
0,252,23,2300,2300,2300,2300,2300
0,252,24,3316,3316,3316,3316,3316
0,252,25,1276,1276,1276,1276,1276
0,252,26,3324,3324,3324,3324,3324
0,252,27,3312,3312,3312,3312,3312
0,252,28,1272,1272,1272,1272,1272
0,252,29,3320,3320,3320,3320,3320
0,252,30,2292,2292,2292,2292,2292
0,252,31,252,252,252,252,252
0,252,32,2300,2300,2300,2300,2300
0,252,33,3316,3316,3316,3316,3316
0,252,34,1276,1276,1276,1276,1276
0,252,35,3324,3324,3324,3324,3324
0,252,36,3312,3312,3312,3312,3312
0,252,37,1272,1272,1272,1272,1272
0,252,38,3320,3320,3320,3320,3320
0,252,39,2292,2292,2292,2292,2292
0,252,40,252,252,252,252,252
0,252,41,2300,2300,2300,2300,2300
0,252,42,3316,3316,3316,3316,3316
0,252,43,1276,1276,1276,1276,1276
0,252,44,3324,3324,3324,3324,3324
0,252,45,3312,3312,3312,3312,3312
0,252,46,1272,1272,1272,1272,1272
0,252,47,3320,3320,3320,3320,3320
0,252,48,2292,2292,2292,2292,2292
0,252,49,252,252,252,252,252
0,252,50,2300,2300,2300,2300,2300
0,252,51,3316,3316,3316,3316,3316
0,252,52,1276,1276,1276,1276,1276
0,252,53,3324,3324,3324,3324,3324
0,252,54,3312,3312,3312,3312,3312
0,252,55,1272,1272,1272,1272,1272
0,252,56,3320,3320,3320,3320,3320
0,252,57,2292,2292,2292,2292,2292
0,252,58,252,252,252,252,252
0,252,59,2300,2300,2300,2300,2300
0,252,60,3316,3316,3316,3316,3316
0,252,61,1276,1276,1276,1276,1276
0,252,62,3324,3324,3324,3324,3324
0,252,63,3312,3312,3312,3312,3312
0,252,64,1272,1272,1272,1272,1272
0,252,65,3320,3320,3320,3320,3320
0,252,66,2292,2292,2292,2292,2292
0,252,67,252,252,252,252,252
0,252,68,2300,2300,2300,2300,2300
0,252,69,3316,3316,3316,3316,3316
0,252,70,1276,1276,1276,1276,1276
0,252,71,3324,3324,3324,3324,3324
0,252,72,3312,3312,3312,3312,3312
0,252,73,1272,1272,1272,1272,1272
0,252,74,3320,3320,3320,3320,3320
0,252,75,2292,2292,2292,2292,2292
0,252,76,252,252,252,252,252
0,252,77,2300,2300,2300,2300,2300
0,252,78,3316,3316,3316,3316,3316
0,252,79,1276,1276,1276,1276,1276
0,252,80,3324,3324,3324,3324,3324
0,253,0,3568,3568,3568,3568,3568
0,253,1,1528,1528,1528,1528,1528
0,253,2,3576,3576,3576,3576,3576
0,253,3,2548,2548,2548,2548,2548
0,253,4,508,508,508,508,508
0,253,5,2556,2556,2556,2556,2556
0,253,6,3572,3572,3572,3572,3572
0,253,7,1532,1532,1532,1532,1532
0,253,8,3580,3580,3580,3580,3580
0,253,9,3568,3568,3568,3568,3568
0,253,10,1528,1528,1528,1528,1528
0,253,11,3576,3576,3576,3576,3576
0,253,12,2548,2548,2548,2548,2548
0,253,13,508,508,508,508,508
0,253,14,2556,2556,2556,2556,2556
0,253,15,3572,3572,3572,3572,3572
0,253,16,1532,1532,1532,1532,1532
0,253,17,3580,3580,3580,3580,3580
0,253,18,3568,3568,3568,3568,3568
0,253,19,1528,1528,1528,1528,1528
0,253,20,3576,3576,3576,3576,3576
0,253,21,2548,2548,2548,2548,2548
0,253,22,508,508,508,508,508
0,253,23,2556,2556,2556,2556,2556
0,253,24,3572,3572,3572,3572,3572
0,253,25,1532,1532,1532,1532,1532
0,253,26,3580,3580,3580,3580,3580
0,253,27,3313,3313,3313,3313,3313
0,253,28,1273,1273,1273,1273,1273
0,253,29,3321,3321,3321,3321,3321
0,253,30,2293,2293,2293,2293,2293
0,253,31,253,253,253,253,253
0,253,32,2301,2301,2301,2301,2301
0,253,33,3317,3317,3317,3317,3317
0,253,34,1277,1277,1277,1277,1277
0,253,35,3325,3325,3325,3325,3325
0,253,36,3313,3313,3313,3313,3313
0,253,37,1273,1273,1273,1273,1273
0,253,38,3321,3321,3321,3321,3321
0,253,39,2293,2293,2293,2293,2293
0,253,40,253,253,253,253,253
0,253,41,2301,2301,2301,2301,2301
0,253,42,3317,3317,3317,3317,3317
0,253,43,1277,1277,1277,1277,1277
0,253,44,3325,3325,3325,3325,3325
0,253,45,3313,3313,3313,3313,3313
0,253,46,1273,1273,1273,1273,1273
0,253,47,3321,3321,3321,3321,3321
0,253,48,2293,2293,2293,2293,2293
0,253,49,253,253,253,253,253
0,253,50,2301,2301,2301,2301,2301
0,253,51,3317,3317,3317,3317,3317
0,253,52,1277,1277,1277,1277,1277
0,253,53,3325,3325,3325,3325,3325
0,253,54,3569,3569,3569,3569,3569
0,253,55,1529,1529,1529,1529,1529
0,253,56,3577,3577,3577,3577,3577
0,253,57,2549,2549,2549,2549,2549
0,253,58,509,509,509,509,509
0,253,59,2557,2557,2557,2557,2557
0,253,60,3573,3573,3573,3573,3573
0,253,61,1533,1533,1533,1533,1533
0,253,62,3581,3581,3581,3581,3581
0,253,63,3569,3569,3569,3569,3569
0,253,64,1529,1529,1529,1529,1529
0,253,65,3577,3577,3577,3577,3577
0,253,66,2549,2549,2549,2549,2549
0,253,67,509,509,509,509,509
0,253,68,2557,2557,2557,2557,2557
0,253,69,3573,3573,3573,3573,3573
0,253,70,1533,1533,1533,1533,1533
0,253,71,3581,3581,3581,3581,3581
0,253,72,3569,3569,3569,3569,3569
0,253,73,1529,1529,1529,1529,1529
0,253,74,3577,3577,3577,3577,3577
0,253,75,2549,2549,2549,2549,2549
0,253,76,509,509,509,509,509
0,253,77,2557,2557,2557,2557,2557
0,253,78,3573,3573,3573,3573,3573
0,253,79,1533,1533,1533,1533,1533
0,253,80,3581,3581,3581,3581,3581
0,254,0,3824,3824,3824,3824,3824
0,254,1,1784,1784,1784,1784,1784
0,254,2,3832,3832,3832,3832,3832
0,254,3,2804,2804,2804,2804,2804
0,254,4,764,764,764,764,764
0,254,5,2812,2812,2812,2812,2812
0,254,6,3828,3828,3828,3828,3828
0,254,7,1788,1788,1788,1788,1788
0,254,8,3836,3836,3836,3836,3836
0,254,9,3314,3314,3314,3314,3314
0,254,10,1274,1274,1274,1274,1274
0,254,11,3322,3322,3322,3322,3322
0,254,12,2294,2294,2294,2294,2294
0,254,13,254,254,254,254,254
0,254,14,2302,2302,2302,2302,2302
0,254,15,3318,3318,3318,3318,3318
0,254,16,1278,1278,1278,1278,1278
0,254,17,3326,3326,3326,3326,3326
0,254,18,3826,3826,3826,3826,3826
0,254,19,1786,1786,1786,1786,1786
0,254,20,3834,3834,3834,3834,3834
0,254,21,2806,2806,2806,2806,2806
0,254,22,766,766,766,766,766
0,254,23,2814,2814,2814,2814,2814
0,254,24,3830,3830,3830,3830,3830
0,254,25,1790,1790,1790,1790,1790
0,254,26,3838,3838,3838,3838,3838
0,254,27,3824,3824,3824,3824,3824
0,254,28,1784,1784,1784,1784,1784
0,254,29,3832,3832,3832,3832,3832
0,254,30,2804,2804,2804,2804,2804
0,254,31,764,764,764,764,764
0,254,32,2812,2812,2812,2812,2812
0,254,33,3828,3828,3828,3828,3828
0,254,34,1788,1788,1788,1788,1788
0,254,35,3836,3836,3836,3836,3836
0,254,36,3314,3314,3314,3314,3314
0,254,37,1274,1274,1274,1274,1274
0,254,38,3322,3322,3322,3322,3322
0,254,39,2294,2294,2294,2294,2294
0,254,40,254,254,254,254,254
0,254,41,2302,2302,2302,2302,2302
0,254,42,3318,3318,3318,3318,3318
0,254,43,1278,1278,1278,1278,1278
0,254,44,3326,3326,3326,3326,3326
0,254,45,3826,3826,3826,3826,3826
0,254,46,1786,1786,1786,1786,1786
0,254,47,3834,3834,3834,3834,3834
0,254,48,2806,2806,2806,2806,2806
0,254,49,766,766,766,766,766
0,254,50,2814,2814,2814,2814,2814
0,254,51,3830,3830,3830,3830,3830
0,254,52,1790,1790,1790,1790,1790
0,254,53,3838,3838,3838,3838,3838
0,254,54,3824,3824,3824,3824,3824
0,254,55,1784,1784,1784,1784,1784
0,254,56,3832,3832,3832,3832,3832
0,254,57,2804,2804,2804,2804,2804
0,254,58,764,764,764,764,764
0,254,59,2812,2812,2812,2812,2812
0,254,60,3828,3828,3828,3828,3828
0,254,61,1788,1788,1788,1788,1788
0,254,62,3836,3836,3836,3836,3836
0,254,63,3314,3314,3314,3314,3314
0,254,64,1274,1274,1274,1274,1274
0,254,65,3322,3322,3322,3322,3322
0,254,66,2294,2294,2294,2294,2294
0,254,67,254,254,254,254,254
0,254,68,2302,2302,2302,2302,2302
0,254,69,3318,3318,3318,3318,3318
0,254,70,1278,1278,1278,1278,1278
0,254,71,3326,3326,3326,3326,3326
0,254,72,3826,3826,3826,3826,3826
0,254,73,1786,1786,1786,1786,1786
0,254,74,3834,3834,3834,3834,3834
0,254,75,2806,2806,2806,2806,2806
0,254,76,766,766,766,766,766
0,254,77,2814,2814,2814,2814,2814
0,254,78,3830,3830,3830,3830,3830
0,254,79,1790,1790,1790,1790,1790
0,254,80,3838,3838,3838,3838,3838
0,255,0,4080,4080,4080,4080,4080
0,255,1,2040,2040,2040,2040,2040
0,255,2,4088,4088,4088,4088,4088
0,255,3,3060,3060,3060,3060,3060
0,255,4,1020,1020,1020,1020,1020
0,255,5,3068,3068,3068,3068,3068
0,255,6,4084,4084,4084,4084,4084
0,255,7,2044,2044,2044,2044,2044
0,255,8,4092,4092,4092,4092,4092
0,255,9,3570,3570,3570,3570,3570
0,255,10,1530,1530,1530,1530,1530
0,255,11,3578,3578,3578,3578,3578
0,255,12,2550,2550,2550,2550,2550
0,255,13,510,510,510,510,510
0,255,14,2558,2558,2558,2558,2558
0,255,15,3574,3574,3574,3574,3574
0,255,16,1534,1534,1534,1534,1534
0,255,17,3582,3582,3582,3582,3582
0,255,18,4082,4082,4082,4082,4082
0,255,19,2042,2042,2042,2042,2042
0,255,20,4090,4090,4090,4090,4090
0,255,21,3062,3062,3062,3062,3062
0,255,22,1022,1022,1022,1022,1022
0,255,23,3070,3070,3070,3070,3070
0,255,24,4086,4086,4086,4086,4086
0,255,25,2046,2046,2046,2046,2046
0,255,26,4094,4094,4094,4094,4094
0,255,27,3825,3825,3825,3825,3825
0,255,28,1785,1785,1785,1785,1785
0,255,29,3833,3833,3833,3833,3833
0,255,30,2805,2805,2805,2805,2805
0,255,31,765,765,765,765,765
0,255,32,2813,2813,2813,2813,2813
0,255,33,3829,3829,3829,3829,3829
0,255,34,1789,1789,1789,1789,1789
0,255,35,3837,3837,3837,3837,3837
0,255,36,3315,3315,3315,3315,3315
0,255,37,1275,1275,1275,1275,1275
0,255,38,3323,3323,3323,3323,3323
0,255,39,2295,2295,2295,2295,2295
0,255,40,255,255,255,255,255
0,255,41,2303,2303,2303,2303,2303
0,255,42,3319,3319,3319,3319,3319
0,255,43,1279,1279,1279,1279,1279
0,255,44,3327,3327,3327,3327,3327
0,255,45,3827,3827,3827,3827,3827
0,255,46,1787,1787,1787,1787,1787
0,255,47,3835,3835,3835,3835,3835
0,255,48,2807,2807,2807,2807,2807
0,255,49,767,767,767,767,767
0,255,50,2815,2815,2815,2815,2815
0,255,51,3831,3831,3831,3831,3831
0,255,52,1791,1791,1791,1791,1791
0,255,53,3839,3839,3839,3839,3839
0,255,54,4081,4081,4081,4081,4081
0,255,55,2041,2041,2041,2041,2041
0,255,56,4089,4089,4089,4089,4089
0,255,57,3061,3061,3061,3061,3061
0,255,58,1021,1021,1021,1021,1021
0,255,59,3069,3069,3069,3069,3069
0,255,60,4085,4085,4085,4085,4085
0,255,61,2045,2045,2045,2045,2045
0,255,62,4093,4093,4093,4093,4093
0,255,63,3571,3571,3571,3571,3571
0,255,64,1531,1531,1531,1531,1531
0,255,65,3579,3579,3579,3579,3579
0,255,66,2551,2551,2551,2551,2551
0,255,67,511,511,511,511,511
0,255,68,2559,2559,2559,2559,2559
0,255,69,3575,3575,3575,3575,3575
0,255,70,1535,1535,1535,1535,1535
0,255,71,3583,3583,3583,3583,3583
0,255,72,4083,4083,4083,4083,4083
0,255,73,2043,2043,2043,2043,2043
0,255,74,4091,4091,4091,4091,4091
0,255,75,3063,3063,3063,3063,3063
0,255,76,1023,1023,1023,1023,1023
0,255,77,3071,3071,3071,3071,3071
0,255,78,4087,4087,4087,4087,4087
0,255,79,2047,2047,2047,2047,2047
0,255,80,4095,4095,4095,4095,4095
