initial,signature,feedback,H1,H2,H3,H4,H5
3,1,0,2048,2048,2048,2048,2048
3,1,1,8,8,8,8,8
3,1,2,2056,2056,2056,2056,2056
3,1,3,2048,2048,2048,2048,2048
3,1,4,8,8,8,8,8
3,1,5,2056,2056,2056,2056,2056
3,1,6,2048,2048,2048,2048,2048
3,1,7,8,8,8,8,8
3,1,8,2056,2056,2056,2056,2056
3,1,9,2048,2048,2048,2048,2048
3,1,10,8,8,8,8,8
3,1,11,2056,2056,2056,2056,2056
3,1,12,2048,2048,2048,2048,2048
3,1,13,8,8,8,8,8
3,1,14,2056,2056,2056,2056,2056
3,1,15,2048,2048,2048,2048,2048
3,1,16,8,8,8,8,8
3,1,17,2056,2056,2056,2056,2056
3,1,18,2048,2048,2048,2048,2048
3,1,19,8,8,8,8,8
3,1,20,2056,2056,2056,2056,2056
3,1,21,2048,2048,2048,2048,2048
3,1,22,8,8,8,8,8
3,1,23,2056,2056,2056,2056,2056
3,1,24,2048,2048,2048,2048,2048
3,1,25,8,8,8,8,8
3,1,26,2056,2056,2056,2056,2056
3,1,27,2048,2048,2048,2048,2048
3,1,28,8,8,8,8,8
3,1,29,2056,2056,2056,2056,2056
3,1,30,2048,2048,2048,2048,2048
3,1,31,8,8,8,8,8
3,1,32,2056,2056,2056,2056,2056
3,1,33,2048,2048,2048,2048,2048
3,1,34,8,8,8,8,8
3,1,35,2056,2056,2056,2056,2056
3,1,36,2048,2048,2048,2048,2048
3,1,37,8,8,8,8,8
3,1,38,2056,2056,2056,2056,2056
3,1,39,2048,2048,2048,2048,2048
3,1,40,8,8,8,8,8
3,1,41,2056,2056,2056,2056,2056
3,1,42,2048,2048,2048,2048,2048
3,1,43,8,8,8,8,8
3,1,44,2056,2056,2056,2056,2056
3,1,45,2048,2048,2048,2048,2048
3,1,46,8,8,8,8,8
3,1,47,2056,2056,2056,2056,2056
3,1,48,2048,2048,2048,2048,2048
3,1,49,8,8,8,8,8
3,1,50,2056,2056,2056,2056,2056
3,1,51,2048,2048,2048,2048,2048
3,1,52,8,8,8,8,8
3,1,53,2056,2056,2056,2056,2056
3,1,54,2048,2048,2048,2048,2048
3,1,55,8,8,8,8,8
3,1,56,2056,2056,2056,2056,2056
3,1,57,2048,2048,2048,2048,2048
3,1,58,8,8,8,8,8
3,1,59,2056,2056,2056,2056,2056
3,1,60,2048,2048,2048,2048,2048
3,1,61,8,8,8,8,8
3,1,62,2056,2056,2056,2056,2056
3,1,63,2048,2048,2048,2048,2048
3,1,64,8,8,8,8,8
3,1,65,2056,2056,2056,2056,2056
3,1,66,2048,2048,2048,2048,2048
3,1,67,8,8,8,8,8
3,1,68,2056,2056,2056,2056,2056
3,1,69,2048,2048,2048,2048,2048
3,1,70,8,8,8,8,8
3,1,71,2056,2056,2056,2056,2056
3,1,72,2048,2048,2048,2048,2048
3,1,73,8,8,8,8,8
3,1,74,2056,2056,2056,2056,2056
3,1,75,2048,2048,2048,2048,2048
3,1,76,8,8,8,8,8
3,1,77,2056,2056,2056,2056,2056
3,1,78,2048,2048,2048,2048,2048
3,1,79,8,8,8,8,8
3,1,80,2056,2056,2056,2056,2056
3,2,0,2048,2048,2048,2048,2048
3,2,1,8,8,8,8,8
3,2,2,2056,2056,2056,2056,2056
3,2,3,2048,2048,2048,2048,2048
3,2,4,8,8,8,8,8
3,2,5,2056,2056,2056,2056,2056
3,2,6,2048,2048,2048,2048,2048
3,2,7,8,8,8,8,8
3,2,8,2056,2056,2056,2056,2056
3,2,9,2048,2048,2048,2048,2048
3,2,10,8,8,8,8,8
3,2,11,2056,2056,2056,2056,2056
3,2,12,2048,2048,2048,2048,2048
3,2,13,8,8,8,8,8
3,2,14,2056,2056,2056,2056,2056
3,2,15,2048,2048,2048,2048,2048
3,2,16,8,8,8,8,8
3,2,17,2056,2056,2056,2056,2056
3,2,18,2048,2048,2048,2048,2048
3,2,19,8,8,8,8,8
3,2,20,2056,2056,2056,2056,2056
3,2,21,2048,2048,2048,2048,2048
3,2,22,8,8,8,8,8
3,2,23,2056,2056,2056,2056,2056
3,2,24,2048,2048,2048,2048,2048
3,2,25,8,8,8,8,8
3,2,26,2056,2056,2056,2056,2056
3,2,27,2048,2048,2048,2048,2048
3,2,28,8,8,8,8,8
3,2,29,2056,2056,2056,2056,2056
3,2,30,2048,2048,2048,2048,2048
3,2,31,8,8,8,8,8
3,2,32,2056,2056,2056,2056,2056
3,2,33,2048,2048,2048,2048,2048
3,2,34,8,8,8,8,8
3,2,35,2056,2056,2056,2056,2056
3,2,36,2048,2048,2048,2048,2048
3,2,37,8,8,8,8,8
3,2,38,2056,2056,2056,2056,2056
3,2,39,2048,2048,2048,2048,2048
3,2,40,8,8,8,8,8
3,2,41,2056,2056,2056,2056,2056
3,2,42,2048,2048,2048,2048,2048
3,2,43,8,8,8,8,8
3,2,44,2056,2056,2056,2056,2056
3,2,45,2048,2048,2048,2048,2048
3,2,46,8,8,8,8,8
3,2,47,2056,2056,2056,2056,2056
3,2,48,2048,2048,2048,2048,2048
3,2,49,8,8,8,8,8
3,2,50,2056,2056,2056,2056,2056
3,2,51,2048,2048,2048,2048,2048
3,2,52,8,8,8,8,8
3,2,53,2056,2056,2056,2056,2056
3,2,54,2048,2048,2048,2048,2048
3,2,55,8,8,8,8,8
3,2,56,2056,2056,2056,2056,2056
3,2,57,2048,2048,2048,2048,2048
3,2,58,8,8,8,8,8
3,2,59,2056,2056,2056,2056,2056
3,2,60,2048,2048,2048,2048,2048
3,2,61,8,8,8,8,8
3,2,62,2056,2056,2056,2056,2056
3,2,63,2048,2048,2048,2048,2048
3,2,64,8,8,8,8,8
3,2,65,2056,2056,2056,2056,2056
3,2,66,2048,2048,2048,2048,2048
3,2,67,8,8,8,8,8
3,2,68,2056,2056,2056,2056,2056
3,2,69,2048,2048,2048,2048,2048
3,2,70,8,8,8,8,8
3,2,71,2056,2056,2056,2056,2056
3,2,72,2048,2048,2048,2048,2048
3,2,73,8,8,8,8,8
3,2,74,2056,2056,2056,2056,2056
3,2,75,2048,2048,2048,2048,2048
3,2,76,8,8,8,8,8
3,2,77,2056,2056,2056,2056,2056
3,2,78,2048,2048,2048,2048,2048
3,2,79,8,8,8,8,8
3,2,80,2056,2056,2056,2056,2056
3,3,0,2048,2048,2048,2048,2048
3,3,1,8,8,8,8,8
3,3,2,2056,2056,2056,2056,2056
3,3,3,2048,2048,2048,2048,2048
3,3,4,8,8,8,8,8
3,3,5,2056,2056,2056,2056,2056
3,3,6,2048,2048,2048,2048,2048
3,3,7,8,8,8,8,8
3,3,8,2056,2056,2056,2056,2056
3,3,9,2048,2048,2048,2048,2048
3,3,10,8,8,8,8,8
3,3,11,2056,2056,2056,2056,2056
3,3,12,2048,2048,2048,2048,2048
3,3,13,8,8,8,8,8
3,3,14,2056,2056,2056,2056,2056
3,3,15,2048,2048,2048,2048,2048
3,3,16,8,8,8,8,8
3,3,17,2056,2056,2056,2056,2056
3,3,18,2048,2048,2048,2048,2048
3,3,19,8,8,8,8,8
3,3,20,2056,2056,2056,2056,2056
3,3,21,2048,2048,2048,2048,2048
3,3,22,8,8,8,8,8
3,3,23,2056,2056,2056,2056,2056
3,3,24,2048,2048,2048,2048,2048
3,3,25,8,8,8,8,8
3,3,26,2056,2056,2056,2056,2056
3,3,27,2048,2048,2048,2048,2048
3,3,28,8,8,8,8,8
3,3,29,2056,2056,2056,2056,2056
3,3,30,2048,2048,2048,2048,2048
3,3,31,8,8,8,8,8
3,3,32,2056,2056,2056,2056,2056
3,3,33,2048,2048,2048,2048,2048
3,3,34,8,8,8,8,8
3,3,35,2056,2056,2056,2056,2056
3,3,36,2048,2048,2048,2048,2048
3,3,37,8,8,8,8,8
3,3,38,2056,2056,2056,2056,2056
3,3,39,2048,2048,2048,2048,2048
3,3,40,8,8,8,8,8
3,3,41,2056,2056,2056,2056,2056
3,3,42,2048,2048,2048,2048,2048
3,3,43,8,8,8,8,8
3,3,44,2056,2056,2056,2056,2056
3,3,45,2048,2048,2048,2048,2048
3,3,46,8,8,8,8,8
3,3,47,2056,2056,2056,2056,2056
3,3,48,2048,2048,2048,2048,2048
3,3,49,8,8,8,8,8
3,3,50,2056,2056,2056,2056,2056
3,3,51,2048,2048,2048,2048,2048
3,3,52,8,8,8,8,8
3,3,53,2056,2056,2056,2056,2056
3,3,54,2048,2048,2048,2048,2048
3,3,55,8,8,8,8,8
3,3,56,2056,2056,2056,2056,2056
3,3,57,2048,2048,2048,2048,2048
3,3,58,8,8,8,8,8
3,3,59,2056,2056,2056,2056,2056
3,3,60,2048,2048,2048,2048,2048
3,3,61,8,8,8,8,8
3,3,62,2056,2056,2056,2056,2056
3,3,63,2048,2048,2048,2048,2048
3,3,64,8,8,8,8,8
3,3,65,2056,2056,2056,2056,2056
3,3,66,2048,2048,2048,2048,2048
3,3,67,8,8,8,8,8
3,3,68,2056,2056,2056,2056,2056
3,3,69,2048,2048,2048,2048,2048
3,3,70,8,8,8,8,8
3,3,71,2056,2056,2056,2056,2056
3,3,72,2048,2048,2048,2048,2048
3,3,73,8,8,8,8,8
3,3,74,2056,2056,2056,2056,2056
3,3,75,2048,2048,2048,2048,2048
3,3,76,8,8,8,8,8
3,3,77,2056,2056,2056,2056,2056
3,3,78,2048,2048,2048,2048,2048
3,3,79,8,8,8,8,8
3,3,80,2056,2056,2056,2056,2056
3,4,0,2048,2048,2048,2048,2048
3,4,1,8,8,8,8,8
3,4,2,2056,2056,2056,2056,2056
3,4,3,2048,2048,2048,2048,2048
3,4,4,8,8,8,8,8
3,4,5,2056,2056,2056,2056,2056
3,4,6,2048,2048,2048,2048,2048
3,4,7,8,8,8,8,8
3,4,8,2056,2056,2056,2056,2056
3,4,9,2048,2048,2048,2048,2048
3,4,10,8,8,8,8,8
3,4,11,2056,2056,2056,2056,2056
3,4,12,2048,2048,2048,2048,2048
3,4,13,8,8,8,8,8
3,4,14,2056,2056,2056,2056,2056
3,4,15,2048,2048,2048,2048,2048
3,4,16,8,8,8,8,8
3,4,17,2056,2056,2056,2056,2056
3,4,18,2048,2048,2048,2048,2048
3,4,19,8,8,8,8,8
3,4,20,2056,2056,2056,2056,2056
3,4,21,2048,2048,2048,2048,2048
3,4,22,8,8,8,8,8
3,4,23,2056,2056,2056,2056,2056
3,4,24,2048,2048,2048,2048,2048
3,4,25,8,8,8,8,8
3,4,26,2056,2056,2056,2056,2056
3,4,27,2048,2048,2048,2048,2048
3,4,28,8,8,8,8,8
3,4,29,2056,2056,2056,2056,2056
3,4,30,2048,2048,2048,2048,2048
3,4,31,8,8,8,8,8
3,4,32,2056,2056,2056,2056,2056
3,4,33,2048,2048,2048,2048,2048
3,4,34,8,8,8,8,8
3,4,35,2056,2056,2056,2056,2056
3,4,36,2048,2048,2048,2048,2048
3,4,37,8,8,8,8,8
3,4,38,2056,2056,2056,2056,2056
3,4,39,2048,2048,2048,2048,2048
3,4,40,8,8,8,8,8
3,4,41,2056,2056,2056,2056,2056
3,4,42,2048,2048,2048,2048,2048
3,4,43,8,8,8,8,8
3,4,44,2056,2056,2056,2056,2056
3,4,45,2048,2048,2048,2048,2048
3,4,46,8,8,8,8,8
3,4,47,2056,2056,2056,2056,2056
3,4,48,2048,2048,2048,2048,2048
3,4,49,8,8,8,8,8
3,4,50,2056,2056,2056,2056,2056
3,4,51,2048,2048,2048,2048,2048
3,4,52,8,8,8,8,8
3,4,53,2056,2056,2056,2056,2056
3,4,54,2048,2048,2048,2048,2048
3,4,55,8,8,8,8,8
3,4,56,2056,2056,2056,2056,2056
3,4,57,2048,2048,2048,2048,2048
3,4,58,8,8,8,8,8
3,4,59,2056,2056,2056,2056,2056
3,4,60,2048,2048,2048,2048,2048
3,4,61,8,8,8,8,8
3,4,62,2056,2056,2056,2056,2056
3,4,63,2048,2048,2048,2048,2048
3,4,64,8,8,8,8,8
3,4,65,2056,2056,2056,2056,2056
3,4,66,2048,2048,2048,2048,2048
3,4,67,8,8,8,8,8
3,4,68,2056,2056,2056,2056,2056
3,4,69,2048,2048,2048,2048,2048
3,4,70,8,8,8,8,8
3,4,71,2056,2056,2056,2056,2056
3,4,72,2048,2048,2048,2048,2048
3,4,73,8,8,8,8,8
3,4,74,2056,2056,2056,2056,2056
3,4,75,2048,2048,2048,2048,2048
3,4,76,8,8,8,8,8
3,4,77,2056,2056,2056,2056,2056
3,4,78,2048,2048,2048,2048,2048
3,4,79,8,8,8,8,8
3,4,80,2056,2056,2056,2056,2056
3,5,0,2048,2048,2048,2048,2048
3,5,1,8,8,8,8,8
3,5,2,2056,2056,2056,2056,2056
3,5,3,2048,2048,2048,2048,2048
3,5,4,8,8,8,8,8
3,5,5,2056,2056,2056,2056,2056
3,5,6,2048,2048,2048,2048,2048
3,5,7,8,8,8,8,8
3,5,8,2056,2056,2056,2056,2056
3,5,9,2048,2048,2048,2048,2048
3,5,10,8,8,8,8,8
3,5,11,2056,2056,2056,2056,2056
3,5,12,2048,2048,2048,2048,2048
3,5,13,8,8,8,8,8
3,5,14,2056,2056,2056,2056,2056
3,5,15,2048,2048,2048,2048,2048
3,5,16,8,8,8,8,8
3,5,17,2056,2056,2056,2056,2056
3,5,18,2048,2048,2048,2048,2048
3,5,19,8,8,8,8,8
3,5,20,2056,2056,2056,2056,2056
3,5,21,2048,2048,2048,2048,2048
3,5,22,8,8,8,8,8
3,5,23,2056,2056,2056,2056,2056
3,5,24,2048,2048,2048,2048,2048
3,5,25,8,8,8,8,8
3,5,26,2056,2056,2056,2056,2056
3,5,27,2048,2048,2048,2048,2048
3,5,28,8,8,8,8,8
3,5,29,2056,2056,2056,2056,2056
3,5,30,2048,2048,2048,2048,2048
3,5,31,8,8,8,8,8
3,5,32,2056,2056,2056,2056,2056
3,5,33,2048,2048,2048,2048,2048
3,5,34,8,8,8,8,8
3,5,35,2056,2056,2056,2056,2056
3,5,36,2048,2048,2048,2048,2048
3,5,37,8,8,8,8,8
3,5,38,2056,2056,2056,2056,2056
3,5,39,2048,2048,2048,2048,2048
3,5,40,8,8,8,8,8
3,5,41,2056,2056,2056,2056,2056
3,5,42,2048,2048,2048,2048,2048
3,5,43,8,8,8,8,8
3,5,44,2056,2056,2056,2056,2056
3,5,45,2048,2048,2048,2048,2048
3,5,46,8,8,8,8,8
3,5,47,2056,2056,2056,2056,2056
3,5,48,2048,2048,2048,2048,2048
3,5,49,8,8,8,8,8
3,5,50,2056,2056,2056,2056,2056
3,5,51,2048,2048,2048,2048,2048
3,5,52,8,8,8,8,8
3,5,53,2056,2056,2056,2056,2056
3,5,54,2048,2048,2048,2048,2048
3,5,55,8,8,8,8,8
3,5,56,2056,2056,2056,2056,2056
3,5,57,2048,2048,2048,2048,2048
3,5,58,8,8,8,8,8
3,5,59,2056,2056,2056,2056,2056
3,5,60,2048,2048,2048,2048,2048
3,5,61,8,8,8,8,8
3,5,62,2056,2056,2056,2056,2056
3,5,63,2048,2048,2048,2048,2048
3,5,64,8,8,8,8,8
3,5,65,2056,2056,2056,2056,2056
3,5,66,2048,2048,2048,2048,2048
3,5,67,8,8,8,8,8
3,5,68,2056,2056,2056,2056,2056
3,5,69,2048,2048,2048,2048,2048
3,5,70,8,8,8,8,8
3,5,71,2056,2056,2056,2056,2056
3,5,72,2048,2048,2048,2048,2048
3,5,73,8,8,8,8,8
3,5,74,2056,2056,2056,2056,2056
3,5,75,2048,2048,2048,2048,2048
3,5,76,8,8,8,8,8
3,5,77,2056,2056,2056,2056,2056
3,5,78,2048,2048,2048,2048,2048
3,5,79,8,8,8,8,8
3,5,80,2056,2056,2056,2056,2056
3,6,0,2048,2048,2048,2048,2048
3,6,1,8,8,8,8,8
3,6,2,2056,2056,2056,2056,2056
3,6,3,2048,2048,2048,2048,2048
3,6,4,8,8,8,8,8
3,6,5,2056,2056,2056,2056,2056
3,6,6,2048,2048,2048,2048,2048
3,6,7,8,8,8,8,8
3,6,8,2056,2056,2056,2056,2056
3,6,9,2048,2048,2048,2048,2048
3,6,10,8,8,8,8,8
3,6,11,2056,2056,2056,2056,2056
3,6,12,2048,2048,2048,2048,2048
3,6,13,8,8,8,8,8
3,6,14,2056,2056,2056,2056,2056
3,6,15,2048,2048,2048,2048,2048
3,6,16,8,8,8,8,8
3,6,17,2056,2056,2056,2056,2056
3,6,18,2048,2048,2048,2048,2048
3,6,19,8,8,8,8,8
3,6,20,2056,2056,2056,2056,2056
3,6,21,2048,2048,2048,2048,2048
3,6,22,8,8,8,8,8
3,6,23,2056,2056,2056,2056,2056
3,6,24,2048,2048,2048,2048,2048
3,6,25,8,8,8,8,8
3,6,26,2056,2056,2056,2056,2056
3,6,27,2048,2048,2048,2048,2048
3,6,28,8,8,8,8,8
3,6,29,2056,2056,2056,2056,2056
3,6,30,2048,2048,2048,2048,2048
3,6,31,8,8,8,8,8
3,6,32,2056,2056,2056,2056,2056
3,6,33,2048,2048,2048,2048,2048
3,6,34,8,8,8,8,8
3,6,35,2056,2056,2056,2056,2056
3,6,36,2048,2048,2048,2048,2048
3,6,37,8,8,8,8,8
3,6,38,2056,2056,2056,2056,2056
3,6,39,2048,2048,2048,2048,2048
3,6,40,8,8,8,8,8
3,6,41,2056,2056,2056,2056,2056
3,6,42,2048,2048,2048,2048,2048
3,6,43,8,8,8,8,8
3,6,44,2056,2056,2056,2056,2056
3,6,45,2048,2048,2048,2048,2048
3,6,46,8,8,8,8,8
3,6,47,2056,2056,2056,2056,2056
3,6,48,2048,2048,2048,2048,2048
3,6,49,8,8,8,8,8
3,6,50,2056,2056,2056,2056,2056
3,6,51,2048,2048,2048,2048,2048
3,6,52,8,8,8,8,8
3,6,53,2056,2056,2056,2056,2056
3,6,54,2048,2048,2048,2048,2048
3,6,55,8,8,8,8,8
3,6,56,2056,2056,2056,2056,2056
3,6,57,2048,2048,2048,2048,2048
3,6,58,8,8,8,8,8
3,6,59,2056,2056,2056,2056,2056
3,6,60,2048,2048,2048,2048,2048
3,6,61,8,8,8,8,8
3,6,62,2056,2056,2056,2056,2056
3,6,63,2048,2048,2048,2048,2048
3,6,64,8,8,8,8,8
3,6,65,2056,2056,2056,2056,2056
3,6,66,2048,2048,2048,2048,2048
3,6,67,8,8,8,8,8
3,6,68,2056,2056,2056,2056,2056
3,6,69,2048,2048,2048,2048,2048
3,6,70,8,8,8,8,8
3,6,71,2056,2056,2056,2056,2056
3,6,72,2048,2048,2048,2048,2048
3,6,73,8,8,8,8,8
3,6,74,2056,2056,2056,2056,2056
3,6,75,2048,2048,2048,2048,2048
3,6,76,8,8,8,8,8
3,6,77,2056,2056,2056,2056,2056
3,6,78,2048,2048,2048,2048,2048
3,6,79,8,8,8,8,8
3,6,80,2056,2056,2056,2056,2056
3,7,0,2048,2048,2048,2048,2048
3,7,1,8,8,8,8,8
3,7,2,2056,2056,2056,2056,2056
3,7,3,2048,2048,2048,2048,2048
3,7,4,8,8,8,8,8
3,7,5,2056,2056,2056,2056,2056
3,7,6,2048,2048,2048,2048,2048
3,7,7,8,8,8,8,8
3,7,8,2056,2056,2056,2056,2056
3,7,9,2048,2048,2048,2048,2048
3,7,10,8,8,8,8,8
3,7,11,2056,2056,2056,2056,2056
3,7,12,2048,2048,2048,2048,2048
3,7,13,8,8,8,8,8
3,7,14,2056,2056,2056,2056,2056
3,7,15,2048,2048,2048,2048,2048
3,7,16,8,8,8,8,8
3,7,17,2056,2056,2056,2056,2056
3,7,18,2048,2048,2048,2048,2048
3,7,19,8,8,8,8,8
3,7,20,2056,2056,2056,2056,2056
3,7,21,2048,2048,2048,2048,2048
3,7,22,8,8,8,8,8
3,7,23,2056,2056,2056,2056,2056
3,7,24,2048,2048,2048,2048,2048
3,7,25,8,8,8,8,8
3,7,26,2056,2056,2056,2056,2056
3,7,27,2048,2048,2048,2048,2048
3,7,28,8,8,8,8,8
3,7,29,2056,2056,2056,2056,2056
3,7,30,2048,2048,2048,2048,2048
3,7,31,8,8,8,8,8
3,7,32,2056,2056,2056,2056,2056
3,7,33,2048,2048,2048,2048,2048
3,7,34,8,8,8,8,8
3,7,35,2056,2056,2056,2056,2056
3,7,36,2048,2048,2048,2048,2048
3,7,37,8,8,8,8,8
3,7,38,2056,2056,2056,2056,2056
3,7,39,2048,2048,2048,2048,2048
3,7,40,8,8,8,8,8
3,7,41,2056,2056,2056,2056,2056
3,7,42,2048,2048,2048,2048,2048
3,7,43,8,8,8,8,8
3,7,44,2056,2056,2056,2056,2056
3,7,45,2048,2048,2048,2048,2048
3,7,46,8,8,8,8,8
3,7,47,2056,2056,2056,2056,2056
3,7,48,2048,2048,2048,2048,2048
3,7,49,8,8,8,8,8
3,7,50,2056,2056,2056,2056,2056
3,7,51,2048,2048,2048,2048,2048
3,7,52,8,8,8,8,8
3,7,53,2056,2056,2056,2056,2056
3,7,54,2048,2048,2048,2048,2048
3,7,55,8,8,8,8,8
3,7,56,2056,2056,2056,2056,2056
3,7,57,2048,2048,2048,2048,2048
3,7,58,8,8,8,8,8
3,7,59,2056,2056,2056,2056,2056
3,7,60,2048,2048,2048,2048,2048
3,7,61,8,8,8,8,8
3,7,62,2056,2056,2056,2056,2056
3,7,63,2048,2048,2048,2048,2048
3,7,64,8,8,8,8,8
3,7,65,2056,2056,2056,2056,2056
3,7,66,2048,2048,2048,2048,2048
3,7,67,8,8,8,8,8
3,7,68,2056,2056,2056,2056,2056
3,7,69,2048,2048,2048,2048,2048
3,7,70,8,8,8,8,8
3,7,71,2056,2056,2056,2056,2056
3,7,72,2048,2048,2048,2048,2048
3,7,73,8,8,8,8,8
3,7,74,2056,2056,2056,2056,2056
3,7,75,2048,2048,2048,2048,2048
3,7,76,8,8,8,8,8
3,7,77,2056,2056,2056,2056,2056
3,7,78,2048,2048,2048,2048,2048
3,7,79,8,8,8,8,8
3,7,80,2056,2056,2056,2056,2056
3,8,0,2048,2048,2048,2048,2048
3,8,1,8,8,8,8,8
3,8,2,2056,2056,2056,2056,2056
3,8,3,2048,2048,2048,2048,2048
3,8,4,8,8,8,8,8
3,8,5,2056,2056,2056,2056,2056
3,8,6,2048,2048,2048,2048,2048
3,8,7,8,8,8,8,8
3,8,8,2056,2056,2056,2056,2056
3,8,9,2048,2048,2048,2048,2048
3,8,10,8,8,8,8,8
3,8,11,2056,2056,2056,2056,2056
3,8,12,2048,2048,2048,2048,2048
3,8,13,8,8,8,8,8
3,8,14,2056,2056,2056,2056,2056
3,8,15,2048,2048,2048,2048,2048
3,8,16,8,8,8,8,8
3,8,17,2056,2056,2056,2056,2056
3,8,18,2048,2048,2048,2048,2048
3,8,19,8,8,8,8,8
3,8,20,2056,2056,2056,2056,2056
3,8,21,2048,2048,2048,2048,2048
3,8,22,8,8,8,8,8
3,8,23,2056,2056,2056,2056,2056
3,8,24,2048,2048,2048,2048,2048
3,8,25,8,8,8,8,8
3,8,26,2056,2056,2056,2056,2056
3,8,27,2048,2048,2048,2048,2048
3,8,28,8,8,8,8,8
3,8,29,2056,2056,2056,2056,2056
3,8,30,2048,2048,2048,2048,2048
3,8,31,8,8,8,8,8
3,8,32,2056,2056,2056,2056,2056
3,8,33,2048,2048,2048,2048,2048
3,8,34,8,8,8,8,8
3,8,35,2056,2056,2056,2056,2056
3,8,36,2048,2048,2048,2048,2048
3,8,37,8,8,8,8,8
3,8,38,2056,2056,2056,2056,2056
3,8,39,2048,2048,2048,2048,2048
3,8,40,8,8,8,8,8
3,8,41,2056,2056,2056,2056,2056
3,8,42,2048,2048,2048,2048,2048
3,8,43,8,8,8,8,8
3,8,44,2056,2056,2056,2056,2056
3,8,45,2048,2048,2048,2048,2048
3,8,46,8,8,8,8,8
3,8,47,2056,2056,2056,2056,2056
3,8,48,2048,2048,2048,2048,2048
3,8,49,8,8,8,8,8
3,8,50,2056,2056,2056,2056,2056
3,8,51,2048,2048,2048,2048,2048
3,8,52,8,8,8,8,8
3,8,53,2056,2056,2056,2056,2056
3,8,54,2048,2048,2048,2048,2048
3,8,55,8,8,8,8,8
3,8,56,2056,2056,2056,2056,2056
3,8,57,2048,2048,2048,2048,2048
3,8,58,8,8,8,8,8
3,8,59,2056,2056,2056,2056,2056
3,8,60,2048,2048,2048,2048,2048
3,8,61,8,8,8,8,8
3,8,62,2056,2056,2056,2056,2056
3,8,63,2048,2048,2048,2048,2048
3,8,64,8,8,8,8,8
3,8,65,2056,2056,2056,2056,2056
3,8,66,2048,2048,2048,2048,2048
3,8,67,8,8,8,8,8
3,8,68,2056,2056,2056,2056,2056
3,8,69,2048,2048,2048,2048,2048
3,8,70,8,8,8,8,8
3,8,71,2056,2056,2056,2056,2056
3,8,72,2048,2048,2048,2048,2048
3,8,73,8,8,8,8,8
3,8,74,2056,2056,2056,2056,2056
3,8,75,2048,2048,2048,2048,2048
3,8,76,8,8,8,8,8
3,8,77,2056,2056,2056,2056,2056
3,8,78,2048,2048,2048,2048,2048
3,8,79,8,8,8,8,8
3,8,80,2056,2056,2056,2056,2056
3,9,0,2048,2048,2048,2048,2048
3,9,1,8,8,8,8,8
3,9,2,2056,2056,2056,2056,2056
3,9,3,2048,2048,2048,2048,2048
3,9,4,8,8,8,8,8
3,9,5,2056,2056,2056,2056,2056
3,9,6,2048,2048,2048,2048,2048
3,9,7,8,8,8,8,8
3,9,8,2056,2056,2056,2056,2056
3,9,9,2048,2048,2048,2048,2048
3,9,10,8,8,8,8,8
3,9,11,2056,2056,2056,2056,2056
3,9,12,2048,2048,2048,2048,2048
3,9,13,8,8,8,8,8
3,9,14,2056,2056,2056,2056,2056
3,9,15,2048,2048,2048,2048,2048
3,9,16,8,8,8,8,8
3,9,17,2056,2056,2056,2056,2056
3,9,18,2048,2048,2048,2048,2048
3,9,19,8,8,8,8,8
3,9,20,2056,2056,2056,2056,2056
3,9,21,2048,2048,2048,2048,2048
3,9,22,8,8,8,8,8
3,9,23,2056,2056,2056,2056,2056
3,9,24,2048,2048,2048,2048,2048
3,9,25,8,8,8,8,8
3,9,26,2056,2056,2056,2056,2056
3,9,27,2048,2048,2048,2048,2048
3,9,28,8,8,8,8,8
3,9,29,2056,2056,2056,2056,2056
3,9,30,2048,2048,2048,2048,2048
3,9,31,8,8,8,8,8
3,9,32,2056,2056,2056,2056,2056
3,9,33,2048,2048,2048,2048,2048
3,9,34,8,8,8,8,8
3,9,35,2056,2056,2056,2056,2056
3,9,36,2048,2048,2048,2048,2048
3,9,37,8,8,8,8,8
3,9,38,2056,2056,2056,2056,2056
3,9,39,2048,2048,2048,2048,2048
3,9,40,8,8,8,8,8
3,9,41,2056,2056,2056,2056,2056
3,9,42,2048,2048,2048,2048,2048
3,9,43,8,8,8,8,8
3,9,44,2056,2056,2056,2056,2056
3,9,45,2048,2048,2048,2048,2048
3,9,46,8,8,8,8,8
3,9,47,2056,2056,2056,2056,2056
3,9,48,2048,2048,2048,2048,2048
3,9,49,8,8,8,8,8
3,9,50,2056,2056,2056,2056,2056
3,9,51,2048,2048,2048,2048,2048
3,9,52,8,8,8,8,8
3,9,53,2056,2056,2056,2056,2056
3,9,54,2048,2048,2048,2048,2048
3,9,55,8,8,8,8,8
3,9,56,2056,2056,2056,2056,2056
3,9,57,2048,2048,2048,2048,2048
3,9,58,8,8,8,8,8
3,9,59,2056,2056,2056,2056,2056
3,9,60,2048,2048,2048,2048,2048
3,9,61,8,8,8,8,8
3,9,62,2056,2056,2056,2056,2056
3,9,63,2048,2048,2048,2048,2048
3,9,64,8,8,8,8,8
3,9,65,2056,2056,2056,2056,2056
3,9,66,2048,2048,2048,2048,2048
3,9,67,8,8,8,8,8
3,9,68,2056,2056,2056,2056,2056
3,9,69,2048,2048,2048,2048,2048
3,9,70,8,8,8,8,8
3,9,71,2056,2056,2056,2056,2056
3,9,72,2048,2048,2048,2048,2048
3,9,73,8,8,8,8,8
3,9,74,2056,2056,2056,2056,2056
3,9,75,2048,2048,2048,2048,2048
3,9,76,8,8,8,8,8
3,9,77,2056,2056,2056,2056,2056
3,9,78,2048,2048,2048,2048,2048
3,9,79,8,8,8,8,8
3,9,80,2056,2056,2056,2056,2056
3,10,0,2048,2048,2048,2048,2048
3,10,1,8,8,8,8,8
3,10,2,2056,2056,2056,2056,2056
3,10,3,2048,2048,2048,2048,2048
3,10,4,8,8,8,8,8
3,10,5,2056,2056,2056,2056,2056
3,10,6,2048,2048,2048,2048,2048
3,10,7,8,8,8,8,8
3,10,8,2056,2056,2056,2056,2056
3,10,9,2048,2048,2048,2048,2048
3,10,10,8,8,8,8,8
3,10,11,2056,2056,2056,2056,2056
3,10,12,2048,2048,2048,2048,2048
3,10,13,8,8,8,8,8
3,10,14,2056,2056,2056,2056,2056
3,10,15,2048,2048,2048,2048,2048
3,10,16,8,8,8,8,8
3,10,17,2056,2056,2056,2056,2056
3,10,18,2048,2048,2048,2048,2048
3,10,19,8,8,8,8,8
3,10,20,2056,2056,2056,2056,2056
3,10,21,2048,2048,2048,2048,2048
3,10,22,8,8,8,8,8
3,10,23,2056,2056,2056,2056,2056
3,10,24,2048,2048,2048,2048,2048
3,10,25,8,8,8,8,8
3,10,26,2056,2056,2056,2056,2056
3,10,27,2048,2048,2048,2048,2048
3,10,28,8,8,8,8,8
3,10,29,2056,2056,2056,2056,2056
3,10,30,2048,2048,2048,2048,2048
3,10,31,8,8,8,8,8
3,10,32,2056,2056,2056,2056,2056
3,10,33,2048,2048,2048,2048,2048
3,10,34,8,8,8,8,8
3,10,35,2056,2056,2056,2056,2056
3,10,36,2048,2048,2048,2048,2048
3,10,37,8,8,8,8,8
3,10,38,2056,2056,2056,2056,2056
3,10,39,2048,2048,2048,2048,2048
3,10,40,8,8,8,8,8
3,10,41,2056,2056,2056,2056,2056
3,10,42,2048,2048,2048,2048,2048
3,10,43,8,8,8,8,8
3,10,44,2056,2056,2056,2056,2056
3,10,45,2048,2048,2048,2048,2048
3,10,46,8,8,8,8,8
3,10,47,2056,2056,2056,2056,2056
3,10,48,2048,2048,2048,2048,2048
3,10,49,8,8,8,8,8
3,10,50,2056,2056,2056,2056,2056
3,10,51,2048,2048,2048,2048,2048
3,10,52,8,8,8,8,8
3,10,53,2056,2056,2056,2056,2056
3,10,54,2048,2048,2048,2048,2048
3,10,55,8,8,8,8,8
3,10,56,2056,2056,2056,2056,2056
3,10,57,2048,2048,2048,2048,2048
3,10,58,8,8,8,8,8
3,10,59,2056,2056,2056,2056,2056
3,10,60,2048,2048,2048,2048,2048
3,10,61,8,8,8,8,8
3,10,62,2056,2056,2056,2056,2056
3,10,63,2048,2048,2048,2048,2048
3,10,64,8,8,8,8,8
3,10,65,2056,2056,2056,2056,2056
3,10,66,2048,2048,2048,2048,2048
3,10,67,8,8,8,8,8
3,10,68,2056,2056,2056,2056,2056
3,10,69,2048,2048,2048,2048,2048
3,10,70,8,8,8,8,8
3,10,71,2056,2056,2056,2056,2056
3,10,72,2048,2048,2048,2048,2048
3,10,73,8,8,8,8,8
3,10,74,2056,2056,2056,2056,2056
3,10,75,2048,2048,2048,2048,2048
3,10,76,8,8,8,8,8
3,10,77,2056,2056,2056,2056,2056
3,10,78,2048,2048,2048,2048,2048
3,10,79,8,8,8,8,8
3,10,80,2056,2056,2056,2056,2056
3,11,0,2048,2048,2048,2048,2048
3,11,1,8,8,8,8,8
3,11,2,2056,2056,2056,2056,2056
3,11,3,2048,2048,2048,2048,2048
3,11,4,8,8,8,8,8
3,11,5,2056,2056,2056,2056,2056
3,11,6,2048,2048,2048,2048,2048
3,11,7,8,8,8,8,8
3,11,8,2056,2056,2056,2056,2056
3,11,9,2048,2048,2048,2048,2048
3,11,10,8,8,8,8,8
3,11,11,2056,2056,2056,2056,2056
3,11,12,2048,2048,2048,2048,2048
3,11,13,8,8,8,8,8
3,11,14,2056,2056,2056,2056,2056
3,11,15,2048,2048,2048,2048,2048
3,11,16,8,8,8,8,8
3,11,17,2056,2056,2056,2056,2056
3,11,18,2048,2048,2048,2048,2048
3,11,19,8,8,8,8,8
3,11,20,2056,2056,2056,2056,2056
3,11,21,2048,2048,2048,2048,2048
3,11,22,8,8,8,8,8
3,11,23,2056,2056,2056,2056,2056
3,11,24,2048,2048,2048,2048,2048
3,11,25,8,8,8,8,8
3,11,26,2056,2056,2056,2056,2056
3,11,27,2048,2048,2048,2048,2048
3,11,28,8,8,8,8,8
3,11,29,2056,2056,2056,2056,2056
3,11,30,2048,2048,2048,2048,2048
3,11,31,8,8,8,8,8
3,11,32,2056,2056,2056,2056,2056
3,11,33,2048,2048,2048,2048,2048
3,11,34,8,8,8,8,8
3,11,35,2056,2056,2056,2056,2056
3,11,36,2048,2048,2048,2048,2048
3,11,37,8,8,8,8,8
3,11,38,2056,2056,2056,2056,2056
3,11,39,2048,2048,2048,2048,2048
3,11,40,8,8,8,8,8
3,11,41,2056,2056,2056,2056,2056
3,11,42,2048,2048,2048,2048,2048
3,11,43,8,8,8,8,8
3,11,44,2056,2056,2056,2056,2056
3,11,45,2048,2048,2048,2048,2048
3,11,46,8,8,8,8,8
3,11,47,2056,2056,2056,2056,2056
3,11,48,2048,2048,2048,2048,2048
3,11,49,8,8,8,8,8
3,11,50,2056,2056,2056,2056,2056
3,11,51,2048,2048,2048,2048,2048
3,11,52,8,8,8,8,8
3,11,53,2056,2056,2056,2056,2056
3,11,54,2048,2048,2048,2048,2048
3,11,55,8,8,8,8,8
3,11,56,2056,2056,2056,2056,2056
3,11,57,2048,2048,2048,2048,2048
3,11,58,8,8,8,8,8
3,11,59,2056,2056,2056,2056,2056
3,11,60,2048,2048,2048,2048,2048
3,11,61,8,8,8,8,8
3,11,62,2056,2056,2056,2056,2056
3,11,63,2048,2048,2048,2048,2048
3,11,64,8,8,8,8,8
3,11,65,2056,2056,2056,2056,2056
3,11,66,2048,2048,2048,2048,2048
3,11,67,8,8,8,8,8
3,11,68,2056,2056,2056,2056,2056
3,11,69,2048,2048,2048,2048,2048
3,11,70,8,8,8,8,8
3,11,71,2056,2056,2056,2056,2056
3,11,72,2048,2048,2048,2048,2048
3,11,73,8,8,8,8,8
3,11,74,2056,2056,2056,2056,2056
3,11,75,2048,2048,2048,2048,2048
3,11,76,8,8,8,8,8
3,11,77,2056,2056,2056,2056,2056
3,11,78,2048,2048,2048,2048,2048
3,11,79,8,8,8,8,8
3,11,80,2056,2056,2056,2056,2056
3,12,0,2048,2048,2048,2048,2048
3,12,1,8,8,8,8,8
3,12,2,2056,2056,2056,2056,2056
3,12,3,2048,2048,2048,2048,2048
3,12,4,8,8,8,8,8
3,12,5,2056,2056,2056,2056,2056
3,12,6,2048,2048,2048,2048,2048
3,12,7,8,8,8,8,8
3,12,8,2056,2056,2056,2056,2056
3,12,9,2048,2048,2048,2048,2048
3,12,10,8,8,8,8,8
3,12,11,2056,2056,2056,2056,2056
3,12,12,2048,2048,2048,2048,2048
3,12,13,8,8,8,8,8
3,12,14,2056,2056,2056,2056,2056
3,12,15,2048,2048,2048,2048,2048
3,12,16,8,8,8,8,8
3,12,17,2056,2056,2056,2056,2056
3,12,18,2048,2048,2048,2048,2048
3,12,19,8,8,8,8,8
3,12,20,2056,2056,2056,2056,2056
3,12,21,2048,2048,2048,2048,2048
3,12,22,8,8,8,8,8
3,12,23,2056,2056,2056,2056,2056
3,12,24,2048,2048,2048,2048,2048
3,12,25,8,8,8,8,8
3,12,26,2056,2056,2056,2056,2056
3,12,27,2048,2048,2048,2048,2048
3,12,28,8,8,8,8,8
3,12,29,2056,2056,2056,2056,2056
3,12,30,2048,2048,2048,2048,2048
3,12,31,8,8,8,8,8
3,12,32,2056,2056,2056,2056,2056
3,12,33,2048,2048,2048,2048,2048
3,12,34,8,8,8,8,8
3,12,35,2056,2056,2056,2056,2056
3,12,36,2048,2048,2048,2048,2048
3,12,37,8,8,8,8,8
3,12,38,2056,2056,2056,2056,2056
3,12,39,2048,2048,2048,2048,2048
3,12,40,8,8,8,8,8
3,12,41,2056,2056,2056,2056,2056
3,12,42,2048,2048,2048,2048,2048
3,12,43,8,8,8,8,8
3,12,44,2056,2056,2056,2056,2056
3,12,45,2048,2048,2048,2048,2048
3,12,46,8,8,8,8,8
3,12,47,2056,2056,2056,2056,2056
3,12,48,2048,2048,2048,2048,2048
3,12,49,8,8,8,8,8
3,12,50,2056,2056,2056,2056,2056
3,12,51,2048,2048,2048,2048,2048
3,12,52,8,8,8,8,8
3,12,53,2056,2056,2056,2056,2056
3,12,54,2048,2048,2048,2048,2048
3,12,55,8,8,8,8,8
3,12,56,2056,2056,2056,2056,2056
3,12,57,2048,2048,2048,2048,2048
3,12,58,8,8,8,8,8
3,12,59,2056,2056,2056,2056,2056
3,12,60,2048,2048,2048,2048,2048
3,12,61,8,8,8,8,8
3,12,62,2056,2056,2056,2056,2056
3,12,63,2048,2048,2048,2048,2048
3,12,64,8,8,8,8,8
3,12,65,2056,2056,2056,2056,2056
3,12,66,2048,2048,2048,2048,2048
3,12,67,8,8,8,8,8
3,12,68,2056,2056,2056,2056,2056
3,12,69,2048,2048,2048,2048,2048
3,12,70,8,8,8,8,8
3,12,71,2056,2056,2056,2056,2056
3,12,72,2048,2048,2048,2048,2048
3,12,73,8,8,8,8,8
3,12,74,2056,2056,2056,2056,2056
3,12,75,2048,2048,2048,2048,2048
3,12,76,8,8,8,8,8
3,12,77,2056,2056,2056,2056,2056
3,12,78,2048,2048,2048,2048,2048
3,12,79,8,8,8,8,8
3,12,80,2056,2056,2056,2056,2056
3,13,0,2048,2048,2048,2048,2048
3,13,1,8,8,8,8,8
3,13,2,2056,2056,2056,2056,2056
3,13,3,2048,2048,2048,2048,2048
3,13,4,8,8,8,8,8
3,13,5,2056,2056,2056,2056,2056
3,13,6,2048,2048,2048,2048,2048
3,13,7,8,8,8,8,8
3,13,8,2056,2056,2056,2056,2056
3,13,9,2048,2048,2048,2048,2048
3,13,10,8,8,8,8,8
3,13,11,2056,2056,2056,2056,2056
3,13,12,2048,2048,2048,2048,2048
3,13,13,8,8,8,8,8
3,13,14,2056,2056,2056,2056,2056
3,13,15,2048,2048,2048,2048,2048
3,13,16,8,8,8,8,8
3,13,17,2056,2056,2056,2056,2056
3,13,18,2048,2048,2048,2048,2048
3,13,19,8,8,8,8,8
3,13,20,2056,2056,2056,2056,2056
3,13,21,2048,2048,2048,2048,2048
3,13,22,8,8,8,8,8
3,13,23,2056,2056,2056,2056,2056
3,13,24,2048,2048,2048,2048,2048
3,13,25,8,8,8,8,8
3,13,26,2056,2056,2056,2056,2056
3,13,27,2048,2048,2048,2048,2048
3,13,28,8,8,8,8,8
3,13,29,2056,2056,2056,2056,2056
3,13,30,2048,2048,2048,2048,2048
3,13,31,8,8,8,8,8
3,13,32,2056,2056,2056,2056,2056
3,13,33,2048,2048,2048,2048,2048
3,13,34,8,8,8,8,8
3,13,35,2056,2056,2056,2056,2056
3,13,36,2048,2048,2048,2048,2048
3,13,37,8,8,8,8,8
3,13,38,2056,2056,2056,2056,2056
3,13,39,2048,2048,2048,2048,2048
3,13,40,8,8,8,8,8
3,13,41,2056,2056,2056,2056,2056
3,13,42,2048,2048,2048,2048,2048
3,13,43,8,8,8,8,8
3,13,44,2056,2056,2056,2056,2056
3,13,45,2048,2048,2048,2048,2048
3,13,46,8,8,8,8,8
3,13,47,2056,2056,2056,2056,2056
3,13,48,2048,2048,2048,2048,2048
3,13,49,8,8,8,8,8
3,13,50,2056,2056,2056,2056,2056
3,13,51,2048,2048,2048,2048,2048
3,13,52,8,8,8,8,8
3,13,53,2056,2056,2056,2056,2056
3,13,54,2048,2048,2048,2048,2048
3,13,55,8,8,8,8,8
3,13,56,2056,2056,2056,2056,2056
3,13,57,2048,2048,2048,2048,2048
3,13,58,8,8,8,8,8
3,13,59,2056,2056,2056,2056,2056
3,13,60,2048,2048,2048,2048,2048
3,13,61,8,8,8,8,8
3,13,62,2056,2056,2056,2056,2056
3,13,63,2048,2048,2048,2048,2048
3,13,64,8,8,8,8,8
3,13,65,2056,2056,2056,2056,2056
3,13,66,2048,2048,2048,2048,2048
3,13,67,8,8,8,8,8
3,13,68,2056,2056,2056,2056,2056
3,13,69,2048,2048,2048,2048,2048
3,13,70,8,8,8,8,8
3,13,71,2056,2056,2056,2056,2056
3,13,72,2048,2048,2048,2048,2048
3,13,73,8,8,8,8,8
3,13,74,2056,2056,2056,2056,2056
3,13,75,2048,2048,2048,2048,2048
3,13,76,8,8,8,8,8
3,13,77,2056,2056,2056,2056,2056
3,13,78,2048,2048,2048,2048,2048
3,13,79,8,8,8,8,8
3,13,80,2056,2056,2056,2056,2056
3,14,0,2048,2048,2048,2048,2048
3,14,1,8,8,8,8,8
3,14,2,2056,2056,2056,2056,2056
3,14,3,2048,2048,2048,2048,2048
3,14,4,8,8,8,8,8
3,14,5,2056,2056,2056,2056,2056
3,14,6,2048,2048,2048,2048,2048
3,14,7,8,8,8,8,8
3,14,8,2056,2056,2056,2056,2056
3,14,9,2048,2048,2048,2048,2048
3,14,10,8,8,8,8,8
3,14,11,2056,2056,2056,2056,2056
3,14,12,2048,2048,2048,2048,2048
3,14,13,8,8,8,8,8
3,14,14,2056,2056,2056,2056,2056
3,14,15,2048,2048,2048,2048,2048
3,14,16,8,8,8,8,8
3,14,17,2056,2056,2056,2056,2056
3,14,18,2048,2048,2048,2048,2048
3,14,19,8,8,8,8,8
3,14,20,2056,2056,2056,2056,2056
3,14,21,2048,2048,2048,2048,2048
3,14,22,8,8,8,8,8
3,14,23,2056,2056,2056,2056,2056
3,14,24,2048,2048,2048,2048,2048
3,14,25,8,8,8,8,8
3,14,26,2056,2056,2056,2056,2056
3,14,27,2048,2048,2048,2048,2048
3,14,28,8,8,8,8,8
3,14,29,2056,2056,2056,2056,2056
3,14,30,2048,2048,2048,2048,2048
3,14,31,8,8,8,8,8
3,14,32,2056,2056,2056,2056,2056
3,14,33,2048,2048,2048,2048,2048
3,14,34,8,8,8,8,8
3,14,35,2056,2056,2056,2056,2056
3,14,36,2048,2048,2048,2048,2048
3,14,37,8,8,8,8,8
3,14,38,2056,2056,2056,2056,2056
3,14,39,2048,2048,2048,2048,2048
3,14,40,8,8,8,8,8
3,14,41,2056,2056,2056,2056,2056
3,14,42,2048,2048,2048,2048,2048
3,14,43,8,8,8,8,8
3,14,44,2056,2056,2056,2056,2056
3,14,45,2048,2048,2048,2048,2048
3,14,46,8,8,8,8,8
3,14,47,2056,2056,2056,2056,2056
3,14,48,2048,2048,2048,2048,2048
3,14,49,8,8,8,8,8
3,14,50,2056,2056,2056,2056,2056
3,14,51,2048,2048,2048,2048,2048
3,14,52,8,8,8,8,8
3,14,53,2056,2056,2056,2056,2056
3,14,54,2048,2048,2048,2048,2048
3,14,55,8,8,8,8,8
3,14,56,2056,2056,2056,2056,2056
3,14,57,2048,2048,2048,2048,2048
3,14,58,8,8,8,8,8
3,14,59,2056,2056,2056,2056,2056
3,14,60,2048,2048,2048,2048,2048
3,14,61,8,8,8,8,8
3,14,62,2056,2056,2056,2056,2056
3,14,63,2048,2048,2048,2048,2048
3,14,64,8,8,8,8,8
3,14,65,2056,2056,2056,2056,2056
3,14,66,2048,2048,2048,2048,2048
3,14,67,8,8,8,8,8
3,14,68,2056,2056,2056,2056,2056
3,14,69,2048,2048,2048,2048,2048
3,14,70,8,8,8,8,8
3,14,71,2056,2056,2056,2056,2056
3,14,72,2048,2048,2048,2048,2048
3,14,73,8,8,8,8,8
3,14,74,2056,2056,2056,2056,2056
3,14,75,2048,2048,2048,2048,2048
3,14,76,8,8,8,8,8
3,14,77,2056,2056,2056,2056,2056
3,14,78,2048,2048,2048,2048,2048
3,14,79,8,8,8,8,8
3,14,80,2056,2056,2056,2056,2056
3,15,0,2048,2048,2048,2048,2048
3,15,1,8,8,8,8,8
3,15,2,2056,2056,2056,2056,2056
3,15,3,2048,2048,2048,2048,2048
3,15,4,8,8,8,8,8
3,15,5,2056,2056,2056,2056,2056
3,15,6,2048,2048,2048,2048,2048
3,15,7,8,8,8,8,8
3,15,8,2056,2056,2056,2056,2056
3,15,9,2048,2048,2048,2048,2048
3,15,10,8,8,8,8,8
3,15,11,2056,2056,2056,2056,2056
3,15,12,2048,2048,2048,2048,2048
3,15,13,8,8,8,8,8
3,15,14,2056,2056,2056,2056,2056
3,15,15,2048,2048,2048,2048,2048
3,15,16,8,8,8,8,8
3,15,17,2056,2056,2056,2056,2056
3,15,18,2048,2048,2048,2048,2048
3,15,19,8,8,8,8,8
3,15,20,2056,2056,2056,2056,2056
3,15,21,2048,2048,2048,2048,2048
3,15,22,8,8,8,8,8
3,15,23,2056,2056,2056,2056,2056
3,15,24,2048,2048,2048,2048,2048
3,15,25,8,8,8,8,8
3,15,26,2056,2056,2056,2056,2056
3,15,27,2048,2048,2048,2048,2048
3,15,28,8,8,8,8,8
3,15,29,2056,2056,2056,2056,2056
3,15,30,2048,2048,2048,2048,2048
3,15,31,8,8,8,8,8
3,15,32,2056,2056,2056,2056,2056
3,15,33,2048,2048,2048,2048,2048
3,15,34,8,8,8,8,8
3,15,35,2056,2056,2056,2056,2056
3,15,36,2048,2048,2048,2048,2048
3,15,37,8,8,8,8,8
3,15,38,2056,2056,2056,2056,2056
3,15,39,2048,2048,2048,2048,2048
3,15,40,8,8,8,8,8
3,15,41,2056,2056,2056,2056,2056
3,15,42,2048,2048,2048,2048,2048
3,15,43,8,8,8,8,8
3,15,44,2056,2056,2056,2056,2056
3,15,45,2048,2048,2048,2048,2048
3,15,46,8,8,8,8,8
3,15,47,2056,2056,2056,2056,2056
3,15,48,2048,2048,2048,2048,2048
3,15,49,8,8,8,8,8
3,15,50,2056,2056,2056,2056,2056
3,15,51,2048,2048,2048,2048,2048
3,15,52,8,8,8,8,8
3,15,53,2056,2056,2056,2056,2056
3,15,54,2048,2048,2048,2048,2048
3,15,55,8,8,8,8,8
3,15,56,2056,2056,2056,2056,2056
3,15,57,2048,2048,2048,2048,2048
3,15,58,8,8,8,8,8
3,15,59,2056,2056,2056,2056,2056
3,15,60,2048,2048,2048,2048,2048
3,15,61,8,8,8,8,8
3,15,62,2056,2056,2056,2056,2056
3,15,63,2048,2048,2048,2048,2048
3,15,64,8,8,8,8,8
3,15,65,2056,2056,2056,2056,2056
3,15,66,2048,2048,2048,2048,2048
3,15,67,8,8,8,8,8
3,15,68,2056,2056,2056,2056,2056
3,15,69,2048,2048,2048,2048,2048
3,15,70,8,8,8,8,8
3,15,71,2056,2056,2056,2056,2056
3,15,72,2048,2048,2048,2048,2048
3,15,73,8,8,8,8,8
3,15,74,2056,2056,2056,2056,2056
3,15,75,2048,2048,2048,2048,2048
3,15,76,8,8,8,8,8
3,15,77,2056,2056,2056,2056,2056
3,15,78,2048,2048,2048,2048,2048
3,15,79,8,8,8,8,8
3,15,80,2056,2056,2056,2056,2056
3,16,0,128,128,128,128,128
3,16,1,128,128,128,128,128
3,16,2,128,128,128,128,128
3,16,3,128,128,128,128,128
3,16,4,128,128,128,128,128
3,16,5,128,128,128,128,128
3,16,6,128,128,128,128,128
3,16,7,128,128,128,128,128
3,16,8,128,128,128,128,128
3,16,9,128,128,128,128,128
3,16,10,128,128,128,128,128
3,16,11,128,128,128,128,128
3,16,12,128,128,128,128,128
3,16,13,128,128,128,128,128
3,16,14,128,128,128,128,128
3,16,15,128,128,128,128,128
3,16,16,128,128,128,128,128
3,16,17,128,128,128,128,128
3,16,18,128,128,128,128,128
3,16,19,128,128,128,128,128
3,16,20,128,128,128,128,128
3,16,21,128,128,128,128,128
3,16,22,128,128,128,128,128
3,16,23,128,128,128,128,128
3,16,24,128,128,128,128,128
3,16,25,128,128,128,128,128
3,16,26,128,128,128,128,128
3,16,27,128,128,128,128,128
3,16,28,128,128,128,128,128
3,16,29,128,128,128,128,128
3,16,30,128,128,128,128,128
3,16,31,128,128,128,128,128
3,16,32,128,128,128,128,128
3,16,33,128,128,128,128,128
3,16,34,128,128,128,128,128
3,16,35,128,128,128,128,128
3,16,36,128,128,128,128,128
3,16,37,128,128,128,128,128
3,16,38,128,128,128,128,128
3,16,39,128,128,128,128,128
3,16,40,128,128,128,128,128
3,16,41,128,128,128,128,128
3,16,42,128,128,128,128,128
3,16,43,128,128,128,128,128
3,16,44,128,128,128,128,128
3,16,45,128,128,128,128,128
3,16,46,128,128,128,128,128
3,16,47,128,128,128,128,128
3,16,48,128,128,128,128,128
3,16,49,128,128,128,128,128
3,16,50,128,128,128,128,128
3,16,51,128,128,128,128,128
3,16,52,128,128,128,128,128
3,16,53,128,128,128,128,128
3,16,54,128,128,128,128,128
3,16,55,128,128,128,128,128
3,16,56,128,128,128,128,128
3,16,57,128,128,128,128,128
3,16,58,128,128,128,128,128
3,16,59,128,128,128,128,128
3,16,60,128,128,128,128,128
3,16,61,128,128,128,128,128
3,16,62,128,128,128,128,128
3,16,63,128,128,128,128,128
3,16,64,128,128,128,128,128
3,16,65,128,128,128,128,128
3,16,66,128,128,128,128,128
3,16,67,128,128,128,128,128
3,16,68,128,128,128,128,128
3,16,69,128,128,128,128,128
3,16,70,128,128,128,128,128
3,16,71,128,128,128,128,128
3,16,72,128,128,128,128,128
3,16,73,128,128,128,128,128
3,16,74,128,128,128,128,128
3,16,75,128,128,128,128,128
3,16,76,128,128,128,128,128
3,16,77,128,128,128,128,128
3,16,78,128,128,128,128,128
3,16,79,128,128,128,128,128
3,16,80,128,128,128,128,128
3,17,0,2176,2176,2176,2176,2176
3,17,1,136,136,136,136,136
3,17,2,2184,2184,2184,2184,2184
3,17,3,2176,2176,2176,2176,2176
3,17,4,136,136,136,136,136
3,17,5,2184,2184,2184,2184,2184
3,17,6,2176,2176,2176,2176,2176
3,17,7,136,136,136,136,136
3,17,8,2184,2184,2184,2184,2184
3,17,9,2176,2176,2176,2176,2176
3,17,10,136,136,136,136,136
3,17,11,2184,2184,2184,2184,2184
3,17,12,2176,2176,2176,2176,2176
3,17,13,136,136,136,136,136
3,17,14,2184,2184,2184,2184,2184
3,17,15,2176,2176,2176,2176,2176
3,17,16,136,136,136,136,136
3,17,17,2184,2184,2184,2184,2184
3,17,18,2176,2176,2176,2176,2176
3,17,19,136,136,136,136,136
3,17,20,2184,2184,2184,2184,2184
3,17,21,2176,2176,2176,2176,2176
3,17,22,136,136,136,136,136
3,17,23,2184,2184,2184,2184,2184
3,17,24,2176,2176,2176,2176,2176
3,17,25,136,136,136,136,136
3,17,26,2184,2184,2184,2184,2184
3,17,27,2176,2176,2176,2176,2176
3,17,28,136,136,136,136,136
3,17,29,2184,2184,2184,2184,2184
3,17,30,2176,2176,2176,2176,2176
3,17,31,136,136,136,136,136
3,17,32,2184,2184,2184,2184,2184
3,17,33,2176,2176,2176,2176,2176
3,17,34,136,136,136,136,136
3,17,35,2184,2184,2184,2184,2184
3,17,36,2176,2176,2176,2176,2176
3,17,37,136,136,136,136,136
3,17,38,2184,2184,2184,2184,2184
3,17,39,2176,2176,2176,2176,2176
3,17,40,136,136,136,136,136
3,17,41,2184,2184,2184,2184,2184
3,17,42,2176,2176,2176,2176,2176
3,17,43,136,136,136,136,136
3,17,44,2184,2184,2184,2184,2184
3,17,45,2176,2176,2176,2176,2176
3,17,46,136,136,136,136,136
3,17,47,2184,2184,2184,2184,2184
3,17,48,2176,2176,2176,2176,2176
3,17,49,136,136,136,136,136
3,17,50,2184,2184,2184,2184,2184
3,17,51,2176,2176,2176,2176,2176
3,17,52,136,136,136,136,136
3,17,53,2184,2184,2184,2184,2184
3,17,54,2176,2176,2176,2176,2176
3,17,55,136,136,136,136,136
3,17,56,2184,2184,2184,2184,2184
3,17,57,2176,2176,2176,2176,2176
3,17,58,136,136,136,136,136
3,17,59,2184,2184,2184,2184,2184
3,17,60,2176,2176,2176,2176,2176
3,17,61,136,136,136,136,136
3,17,62,2184,2184,2184,2184,2184
3,17,63,2176,2176,2176,2176,2176
3,17,64,136,136,136,136,136
3,17,65,2184,2184,2184,2184,2184
3,17,66,2176,2176,2176,2176,2176
3,17,67,136,136,136,136,136
3,17,68,2184,2184,2184,2184,2184
3,17,69,2176,2176,2176,2176,2176
3,17,70,136,136,136,136,136
3,17,71,2184,2184,2184,2184,2184
3,17,72,2176,2176,2176,2176,2176
3,17,73,136,136,136,136,136
3,17,74,2184,2184,2184,2184,2184
3,17,75,2176,2176,2176,2176,2176
3,17,76,136,136,136,136,136
3,17,77,2184,2184,2184,2184,2184
3,17,78,2176,2176,2176,2176,2176
3,17,79,136,136,136,136,136
3,17,80,2184,2184,2184,2184,2184
3,18,0,2176,2176,2176,2176,2176
3,18,1,136,136,136,136,136
3,18,2,2184,2184,2184,2184,2184
3,18,3,2176,2176,2176,2176,2176
3,18,4,136,136,136,136,136
3,18,5,2184,2184,2184,2184,2184
3,18,6,2176,2176,2176,2176,2176
3,18,7,136,136,136,136,136
3,18,8,2184,2184,2184,2184,2184
3,18,9,2176,2176,2176,2176,2176
3,18,10,136,136,136,136,136
3,18,11,2184,2184,2184,2184,2184
3,18,12,2176,2176,2176,2176,2176
3,18,13,136,136,136,136,136
3,18,14,2184,2184,2184,2184,2184
3,18,15,2176,2176,2176,2176,2176
3,18,16,136,136,136,136,136
3,18,17,2184,2184,2184,2184,2184
3,18,18,2176,2176,2176,2176,2176
3,18,19,136,136,136,136,136
3,18,20,2184,2184,2184,2184,2184
3,18,21,2176,2176,2176,2176,2176
3,18,22,136,136,136,136,136
3,18,23,2184,2184,2184,2184,2184
3,18,24,2176,2176,2176,2176,2176
3,18,25,136,136,136,136,136
3,18,26,2184,2184,2184,2184,2184
3,18,27,2176,2176,2176,2176,2176
3,18,28,136,136,136,136,136
3,18,29,2184,2184,2184,2184,2184
3,18,30,2176,2176,2176,2176,2176
3,18,31,136,136,136,136,136
3,18,32,2184,2184,2184,2184,2184
3,18,33,2176,2176,2176,2176,2176
3,18,34,136,136,136,136,136
3,18,35,2184,2184,2184,2184,2184
3,18,36,2176,2176,2176,2176,2176
3,18,37,136,136,136,136,136
3,18,38,2184,2184,2184,2184,2184
3,18,39,2176,2176,2176,2176,2176
3,18,40,136,136,136,136,136
3,18,41,2184,2184,2184,2184,2184
3,18,42,2176,2176,2176,2176,2176
3,18,43,136,136,136,136,136
3,18,44,2184,2184,2184,2184,2184
3,18,45,2176,2176,2176,2176,2176
3,18,46,136,136,136,136,136
3,18,47,2184,2184,2184,2184,2184
3,18,48,2176,2176,2176,2176,2176
3,18,49,136,136,136,136,136
3,18,50,2184,2184,2184,2184,2184
3,18,51,2176,2176,2176,2176,2176
3,18,52,136,136,136,136,136
3,18,53,2184,2184,2184,2184,2184
3,18,54,2176,2176,2176,2176,2176
3,18,55,136,136,136,136,136
3,18,56,2184,2184,2184,2184,2184
3,18,57,2176,2176,2176,2176,2176
3,18,58,136,136,136,136,136
3,18,59,2184,2184,2184,2184,2184
3,18,60,2176,2176,2176,2176,2176
3,18,61,136,136,136,136,136
3,18,62,2184,2184,2184,2184,2184
3,18,63,2176,2176,2176,2176,2176
3,18,64,136,136,136,136,136
3,18,65,2184,2184,2184,2184,2184
3,18,66,2176,2176,2176,2176,2176
3,18,67,136,136,136,136,136
3,18,68,2184,2184,2184,2184,2184
3,18,69,2176,2176,2176,2176,2176
3,18,70,136,136,136,136,136
3,18,71,2184,2184,2184,2184,2184
3,18,72,2176,2176,2176,2176,2176
3,18,73,136,136,136,136,136
3,18,74,2184,2184,2184,2184,2184
3,18,75,2176,2176,2176,2176,2176
3,18,76,136,136,136,136,136
3,18,77,2184,2184,2184,2184,2184
3,18,78,2176,2176,2176,2176,2176
3,18,79,136,136,136,136,136
3,18,80,2184,2184,2184,2184,2184
3,19,0,2176,2176,2176,2176,2176
3,19,1,136,136,136,136,136
3,19,2,2184,2184,2184,2184,2184
3,19,3,2176,2176,2176,2176,2176
3,19,4,136,136,136,136,136
3,19,5,2184,2184,2184,2184,2184
3,19,6,2176,2176,2176,2176,2176
3,19,7,136,136,136,136,136
3,19,8,2184,2184,2184,2184,2184
3,19,9,2176,2176,2176,2176,2176
3,19,10,136,136,136,136,136
3,19,11,2184,2184,2184,2184,2184
3,19,12,2176,2176,2176,2176,2176
3,19,13,136,136,136,136,136
3,19,14,2184,2184,2184,2184,2184
3,19,15,2176,2176,2176,2176,2176
3,19,16,136,136,136,136,136
3,19,17,2184,2184,2184,2184,2184
3,19,18,2176,2176,2176,2176,2176
3,19,19,136,136,136,136,136
3,19,20,2184,2184,2184,2184,2184
3,19,21,2176,2176,2176,2176,2176
3,19,22,136,136,136,136,136
3,19,23,2184,2184,2184,2184,2184
3,19,24,2176,2176,2176,2176,2176
3,19,25,136,136,136,136,136
3,19,26,2184,2184,2184,2184,2184
3,19,27,2176,2176,2176,2176,2176
3,19,28,136,136,136,136,136
3,19,29,2184,2184,2184,2184,2184
3,19,30,2176,2176,2176,2176,2176
3,19,31,136,136,136,136,136
3,19,32,2184,2184,2184,2184,2184
3,19,33,2176,2176,2176,2176,2176
3,19,34,136,136,136,136,136
3,19,35,2184,2184,2184,2184,2184
3,19,36,2176,2176,2176,2176,2176
3,19,37,136,136,136,136,136
3,19,38,2184,2184,2184,2184,2184
3,19,39,2176,2176,2176,2176,2176
3,19,40,136,136,136,136,136
3,19,41,2184,2184,2184,2184,2184
3,19,42,2176,2176,2176,2176,2176
3,19,43,136,136,136,136,136
3,19,44,2184,2184,2184,2184,2184
3,19,45,2176,2176,2176,2176,2176
3,19,46,136,136,136,136,136
3,19,47,2184,2184,2184,2184,2184
3,19,48,2176,2176,2176,2176,2176
3,19,49,136,136,136,136,136
3,19,50,2184,2184,2184,2184,2184
3,19,51,2176,2176,2176,2176,2176
3,19,52,136,136,136,136,136
3,19,53,2184,2184,2184,2184,2184
3,19,54,2176,2176,2176,2176,2176
3,19,55,136,136,136,136,136
3,19,56,2184,2184,2184,2184,2184
3,19,57,2176,2176,2176,2176,2176
3,19,58,136,136,136,136,136
3,19,59,2184,2184,2184,2184,2184
3,19,60,2176,2176,2176,2176,2176
3,19,61,136,136,136,136,136
3,19,62,2184,2184,2184,2184,2184
3,19,63,2176,2176,2176,2176,2176
3,19,64,136,136,136,136,136
3,19,65,2184,2184,2184,2184,2184
3,19,66,2176,2176,2176,2176,2176
3,19,67,136,136,136,136,136
3,19,68,2184,2184,2184,2184,2184
3,19,69,2176,2176,2176,2176,2176
3,19,70,136,136,136,136,136
3,19,71,2184,2184,2184,2184,2184
3,19,72,2176,2176,2176,2176,2176
3,19,73,136,136,136,136,136
3,19,74,2184,2184,2184,2184,2184
3,19,75,2176,2176,2176,2176,2176
3,19,76,136,136,136,136,136
3,19,77,2184,2184,2184,2184,2184
3,19,78,2176,2176,2176,2176,2176
3,19,79,136,136,136,136,136
3,19,80,2184,2184,2184,2184,2184
3,20,0,2176,2176,2176,2176,2176
3,20,1,136,136,136,136,136
3,20,2,2184,2184,2184,2184,2184
3,20,3,2176,2176,2176,2176,2176
3,20,4,136,136,136,136,136
3,20,5,2184,2184,2184,2184,2184
3,20,6,2176,2176,2176,2176,2176
3,20,7,136,136,136,136,136
3,20,8,2184,2184,2184,2184,2184
3,20,9,2176,2176,2176,2176,2176
3,20,10,136,136,136,136,136
3,20,11,2184,2184,2184,2184,2184
3,20,12,2176,2176,2176,2176,2176
3,20,13,136,136,136,136,136
3,20,14,2184,2184,2184,2184,2184
3,20,15,2176,2176,2176,2176,2176
3,20,16,136,136,136,136,136
3,20,17,2184,2184,2184,2184,2184
3,20,18,2176,2176,2176,2176,2176
3,20,19,136,136,136,136,136
3,20,20,2184,2184,2184,2184,2184
3,20,21,2176,2176,2176,2176,2176
3,20,22,136,136,136,136,136
3,20,23,2184,2184,2184,2184,2184
3,20,24,2176,2176,2176,2176,2176
3,20,25,136,136,136,136,136
3,20,26,2184,2184,2184,2184,2184
3,20,27,2176,2176,2176,2176,2176
3,20,28,136,136,136,136,136
3,20,29,2184,2184,2184,2184,2184
3,20,30,2176,2176,2176,2176,2176
3,20,31,136,136,136,136,136
3,20,32,2184,2184,2184,2184,2184
3,20,33,2176,2176,2176,2176,2176
3,20,34,136,136,136,136,136
3,20,35,2184,2184,2184,2184,2184
3,20,36,2176,2176,2176,2176,2176
3,20,37,136,136,136,136,136
3,20,38,2184,2184,2184,2184,2184
3,20,39,2176,2176,2176,2176,2176
3,20,40,136,136,136,136,136
3,20,41,2184,2184,2184,2184,2184
3,20,42,2176,2176,2176,2176,2176
3,20,43,136,136,136,136,136
3,20,44,2184,2184,2184,2184,2184
3,20,45,2176,2176,2176,2176,2176
3,20,46,136,136,136,136,136
3,20,47,2184,2184,2184,2184,2184
3,20,48,2176,2176,2176,2176,2176
3,20,49,136,136,136,136,136
3,20,50,2184,2184,2184,2184,2184
3,20,51,2176,2176,2176,2176,2176
3,20,52,136,136,136,136,136
3,20,53,2184,2184,2184,2184,2184
3,20,54,2176,2176,2176,2176,2176
3,20,55,136,136,136,136,136
3,20,56,2184,2184,2184,2184,2184
3,20,57,2176,2176,2176,2176,2176
3,20,58,136,136,136,136,136
3,20,59,2184,2184,2184,2184,2184
3,20,60,2176,2176,2176,2176,2176
3,20,61,136,136,136,136,136
3,20,62,2184,2184,2184,2184,2184
3,20,63,2176,2176,2176,2176,2176
3,20,64,136,136,136,136,136
3,20,65,2184,2184,2184,2184,2184
3,20,66,2176,2176,2176,2176,2176
3,20,67,136,136,136,136,136
3,20,68,2184,2184,2184,2184,2184
3,20,69,2176,2176,2176,2176,2176
3,20,70,136,136,136,136,136
3,20,71,2184,2184,2184,2184,2184
3,20,72,2176,2176,2176,2176,2176
3,20,73,136,136,136,136,136
3,20,74,2184,2184,2184,2184,2184
3,20,75,2176,2176,2176,2176,2176
3,20,76,136,136,136,136,136
3,20,77,2184,2184,2184,2184,2184
3,20,78,2176,2176,2176,2176,2176
3,20,79,136,136,136,136,136
3,20,80,2184,2184,2184,2184,2184
3,21,0,2176,2176,2176,2176,2176
3,21,1,136,136,136,136,136
3,21,2,2184,2184,2184,2184,2184
3,21,3,2176,2176,2176,2176,2176
3,21,4,136,136,136,136,136
3,21,5,2184,2184,2184,2184,2184
3,21,6,2176,2176,2176,2176,2176
3,21,7,136,136,136,136,136
3,21,8,2184,2184,2184,2184,2184
3,21,9,2176,2176,2176,2176,2176
3,21,10,136,136,136,136,136
3,21,11,2184,2184,2184,2184,2184
3,21,12,2176,2176,2176,2176,2176
3,21,13,136,136,136,136,136
3,21,14,2184,2184,2184,2184,2184
3,21,15,2176,2176,2176,2176,2176
3,21,16,136,136,136,136,136
3,21,17,2184,2184,2184,2184,2184
3,21,18,2176,2176,2176,2176,2176
3,21,19,136,136,136,136,136
3,21,20,2184,2184,2184,2184,2184
3,21,21,2176,2176,2176,2176,2176
3,21,22,136,136,136,136,136
3,21,23,2184,2184,2184,2184,2184
3,21,24,2176,2176,2176,2176,2176
3,21,25,136,136,136,136,136
3,21,26,2184,2184,2184,2184,2184
3,21,27,2176,2176,2176,2176,2176
3,21,28,136,136,136,136,136
3,21,29,2184,2184,2184,2184,2184
3,21,30,2176,2176,2176,2176,2176
3,21,31,136,136,136,136,136
3,21,32,2184,2184,2184,2184,2184
3,21,33,2176,2176,2176,2176,2176
3,21,34,136,136,136,136,136
3,21,35,2184,2184,2184,2184,2184
3,21,36,2176,2176,2176,2176,2176
3,21,37,136,136,136,136,136
3,21,38,2184,2184,2184,2184,2184
3,21,39,2176,2176,2176,2176,2176
3,21,40,136,136,136,136,136
3,21,41,2184,2184,2184,2184,2184
3,21,42,2176,2176,2176,2176,2176
3,21,43,136,136,136,136,136
3,21,44,2184,2184,2184,2184,2184
3,21,45,2176,2176,2176,2176,2176
3,21,46,136,136,136,136,136
3,21,47,2184,2184,2184,2184,2184
3,21,48,2176,2176,2176,2176,2176
3,21,49,136,136,136,136,136
3,21,50,2184,2184,2184,2184,2184
3,21,51,2176,2176,2176,2176,2176
3,21,52,136,136,136,136,136
3,21,53,2184,2184,2184,2184,2184
3,21,54,2176,2176,2176,2176,2176
3,21,55,136,136,136,136,136
3,21,56,2184,2184,2184,2184,2184
3,21,57,2176,2176,2176,2176,2176
3,21,58,136,136,136,136,136
3,21,59,2184,2184,2184,2184,2184
3,21,60,2176,2176,2176,2176,2176
3,21,61,136,136,136,136,136
3,21,62,2184,2184,2184,2184,2184
3,21,63,2176,2176,2176,2176,2176
3,21,64,136,136,136,136,136
3,21,65,2184,2184,2184,2184,2184
3,21,66,2176,2176,2176,2176,2176
3,21,67,136,136,136,136,136
3,21,68,2184,2184,2184,2184,2184
3,21,69,2176,2176,2176,2176,2176
3,21,70,136,136,136,136,136
3,21,71,2184,2184,2184,2184,2184
3,21,72,2176,2176,2176,2176,2176
3,21,73,136,136,136,136,136
3,21,74,2184,2184,2184,2184,2184
3,21,75,2176,2176,2176,2176,2176
3,21,76,136,136,136,136,136
3,21,77,2184,2184,2184,2184,2184
3,21,78,2176,2176,2176,2176,2176
3,21,79,136,136,136,136,136
3,21,80,2184,2184,2184,2184,2184
3,22,0,2176,2176,2176,2176,2176
3,22,1,136,136,136,136,136
3,22,2,2184,2184,2184,2184,2184
3,22,3,2176,2176,2176,2176,2176
3,22,4,136,136,136,136,136
3,22,5,2184,2184,2184,2184,2184
3,22,6,2176,2176,2176,2176,2176
3,22,7,136,136,136,136,136
3,22,8,2184,2184,2184,2184,2184
3,22,9,2176,2176,2176,2176,2176
3,22,10,136,136,136,136,136
3,22,11,2184,2184,2184,2184,2184
3,22,12,2176,2176,2176,2176,2176
3,22,13,136,136,136,136,136
3,22,14,2184,2184,2184,2184,2184
3,22,15,2176,2176,2176,2176,2176
3,22,16,136,136,136,136,136
3,22,17,2184,2184,2184,2184,2184
3,22,18,2176,2176,2176,2176,2176
3,22,19,136,136,136,136,136
3,22,20,2184,2184,2184,2184,2184
3,22,21,2176,2176,2176,2176,2176
3,22,22,136,136,136,136,136
3,22,23,2184,2184,2184,2184,2184
3,22,24,2176,2176,2176,2176,2176
3,22,25,136,136,136,136,136
3,22,26,2184,2184,2184,2184,2184
3,22,27,2176,2176,2176,2176,2176
3,22,28,136,136,136,136,136
3,22,29,2184,2184,2184,2184,2184
3,22,30,2176,2176,2176,2176,2176
3,22,31,136,136,136,136,136
3,22,32,2184,2184,2184,2184,2184
3,22,33,2176,2176,2176,2176,2176
3,22,34,136,136,136,136,136
3,22,35,2184,2184,2184,2184,2184
3,22,36,2176,2176,2176,2176,2176
3,22,37,136,136,136,136,136
3,22,38,2184,2184,2184,2184,2184
3,22,39,2176,2176,2176,2176,2176
3,22,40,136,136,136,136,136
3,22,41,2184,2184,2184,2184,2184
3,22,42,2176,2176,2176,2176,2176
3,22,43,136,136,136,136,136
3,22,44,2184,2184,2184,2184,2184
3,22,45,2176,2176,2176,2176,2176
3,22,46,136,136,136,136,136
3,22,47,2184,2184,2184,2184,2184
3,22,48,2176,2176,2176,2176,2176
3,22,49,136,136,136,136,136
3,22,50,2184,2184,2184,2184,2184
3,22,51,2176,2176,2176,2176,2176
3,22,52,136,136,136,136,136
3,22,53,2184,2184,2184,2184,2184
3,22,54,2176,2176,2176,2176,2176
3,22,55,136,136,136,136,136
3,22,56,2184,2184,2184,2184,2184
3,22,57,2176,2176,2176,2176,2176
3,22,58,136,136,136,136,136
3,22,59,2184,2184,2184,2184,2184
3,22,60,2176,2176,2176,2176,2176
3,22,61,136,136,136,136,136
3,22,62,2184,2184,2184,2184,2184
3,22,63,2176,2176,2176,2176,2176
3,22,64,136,136,136,136,136
3,22,65,2184,2184,2184,2184,2184
3,22,66,2176,2176,2176,2176,2176
3,22,67,136,136,136,136,136
3,22,68,2184,2184,2184,2184,2184
3,22,69,2176,2176,2176,2176,2176
3,22,70,136,136,136,136,136
3,22,71,2184,2184,2184,2184,2184
3,22,72,2176,2176,2176,2176,2176
3,22,73,136,136,136,136,136
3,22,74,2184,2184,2184,2184,2184
3,22,75,2176,2176,2176,2176,2176
3,22,76,136,136,136,136,136
3,22,77,2184,2184,2184,2184,2184
3,22,78,2176,2176,2176,2176,2176
3,22,79,136,136,136,136,136
3,22,80,2184,2184,2184,2184,2184
3,23,0,2176,2176,2176,2176,2176
3,23,1,136,136,136,136,136
3,23,2,2184,2184,2184,2184,2184
3,23,3,2176,2176,2176,2176,2176
3,23,4,136,136,136,136,136
3,23,5,2184,2184,2184,2184,2184
3,23,6,2176,2176,2176,2176,2176
3,23,7,136,136,136,136,136
3,23,8,2184,2184,2184,2184,2184
3,23,9,2176,2176,2176,2176,2176
3,23,10,136,136,136,136,136
3,23,11,2184,2184,2184,2184,2184
3,23,12,2176,2176,2176,2176,2176
3,23,13,136,136,136,136,136
3,23,14,2184,2184,2184,2184,2184
3,23,15,2176,2176,2176,2176,2176
3,23,16,136,136,136,136,136
3,23,17,2184,2184,2184,2184,2184
3,23,18,2176,2176,2176,2176,2176
3,23,19,136,136,136,136,136
3,23,20,2184,2184,2184,2184,2184
3,23,21,2176,2176,2176,2176,2176
3,23,22,136,136,136,136,136
3,23,23,2184,2184,2184,2184,2184
3,23,24,2176,2176,2176,2176,2176
3,23,25,136,136,136,136,136
3,23,26,2184,2184,2184,2184,2184
3,23,27,2176,2176,2176,2176,2176
3,23,28,136,136,136,136,136
3,23,29,2184,2184,2184,2184,2184
3,23,30,2176,2176,2176,2176,2176
3,23,31,136,136,136,136,136
3,23,32,2184,2184,2184,2184,2184
3,23,33,2176,2176,2176,2176,2176
3,23,34,136,136,136,136,136
3,23,35,2184,2184,2184,2184,2184
3,23,36,2176,2176,2176,2176,2176
3,23,37,136,136,136,136,136
3,23,38,2184,2184,2184,2184,2184
3,23,39,2176,2176,2176,2176,2176
3,23,40,136,136,136,136,136
3,23,41,2184,2184,2184,2184,2184
3,23,42,2176,2176,2176,2176,2176
3,23,43,136,136,136,136,136
3,23,44,2184,2184,2184,2184,2184
3,23,45,2176,2176,2176,2176,2176
3,23,46,136,136,136,136,136
3,23,47,2184,2184,2184,2184,2184
3,23,48,2176,2176,2176,2176,2176
3,23,49,136,136,136,136,136
3,23,50,2184,2184,2184,2184,2184
3,23,51,2176,2176,2176,2176,2176
3,23,52,136,136,136,136,136
3,23,53,2184,2184,2184,2184,2184
3,23,54,2176,2176,2176,2176,2176
3,23,55,136,136,136,136,136
3,23,56,2184,2184,2184,2184,2184
3,23,57,2176,2176,2176,2176,2176
3,23,58,136,136,136,136,136
3,23,59,2184,2184,2184,2184,2184
3,23,60,2176,2176,2176,2176,2176
3,23,61,136,136,136,136,136
3,23,62,2184,2184,2184,2184,2184
3,23,63,2176,2176,2176,2176,2176
3,23,64,136,136,136,136,136
3,23,65,2184,2184,2184,2184,2184
3,23,66,2176,2176,2176,2176,2176
3,23,67,136,136,136,136,136
3,23,68,2184,2184,2184,2184,2184
3,23,69,2176,2176,2176,2176,2176
3,23,70,136,136,136,136,136
3,23,71,2184,2184,2184,2184,2184
3,23,72,2176,2176,2176,2176,2176
3,23,73,136,136,136,136,136
3,23,74,2184,2184,2184,2184,2184
3,23,75,2176,2176,2176,2176,2176
3,23,76,136,136,136,136,136
3,23,77,2184,2184,2184,2184,2184
3,23,78,2176,2176,2176,2176,2176
3,23,79,136,136,136,136,136
3,23,80,2184,2184,2184,2184,2184
3,24,0,2176,2176,2176,2176,2176
3,24,1,136,136,136,136,136
3,24,2,2184,2184,2184,2184,2184
3,24,3,2176,2176,2176,2176,2176
3,24,4,136,136,136,136,136
3,24,5,2184,2184,2184,2184,2184
3,24,6,2176,2176,2176,2176,2176
3,24,7,136,136,136,136,136
3,24,8,2184,2184,2184,2184,2184
3,24,9,2176,2176,2176,2176,2176
3,24,10,136,136,136,136,136
3,24,11,2184,2184,2184,2184,2184
3,24,12,2176,2176,2176,2176,2176
3,24,13,136,136,136,136,136
3,24,14,2184,2184,2184,2184,2184
3,24,15,2176,2176,2176,2176,2176
3,24,16,136,136,136,136,136
3,24,17,2184,2184,2184,2184,2184
3,24,18,2176,2176,2176,2176,2176
3,24,19,136,136,136,136,136
3,24,20,2184,2184,2184,2184,2184
3,24,21,2176,2176,2176,2176,2176
3,24,22,136,136,136,136,136
3,24,23,2184,2184,2184,2184,2184
3,24,24,2176,2176,2176,2176,2176
3,24,25,136,136,136,136,136
3,24,26,2184,2184,2184,2184,2184
3,24,27,2176,2176,2176,2176,2176
3,24,28,136,136,136,136,136
3,24,29,2184,2184,2184,2184,2184
3,24,30,2176,2176,2176,2176,2176
3,24,31,136,136,136,136,136
3,24,32,2184,2184,2184,2184,2184
3,24,33,2176,2176,2176,2176,2176
3,24,34,136,136,136,136,136
3,24,35,2184,2184,2184,2184,2184
3,24,36,2176,2176,2176,2176,2176
3,24,37,136,136,136,136,136
3,24,38,2184,2184,2184,2184,2184
3,24,39,2176,2176,2176,2176,2176
3,24,40,136,136,136,136,136
3,24,41,2184,2184,2184,2184,2184
3,24,42,2176,2176,2176,2176,2176
3,24,43,136,136,136,136,136
3,24,44,2184,2184,2184,2184,2184
3,24,45,2176,2176,2176,2176,2176
3,24,46,136,136,136,136,136
3,24,47,2184,2184,2184,2184,2184
3,24,48,2176,2176,2176,2176,2176
3,24,49,136,136,136,136,136
3,24,50,2184,2184,2184,2184,2184
3,24,51,2176,2176,2176,2176,2176
3,24,52,136,136,136,136,136
3,24,53,2184,2184,2184,2184,2184
3,24,54,2176,2176,2176,2176,2176
3,24,55,136,136,136,136,136
3,24,56,2184,2184,2184,2184,2184
3,24,57,2176,2176,2176,2176,2176
3,24,58,136,136,136,136,136
3,24,59,2184,2184,2184,2184,2184
3,24,60,2176,2176,2176,2176,2176
3,24,61,136,136,136,136,136
3,24,62,2184,2184,2184,2184,2184
3,24,63,2176,2176,2176,2176,2176
3,24,64,136,136,136,136,136
3,24,65,2184,2184,2184,2184,2184
3,24,66,2176,2176,2176,2176,2176
3,24,67,136,136,136,136,136
3,24,68,2184,2184,2184,2184,2184
3,24,69,2176,2176,2176,2176,2176
3,24,70,136,136,136,136,136
3,24,71,2184,2184,2184,2184,2184
3,24,72,2176,2176,2176,2176,2176
3,24,73,136,136,136,136,136
3,24,74,2184,2184,2184,2184,2184
3,24,75,2176,2176,2176,2176,2176
3,24,76,136,136,136,136,136
3,24,77,2184,2184,2184,2184,2184
3,24,78,2176,2176,2176,2176,2176
3,24,79,136,136,136,136,136
3,24,80,2184,2184,2184,2184,2184
3,25,0,2176,2176,2176,2176,2176
3,25,1,136,136,136,136,136
3,25,2,2184,2184,2184,2184,2184
3,25,3,2176,2176,2176,2176,2176
3,25,4,136,136,136,136,136
3,25,5,2184,2184,2184,2184,2184
3,25,6,2176,2176,2176,2176,2176
3,25,7,136,136,136,136,136
3,25,8,2184,2184,2184,2184,2184
3,25,9,2176,2176,2176,2176,2176
3,25,10,136,136,136,136,136
3,25,11,2184,2184,2184,2184,2184
3,25,12,2176,2176,2176,2176,2176
3,25,13,136,136,136,136,136
3,25,14,2184,2184,2184,2184,2184
3,25,15,2176,2176,2176,2176,2176
3,25,16,136,136,136,136,136
3,25,17,2184,2184,2184,2184,2184
3,25,18,2176,2176,2176,2176,2176
3,25,19,136,136,136,136,136
3,25,20,2184,2184,2184,2184,2184
3,25,21,2176,2176,2176,2176,2176
3,25,22,136,136,136,136,136
3,25,23,2184,2184,2184,2184,2184
3,25,24,2176,2176,2176,2176,2176
3,25,25,136,136,136,136,136
3,25,26,2184,2184,2184,2184,2184
3,25,27,2176,2176,2176,2176,2176
3,25,28,136,136,136,136,136
3,25,29,2184,2184,2184,2184,2184
3,25,30,2176,2176,2176,2176,2176
3,25,31,136,136,136,136,136
3,25,32,2184,2184,2184,2184,2184
3,25,33,2176,2176,2176,2176,2176
3,25,34,136,136,136,136,136
3,25,35,2184,2184,2184,2184,2184
3,25,36,2176,2176,2176,2176,2176
3,25,37,136,136,136,136,136
3,25,38,2184,2184,2184,2184,2184
3,25,39,2176,2176,2176,2176,2176
3,25,40,136,136,136,136,136
3,25,41,2184,2184,2184,2184,2184
3,25,42,2176,2176,2176,2176,2176
3,25,43,136,136,136,136,136
3,25,44,2184,2184,2184,2184,2184
3,25,45,2176,2176,2176,2176,2176
3,25,46,136,136,136,136,136
3,25,47,2184,2184,2184,2184,2184
3,25,48,2176,2176,2176,2176,2176
3,25,49,136,136,136,136,136
3,25,50,2184,2184,2184,2184,2184
3,25,51,2176,2176,2176,2176,2176
3,25,52,136,136,136,136,136
3,25,53,2184,2184,2184,2184,2184
3,25,54,2176,2176,2176,2176,2176
3,25,55,136,136,136,136,136
3,25,56,2184,2184,2184,2184,2184
3,25,57,2176,2176,2176,2176,2176
3,25,58,136,136,136,136,136
3,25,59,2184,2184,2184,2184,2184
3,25,60,2176,2176,2176,2176,2176
3,25,61,136,136,136,136,136
3,25,62,2184,2184,2184,2184,2184
3,25,63,2176,2176,2176,2176,2176
3,25,64,136,136,136,136,136
3,25,65,2184,2184,2184,2184,2184
3,25,66,2176,2176,2176,2176,2176
3,25,67,136,136,136,136,136
3,25,68,2184,2184,2184,2184,2184
3,25,69,2176,2176,2176,2176,2176
3,25,70,136,136,136,136,136
3,25,71,2184,2184,2184,2184,2184
3,25,72,2176,2176,2176,2176,2176
3,25,73,136,136,136,136,136
3,25,74,2184,2184,2184,2184,2184
3,25,75,2176,2176,2176,2176,2176
3,25,76,136,136,136,136,136
3,25,77,2184,2184,2184,2184,2184
3,25,78,2176,2176,2176,2176,2176
3,25,79,136,136,136,136,136
3,25,80,2184,2184,2184,2184,2184
3,26,0,2176,2176,2176,2176,2176
3,26,1,136,136,136,136,136
3,26,2,2184,2184,2184,2184,2184
3,26,3,2176,2176,2176,2176,2176
3,26,4,136,136,136,136,136
3,26,5,2184,2184,2184,2184,2184
3,26,6,2176,2176,2176,2176,2176
3,26,7,136,136,136,136,136
3,26,8,2184,2184,2184,2184,2184
3,26,9,2176,2176,2176,2176,2176
3,26,10,136,136,136,136,136
3,26,11,2184,2184,2184,2184,2184
3,26,12,2176,2176,2176,2176,2176
3,26,13,136,136,136,136,136
3,26,14,2184,2184,2184,2184,2184
3,26,15,2176,2176,2176,2176,2176
3,26,16,136,136,136,136,136
3,26,17,2184,2184,2184,2184,2184
3,26,18,2176,2176,2176,2176,2176
3,26,19,136,136,136,136,136
3,26,20,2184,2184,2184,2184,2184
3,26,21,2176,2176,2176,2176,2176
3,26,22,136,136,136,136,136
3,26,23,2184,2184,2184,2184,2184
3,26,24,2176,2176,2176,2176,2176
3,26,25,136,136,136,136,136
3,26,26,2184,2184,2184,2184,2184
3,26,27,2176,2176,2176,2176,2176
3,26,28,136,136,136,136,136
3,26,29,2184,2184,2184,2184,2184
3,26,30,2176,2176,2176,2176,2176
3,26,31,136,136,136,136,136
3,26,32,2184,2184,2184,2184,2184
3,26,33,2176,2176,2176,2176,2176
3,26,34,136,136,136,136,136
3,26,35,2184,2184,2184,2184,2184
3,26,36,2176,2176,2176,2176,2176
3,26,37,136,136,136,136,136
3,26,38,2184,2184,2184,2184,2184
3,26,39,2176,2176,2176,2176,2176
3,26,40,136,136,136,136,136
3,26,41,2184,2184,2184,2184,2184
3,26,42,2176,2176,2176,2176,2176
3,26,43,136,136,136,136,136
3,26,44,2184,2184,2184,2184,2184
3,26,45,2176,2176,2176,2176,2176
3,26,46,136,136,136,136,136
3,26,47,2184,2184,2184,2184,2184
3,26,48,2176,2176,2176,2176,2176
3,26,49,136,136,136,136,136
3,26,50,2184,2184,2184,2184,2184
3,26,51,2176,2176,2176,2176,2176
3,26,52,136,136,136,136,136
3,26,53,2184,2184,2184,2184,2184
3,26,54,2176,2176,2176,2176,2176
3,26,55,136,136,136,136,136
3,26,56,2184,2184,2184,2184,2184
3,26,57,2176,2176,2176,2176,2176
3,26,58,136,136,136,136,136
3,26,59,2184,2184,2184,2184,2184
3,26,60,2176,2176,2176,2176,2176
3,26,61,136,136,136,136,136
3,26,62,2184,2184,2184,2184,2184
3,26,63,2176,2176,2176,2176,2176
3,26,64,136,136,136,136,136
3,26,65,2184,2184,2184,2184,2184
3,26,66,2176,2176,2176,2176,2176
3,26,67,136,136,136,136,136
3,26,68,2184,2184,2184,2184,2184
3,26,69,2176,2176,2176,2176,2176
3,26,70,136,136,136,136,136
3,26,71,2184,2184,2184,2184,2184
3,26,72,2176,2176,2176,2176,2176
3,26,73,136,136,136,136,136
3,26,74,2184,2184,2184,2184,2184
3,26,75,2176,2176,2176,2176,2176
3,26,76,136,136,136,136,136
3,26,77,2184,2184,2184,2184,2184
3,26,78,2176,2176,2176,2176,2176
3,26,79,136,136,136,136,136
3,26,80,2184,2184,2184,2184,2184
3,27,0,2176,2176,2176,2176,2176
3,27,1,136,136,136,136,136
3,27,2,2184,2184,2184,2184,2184
3,27,3,2176,2176,2176,2176,2176
3,27,4,136,136,136,136,136
3,27,5,2184,2184,2184,2184,2184
3,27,6,2176,2176,2176,2176,2176
3,27,7,136,136,136,136,136
3,27,8,2184,2184,2184,2184,2184
3,27,9,2176,2176,2176,2176,2176
3,27,10,136,136,136,136,136
3,27,11,2184,2184,2184,2184,2184
3,27,12,2176,2176,2176,2176,2176
3,27,13,136,136,136,136,136
3,27,14,2184,2184,2184,2184,2184
3,27,15,2176,2176,2176,2176,2176
3,27,16,136,136,136,136,136
3,27,17,2184,2184,2184,2184,2184
3,27,18,2176,2176,2176,2176,2176
3,27,19,136,136,136,136,136
3,27,20,2184,2184,2184,2184,2184
3,27,21,2176,2176,2176,2176,2176
3,27,22,136,136,136,136,136
3,27,23,2184,2184,2184,2184,2184
3,27,24,2176,2176,2176,2176,2176
3,27,25,136,136,136,136,136
3,27,26,2184,2184,2184,2184,2184
3,27,27,2176,2176,2176,2176,2176
3,27,28,136,136,136,136,136
3,27,29,2184,2184,2184,2184,2184
3,27,30,2176,2176,2176,2176,2176
3,27,31,136,136,136,136,136
3,27,32,2184,2184,2184,2184,2184
3,27,33,2176,2176,2176,2176,2176
3,27,34,136,136,136,136,136
3,27,35,2184,2184,2184,2184,2184
3,27,36,2176,2176,2176,2176,2176
3,27,37,136,136,136,136,136
3,27,38,2184,2184,2184,2184,2184
3,27,39,2176,2176,2176,2176,2176
3,27,40,136,136,136,136,136
3,27,41,2184,2184,2184,2184,2184
3,27,42,2176,2176,2176,2176,2176
3,27,43,136,136,136,136,136
3,27,44,2184,2184,2184,2184,2184
3,27,45,2176,2176,2176,2176,2176
3,27,46,136,136,136,136,136
3,27,47,2184,2184,2184,2184,2184
3,27,48,2176,2176,2176,2176,2176
3,27,49,136,136,136,136,136
3,27,50,2184,2184,2184,2184,2184
3,27,51,2176,2176,2176,2176,2176
3,27,52,136,136,136,136,136
3,27,53,2184,2184,2184,2184,2184
3,27,54,2176,2176,2176,2176,2176
3,27,55,136,136,136,136,136
3,27,56,2184,2184,2184,2184,2184
3,27,57,2176,2176,2176,2176,2176
3,27,58,136,136,136,136,136
3,27,59,2184,2184,2184,2184,2184
3,27,60,2176,2176,2176,2176,2176
3,27,61,136,136,136,136,136
3,27,62,2184,2184,2184,2184,2184
3,27,63,2176,2176,2176,2176,2176
3,27,64,136,136,136,136,136
3,27,65,2184,2184,2184,2184,2184
3,27,66,2176,2176,2176,2176,2176
3,27,67,136,136,136,136,136
3,27,68,2184,2184,2184,2184,2184
3,27,69,2176,2176,2176,2176,2176
3,27,70,136,136,136,136,136
3,27,71,2184,2184,2184,2184,2184
3,27,72,2176,2176,2176,2176,2176
3,27,73,136,136,136,136,136
3,27,74,2184,2184,2184,2184,2184
3,27,75,2176,2176,2176,2176,2176
3,27,76,136,136,136,136,136
3,27,77,2184,2184,2184,2184,2184
3,27,78,2176,2176,2176,2176,2176
3,27,79,136,136,136,136,136
3,27,80,2184,2184,2184,2184,2184
3,28,0,2176,2176,2176,2176,2176
3,28,1,136,136,136,136,136
3,28,2,2184,2184,2184,2184,2184
3,28,3,2176,2176,2176,2176,2176
3,28,4,136,136,136,136,136
3,28,5,2184,2184,2184,2184,2184
3,28,6,2176,2176,2176,2176,2176
3,28,7,136,136,136,136,136
3,28,8,2184,2184,2184,2184,2184
3,28,9,2176,2176,2176,2176,2176
3,28,10,136,136,136,136,136
3,28,11,2184,2184,2184,2184,2184
3,28,12,2176,2176,2176,2176,2176
3,28,13,136,136,136,136,136
3,28,14,2184,2184,2184,2184,2184
3,28,15,2176,2176,2176,2176,2176
3,28,16,136,136,136,136,136
3,28,17,2184,2184,2184,2184,2184
3,28,18,2176,2176,2176,2176,2176
3,28,19,136,136,136,136,136
3,28,20,2184,2184,2184,2184,2184
3,28,21,2176,2176,2176,2176,2176
3,28,22,136,136,136,136,136
3,28,23,2184,2184,2184,2184,2184
3,28,24,2176,2176,2176,2176,2176
3,28,25,136,136,136,136,136
3,28,26,2184,2184,2184,2184,2184
3,28,27,2176,2176,2176,2176,2176
3,28,28,136,136,136,136,136
3,28,29,2184,2184,2184,2184,2184
3,28,30,2176,2176,2176,2176,2176
3,28,31,136,136,136,136,136
3,28,32,2184,2184,2184,2184,2184
3,28,33,2176,2176,2176,2176,2176
3,28,34,136,136,136,136,136
3,28,35,2184,2184,2184,2184,2184
3,28,36,2176,2176,2176,2176,2176
3,28,37,136,136,136,136,136
3,28,38,2184,2184,2184,2184,2184
3,28,39,2176,2176,2176,2176,2176
3,28,40,136,136,136,136,136
3,28,41,2184,2184,2184,2184,2184
3,28,42,2176,2176,2176,2176,2176
3,28,43,136,136,136,136,136
3,28,44,2184,2184,2184,2184,2184
3,28,45,2176,2176,2176,2176,2176
3,28,46,136,136,136,136,136
3,28,47,2184,2184,2184,2184,2184
3,28,48,2176,2176,2176,2176,2176
3,28,49,136,136,136,136,136
3,28,50,2184,2184,2184,2184,2184
3,28,51,2176,2176,2176,2176,2176
3,28,52,136,136,136,136,136
3,28,53,2184,2184,2184,2184,2184
3,28,54,2176,2176,2176,2176,2176
3,28,55,136,136,136,136,136
3,28,56,2184,2184,2184,2184,2184
3,28,57,2176,2176,2176,2176,2176
3,28,58,136,136,136,136,136
3,28,59,2184,2184,2184,2184,2184
3,28,60,2176,2176,2176,2176,2176
3,28,61,136,136,136,136,136
3,28,62,2184,2184,2184,2184,2184
3,28,63,2176,2176,2176,2176,2176
3,28,64,136,136,136,136,136
3,28,65,2184,2184,2184,2184,2184
3,28,66,2176,2176,2176,2176,2176
3,28,67,136,136,136,136,136
3,28,68,2184,2184,2184,2184,2184
3,28,69,2176,2176,2176,2176,2176
3,28,70,136,136,136,136,136
3,28,71,2184,2184,2184,2184,2184
3,28,72,2176,2176,2176,2176,2176
3,28,73,136,136,136,136,136
3,28,74,2184,2184,2184,2184,2184
3,28,75,2176,2176,2176,2176,2176
3,28,76,136,136,136,136,136
3,28,77,2184,2184,2184,2184,2184
3,28,78,2176,2176,2176,2176,2176
3,28,79,136,136,136,136,136
3,28,80,2184,2184,2184,2184,2184
3,29,0,2176,2176,2176,2176,2176
3,29,1,136,136,136,136,136
3,29,2,2184,2184,2184,2184,2184
3,29,3,2176,2176,2176,2176,2176
3,29,4,136,136,136,136,136
3,29,5,2184,2184,2184,2184,2184
3,29,6,2176,2176,2176,2176,2176
3,29,7,136,136,136,136,136
3,29,8,2184,2184,2184,2184,2184
3,29,9,2176,2176,2176,2176,2176
3,29,10,136,136,136,136,136
3,29,11,2184,2184,2184,2184,2184
3,29,12,2176,2176,2176,2176,2176
3,29,13,136,136,136,136,136
3,29,14,2184,2184,2184,2184,2184
3,29,15,2176,2176,2176,2176,2176
3,29,16,136,136,136,136,136
3,29,17,2184,2184,2184,2184,2184
3,29,18,2176,2176,2176,2176,2176
3,29,19,136,136,136,136,136
3,29,20,2184,2184,2184,2184,2184
3,29,21,2176,2176,2176,2176,2176
3,29,22,136,136,136,136,136
3,29,23,2184,2184,2184,2184,2184
3,29,24,2176,2176,2176,2176,2176
3,29,25,136,136,136,136,136
3,29,26,2184,2184,2184,2184,2184
3,29,27,2176,2176,2176,2176,2176
3,29,28,136,136,136,136,136
3,29,29,2184,2184,2184,2184,2184
3,29,30,2176,2176,2176,2176,2176
3,29,31,136,136,136,136,136
3,29,32,2184,2184,2184,2184,2184
3,29,33,2176,2176,2176,2176,2176
3,29,34,136,136,136,136,136
3,29,35,2184,2184,2184,2184,2184
3,29,36,2176,2176,2176,2176,2176
3,29,37,136,136,136,136,136
3,29,38,2184,2184,2184,2184,2184
3,29,39,2176,2176,2176,2176,2176
3,29,40,136,136,136,136,136
3,29,41,2184,2184,2184,2184,2184
3,29,42,2176,2176,2176,2176,2176
3,29,43,136,136,136,136,136
3,29,44,2184,2184,2184,2184,2184
3,29,45,2176,2176,2176,2176,2176
3,29,46,136,136,136,136,136
3,29,47,2184,2184,2184,2184,2184
3,29,48,2176,2176,2176,2176,2176
3,29,49,136,136,136,136,136
3,29,50,2184,2184,2184,2184,2184
3,29,51,2176,2176,2176,2176,2176
3,29,52,136,136,136,136,136
3,29,53,2184,2184,2184,2184,2184
3,29,54,2176,2176,2176,2176,2176
3,29,55,136,136,136,136,136
3,29,56,2184,2184,2184,2184,2184
3,29,57,2176,2176,2176,2176,2176
3,29,58,136,136,136,136,136
3,29,59,2184,2184,2184,2184,2184
3,29,60,2176,2176,2176,2176,2176
3,29,61,136,136,136,136,136
3,29,62,2184,2184,2184,2184,2184
3,29,63,2176,2176,2176,2176,2176
3,29,64,136,136,136,136,136
3,29,65,2184,2184,2184,2184,2184
3,29,66,2176,2176,2176,2176,2176
3,29,67,136,136,136,136,136
3,29,68,2184,2184,2184,2184,2184
3,29,69,2176,2176,2176,2176,2176
3,29,70,136,136,136,136,136
3,29,71,2184,2184,2184,2184,2184
3,29,72,2176,2176,2176,2176,2176
3,29,73,136,136,136,136,136
3,29,74,2184,2184,2184,2184,2184
3,29,75,2176,2176,2176,2176,2176
3,29,76,136,136,136,136,136
3,29,77,2184,2184,2184,2184,2184
3,29,78,2176,2176,2176,2176,2176
3,29,79,136,136,136,136,136
3,29,80,2184,2184,2184,2184,2184
3,30,0,2176,2176,2176,2176,2176
3,30,1,136,136,136,136,136
3,30,2,2184,2184,2184,2184,2184
3,30,3,2176,2176,2176,2176,2176
3,30,4,136,136,136,136,136
3,30,5,2184,2184,2184,2184,2184
3,30,6,2176,2176,2176,2176,2176
3,30,7,136,136,136,136,136
3,30,8,2184,2184,2184,2184,2184
3,30,9,2176,2176,2176,2176,2176
3,30,10,136,136,136,136,136
3,30,11,2184,2184,2184,2184,2184
3,30,12,2176,2176,2176,2176,2176
3,30,13,136,136,136,136,136
3,30,14,2184,2184,2184,2184,2184
3,30,15,2176,2176,2176,2176,2176
3,30,16,136,136,136,136,136
3,30,17,2184,2184,2184,2184,2184
3,30,18,2176,2176,2176,2176,2176
3,30,19,136,136,136,136,136
3,30,20,2184,2184,2184,2184,2184
3,30,21,2176,2176,2176,2176,2176
3,30,22,136,136,136,136,136
3,30,23,2184,2184,2184,2184,2184
3,30,24,2176,2176,2176,2176,2176
3,30,25,136,136,136,136,136
3,30,26,2184,2184,2184,2184,2184
3,30,27,2176,2176,2176,2176,2176
3,30,28,136,136,136,136,136
3,30,29,2184,2184,2184,2184,2184
3,30,30,2176,2176,2176,2176,2176
3,30,31,136,136,136,136,136
3,30,32,2184,2184,2184,2184,2184
3,30,33,2176,2176,2176,2176,2176
3,30,34,136,136,136,136,136
3,30,35,2184,2184,2184,2184,2184
3,30,36,2176,2176,2176,2176,2176
3,30,37,136,136,136,136,136
3,30,38,2184,2184,2184,2184,2184
3,30,39,2176,2176,2176,2176,2176
3,30,40,136,136,136,136,136
3,30,41,2184,2184,2184,2184,2184
3,30,42,2176,2176,2176,2176,2176
3,30,43,136,136,136,136,136
3,30,44,2184,2184,2184,2184,2184
3,30,45,2176,2176,2176,2176,2176
3,30,46,136,136,136,136,136
3,30,47,2184,2184,2184,2184,2184
3,30,48,2176,2176,2176,2176,2176
3,30,49,136,136,136,136,136
3,30,50,2184,2184,2184,2184,2184
3,30,51,2176,2176,2176,2176,2176
3,30,52,136,136,136,136,136
3,30,53,2184,2184,2184,2184,2184
3,30,54,2176,2176,2176,2176,2176
3,30,55,136,136,136,136,136
3,30,56,2184,2184,2184,2184,2184
3,30,57,2176,2176,2176,2176,2176
3,30,58,136,136,136,136,136
3,30,59,2184,2184,2184,2184,2184
3,30,60,2176,2176,2176,2176,2176
3,30,61,136,136,136,136,136
3,30,62,2184,2184,2184,2184,2184
3,30,63,2176,2176,2176,2176,2176
3,30,64,136,136,136,136,136
3,30,65,2184,2184,2184,2184,2184
3,30,66,2176,2176,2176,2176,2176
3,30,67,136,136,136,136,136
3,30,68,2184,2184,2184,2184,2184
3,30,69,2176,2176,2176,2176,2176
3,30,70,136,136,136,136,136
3,30,71,2184,2184,2184,2184,2184
3,30,72,2176,2176,2176,2176,2176
3,30,73,136,136,136,136,136
3,30,74,2184,2184,2184,2184,2184
3,30,75,2176,2176,2176,2176,2176
3,30,76,136,136,136,136,136
3,30,77,2184,2184,2184,2184,2184
3,30,78,2176,2176,2176,2176,2176
3,30,79,136,136,136,136,136
3,30,80,2184,2184,2184,2184,2184
3,31,0,2176,2176,2176,2176,2176
3,31,1,136,136,136,136,136
3,31,2,2184,2184,2184,2184,2184
3,31,3,2176,2176,2176,2176,2176
3,31,4,136,136,136,136,136
3,31,5,2184,2184,2184,2184,2184
3,31,6,2176,2176,2176,2176,2176
3,31,7,136,136,136,136,136
3,31,8,2184,2184,2184,2184,2184
3,31,9,2176,2176,2176,2176,2176
3,31,10,136,136,136,136,136
3,31,11,2184,2184,2184,2184,2184
3,31,12,2176,2176,2176,2176,2176
3,31,13,136,136,136,136,136
3,31,14,2184,2184,2184,2184,2184
3,31,15,2176,2176,2176,2176,2176
3,31,16,136,136,136,136,136
3,31,17,2184,2184,2184,2184,2184
3,31,18,2176,2176,2176,2176,2176
3,31,19,136,136,136,136,136
3,31,20,2184,2184,2184,2184,2184
3,31,21,2176,2176,2176,2176,2176
3,31,22,136,136,136,136,136
3,31,23,2184,2184,2184,2184,2184
3,31,24,2176,2176,2176,2176,2176
3,31,25,136,136,136,136,136
3,31,26,2184,2184,2184,2184,2184
3,31,27,2176,2176,2176,2176,2176
3,31,28,136,136,136,136,136
3,31,29,2184,2184,2184,2184,2184
3,31,30,2176,2176,2176,2176,2176
3,31,31,136,136,136,136,136
3,31,32,2184,2184,2184,2184,2184
3,31,33,2176,2176,2176,2176,2176
3,31,34,136,136,136,136,136
3,31,35,2184,2184,2184,2184,2184
3,31,36,2176,2176,2176,2176,2176
3,31,37,136,136,136,136,136
3,31,38,2184,2184,2184,2184,2184
3,31,39,2176,2176,2176,2176,2176
3,31,40,136,136,136,136,136
3,31,41,2184,2184,2184,2184,2184
3,31,42,2176,2176,2176,2176,2176
3,31,43,136,136,136,136,136
3,31,44,2184,2184,2184,2184,2184
3,31,45,2176,2176,2176,2176,2176
3,31,46,136,136,136,136,136
3,31,47,2184,2184,2184,2184,2184
3,31,48,2176,2176,2176,2176,2176
3,31,49,136,136,136,136,136
3,31,50,2184,2184,2184,2184,2184
3,31,51,2176,2176,2176,2176,2176
3,31,52,136,136,136,136,136
3,31,53,2184,2184,2184,2184,2184
3,31,54,2176,2176,2176,2176,2176
3,31,55,136,136,136,136,136
3,31,56,2184,2184,2184,2184,2184
3,31,57,2176,2176,2176,2176,2176
3,31,58,136,136,136,136,136
3,31,59,2184,2184,2184,2184,2184
3,31,60,2176,2176,2176,2176,2176
3,31,61,136,136,136,136,136
3,31,62,2184,2184,2184,2184,2184
3,31,63,2176,2176,2176,2176,2176
3,31,64,136,136,136,136,136
3,31,65,2184,2184,2184,2184,2184
3,31,66,2176,2176,2176,2176,2176
3,31,67,136,136,136,136,136
3,31,68,2184,2184,2184,2184,2184
3,31,69,2176,2176,2176,2176,2176
3,31,70,136,136,136,136,136
3,31,71,2184,2184,2184,2184,2184
3,31,72,2176,2176,2176,2176,2176
3,31,73,136,136,136,136,136
3,31,74,2184,2184,2184,2184,2184
3,31,75,2176,2176,2176,2176,2176
3,31,76,136,136,136,136,136
3,31,77,2184,2184,2184,2184,2184
3,31,78,2176,2176,2176,2176,2176
3,31,79,136,136,136,136,136
3,31,80,2184,2184,2184,2184,2184
3,32,0,128,128,128,128,128
3,32,1,128,128,128,128,128
3,32,2,128,128,128,128,128
3,32,3,128,128,128,128,128
3,32,4,128,128,128,128,128
3,32,5,128,128,128,128,128
3,32,6,128,128,128,128,128
3,32,7,128,128,128,128,128
3,32,8,128,128,128,128,128
3,32,9,128,128,128,128,128
3,32,10,128,128,128,128,128
3,32,11,128,128,128,128,128
3,32,12,128,128,128,128,128
3,32,13,128,128,128,128,128
3,32,14,128,128,128,128,128
3,32,15,128,128,128,128,128
3,32,16,128,128,128,128,128
3,32,17,128,128,128,128,128
3,32,18,128,128,128,128,128
3,32,19,128,128,128,128,128
3,32,20,128,128,128,128,128
3,32,21,128,128,128,128,128
3,32,22,128,128,128,128,128
3,32,23,128,128,128,128,128
3,32,24,128,128,128,128,128
3,32,25,128,128,128,128,128
3,32,26,128,128,128,128,128
3,32,27,128,128,128,128,128
3,32,28,128,128,128,128,128
3,32,29,128,128,128,128,128
3,32,30,128,128,128,128,128
3,32,31,128,128,128,128,128
3,32,32,128,128,128,128,128
3,32,33,128,128,128,128,128
3,32,34,128,128,128,128,128
3,32,35,128,128,128,128,128
3,32,36,128,128,128,128,128
3,32,37,128,128,128,128,128
3,32,38,128,128,128,128,128
3,32,39,128,128,128,128,128
3,32,40,128,128,128,128,128
3,32,41,128,128,128,128,128
3,32,42,128,128,128,128,128
3,32,43,128,128,128,128,128
3,32,44,128,128,128,128,128
3,32,45,128,128,128,128,128
3,32,46,128,128,128,128,128
3,32,47,128,128,128,128,128
3,32,48,128,128,128,128,128
3,32,49,128,128,128,128,128
3,32,50,128,128,128,128,128
3,32,51,128,128,128,128,128
3,32,52,128,128,128,128,128
3,32,53,128,128,128,128,128
3,32,54,128,128,128,128,128
3,32,55,128,128,128,128,128
3,32,56,128,128,128,128,128
3,32,57,128,128,128,128,128
3,32,58,128,128,128,128,128
3,32,59,128,128,128,128,128
3,32,60,128,128,128,128,128
3,32,61,128,128,128,128,128
3,32,62,128,128,128,128,128
3,32,63,128,128,128,128,128
3,32,64,128,128,128,128,128
3,32,65,128,128,128,128,128
3,32,66,128,128,128,128,128
3,32,67,128,128,128,128,128
3,32,68,128,128,128,128,128
3,32,69,128,128,128,128,128
3,32,70,128,128,128,128,128
3,32,71,128,128,128,128,128
3,32,72,128,128,128,128,128
3,32,73,128,128,128,128,128
3,32,74,128,128,128,128,128
3,32,75,128,128,128,128,128
3,32,76,128,128,128,128,128
3,32,77,128,128,128,128,128
3,32,78,128,128,128,128,128
3,32,79,128,128,128,128,128
3,32,80,128,128,128,128,128
3,33,0,2176,2176,2176,2176,2176
3,33,1,136,136,136,136,136
3,33,2,2184,2184,2184,2184,2184
3,33,3,2176,2176,2176,2176,2176
3,33,4,136,136,136,136,136
3,33,5,2184,2184,2184,2184,2184
3,33,6,2176,2176,2176,2176,2176
3,33,7,136,136,136,136,136
3,33,8,2184,2184,2184,2184,2184
3,33,9,2176,2176,2176,2176,2176
3,33,10,136,136,136,136,136
3,33,11,2184,2184,2184,2184,2184
3,33,12,2176,2176,2176,2176,2176
3,33,13,136,136,136,136,136
3,33,14,2184,2184,2184,2184,2184
3,33,15,2176,2176,2176,2176,2176
3,33,16,136,136,136,136,136
3,33,17,2184,2184,2184,2184,2184
3,33,18,2176,2176,2176,2176,2176
3,33,19,136,136,136,136,136
3,33,20,2184,2184,2184,2184,2184
3,33,21,2176,2176,2176,2176,2176
3,33,22,136,136,136,136,136
3,33,23,2184,2184,2184,2184,2184
3,33,24,2176,2176,2176,2176,2176
3,33,25,136,136,136,136,136
3,33,26,2184,2184,2184,2184,2184
3,33,27,2176,2176,2176,2176,2176
3,33,28,136,136,136,136,136
3,33,29,2184,2184,2184,2184,2184
3,33,30,2176,2176,2176,2176,2176
3,33,31,136,136,136,136,136
3,33,32,2184,2184,2184,2184,2184
3,33,33,2176,2176,2176,2176,2176
3,33,34,136,136,136,136,136
3,33,35,2184,2184,2184,2184,2184
3,33,36,2176,2176,2176,2176,2176
3,33,37,136,136,136,136,136
3,33,38,2184,2184,2184,2184,2184
3,33,39,2176,2176,2176,2176,2176
3,33,40,136,136,136,136,136
3,33,41,2184,2184,2184,2184,2184
3,33,42,2176,2176,2176,2176,2176
3,33,43,136,136,136,136,136
3,33,44,2184,2184,2184,2184,2184
3,33,45,2176,2176,2176,2176,2176
3,33,46,136,136,136,136,136
3,33,47,2184,2184,2184,2184,2184
3,33,48,2176,2176,2176,2176,2176
3,33,49,136,136,136,136,136
3,33,50,2184,2184,2184,2184,2184
3,33,51,2176,2176,2176,2176,2176
3,33,52,136,136,136,136,136
3,33,53,2184,2184,2184,2184,2184
3,33,54,2176,2176,2176,2176,2176
3,33,55,136,136,136,136,136
3,33,56,2184,2184,2184,2184,2184
3,33,57,2176,2176,2176,2176,2176
3,33,58,136,136,136,136,136
3,33,59,2184,2184,2184,2184,2184
3,33,60,2176,2176,2176,2176,2176
3,33,61,136,136,136,136,136
3,33,62,2184,2184,2184,2184,2184
3,33,63,2176,2176,2176,2176,2176
3,33,64,136,136,136,136,136
3,33,65,2184,2184,2184,2184,2184
3,33,66,2176,2176,2176,2176,2176
3,33,67,136,136,136,136,136
3,33,68,2184,2184,2184,2184,2184
3,33,69,2176,2176,2176,2176,2176
3,33,70,136,136,136,136,136
3,33,71,2184,2184,2184,2184,2184
3,33,72,2176,2176,2176,2176,2176
3,33,73,136,136,136,136,136
3,33,74,2184,2184,2184,2184,2184
3,33,75,2176,2176,2176,2176,2176
3,33,76,136,136,136,136,136
3,33,77,2184,2184,2184,2184,2184
3,33,78,2176,2176,2176,2176,2176
3,33,79,136,136,136,136,136
3,33,80,2184,2184,2184,2184,2184
3,34,0,2176,2176,2176,2176,2176
3,34,1,136,136,136,136,136
3,34,2,2184,2184,2184,2184,2184
3,34,3,2176,2176,2176,2176,2176
3,34,4,136,136,136,136,136
3,34,5,2184,2184,2184,2184,2184
3,34,6,2176,2176,2176,2176,2176
3,34,7,136,136,136,136,136
3,34,8,2184,2184,2184,2184,2184
3,34,9,2176,2176,2176,2176,2176
3,34,10,136,136,136,136,136
3,34,11,2184,2184,2184,2184,2184
3,34,12,2176,2176,2176,2176,2176
3,34,13,136,136,136,136,136
3,34,14,2184,2184,2184,2184,2184
3,34,15,2176,2176,2176,2176,2176
3,34,16,136,136,136,136,136
3,34,17,2184,2184,2184,2184,2184
3,34,18,2176,2176,2176,2176,2176
3,34,19,136,136,136,136,136
3,34,20,2184,2184,2184,2184,2184
3,34,21,2176,2176,2176,2176,2176
3,34,22,136,136,136,136,136
3,34,23,2184,2184,2184,2184,2184
3,34,24,2176,2176,2176,2176,2176
3,34,25,136,136,136,136,136
3,34,26,2184,2184,2184,2184,2184
3,34,27,2176,2176,2176,2176,2176
3,34,28,136,136,136,136,136
3,34,29,2184,2184,2184,2184,2184
3,34,30,2176,2176,2176,2176,2176
3,34,31,136,136,136,136,136
3,34,32,2184,2184,2184,2184,2184
3,34,33,2176,2176,2176,2176,2176
3,34,34,136,136,136,136,136
3,34,35,2184,2184,2184,2184,2184
3,34,36,2176,2176,2176,2176,2176
3,34,37,136,136,136,136,136
3,34,38,2184,2184,2184,2184,2184
3,34,39,2176,2176,2176,2176,2176
3,34,40,136,136,136,136,136
3,34,41,2184,2184,2184,2184,2184
3,34,42,2176,2176,2176,2176,2176
3,34,43,136,136,136,136,136
3,34,44,2184,2184,2184,2184,2184
3,34,45,2176,2176,2176,2176,2176
3,34,46,136,136,136,136,136
3,34,47,2184,2184,2184,2184,2184
3,34,48,2176,2176,2176,2176,2176
3,34,49,136,136,136,136,136
3,34,50,2184,2184,2184,2184,2184
3,34,51,2176,2176,2176,2176,2176
3,34,52,136,136,136,136,136
3,34,53,2184,2184,2184,2184,2184
3,34,54,2176,2176,2176,2176,2176
3,34,55,136,136,136,136,136
3,34,56,2184,2184,2184,2184,2184
3,34,57,2176,2176,2176,2176,2176
3,34,58,136,136,136,136,136
3,34,59,2184,2184,2184,2184,2184
3,34,60,2176,2176,2176,2176,2176
3,34,61,136,136,136,136,136
3,34,62,2184,2184,2184,2184,2184
3,34,63,2176,2176,2176,2176,2176
3,34,64,136,136,136,136,136
3,34,65,2184,2184,2184,2184,2184
3,34,66,2176,2176,2176,2176,2176
3,34,67,136,136,136,136,136
3,34,68,2184,2184,2184,2184,2184
3,34,69,2176,2176,2176,2176,2176
3,34,70,136,136,136,136,136
3,34,71,2184,2184,2184,2184,2184
3,34,72,2176,2176,2176,2176,2176
3,34,73,136,136,136,136,136
3,34,74,2184,2184,2184,2184,2184
3,34,75,2176,2176,2176,2176,2176
3,34,76,136,136,136,136,136
3,34,77,2184,2184,2184,2184,2184
3,34,78,2176,2176,2176,2176,2176
3,34,79,136,136,136,136,136
3,34,80,2184,2184,2184,2184,2184
3,35,0,2176,2176,2176,2176,2176
3,35,1,136,136,136,136,136
3,35,2,2184,2184,2184,2184,2184
3,35,3,2176,2176,2176,2176,2176
3,35,4,136,136,136,136,136
3,35,5,2184,2184,2184,2184,2184
3,35,6,2176,2176,2176,2176,2176
3,35,7,136,136,136,136,136
3,35,8,2184,2184,2184,2184,2184
3,35,9,2176,2176,2176,2176,2176
3,35,10,136,136,136,136,136
3,35,11,2184,2184,2184,2184,2184
3,35,12,2176,2176,2176,2176,2176
3,35,13,136,136,136,136,136
3,35,14,2184,2184,2184,2184,2184
3,35,15,2176,2176,2176,2176,2176
3,35,16,136,136,136,136,136
3,35,17,2184,2184,2184,2184,2184
3,35,18,2176,2176,2176,2176,2176
3,35,19,136,136,136,136,136
3,35,20,2184,2184,2184,2184,2184
3,35,21,2176,2176,2176,2176,2176
3,35,22,136,136,136,136,136
3,35,23,2184,2184,2184,2184,2184
3,35,24,2176,2176,2176,2176,2176
3,35,25,136,136,136,136,136
3,35,26,2184,2184,2184,2184,2184
3,35,27,2176,2176,2176,2176,2176
3,35,28,136,136,136,136,136
3,35,29,2184,2184,2184,2184,2184
3,35,30,2176,2176,2176,2176,2176
3,35,31,136,136,136,136,136
3,35,32,2184,2184,2184,2184,2184
3,35,33,2176,2176,2176,2176,2176
3,35,34,136,136,136,136,136
3,35,35,2184,2184,2184,2184,2184
3,35,36,2176,2176,2176,2176,2176
3,35,37,136,136,136,136,136
3,35,38,2184,2184,2184,2184,2184
3,35,39,2176,2176,2176,2176,2176
3,35,40,136,136,136,136,136
3,35,41,2184,2184,2184,2184,2184
3,35,42,2176,2176,2176,2176,2176
3,35,43,136,136,136,136,136
3,35,44,2184,2184,2184,2184,2184
3,35,45,2176,2176,2176,2176,2176
3,35,46,136,136,136,136,136
3,35,47,2184,2184,2184,2184,2184
3,35,48,2176,2176,2176,2176,2176
3,35,49,136,136,136,136,136
3,35,50,2184,2184,2184,2184,2184
3,35,51,2176,2176,2176,2176,2176
3,35,52,136,136,136,136,136
3,35,53,2184,2184,2184,2184,2184
3,35,54,2176,2176,2176,2176,2176
3,35,55,136,136,136,136,136
3,35,56,2184,2184,2184,2184,2184
3,35,57,2176,2176,2176,2176,2176
3,35,58,136,136,136,136,136
3,35,59,2184,2184,2184,2184,2184
3,35,60,2176,2176,2176,2176,2176
3,35,61,136,136,136,136,136
3,35,62,2184,2184,2184,2184,2184
3,35,63,2176,2176,2176,2176,2176
3,35,64,136,136,136,136,136
3,35,65,2184,2184,2184,2184,2184
3,35,66,2176,2176,2176,2176,2176
3,35,67,136,136,136,136,136
3,35,68,2184,2184,2184,2184,2184
3,35,69,2176,2176,2176,2176,2176
3,35,70,136,136,136,136,136
3,35,71,2184,2184,2184,2184,2184
3,35,72,2176,2176,2176,2176,2176
3,35,73,136,136,136,136,136
3,35,74,2184,2184,2184,2184,2184
3,35,75,2176,2176,2176,2176,2176
3,35,76,136,136,136,136,136
3,35,77,2184,2184,2184,2184,2184
3,35,78,2176,2176,2176,2176,2176
3,35,79,136,136,136,136,136
3,35,80,2184,2184,2184,2184,2184
3,36,0,2176,2176,2176,2176,2176
3,36,1,136,136,136,136,136
3,36,2,2184,2184,2184,2184,2184
3,36,3,2176,2176,2176,2176,2176
3,36,4,136,136,136,136,136
3,36,5,2184,2184,2184,2184,2184
3,36,6,2176,2176,2176,2176,2176
3,36,7,136,136,136,136,136
3,36,8,2184,2184,2184,2184,2184
3,36,9,2176,2176,2176,2176,2176
3,36,10,136,136,136,136,136
3,36,11,2184,2184,2184,2184,2184
3,36,12,2176,2176,2176,2176,2176
3,36,13,136,136,136,136,136
3,36,14,2184,2184,2184,2184,2184
3,36,15,2176,2176,2176,2176,2176
3,36,16,136,136,136,136,136
3,36,17,2184,2184,2184,2184,2184
3,36,18,2176,2176,2176,2176,2176
3,36,19,136,136,136,136,136
3,36,20,2184,2184,2184,2184,2184
3,36,21,2176,2176,2176,2176,2176
3,36,22,136,136,136,136,136
3,36,23,2184,2184,2184,2184,2184
3,36,24,2176,2176,2176,2176,2176
3,36,25,136,136,136,136,136
3,36,26,2184,2184,2184,2184,2184
3,36,27,2176,2176,2176,2176,2176
3,36,28,136,136,136,136,136
3,36,29,2184,2184,2184,2184,2184
3,36,30,2176,2176,2176,2176,2176
3,36,31,136,136,136,136,136
3,36,32,2184,2184,2184,2184,2184
3,36,33,2176,2176,2176,2176,2176
3,36,34,136,136,136,136,136
3,36,35,2184,2184,2184,2184,2184
3,36,36,2176,2176,2176,2176,2176
3,36,37,136,136,136,136,136
3,36,38,2184,2184,2184,2184,2184
3,36,39,2176,2176,2176,2176,2176
3,36,40,136,136,136,136,136
3,36,41,2184,2184,2184,2184,2184
3,36,42,2176,2176,2176,2176,2176
3,36,43,136,136,136,136,136
3,36,44,2184,2184,2184,2184,2184
3,36,45,2176,2176,2176,2176,2176
3,36,46,136,136,136,136,136
3,36,47,2184,2184,2184,2184,2184
3,36,48,2176,2176,2176,2176,2176
3,36,49,136,136,136,136,136
3,36,50,2184,2184,2184,2184,2184
3,36,51,2176,2176,2176,2176,2176
3,36,52,136,136,136,136,136
3,36,53,2184,2184,2184,2184,2184
3,36,54,2176,2176,2176,2176,2176
3,36,55,136,136,136,136,136
3,36,56,2184,2184,2184,2184,2184
3,36,57,2176,2176,2176,2176,2176
3,36,58,136,136,136,136,136
3,36,59,2184,2184,2184,2184,2184
3,36,60,2176,2176,2176,2176,2176
3,36,61,136,136,136,136,136
3,36,62,2184,2184,2184,2184,2184
3,36,63,2176,2176,2176,2176,2176
3,36,64,136,136,136,136,136
3,36,65,2184,2184,2184,2184,2184
3,36,66,2176,2176,2176,2176,2176
3,36,67,136,136,136,136,136
3,36,68,2184,2184,2184,2184,2184
3,36,69,2176,2176,2176,2176,2176
3,36,70,136,136,136,136,136
3,36,71,2184,2184,2184,2184,2184
3,36,72,2176,2176,2176,2176,2176
3,36,73,136,136,136,136,136
3,36,74,2184,2184,2184,2184,2184
3,36,75,2176,2176,2176,2176,2176
3,36,76,136,136,136,136,136
3,36,77,2184,2184,2184,2184,2184
3,36,78,2176,2176,2176,2176,2176
3,36,79,136,136,136,136,136
3,36,80,2184,2184,2184,2184,2184
3,37,0,2176,2176,2176,2176,2176
3,37,1,136,136,136,136,136
3,37,2,2184,2184,2184,2184,2184
3,37,3,2176,2176,2176,2176,2176
3,37,4,136,136,136,136,136
3,37,5,2184,2184,2184,2184,2184
3,37,6,2176,2176,2176,2176,2176
3,37,7,136,136,136,136,136
3,37,8,2184,2184,2184,2184,2184
3,37,9,2176,2176,2176,2176,2176
3,37,10,136,136,136,136,136
3,37,11,2184,2184,2184,2184,2184
3,37,12,2176,2176,2176,2176,2176
3,37,13,136,136,136,136,136
3,37,14,2184,2184,2184,2184,2184
3,37,15,2176,2176,2176,2176,2176
3,37,16,136,136,136,136,136
3,37,17,2184,2184,2184,2184,2184
3,37,18,2176,2176,2176,2176,2176
3,37,19,136,136,136,136,136
3,37,20,2184,2184,2184,2184,2184
3,37,21,2176,2176,2176,2176,2176
3,37,22,136,136,136,136,136
3,37,23,2184,2184,2184,2184,2184
3,37,24,2176,2176,2176,2176,2176
3,37,25,136,136,136,136,136
3,37,26,2184,2184,2184,2184,2184
3,37,27,2176,2176,2176,2176,2176
3,37,28,136,136,136,136,136
3,37,29,2184,2184,2184,2184,2184
3,37,30,2176,2176,2176,2176,2176
3,37,31,136,136,136,136,136
3,37,32,2184,2184,2184,2184,2184
3,37,33,2176,2176,2176,2176,2176
3,37,34,136,136,136,136,136
3,37,35,2184,2184,2184,2184,2184
3,37,36,2176,2176,2176,2176,2176
3,37,37,136,136,136,136,136
3,37,38,2184,2184,2184,2184,2184
3,37,39,2176,2176,2176,2176,2176
3,37,40,136,136,136,136,136
3,37,41,2184,2184,2184,2184,2184
3,37,42,2176,2176,2176,2176,2176
3,37,43,136,136,136,136,136
3,37,44,2184,2184,2184,2184,2184
3,37,45,2176,2176,2176,2176,2176
3,37,46,136,136,136,136,136
3,37,47,2184,2184,2184,2184,2184
3,37,48,2176,2176,2176,2176,2176
3,37,49,136,136,136,136,136
3,37,50,2184,2184,2184,2184,2184
3,37,51,2176,2176,2176,2176,2176
3,37,52,136,136,136,136,136
3,37,53,2184,2184,2184,2184,2184
3,37,54,2176,2176,2176,2176,2176
3,37,55,136,136,136,136,136
3,37,56,2184,2184,2184,2184,2184
3,37,57,2176,2176,2176,2176,2176
3,37,58,136,136,136,136,136
3,37,59,2184,2184,2184,2184,2184
3,37,60,2176,2176,2176,2176,2176
3,37,61,136,136,136,136,136
3,37,62,2184,2184,2184,2184,2184
3,37,63,2176,2176,2176,2176,2176
3,37,64,136,136,136,136,136
3,37,65,2184,2184,2184,2184,2184
3,37,66,2176,2176,2176,2176,2176
3,37,67,136,136,136,136,136
3,37,68,2184,2184,2184,2184,2184
3,37,69,2176,2176,2176,2176,2176
3,37,70,136,136,136,136,136
3,37,71,2184,2184,2184,2184,2184
3,37,72,2176,2176,2176,2176,2176
3,37,73,136,136,136,136,136
3,37,74,2184,2184,2184,2184,2184
3,37,75,2176,2176,2176,2176,2176
3,37,76,136,136,136,136,136
3,37,77,2184,2184,2184,2184,2184
3,37,78,2176,2176,2176,2176,2176
3,37,79,136,136,136,136,136
3,37,80,2184,2184,2184,2184,2184
3,38,0,2176,2176,2176,2176,2176
3,38,1,136,136,136,136,136
3,38,2,2184,2184,2184,2184,2184
3,38,3,2176,2176,2176,2176,2176
3,38,4,136,136,136,136,136
3,38,5,2184,2184,2184,2184,2184
3,38,6,2176,2176,2176,2176,2176
3,38,7,136,136,136,136,136
3,38,8,2184,2184,2184,2184,2184
3,38,9,2176,2176,2176,2176,2176
3,38,10,136,136,136,136,136
3,38,11,2184,2184,2184,2184,2184
3,38,12,2176,2176,2176,2176,2176
3,38,13,136,136,136,136,136
3,38,14,2184,2184,2184,2184,2184
3,38,15,2176,2176,2176,2176,2176
3,38,16,136,136,136,136,136
3,38,17,2184,2184,2184,2184,2184
3,38,18,2176,2176,2176,2176,2176
3,38,19,136,136,136,136,136
3,38,20,2184,2184,2184,2184,2184
3,38,21,2176,2176,2176,2176,2176
3,38,22,136,136,136,136,136
3,38,23,2184,2184,2184,2184,2184
3,38,24,2176,2176,2176,2176,2176
3,38,25,136,136,136,136,136
3,38,26,2184,2184,2184,2184,2184
3,38,27,2176,2176,2176,2176,2176
3,38,28,136,136,136,136,136
3,38,29,2184,2184,2184,2184,2184
3,38,30,2176,2176,2176,2176,2176
3,38,31,136,136,136,136,136
3,38,32,2184,2184,2184,2184,2184
3,38,33,2176,2176,2176,2176,2176
3,38,34,136,136,136,136,136
3,38,35,2184,2184,2184,2184,2184
3,38,36,2176,2176,2176,2176,2176
3,38,37,136,136,136,136,136
3,38,38,2184,2184,2184,2184,2184
3,38,39,2176,2176,2176,2176,2176
3,38,40,136,136,136,136,136
3,38,41,2184,2184,2184,2184,2184
3,38,42,2176,2176,2176,2176,2176
3,38,43,136,136,136,136,136
3,38,44,2184,2184,2184,2184,2184
3,38,45,2176,2176,2176,2176,2176
3,38,46,136,136,136,136,136
3,38,47,2184,2184,2184,2184,2184
3,38,48,2176,2176,2176,2176,2176
3,38,49,136,136,136,136,136
3,38,50,2184,2184,2184,2184,2184
3,38,51,2176,2176,2176,2176,2176
3,38,52,136,136,136,136,136
3,38,53,2184,2184,2184,2184,2184
3,38,54,2176,2176,2176,2176,2176
3,38,55,136,136,136,136,136
3,38,56,2184,2184,2184,2184,2184
3,38,57,2176,2176,2176,2176,2176
3,38,58,136,136,136,136,136
3,38,59,2184,2184,2184,2184,2184
3,38,60,2176,2176,2176,2176,2176
3,38,61,136,136,136,136,136
3,38,62,2184,2184,2184,2184,2184
3,38,63,2176,2176,2176,2176,2176
3,38,64,136,136,136,136,136
3,38,65,2184,2184,2184,2184,2184
3,38,66,2176,2176,2176,2176,2176
3,38,67,136,136,136,136,136
3,38,68,2184,2184,2184,2184,2184
3,38,69,2176,2176,2176,2176,2176
3,38,70,136,136,136,136,136
3,38,71,2184,2184,2184,2184,2184
3,38,72,2176,2176,2176,2176,2176
3,38,73,136,136,136,136,136
3,38,74,2184,2184,2184,2184,2184
3,38,75,2176,2176,2176,2176,2176
3,38,76,136,136,136,136,136
3,38,77,2184,2184,2184,2184,2184
3,38,78,2176,2176,2176,2176,2176
3,38,79,136,136,136,136,136
3,38,80,2184,2184,2184,2184,2184
3,39,0,2176,2176,2176,2176,2176
3,39,1,136,136,136,136,136
3,39,2,2184,2184,2184,2184,2184
3,39,3,2176,2176,2176,2176,2176
3,39,4,136,136,136,136,136
3,39,5,2184,2184,2184,2184,2184
3,39,6,2176,2176,2176,2176,2176
3,39,7,136,136,136,136,136
3,39,8,2184,2184,2184,2184,2184
3,39,9,2176,2176,2176,2176,2176
3,39,10,136,136,136,136,136
3,39,11,2184,2184,2184,2184,2184
3,39,12,2176,2176,2176,2176,2176
3,39,13,136,136,136,136,136
3,39,14,2184,2184,2184,2184,2184
3,39,15,2176,2176,2176,2176,2176
3,39,16,136,136,136,136,136
3,39,17,2184,2184,2184,2184,2184
3,39,18,2176,2176,2176,2176,2176
3,39,19,136,136,136,136,136
3,39,20,2184,2184,2184,2184,2184
3,39,21,2176,2176,2176,2176,2176
3,39,22,136,136,136,136,136
3,39,23,2184,2184,2184,2184,2184
3,39,24,2176,2176,2176,2176,2176
3,39,25,136,136,136,136,136
3,39,26,2184,2184,2184,2184,2184
3,39,27,2176,2176,2176,2176,2176
3,39,28,136,136,136,136,136
3,39,29,2184,2184,2184,2184,2184
3,39,30,2176,2176,2176,2176,2176
3,39,31,136,136,136,136,136
3,39,32,2184,2184,2184,2184,2184
3,39,33,2176,2176,2176,2176,2176
3,39,34,136,136,136,136,136
3,39,35,2184,2184,2184,2184,2184
3,39,36,2176,2176,2176,2176,2176
3,39,37,136,136,136,136,136
3,39,38,2184,2184,2184,2184,2184
3,39,39,2176,2176,2176,2176,2176
3,39,40,136,136,136,136,136
3,39,41,2184,2184,2184,2184,2184
3,39,42,2176,2176,2176,2176,2176
3,39,43,136,136,136,136,136
3,39,44,2184,2184,2184,2184,2184
3,39,45,2176,2176,2176,2176,2176
3,39,46,136,136,136,136,136
3,39,47,2184,2184,2184,2184,2184
3,39,48,2176,2176,2176,2176,2176
3,39,49,136,136,136,136,136
3,39,50,2184,2184,2184,2184,2184
3,39,51,2176,2176,2176,2176,2176
3,39,52,136,136,136,136,136
3,39,53,2184,2184,2184,2184,2184
3,39,54,2176,2176,2176,2176,2176
3,39,55,136,136,136,136,136
3,39,56,2184,2184,2184,2184,2184
3,39,57,2176,2176,2176,2176,2176
3,39,58,136,136,136,136,136
3,39,59,2184,2184,2184,2184,2184
3,39,60,2176,2176,2176,2176,2176
3,39,61,136,136,136,136,136
3,39,62,2184,2184,2184,2184,2184
3,39,63,2176,2176,2176,2176,2176
3,39,64,136,136,136,136,136
3,39,65,2184,2184,2184,2184,2184
3,39,66,2176,2176,2176,2176,2176
3,39,67,136,136,136,136,136
3,39,68,2184,2184,2184,2184,2184
3,39,69,2176,2176,2176,2176,2176
3,39,70,136,136,136,136,136
3,39,71,2184,2184,2184,2184,2184
3,39,72,2176,2176,2176,2176,2176
3,39,73,136,136,136,136,136
3,39,74,2184,2184,2184,2184,2184
3,39,75,2176,2176,2176,2176,2176
3,39,76,136,136,136,136,136
3,39,77,2184,2184,2184,2184,2184
3,39,78,2176,2176,2176,2176,2176
3,39,79,136,136,136,136,136
3,39,80,2184,2184,2184,2184,2184
3,40,0,2176,2176,2176,2176,2176
3,40,1,136,136,136,136,136
3,40,2,2184,2184,2184,2184,2184
3,40,3,2176,2176,2176,2176,2176
3,40,4,136,136,136,136,136
3,40,5,2184,2184,2184,2184,2184
3,40,6,2176,2176,2176,2176,2176
3,40,7,136,136,136,136,136
3,40,8,2184,2184,2184,2184,2184
3,40,9,2176,2176,2176,2176,2176
3,40,10,136,136,136,136,136
3,40,11,2184,2184,2184,2184,2184
3,40,12,2176,2176,2176,2176,2176
3,40,13,136,136,136,136,136
3,40,14,2184,2184,2184,2184,2184
3,40,15,2176,2176,2176,2176,2176
3,40,16,136,136,136,136,136
3,40,17,2184,2184,2184,2184,2184
3,40,18,2176,2176,2176,2176,2176
3,40,19,136,136,136,136,136
3,40,20,2184,2184,2184,2184,2184
3,40,21,2176,2176,2176,2176,2176
3,40,22,136,136,136,136,136
3,40,23,2184,2184,2184,2184,2184
3,40,24,2176,2176,2176,2176,2176
3,40,25,136,136,136,136,136
3,40,26,2184,2184,2184,2184,2184
3,40,27,2176,2176,2176,2176,2176
3,40,28,136,136,136,136,136
3,40,29,2184,2184,2184,2184,2184
3,40,30,2176,2176,2176,2176,2176
3,40,31,136,136,136,136,136
3,40,32,2184,2184,2184,2184,2184
3,40,33,2176,2176,2176,2176,2176
3,40,34,136,136,136,136,136
3,40,35,2184,2184,2184,2184,2184
3,40,36,2176,2176,2176,2176,2176
3,40,37,136,136,136,136,136
3,40,38,2184,2184,2184,2184,2184
3,40,39,2176,2176,2176,2176,2176
3,40,40,136,136,136,136,136
3,40,41,2184,2184,2184,2184,2184
3,40,42,2176,2176,2176,2176,2176
3,40,43,136,136,136,136,136
3,40,44,2184,2184,2184,2184,2184
3,40,45,2176,2176,2176,2176,2176
3,40,46,136,136,136,136,136
3,40,47,2184,2184,2184,2184,2184
3,40,48,2176,2176,2176,2176,2176
3,40,49,136,136,136,136,136
3,40,50,2184,2184,2184,2184,2184
3,40,51,2176,2176,2176,2176,2176
3,40,52,136,136,136,136,136
3,40,53,2184,2184,2184,2184,2184
3,40,54,2176,2176,2176,2176,2176
3,40,55,136,136,136,136,136
3,40,56,2184,2184,2184,2184,2184
3,40,57,2176,2176,2176,2176,2176
3,40,58,136,136,136,136,136
3,40,59,2184,2184,2184,2184,2184
3,40,60,2176,2176,2176,2176,2176
3,40,61,136,136,136,136,136
3,40,62,2184,2184,2184,2184,2184
3,40,63,2176,2176,2176,2176,2176
3,40,64,136,136,136,136,136
3,40,65,2184,2184,2184,2184,2184
3,40,66,2176,2176,2176,2176,2176
3,40,67,136,136,136,136,136
3,40,68,2184,2184,2184,2184,2184
3,40,69,2176,2176,2176,2176,2176
3,40,70,136,136,136,136,136
3,40,71,2184,2184,2184,2184,2184
3,40,72,2176,2176,2176,2176,2176
3,40,73,136,136,136,136,136
3,40,74,2184,2184,2184,2184,2184
3,40,75,2176,2176,2176,2176,2176
3,40,76,136,136,136,136,136
3,40,77,2184,2184,2184,2184,2184
3,40,78,2176,2176,2176,2176,2176
3,40,79,136,136,136,136,136
3,40,80,2184,2184,2184,2184,2184
3,41,0,2176,2176,2176,2176,2176
3,41,1,136,136,136,136,136
3,41,2,2184,2184,2184,2184,2184
3,41,3,2176,2176,2176,2176,2176
3,41,4,136,136,136,136,136
3,41,5,2184,2184,2184,2184,2184
3,41,6,2176,2176,2176,2176,2176
3,41,7,136,136,136,136,136
3,41,8,2184,2184,2184,2184,2184
3,41,9,2176,2176,2176,2176,2176
3,41,10,136,136,136,136,136
3,41,11,2184,2184,2184,2184,2184
3,41,12,2176,2176,2176,2176,2176
3,41,13,136,136,136,136,136
3,41,14,2184,2184,2184,2184,2184
3,41,15,2176,2176,2176,2176,2176
3,41,16,136,136,136,136,136
3,41,17,2184,2184,2184,2184,2184
3,41,18,2176,2176,2176,2176,2176
3,41,19,136,136,136,136,136
3,41,20,2184,2184,2184,2184,2184
3,41,21,2176,2176,2176,2176,2176
3,41,22,136,136,136,136,136
3,41,23,2184,2184,2184,2184,2184
3,41,24,2176,2176,2176,2176,2176
3,41,25,136,136,136,136,136
3,41,26,2184,2184,2184,2184,2184
3,41,27,2176,2176,2176,2176,2176
3,41,28,136,136,136,136,136
3,41,29,2184,2184,2184,2184,2184
3,41,30,2176,2176,2176,2176,2176
3,41,31,136,136,136,136,136
3,41,32,2184,2184,2184,2184,2184
3,41,33,2176,2176,2176,2176,2176
3,41,34,136,136,136,136,136
3,41,35,2184,2184,2184,2184,2184
3,41,36,2176,2176,2176,2176,2176
3,41,37,136,136,136,136,136
3,41,38,2184,2184,2184,2184,2184
3,41,39,2176,2176,2176,2176,2176
3,41,40,136,136,136,136,136
3,41,41,2184,2184,2184,2184,2184
3,41,42,2176,2176,2176,2176,2176
3,41,43,136,136,136,136,136
3,41,44,2184,2184,2184,2184,2184
3,41,45,2176,2176,2176,2176,2176
3,41,46,136,136,136,136,136
3,41,47,2184,2184,2184,2184,2184
3,41,48,2176,2176,2176,2176,2176
3,41,49,136,136,136,136,136
3,41,50,2184,2184,2184,2184,2184
3,41,51,2176,2176,2176,2176,2176
3,41,52,136,136,136,136,136
3,41,53,2184,2184,2184,2184,2184
3,41,54,2176,2176,2176,2176,2176
3,41,55,136,136,136,136,136
3,41,56,2184,2184,2184,2184,2184
3,41,57,2176,2176,2176,2176,2176
3,41,58,136,136,136,136,136
3,41,59,2184,2184,2184,2184,2184
3,41,60,2176,2176,2176,2176,2176
3,41,61,136,136,136,136,136
3,41,62,2184,2184,2184,2184,2184
3,41,63,2176,2176,2176,2176,2176
3,41,64,136,136,136,136,136
3,41,65,2184,2184,2184,2184,2184
3,41,66,2176,2176,2176,2176,2176
3,41,67,136,136,136,136,136
3,41,68,2184,2184,2184,2184,2184
3,41,69,2176,2176,2176,2176,2176
3,41,70,136,136,136,136,136
3,41,71,2184,2184,2184,2184,2184
3,41,72,2176,2176,2176,2176,2176
3,41,73,136,136,136,136,136
3,41,74,2184,2184,2184,2184,2184
3,41,75,2176,2176,2176,2176,2176
3,41,76,136,136,136,136,136
3,41,77,2184,2184,2184,2184,2184
3,41,78,2176,2176,2176,2176,2176
3,41,79,136,136,136,136,136
3,41,80,2184,2184,2184,2184,2184
3,42,0,2176,2176,2176,2176,2176
3,42,1,136,136,136,136,136
3,42,2,2184,2184,2184,2184,2184
3,42,3,2176,2176,2176,2176,2176
3,42,4,136,136,136,136,136
3,42,5,2184,2184,2184,2184,2184
3,42,6,2176,2176,2176,2176,2176
3,42,7,136,136,136,136,136
3,42,8,2184,2184,2184,2184,2184
3,42,9,2176,2176,2176,2176,2176
3,42,10,136,136,136,136,136
3,42,11,2184,2184,2184,2184,2184
3,42,12,2176,2176,2176,2176,2176
3,42,13,136,136,136,136,136
3,42,14,2184,2184,2184,2184,2184
3,42,15,2176,2176,2176,2176,2176
3,42,16,136,136,136,136,136
3,42,17,2184,2184,2184,2184,2184
3,42,18,2176,2176,2176,2176,2176
3,42,19,136,136,136,136,136
3,42,20,2184,2184,2184,2184,2184
3,42,21,2176,2176,2176,2176,2176
3,42,22,136,136,136,136,136
3,42,23,2184,2184,2184,2184,2184
3,42,24,2176,2176,2176,2176,2176
3,42,25,136,136,136,136,136
3,42,26,2184,2184,2184,2184,2184
3,42,27,2176,2176,2176,2176,2176
3,42,28,136,136,136,136,136
3,42,29,2184,2184,2184,2184,2184
3,42,30,2176,2176,2176,2176,2176
3,42,31,136,136,136,136,136
3,42,32,2184,2184,2184,2184,2184
3,42,33,2176,2176,2176,2176,2176
3,42,34,136,136,136,136,136
3,42,35,2184,2184,2184,2184,2184
3,42,36,2176,2176,2176,2176,2176
3,42,37,136,136,136,136,136
3,42,38,2184,2184,2184,2184,2184
3,42,39,2176,2176,2176,2176,2176
3,42,40,136,136,136,136,136
3,42,41,2184,2184,2184,2184,2184
3,42,42,2176,2176,2176,2176,2176
3,42,43,136,136,136,136,136
3,42,44,2184,2184,2184,2184,2184
3,42,45,2176,2176,2176,2176,2176
3,42,46,136,136,136,136,136
3,42,47,2184,2184,2184,2184,2184
3,42,48,2176,2176,2176,2176,2176
3,42,49,136,136,136,136,136
3,42,50,2184,2184,2184,2184,2184
3,42,51,2176,2176,2176,2176,2176
3,42,52,136,136,136,136,136
3,42,53,2184,2184,2184,2184,2184
3,42,54,2176,2176,2176,2176,2176
3,42,55,136,136,136,136,136
3,42,56,2184,2184,2184,2184,2184
3,42,57,2176,2176,2176,2176,2176
3,42,58,136,136,136,136,136
3,42,59,2184,2184,2184,2184,2184
3,42,60,2176,2176,2176,2176,2176
3,42,61,136,136,136,136,136
3,42,62,2184,2184,2184,2184,2184
3,42,63,2176,2176,2176,2176,2176
3,42,64,136,136,136,136,136
3,42,65,2184,2184,2184,2184,2184
3,42,66,2176,2176,2176,2176,2176
3,42,67,136,136,136,136,136
3,42,68,2184,2184,2184,2184,2184
3,42,69,2176,2176,2176,2176,2176
3,42,70,136,136,136,136,136
3,42,71,2184,2184,2184,2184,2184
3,42,72,2176,2176,2176,2176,2176
3,42,73,136,136,136,136,136
3,42,74,2184,2184,2184,2184,2184
3,42,75,2176,2176,2176,2176,2176
3,42,76,136,136,136,136,136
3,42,77,2184,2184,2184,2184,2184
3,42,78,2176,2176,2176,2176,2176
3,42,79,136,136,136,136,136
3,42,80,2184,2184,2184,2184,2184
3,43,0,2176,2176,2176,2176,2176
3,43,1,136,136,136,136,136
3,43,2,2184,2184,2184,2184,2184
3,43,3,2176,2176,2176,2176,2176
3,43,4,136,136,136,136,136
3,43,5,2184,2184,2184,2184,2184
3,43,6,2176,2176,2176,2176,2176
3,43,7,136,136,136,136,136
3,43,8,2184,2184,2184,2184,2184
3,43,9,2176,2176,2176,2176,2176
3,43,10,136,136,136,136,136
3,43,11,2184,2184,2184,2184,2184
3,43,12,2176,2176,2176,2176,2176
3,43,13,136,136,136,136,136
3,43,14,2184,2184,2184,2184,2184
3,43,15,2176,2176,2176,2176,2176
3,43,16,136,136,136,136,136
3,43,17,2184,2184,2184,2184,2184
3,43,18,2176,2176,2176,2176,2176
3,43,19,136,136,136,136,136
3,43,20,2184,2184,2184,2184,2184
3,43,21,2176,2176,2176,2176,2176
3,43,22,136,136,136,136,136
3,43,23,2184,2184,2184,2184,2184
3,43,24,2176,2176,2176,2176,2176
3,43,25,136,136,136,136,136
3,43,26,2184,2184,2184,2184,2184
3,43,27,2176,2176,2176,2176,2176
3,43,28,136,136,136,136,136
3,43,29,2184,2184,2184,2184,2184
3,43,30,2176,2176,2176,2176,2176
3,43,31,136,136,136,136,136
3,43,32,2184,2184,2184,2184,2184
3,43,33,2176,2176,2176,2176,2176
3,43,34,136,136,136,136,136
3,43,35,2184,2184,2184,2184,2184
3,43,36,2176,2176,2176,2176,2176
3,43,37,136,136,136,136,136
3,43,38,2184,2184,2184,2184,2184
3,43,39,2176,2176,2176,2176,2176
3,43,40,136,136,136,136,136
3,43,41,2184,2184,2184,2184,2184
3,43,42,2176,2176,2176,2176,2176
3,43,43,136,136,136,136,136
3,43,44,2184,2184,2184,2184,2184
3,43,45,2176,2176,2176,2176,2176
3,43,46,136,136,136,136,136
3,43,47,2184,2184,2184,2184,2184
3,43,48,2176,2176,2176,2176,2176
3,43,49,136,136,136,136,136
3,43,50,2184,2184,2184,2184,2184
3,43,51,2176,2176,2176,2176,2176
3,43,52,136,136,136,136,136
3,43,53,2184,2184,2184,2184,2184
3,43,54,2176,2176,2176,2176,2176
3,43,55,136,136,136,136,136
3,43,56,2184,2184,2184,2184,2184
3,43,57,2176,2176,2176,2176,2176
3,43,58,136,136,136,136,136
3,43,59,2184,2184,2184,2184,2184
3,43,60,2176,2176,2176,2176,2176
3,43,61,136,136,136,136,136
3,43,62,2184,2184,2184,2184,2184
3,43,63,2176,2176,2176,2176,2176
3,43,64,136,136,136,136,136
3,43,65,2184,2184,2184,2184,2184
3,43,66,2176,2176,2176,2176,2176
3,43,67,136,136,136,136,136
3,43,68,2184,2184,2184,2184,2184
3,43,69,2176,2176,2176,2176,2176
3,43,70,136,136,136,136,136
3,43,71,2184,2184,2184,2184,2184
3,43,72,2176,2176,2176,2176,2176
3,43,73,136,136,136,136,136
3,43,74,2184,2184,2184,2184,2184
3,43,75,2176,2176,2176,2176,2176
3,43,76,136,136,136,136,136
3,43,77,2184,2184,2184,2184,2184
3,43,78,2176,2176,2176,2176,2176
3,43,79,136,136,136,136,136
3,43,80,2184,2184,2184,2184,2184
3,44,0,2176,2176,2176,2176,2176
3,44,1,136,136,136,136,136
3,44,2,2184,2184,2184,2184,2184
3,44,3,2176,2176,2176,2176,2176
3,44,4,136,136,136,136,136
3,44,5,2184,2184,2184,2184,2184
3,44,6,2176,2176,2176,2176,2176
3,44,7,136,136,136,136,136
3,44,8,2184,2184,2184,2184,2184
3,44,9,2176,2176,2176,2176,2176
3,44,10,136,136,136,136,136
3,44,11,2184,2184,2184,2184,2184
3,44,12,2176,2176,2176,2176,2176
3,44,13,136,136,136,136,136
3,44,14,2184,2184,2184,2184,2184
3,44,15,2176,2176,2176,2176,2176
3,44,16,136,136,136,136,136
3,44,17,2184,2184,2184,2184,2184
3,44,18,2176,2176,2176,2176,2176
3,44,19,136,136,136,136,136
3,44,20,2184,2184,2184,2184,2184
3,44,21,2176,2176,2176,2176,2176
3,44,22,136,136,136,136,136
3,44,23,2184,2184,2184,2184,2184
3,44,24,2176,2176,2176,2176,2176
3,44,25,136,136,136,136,136
3,44,26,2184,2184,2184,2184,2184
3,44,27,2176,2176,2176,2176,2176
3,44,28,136,136,136,136,136
3,44,29,2184,2184,2184,2184,2184
3,44,30,2176,2176,2176,2176,2176
3,44,31,136,136,136,136,136
3,44,32,2184,2184,2184,2184,2184
3,44,33,2176,2176,2176,2176,2176
3,44,34,136,136,136,136,136
3,44,35,2184,2184,2184,2184,2184
3,44,36,2176,2176,2176,2176,2176
3,44,37,136,136,136,136,136
3,44,38,2184,2184,2184,2184,2184
3,44,39,2176,2176,2176,2176,2176
3,44,40,136,136,136,136,136
3,44,41,2184,2184,2184,2184,2184
3,44,42,2176,2176,2176,2176,2176
3,44,43,136,136,136,136,136
3,44,44,2184,2184,2184,2184,2184
3,44,45,2176,2176,2176,2176,2176
3,44,46,136,136,136,136,136
3,44,47,2184,2184,2184,2184,2184
3,44,48,2176,2176,2176,2176,2176
3,44,49,136,136,136,136,136
3,44,50,2184,2184,2184,2184,2184
3,44,51,2176,2176,2176,2176,2176
3,44,52,136,136,136,136,136
3,44,53,2184,2184,2184,2184,2184
3,44,54,2176,2176,2176,2176,2176
3,44,55,136,136,136,136,136
3,44,56,2184,2184,2184,2184,2184
3,44,57,2176,2176,2176,2176,2176
3,44,58,136,136,136,136,136
3,44,59,2184,2184,2184,2184,2184
3,44,60,2176,2176,2176,2176,2176
3,44,61,136,136,136,136,136
3,44,62,2184,2184,2184,2184,2184
3,44,63,2176,2176,2176,2176,2176
3,44,64,136,136,136,136,136
3,44,65,2184,2184,2184,2184,2184
3,44,66,2176,2176,2176,2176,2176
3,44,67,136,136,136,136,136
3,44,68,2184,2184,2184,2184,2184
3,44,69,2176,2176,2176,2176,2176
3,44,70,136,136,136,136,136
3,44,71,2184,2184,2184,2184,2184
3,44,72,2176,2176,2176,2176,2176
3,44,73,136,136,136,136,136
3,44,74,2184,2184,2184,2184,2184
3,44,75,2176,2176,2176,2176,2176
3,44,76,136,136,136,136,136
3,44,77,2184,2184,2184,2184,2184
3,44,78,2176,2176,2176,2176,2176
3,44,79,136,136,136,136,136
3,44,80,2184,2184,2184,2184,2184
3,45,0,2176,2176,2176,2176,2176
3,45,1,136,136,136,136,136
3,45,2,2184,2184,2184,2184,2184
3,45,3,2176,2176,2176,2176,2176
3,45,4,136,136,136,136,136
3,45,5,2184,2184,2184,2184,2184
3,45,6,2176,2176,2176,2176,2176
3,45,7,136,136,136,136,136
3,45,8,2184,2184,2184,2184,2184
3,45,9,2176,2176,2176,2176,2176
3,45,10,136,136,136,136,136
3,45,11,2184,2184,2184,2184,2184
3,45,12,2176,2176,2176,2176,2176
3,45,13,136,136,136,136,136
3,45,14,2184,2184,2184,2184,2184
3,45,15,2176,2176,2176,2176,2176
3,45,16,136,136,136,136,136
3,45,17,2184,2184,2184,2184,2184
3,45,18,2176,2176,2176,2176,2176
3,45,19,136,136,136,136,136
3,45,20,2184,2184,2184,2184,2184
3,45,21,2176,2176,2176,2176,2176
3,45,22,136,136,136,136,136
3,45,23,2184,2184,2184,2184,2184
3,45,24,2176,2176,2176,2176,2176
3,45,25,136,136,136,136,136
3,45,26,2184,2184,2184,2184,2184
3,45,27,2176,2176,2176,2176,2176
3,45,28,136,136,136,136,136
3,45,29,2184,2184,2184,2184,2184
3,45,30,2176,2176,2176,2176,2176
3,45,31,136,136,136,136,136
3,45,32,2184,2184,2184,2184,2184
3,45,33,2176,2176,2176,2176,2176
3,45,34,136,136,136,136,136
3,45,35,2184,2184,2184,2184,2184
3,45,36,2176,2176,2176,2176,2176
3,45,37,136,136,136,136,136
3,45,38,2184,2184,2184,2184,2184
3,45,39,2176,2176,2176,2176,2176
3,45,40,136,136,136,136,136
3,45,41,2184,2184,2184,2184,2184
3,45,42,2176,2176,2176,2176,2176
3,45,43,136,136,136,136,136
3,45,44,2184,2184,2184,2184,2184
3,45,45,2176,2176,2176,2176,2176
3,45,46,136,136,136,136,136
3,45,47,2184,2184,2184,2184,2184
3,45,48,2176,2176,2176,2176,2176
3,45,49,136,136,136,136,136
3,45,50,2184,2184,2184,2184,2184
3,45,51,2176,2176,2176,2176,2176
3,45,52,136,136,136,136,136
3,45,53,2184,2184,2184,2184,2184
3,45,54,2176,2176,2176,2176,2176
3,45,55,136,136,136,136,136
3,45,56,2184,2184,2184,2184,2184
3,45,57,2176,2176,2176,2176,2176
3,45,58,136,136,136,136,136
3,45,59,2184,2184,2184,2184,2184
3,45,60,2176,2176,2176,2176,2176
3,45,61,136,136,136,136,136
3,45,62,2184,2184,2184,2184,2184
3,45,63,2176,2176,2176,2176,2176
3,45,64,136,136,136,136,136
3,45,65,2184,2184,2184,2184,2184
3,45,66,2176,2176,2176,2176,2176
3,45,67,136,136,136,136,136
3,45,68,2184,2184,2184,2184,2184
3,45,69,2176,2176,2176,2176,2176
3,45,70,136,136,136,136,136
3,45,71,2184,2184,2184,2184,2184
3,45,72,2176,2176,2176,2176,2176
3,45,73,136,136,136,136,136
3,45,74,2184,2184,2184,2184,2184
3,45,75,2176,2176,2176,2176,2176
3,45,76,136,136,136,136,136
3,45,77,2184,2184,2184,2184,2184
3,45,78,2176,2176,2176,2176,2176
3,45,79,136,136,136,136,136
3,45,80,2184,2184,2184,2184,2184
3,46,0,2176,2176,2176,2176,2176
3,46,1,136,136,136,136,136
3,46,2,2184,2184,2184,2184,2184
3,46,3,2176,2176,2176,2176,2176
3,46,4,136,136,136,136,136
3,46,5,2184,2184,2184,2184,2184
3,46,6,2176,2176,2176,2176,2176
3,46,7,136,136,136,136,136
3,46,8,2184,2184,2184,2184,2184
3,46,9,2176,2176,2176,2176,2176
3,46,10,136,136,136,136,136
3,46,11,2184,2184,2184,2184,2184
3,46,12,2176,2176,2176,2176,2176
3,46,13,136,136,136,136,136
3,46,14,2184,2184,2184,2184,2184
3,46,15,2176,2176,2176,2176,2176
3,46,16,136,136,136,136,136
3,46,17,2184,2184,2184,2184,2184
3,46,18,2176,2176,2176,2176,2176
3,46,19,136,136,136,136,136
3,46,20,2184,2184,2184,2184,2184
3,46,21,2176,2176,2176,2176,2176
3,46,22,136,136,136,136,136
3,46,23,2184,2184,2184,2184,2184
3,46,24,2176,2176,2176,2176,2176
3,46,25,136,136,136,136,136
3,46,26,2184,2184,2184,2184,2184
3,46,27,2176,2176,2176,2176,2176
3,46,28,136,136,136,136,136
3,46,29,2184,2184,2184,2184,2184
3,46,30,2176,2176,2176,2176,2176
3,46,31,136,136,136,136,136
3,46,32,2184,2184,2184,2184,2184
3,46,33,2176,2176,2176,2176,2176
3,46,34,136,136,136,136,136
3,46,35,2184,2184,2184,2184,2184
3,46,36,2176,2176,2176,2176,2176
3,46,37,136,136,136,136,136
3,46,38,2184,2184,2184,2184,2184
3,46,39,2176,2176,2176,2176,2176
3,46,40,136,136,136,136,136
3,46,41,2184,2184,2184,2184,2184
3,46,42,2176,2176,2176,2176,2176
3,46,43,136,136,136,136,136
3,46,44,2184,2184,2184,2184,2184
3,46,45,2176,2176,2176,2176,2176
3,46,46,136,136,136,136,136
3,46,47,2184,2184,2184,2184,2184
3,46,48,2176,2176,2176,2176,2176
3,46,49,136,136,136,136,136
3,46,50,2184,2184,2184,2184,2184
3,46,51,2176,2176,2176,2176,2176
3,46,52,136,136,136,136,136
3,46,53,2184,2184,2184,2184,2184
3,46,54,2176,2176,2176,2176,2176
3,46,55,136,136,136,136,136
3,46,56,2184,2184,2184,2184,2184
3,46,57,2176,2176,2176,2176,2176
3,46,58,136,136,136,136,136
3,46,59,2184,2184,2184,2184,2184
3,46,60,2176,2176,2176,2176,2176
3,46,61,136,136,136,136,136
3,46,62,2184,2184,2184,2184,2184
3,46,63,2176,2176,2176,2176,2176
3,46,64,136,136,136,136,136
3,46,65,2184,2184,2184,2184,2184
3,46,66,2176,2176,2176,2176,2176
3,46,67,136,136,136,136,136
3,46,68,2184,2184,2184,2184,2184
3,46,69,2176,2176,2176,2176,2176
3,46,70,136,136,136,136,136
3,46,71,2184,2184,2184,2184,2184
3,46,72,2176,2176,2176,2176,2176
3,46,73,136,136,136,136,136
3,46,74,2184,2184,2184,2184,2184
3,46,75,2176,2176,2176,2176,2176
3,46,76,136,136,136,136,136
3,46,77,2184,2184,2184,2184,2184
3,46,78,2176,2176,2176,2176,2176
3,46,79,136,136,136,136,136
3,46,80,2184,2184,2184,2184,2184
3,47,0,2176,2176,2176,2176,2176
3,47,1,136,136,136,136,136
3,47,2,2184,2184,2184,2184,2184
3,47,3,2176,2176,2176,2176,2176
3,47,4,136,136,136,136,136
3,47,5,2184,2184,2184,2184,2184
3,47,6,2176,2176,2176,2176,2176
3,47,7,136,136,136,136,136
3,47,8,2184,2184,2184,2184,2184
3,47,9,2176,2176,2176,2176,2176
3,47,10,136,136,136,136,136
3,47,11,2184,2184,2184,2184,2184
3,47,12,2176,2176,2176,2176,2176
3,47,13,136,136,136,136,136
3,47,14,2184,2184,2184,2184,2184
3,47,15,2176,2176,2176,2176,2176
3,47,16,136,136,136,136,136
3,47,17,2184,2184,2184,2184,2184
3,47,18,2176,2176,2176,2176,2176
3,47,19,136,136,136,136,136
3,47,20,2184,2184,2184,2184,2184
3,47,21,2176,2176,2176,2176,2176
3,47,22,136,136,136,136,136
3,47,23,2184,2184,2184,2184,2184
3,47,24,2176,2176,2176,2176,2176
3,47,25,136,136,136,136,136
3,47,26,2184,2184,2184,2184,2184
3,47,27,2176,2176,2176,2176,2176
3,47,28,136,136,136,136,136
3,47,29,2184,2184,2184,2184,2184
3,47,30,2176,2176,2176,2176,2176
3,47,31,136,136,136,136,136
3,47,32,2184,2184,2184,2184,2184
3,47,33,2176,2176,2176,2176,2176
3,47,34,136,136,136,136,136
3,47,35,2184,2184,2184,2184,2184
3,47,36,2176,2176,2176,2176,2176
3,47,37,136,136,136,136,136
3,47,38,2184,2184,2184,2184,2184
3,47,39,2176,2176,2176,2176,2176
3,47,40,136,136,136,136,136
3,47,41,2184,2184,2184,2184,2184
3,47,42,2176,2176,2176,2176,2176
3,47,43,136,136,136,136,136
3,47,44,2184,2184,2184,2184,2184
3,47,45,2176,2176,2176,2176,2176
3,47,46,136,136,136,136,136
3,47,47,2184,2184,2184,2184,2184
3,47,48,2176,2176,2176,2176,2176
3,47,49,136,136,136,136,136
3,47,50,2184,2184,2184,2184,2184
3,47,51,2176,2176,2176,2176,2176
3,47,52,136,136,136,136,136
3,47,53,2184,2184,2184,2184,2184
3,47,54,2176,2176,2176,2176,2176
3,47,55,136,136,136,136,136
3,47,56,2184,2184,2184,2184,2184
3,47,57,2176,2176,2176,2176,2176
3,47,58,136,136,136,136,136
3,47,59,2184,2184,2184,2184,2184
3,47,60,2176,2176,2176,2176,2176
3,47,61,136,136,136,136,136
3,47,62,2184,2184,2184,2184,2184
3,47,63,2176,2176,2176,2176,2176
3,47,64,136,136,136,136,136
3,47,65,2184,2184,2184,2184,2184
3,47,66,2176,2176,2176,2176,2176
3,47,67,136,136,136,136,136
3,47,68,2184,2184,2184,2184,2184
3,47,69,2176,2176,2176,2176,2176
3,47,70,136,136,136,136,136
3,47,71,2184,2184,2184,2184,2184
3,47,72,2176,2176,2176,2176,2176
3,47,73,136,136,136,136,136
3,47,74,2184,2184,2184,2184,2184
3,47,75,2176,2176,2176,2176,2176
3,47,76,136,136,136,136,136
3,47,77,2184,2184,2184,2184,2184
3,47,78,2176,2176,2176,2176,2176
3,47,79,136,136,136,136,136
3,47,80,2184,2184,2184,2184,2184
3,48,0,128,128,128,128,128
3,48,1,128,128,128,128,128
3,48,2,128,128,128,128,128
3,48,3,128,128,128,128,128
3,48,4,128,128,128,128,128
3,48,5,128,128,128,128,128
3,48,6,128,128,128,128,128
3,48,7,128,128,128,128,128
3,48,8,128,128,128,128,128
3,48,9,128,128,128,128,128
3,48,10,128,128,128,128,128
3,48,11,128,128,128,128,128
3,48,12,128,128,128,128,128
3,48,13,128,128,128,128,128
3,48,14,128,128,128,128,128
3,48,15,128,128,128,128,128
3,48,16,128,128,128,128,128
3,48,17,128,128,128,128,128
3,48,18,128,128,128,128,128
3,48,19,128,128,128,128,128
3,48,20,128,128,128,128,128
3,48,21,128,128,128,128,128
3,48,22,128,128,128,128,128
3,48,23,128,128,128,128,128
3,48,24,128,128,128,128,128
3,48,25,128,128,128,128,128
3,48,26,128,128,128,128,128
3,48,27,128,128,128,128,128
3,48,28,128,128,128,128,128
3,48,29,128,128,128,128,128
3,48,30,128,128,128,128,128
3,48,31,128,128,128,128,128
3,48,32,128,128,128,128,128
3,48,33,128,128,128,128,128
3,48,34,128,128,128,128,128
3,48,35,128,128,128,128,128
3,48,36,128,128,128,128,128
3,48,37,128,128,128,128,128
3,48,38,128,128,128,128,128
3,48,39,128,128,128,128,128
3,48,40,128,128,128,128,128
3,48,41,128,128,128,128,128
3,48,42,128,128,128,128,128
3,48,43,128,128,128,128,128
3,48,44,128,128,128,128,128
3,48,45,128,128,128,128,128
3,48,46,128,128,128,128,128
3,48,47,128,128,128,128,128
3,48,48,128,128,128,128,128
3,48,49,128,128,128,128,128
3,48,50,128,128,128,128,128
3,48,51,128,128,128,128,128
3,48,52,128,128,128,128,128
3,48,53,128,128,128,128,128
3,48,54,128,128,128,128,128
3,48,55,128,128,128,128,128
3,48,56,128,128,128,128,128
3,48,57,128,128,128,128,128
3,48,58,128,128,128,128,128
3,48,59,128,128,128,128,128
3,48,60,128,128,128,128,128
3,48,61,128,128,128,128,128
3,48,62,128,128,128,128,128
3,48,63,128,128,128,128,128
3,48,64,128,128,128,128,128
3,48,65,128,128,128,128,128
3,48,66,128,128,128,128,128
3,48,67,128,128,128,128,128
3,48,68,128,128,128,128,128
3,48,69,128,128,128,128,128
3,48,70,128,128,128,128,128
3,48,71,128,128,128,128,128
3,48,72,128,128,128,128,128
3,48,73,128,128,128,128,128
3,48,74,128,128,128,128,128
3,48,75,128,128,128,128,128
3,48,76,128,128,128,128,128
3,48,77,128,128,128,128,128
3,48,78,128,128,128,128,128
3,48,79,128,128,128,128,128
3,48,80,128,128,128,128,128
3,49,0,2176,2176,2176,2176,2176
3,49,1,136,136,136,136,136
3,49,2,2184,2184,2184,2184,2184
3,49,3,2176,2176,2176,2176,2176
3,49,4,136,136,136,136,136
3,49,5,2184,2184,2184,2184,2184
3,49,6,2176,2176,2176,2176,2176
3,49,7,136,136,136,136,136
3,49,8,2184,2184,2184,2184,2184
3,49,9,2176,2176,2176,2176,2176
3,49,10,136,136,136,136,136
3,49,11,2184,2184,2184,2184,2184
3,49,12,2176,2176,2176,2176,2176
3,49,13,136,136,136,136,136
3,49,14,2184,2184,2184,2184,2184
3,49,15,2176,2176,2176,2176,2176
3,49,16,136,136,136,136,136
3,49,17,2184,2184,2184,2184,2184
3,49,18,2176,2176,2176,2176,2176
3,49,19,136,136,136,136,136
3,49,20,2184,2184,2184,2184,2184
3,49,21,2176,2176,2176,2176,2176
3,49,22,136,136,136,136,136
3,49,23,2184,2184,2184,2184,2184
3,49,24,2176,2176,2176,2176,2176
3,49,25,136,136,136,136,136
3,49,26,2184,2184,2184,2184,2184
3,49,27,2176,2176,2176,2176,2176
3,49,28,136,136,136,136,136
3,49,29,2184,2184,2184,2184,2184
3,49,30,2176,2176,2176,2176,2176
3,49,31,136,136,136,136,136
3,49,32,2184,2184,2184,2184,2184
3,49,33,2176,2176,2176,2176,2176
3,49,34,136,136,136,136,136
3,49,35,2184,2184,2184,2184,2184
3,49,36,2176,2176,2176,2176,2176
3,49,37,136,136,136,136,136
3,49,38,2184,2184,2184,2184,2184
3,49,39,2176,2176,2176,2176,2176
3,49,40,136,136,136,136,136
3,49,41,2184,2184,2184,2184,2184
3,49,42,2176,2176,2176,2176,2176
3,49,43,136,136,136,136,136
3,49,44,2184,2184,2184,2184,2184
3,49,45,2176,2176,2176,2176,2176
3,49,46,136,136,136,136,136
3,49,47,2184,2184,2184,2184,2184
3,49,48,2176,2176,2176,2176,2176
3,49,49,136,136,136,136,136
3,49,50,2184,2184,2184,2184,2184
3,49,51,2176,2176,2176,2176,2176
3,49,52,136,136,136,136,136
3,49,53,2184,2184,2184,2184,2184
3,49,54,2176,2176,2176,2176,2176
3,49,55,136,136,136,136,136
3,49,56,2184,2184,2184,2184,2184
3,49,57,2176,2176,2176,2176,2176
3,49,58,136,136,136,136,136
3,49,59,2184,2184,2184,2184,2184
3,49,60,2176,2176,2176,2176,2176
3,49,61,136,136,136,136,136
3,49,62,2184,2184,2184,2184,2184
3,49,63,2176,2176,2176,2176,2176
3,49,64,136,136,136,136,136
3,49,65,2184,2184,2184,2184,2184
3,49,66,2176,2176,2176,2176,2176
3,49,67,136,136,136,136,136
3,49,68,2184,2184,2184,2184,2184
3,49,69,2176,2176,2176,2176,2176
3,49,70,136,136,136,136,136
3,49,71,2184,2184,2184,2184,2184
3,49,72,2176,2176,2176,2176,2176
3,49,73,136,136,136,136,136
3,49,74,2184,2184,2184,2184,2184
3,49,75,2176,2176,2176,2176,2176
3,49,76,136,136,136,136,136
3,49,77,2184,2184,2184,2184,2184
3,49,78,2176,2176,2176,2176,2176
3,49,79,136,136,136,136,136
3,49,80,2184,2184,2184,2184,2184
3,50,0,2176,2176,2176,2176,2176
3,50,1,136,136,136,136,136
3,50,2,2184,2184,2184,2184,2184
3,50,3,2176,2176,2176,2176,2176
3,50,4,136,136,136,136,136
3,50,5,2184,2184,2184,2184,2184
3,50,6,2176,2176,2176,2176,2176
3,50,7,136,136,136,136,136
3,50,8,2184,2184,2184,2184,2184
3,50,9,2176,2176,2176,2176,2176
3,50,10,136,136,136,136,136
3,50,11,2184,2184,2184,2184,2184
3,50,12,2176,2176,2176,2176,2176
3,50,13,136,136,136,136,136
3,50,14,2184,2184,2184,2184,2184
3,50,15,2176,2176,2176,2176,2176
3,50,16,136,136,136,136,136
3,50,17,2184,2184,2184,2184,2184
3,50,18,2176,2176,2176,2176,2176
3,50,19,136,136,136,136,136
3,50,20,2184,2184,2184,2184,2184
3,50,21,2176,2176,2176,2176,2176
3,50,22,136,136,136,136,136
3,50,23,2184,2184,2184,2184,2184
3,50,24,2176,2176,2176,2176,2176
3,50,25,136,136,136,136,136
3,50,26,2184,2184,2184,2184,2184
3,50,27,2176,2176,2176,2176,2176
3,50,28,136,136,136,136,136
3,50,29,2184,2184,2184,2184,2184
3,50,30,2176,2176,2176,2176,2176
3,50,31,136,136,136,136,136
3,50,32,2184,2184,2184,2184,2184
3,50,33,2176,2176,2176,2176,2176
3,50,34,136,136,136,136,136
3,50,35,2184,2184,2184,2184,2184
3,50,36,2176,2176,2176,2176,2176
3,50,37,136,136,136,136,136
3,50,38,2184,2184,2184,2184,2184
3,50,39,2176,2176,2176,2176,2176
3,50,40,136,136,136,136,136
3,50,41,2184,2184,2184,2184,2184
3,50,42,2176,2176,2176,2176,2176
3,50,43,136,136,136,136,136
3,50,44,2184,2184,2184,2184,2184
3,50,45,2176,2176,2176,2176,2176
3,50,46,136,136,136,136,136
3,50,47,2184,2184,2184,2184,2184
3,50,48,2176,2176,2176,2176,2176
3,50,49,136,136,136,136,136
3,50,50,2184,2184,2184,2184,2184
3,50,51,2176,2176,2176,2176,2176
3,50,52,136,136,136,136,136
3,50,53,2184,2184,2184,2184,2184
3,50,54,2176,2176,2176,2176,2176
3,50,55,136,136,136,136,136
3,50,56,2184,2184,2184,2184,2184
3,50,57,2176,2176,2176,2176,2176
3,50,58,136,136,136,136,136
3,50,59,2184,2184,2184,2184,2184
3,50,60,2176,2176,2176,2176,2176
3,50,61,136,136,136,136,136
3,50,62,2184,2184,2184,2184,2184
3,50,63,2176,2176,2176,2176,2176
3,50,64,136,136,136,136,136
3,50,65,2184,2184,2184,2184,2184
3,50,66,2176,2176,2176,2176,2176
3,50,67,136,136,136,136,136
3,50,68,2184,2184,2184,2184,2184
3,50,69,2176,2176,2176,2176,2176
3,50,70,136,136,136,136,136
3,50,71,2184,2184,2184,2184,2184
3,50,72,2176,2176,2176,2176,2176
3,50,73,136,136,136,136,136
3,50,74,2184,2184,2184,2184,2184
3,50,75,2176,2176,2176,2176,2176
3,50,76,136,136,136,136,136
3,50,77,2184,2184,2184,2184,2184
3,50,78,2176,2176,2176,2176,2176
3,50,79,136,136,136,136,136
3,50,80,2184,2184,2184,2184,2184
3,51,0,2176,2176,2176,2176,2176
3,51,1,136,136,136,136,136
3,51,2,2184,2184,2184,2184,2184
3,51,3,2176,2176,2176,2176,2176
3,51,4,136,136,136,136,136
3,51,5,2184,2184,2184,2184,2184
3,51,6,2176,2176,2176,2176,2176
3,51,7,136,136,136,136,136
3,51,8,2184,2184,2184,2184,2184
3,51,9,2176,2176,2176,2176,2176
3,51,10,136,136,136,136,136
3,51,11,2184,2184,2184,2184,2184
3,51,12,2176,2176,2176,2176,2176
3,51,13,136,136,136,136,136
3,51,14,2184,2184,2184,2184,2184
3,51,15,2176,2176,2176,2176,2176
3,51,16,136,136,136,136,136
3,51,17,2184,2184,2184,2184,2184
3,51,18,2176,2176,2176,2176,2176
3,51,19,136,136,136,136,136
3,51,20,2184,2184,2184,2184,2184
3,51,21,2176,2176,2176,2176,2176
3,51,22,136,136,136,136,136
3,51,23,2184,2184,2184,2184,2184
3,51,24,2176,2176,2176,2176,2176
3,51,25,136,136,136,136,136
3,51,26,2184,2184,2184,2184,2184
3,51,27,2176,2176,2176,2176,2176
3,51,28,136,136,136,136,136
3,51,29,2184,2184,2184,2184,2184
3,51,30,2176,2176,2176,2176,2176
3,51,31,136,136,136,136,136
3,51,32,2184,2184,2184,2184,2184
3,51,33,2176,2176,2176,2176,2176
3,51,34,136,136,136,136,136
3,51,35,2184,2184,2184,2184,2184
3,51,36,2176,2176,2176,2176,2176
3,51,37,136,136,136,136,136
3,51,38,2184,2184,2184,2184,2184
3,51,39,2176,2176,2176,2176,2176
3,51,40,136,136,136,136,136
3,51,41,2184,2184,2184,2184,2184
3,51,42,2176,2176,2176,2176,2176
3,51,43,136,136,136,136,136
3,51,44,2184,2184,2184,2184,2184
3,51,45,2176,2176,2176,2176,2176
3,51,46,136,136,136,136,136
3,51,47,2184,2184,2184,2184,2184
3,51,48,2176,2176,2176,2176,2176
3,51,49,136,136,136,136,136
3,51,50,2184,2184,2184,2184,2184
3,51,51,2176,2176,2176,2176,2176
3,51,52,136,136,136,136,136
3,51,53,2184,2184,2184,2184,2184
3,51,54,2176,2176,2176,2176,2176
3,51,55,136,136,136,136,136
3,51,56,2184,2184,2184,2184,2184
3,51,57,2176,2176,2176,2176,2176
3,51,58,136,136,136,136,136
3,51,59,2184,2184,2184,2184,2184
3,51,60,2176,2176,2176,2176,2176
3,51,61,136,136,136,136,136
3,51,62,2184,2184,2184,2184,2184
3,51,63,2176,2176,2176,2176,2176
3,51,64,136,136,136,136,136
3,51,65,2184,2184,2184,2184,2184
3,51,66,2176,2176,2176,2176,2176
3,51,67,136,136,136,136,136
3,51,68,2184,2184,2184,2184,2184
3,51,69,2176,2176,2176,2176,2176
3,51,70,136,136,136,136,136
3,51,71,2184,2184,2184,2184,2184
3,51,72,2176,2176,2176,2176,2176
3,51,73,136,136,136,136,136
3,51,74,2184,2184,2184,2184,2184
3,51,75,2176,2176,2176,2176,2176
3,51,76,136,136,136,136,136
3,51,77,2184,2184,2184,2184,2184
3,51,78,2176,2176,2176,2176,2176
3,51,79,136,136,136,136,136
3,51,80,2184,2184,2184,2184,2184
3,52,0,2176,2176,2176,2176,2176
3,52,1,136,136,136,136,136
3,52,2,2184,2184,2184,2184,2184
3,52,3,2176,2176,2176,2176,2176
3,52,4,136,136,136,136,136
3,52,5,2184,2184,2184,2184,2184
3,52,6,2176,2176,2176,2176,2176
3,52,7,136,136,136,136,136
3,52,8,2184,2184,2184,2184,2184
3,52,9,2176,2176,2176,2176,2176
3,52,10,136,136,136,136,136
3,52,11,2184,2184,2184,2184,2184
3,52,12,2176,2176,2176,2176,2176
3,52,13,136,136,136,136,136
3,52,14,2184,2184,2184,2184,2184
3,52,15,2176,2176,2176,2176,2176
3,52,16,136,136,136,136,136
3,52,17,2184,2184,2184,2184,2184
3,52,18,2176,2176,2176,2176,2176
3,52,19,136,136,136,136,136
3,52,20,2184,2184,2184,2184,2184
3,52,21,2176,2176,2176,2176,2176
3,52,22,136,136,136,136,136
3,52,23,2184,2184,2184,2184,2184
3,52,24,2176,2176,2176,2176,2176
3,52,25,136,136,136,136,136
3,52,26,2184,2184,2184,2184,2184
3,52,27,2176,2176,2176,2176,2176
3,52,28,136,136,136,136,136
3,52,29,2184,2184,2184,2184,2184
3,52,30,2176,2176,2176,2176,2176
3,52,31,136,136,136,136,136
3,52,32,2184,2184,2184,2184,2184
3,52,33,2176,2176,2176,2176,2176
3,52,34,136,136,136,136,136
3,52,35,2184,2184,2184,2184,2184
3,52,36,2176,2176,2176,2176,2176
3,52,37,136,136,136,136,136
3,52,38,2184,2184,2184,2184,2184
3,52,39,2176,2176,2176,2176,2176
3,52,40,136,136,136,136,136
3,52,41,2184,2184,2184,2184,2184
3,52,42,2176,2176,2176,2176,2176
3,52,43,136,136,136,136,136
3,52,44,2184,2184,2184,2184,2184
3,52,45,2176,2176,2176,2176,2176
3,52,46,136,136,136,136,136
3,52,47,2184,2184,2184,2184,2184
3,52,48,2176,2176,2176,2176,2176
3,52,49,136,136,136,136,136
3,52,50,2184,2184,2184,2184,2184
3,52,51,2176,2176,2176,2176,2176
3,52,52,136,136,136,136,136
3,52,53,2184,2184,2184,2184,2184
3,52,54,2176,2176,2176,2176,2176
3,52,55,136,136,136,136,136
3,52,56,2184,2184,2184,2184,2184
3,52,57,2176,2176,2176,2176,2176
3,52,58,136,136,136,136,136
3,52,59,2184,2184,2184,2184,2184
3,52,60,2176,2176,2176,2176,2176
3,52,61,136,136,136,136,136
3,52,62,2184,2184,2184,2184,2184
3,52,63,2176,2176,2176,2176,2176
3,52,64,136,136,136,136,136
3,52,65,2184,2184,2184,2184,2184
3,52,66,2176,2176,2176,2176,2176
3,52,67,136,136,136,136,136
3,52,68,2184,2184,2184,2184,2184
3,52,69,2176,2176,2176,2176,2176
3,52,70,136,136,136,136,136
3,52,71,2184,2184,2184,2184,2184
3,52,72,2176,2176,2176,2176,2176
3,52,73,136,136,136,136,136
3,52,74,2184,2184,2184,2184,2184
3,52,75,2176,2176,2176,2176,2176
3,52,76,136,136,136,136,136
3,52,77,2184,2184,2184,2184,2184
3,52,78,2176,2176,2176,2176,2176
3,52,79,136,136,136,136,136
3,52,80,2184,2184,2184,2184,2184
3,53,0,2176,2176,2176,2176,2176
3,53,1,136,136,136,136,136
3,53,2,2184,2184,2184,2184,2184
3,53,3,2176,2176,2176,2176,2176
3,53,4,136,136,136,136,136
3,53,5,2184,2184,2184,2184,2184
3,53,6,2176,2176,2176,2176,2176
3,53,7,136,136,136,136,136
3,53,8,2184,2184,2184,2184,2184
3,53,9,2176,2176,2176,2176,2176
3,53,10,136,136,136,136,136
3,53,11,2184,2184,2184,2184,2184
3,53,12,2176,2176,2176,2176,2176
3,53,13,136,136,136,136,136
3,53,14,2184,2184,2184,2184,2184
3,53,15,2176,2176,2176,2176,2176
3,53,16,136,136,136,136,136
3,53,17,2184,2184,2184,2184,2184
3,53,18,2176,2176,2176,2176,2176
3,53,19,136,136,136,136,136
3,53,20,2184,2184,2184,2184,2184
3,53,21,2176,2176,2176,2176,2176
3,53,22,136,136,136,136,136
3,53,23,2184,2184,2184,2184,2184
3,53,24,2176,2176,2176,2176,2176
3,53,25,136,136,136,136,136
3,53,26,2184,2184,2184,2184,2184
3,53,27,2176,2176,2176,2176,2176
3,53,28,136,136,136,136,136
3,53,29,2184,2184,2184,2184,2184
3,53,30,2176,2176,2176,2176,2176
3,53,31,136,136,136,136,136
3,53,32,2184,2184,2184,2184,2184
3,53,33,2176,2176,2176,2176,2176
3,53,34,136,136,136,136,136
3,53,35,2184,2184,2184,2184,2184
3,53,36,2176,2176,2176,2176,2176
3,53,37,136,136,136,136,136
3,53,38,2184,2184,2184,2184,2184
3,53,39,2176,2176,2176,2176,2176
3,53,40,136,136,136,136,136
3,53,41,2184,2184,2184,2184,2184
3,53,42,2176,2176,2176,2176,2176
3,53,43,136,136,136,136,136
3,53,44,2184,2184,2184,2184,2184
3,53,45,2176,2176,2176,2176,2176
3,53,46,136,136,136,136,136
3,53,47,2184,2184,2184,2184,2184
3,53,48,2176,2176,2176,2176,2176
3,53,49,136,136,136,136,136
3,53,50,2184,2184,2184,2184,2184
3,53,51,2176,2176,2176,2176,2176
3,53,52,136,136,136,136,136
3,53,53,2184,2184,2184,2184,2184
3,53,54,2176,2176,2176,2176,2176
3,53,55,136,136,136,136,136
3,53,56,2184,2184,2184,2184,2184
3,53,57,2176,2176,2176,2176,2176
3,53,58,136,136,136,136,136
3,53,59,2184,2184,2184,2184,2184
3,53,60,2176,2176,2176,2176,2176
3,53,61,136,136,136,136,136
3,53,62,2184,2184,2184,2184,2184
3,53,63,2176,2176,2176,2176,2176
3,53,64,136,136,136,136,136
3,53,65,2184,2184,2184,2184,2184
3,53,66,2176,2176,2176,2176,2176
3,53,67,136,136,136,136,136
3,53,68,2184,2184,2184,2184,2184
3,53,69,2176,2176,2176,2176,2176
3,53,70,136,136,136,136,136
3,53,71,2184,2184,2184,2184,2184
3,53,72,2176,2176,2176,2176,2176
3,53,73,136,136,136,136,136
3,53,74,2184,2184,2184,2184,2184
3,53,75,2176,2176,2176,2176,2176
3,53,76,136,136,136,136,136
3,53,77,2184,2184,2184,2184,2184
3,53,78,2176,2176,2176,2176,2176
3,53,79,136,136,136,136,136
3,53,80,2184,2184,2184,2184,2184
3,54,0,2176,2176,2176,2176,2176
3,54,1,136,136,136,136,136
3,54,2,2184,2184,2184,2184,2184
3,54,3,2176,2176,2176,2176,2176
3,54,4,136,136,136,136,136
3,54,5,2184,2184,2184,2184,2184
3,54,6,2176,2176,2176,2176,2176
3,54,7,136,136,136,136,136
3,54,8,2184,2184,2184,2184,2184
3,54,9,2176,2176,2176,2176,2176
3,54,10,136,136,136,136,136
3,54,11,2184,2184,2184,2184,2184
3,54,12,2176,2176,2176,2176,2176
3,54,13,136,136,136,136,136
3,54,14,2184,2184,2184,2184,2184
3,54,15,2176,2176,2176,2176,2176
3,54,16,136,136,136,136,136
3,54,17,2184,2184,2184,2184,2184
3,54,18,2176,2176,2176,2176,2176
3,54,19,136,136,136,136,136
3,54,20,2184,2184,2184,2184,2184
3,54,21,2176,2176,2176,2176,2176
3,54,22,136,136,136,136,136
3,54,23,2184,2184,2184,2184,2184
3,54,24,2176,2176,2176,2176,2176
3,54,25,136,136,136,136,136
3,54,26,2184,2184,2184,2184,2184
3,54,27,2176,2176,2176,2176,2176
3,54,28,136,136,136,136,136
3,54,29,2184,2184,2184,2184,2184
3,54,30,2176,2176,2176,2176,2176
3,54,31,136,136,136,136,136
3,54,32,2184,2184,2184,2184,2184
3,54,33,2176,2176,2176,2176,2176
3,54,34,136,136,136,136,136
3,54,35,2184,2184,2184,2184,2184
3,54,36,2176,2176,2176,2176,2176
3,54,37,136,136,136,136,136
3,54,38,2184,2184,2184,2184,2184
3,54,39,2176,2176,2176,2176,2176
3,54,40,136,136,136,136,136
3,54,41,2184,2184,2184,2184,2184
3,54,42,2176,2176,2176,2176,2176
3,54,43,136,136,136,136,136
3,54,44,2184,2184,2184,2184,2184
3,54,45,2176,2176,2176,2176,2176
3,54,46,136,136,136,136,136
3,54,47,2184,2184,2184,2184,2184
3,54,48,2176,2176,2176,2176,2176
3,54,49,136,136,136,136,136
3,54,50,2184,2184,2184,2184,2184
3,54,51,2176,2176,2176,2176,2176
3,54,52,136,136,136,136,136
3,54,53,2184,2184,2184,2184,2184
3,54,54,2176,2176,2176,2176,2176
3,54,55,136,136,136,136,136
3,54,56,2184,2184,2184,2184,2184
3,54,57,2176,2176,2176,2176,2176
3,54,58,136,136,136,136,136
3,54,59,2184,2184,2184,2184,2184
3,54,60,2176,2176,2176,2176,2176
3,54,61,136,136,136,136,136
3,54,62,2184,2184,2184,2184,2184
3,54,63,2176,2176,2176,2176,2176
3,54,64,136,136,136,136,136
3,54,65,2184,2184,2184,2184,2184
3,54,66,2176,2176,2176,2176,2176
3,54,67,136,136,136,136,136
3,54,68,2184,2184,2184,2184,2184
3,54,69,2176,2176,2176,2176,2176
3,54,70,136,136,136,136,136
3,54,71,2184,2184,2184,2184,2184
3,54,72,2176,2176,2176,2176,2176
3,54,73,136,136,136,136,136
3,54,74,2184,2184,2184,2184,2184
3,54,75,2176,2176,2176,2176,2176
3,54,76,136,136,136,136,136
3,54,77,2184,2184,2184,2184,2184
3,54,78,2176,2176,2176,2176,2176
3,54,79,136,136,136,136,136
3,54,80,2184,2184,2184,2184,2184
3,55,0,2176,2176,2176,2176,2176
3,55,1,136,136,136,136,136
3,55,2,2184,2184,2184,2184,2184
3,55,3,2176,2176,2176,2176,2176
3,55,4,136,136,136,136,136
3,55,5,2184,2184,2184,2184,2184
3,55,6,2176,2176,2176,2176,2176
3,55,7,136,136,136,136,136
3,55,8,2184,2184,2184,2184,2184
3,55,9,2176,2176,2176,2176,2176
3,55,10,136,136,136,136,136
3,55,11,2184,2184,2184,2184,2184
3,55,12,2176,2176,2176,2176,2176
3,55,13,136,136,136,136,136
3,55,14,2184,2184,2184,2184,2184
3,55,15,2176,2176,2176,2176,2176
3,55,16,136,136,136,136,136
3,55,17,2184,2184,2184,2184,2184
3,55,18,2176,2176,2176,2176,2176
3,55,19,136,136,136,136,136
3,55,20,2184,2184,2184,2184,2184
3,55,21,2176,2176,2176,2176,2176
3,55,22,136,136,136,136,136
3,55,23,2184,2184,2184,2184,2184
3,55,24,2176,2176,2176,2176,2176
3,55,25,136,136,136,136,136
3,55,26,2184,2184,2184,2184,2184
3,55,27,2176,2176,2176,2176,2176
3,55,28,136,136,136,136,136
3,55,29,2184,2184,2184,2184,2184
3,55,30,2176,2176,2176,2176,2176
3,55,31,136,136,136,136,136
3,55,32,2184,2184,2184,2184,2184
3,55,33,2176,2176,2176,2176,2176
3,55,34,136,136,136,136,136
3,55,35,2184,2184,2184,2184,2184
3,55,36,2176,2176,2176,2176,2176
3,55,37,136,136,136,136,136
3,55,38,2184,2184,2184,2184,2184
3,55,39,2176,2176,2176,2176,2176
3,55,40,136,136,136,136,136
3,55,41,2184,2184,2184,2184,2184
3,55,42,2176,2176,2176,2176,2176
3,55,43,136,136,136,136,136
3,55,44,2184,2184,2184,2184,2184
3,55,45,2176,2176,2176,2176,2176
3,55,46,136,136,136,136,136
3,55,47,2184,2184,2184,2184,2184
3,55,48,2176,2176,2176,2176,2176
3,55,49,136,136,136,136,136
3,55,50,2184,2184,2184,2184,2184
3,55,51,2176,2176,2176,2176,2176
3,55,52,136,136,136,136,136
3,55,53,2184,2184,2184,2184,2184
3,55,54,2176,2176,2176,2176,2176
3,55,55,136,136,136,136,136
3,55,56,2184,2184,2184,2184,2184
3,55,57,2176,2176,2176,2176,2176
3,55,58,136,136,136,136,136
3,55,59,2184,2184,2184,2184,2184
3,55,60,2176,2176,2176,2176,2176
3,55,61,136,136,136,136,136
3,55,62,2184,2184,2184,2184,2184
3,55,63,2176,2176,2176,2176,2176
3,55,64,136,136,136,136,136
3,55,65,2184,2184,2184,2184,2184
3,55,66,2176,2176,2176,2176,2176
3,55,67,136,136,136,136,136
3,55,68,2184,2184,2184,2184,2184
3,55,69,2176,2176,2176,2176,2176
3,55,70,136,136,136,136,136
3,55,71,2184,2184,2184,2184,2184
3,55,72,2176,2176,2176,2176,2176
3,55,73,136,136,136,136,136
3,55,74,2184,2184,2184,2184,2184
3,55,75,2176,2176,2176,2176,2176
3,55,76,136,136,136,136,136
3,55,77,2184,2184,2184,2184,2184
3,55,78,2176,2176,2176,2176,2176
3,55,79,136,136,136,136,136
3,55,80,2184,2184,2184,2184,2184
3,56,0,2176,2176,2176,2176,2176
3,56,1,136,136,136,136,136
3,56,2,2184,2184,2184,2184,2184
3,56,3,2176,2176,2176,2176,2176
3,56,4,136,136,136,136,136
3,56,5,2184,2184,2184,2184,2184
3,56,6,2176,2176,2176,2176,2176
3,56,7,136,136,136,136,136
3,56,8,2184,2184,2184,2184,2184
3,56,9,2176,2176,2176,2176,2176
3,56,10,136,136,136,136,136
3,56,11,2184,2184,2184,2184,2184
3,56,12,2176,2176,2176,2176,2176
3,56,13,136,136,136,136,136
3,56,14,2184,2184,2184,2184,2184
3,56,15,2176,2176,2176,2176,2176
3,56,16,136,136,136,136,136
3,56,17,2184,2184,2184,2184,2184
3,56,18,2176,2176,2176,2176,2176
3,56,19,136,136,136,136,136
3,56,20,2184,2184,2184,2184,2184
3,56,21,2176,2176,2176,2176,2176
3,56,22,136,136,136,136,136
3,56,23,2184,2184,2184,2184,2184
3,56,24,2176,2176,2176,2176,2176
3,56,25,136,136,136,136,136
3,56,26,2184,2184,2184,2184,2184
3,56,27,2176,2176,2176,2176,2176
3,56,28,136,136,136,136,136
3,56,29,2184,2184,2184,2184,2184
3,56,30,2176,2176,2176,2176,2176
3,56,31,136,136,136,136,136
3,56,32,2184,2184,2184,2184,2184
3,56,33,2176,2176,2176,2176,2176
3,56,34,136,136,136,136,136
3,56,35,2184,2184,2184,2184,2184
3,56,36,2176,2176,2176,2176,2176
3,56,37,136,136,136,136,136
3,56,38,2184,2184,2184,2184,2184
3,56,39,2176,2176,2176,2176,2176
3,56,40,136,136,136,136,136
3,56,41,2184,2184,2184,2184,2184
3,56,42,2176,2176,2176,2176,2176
3,56,43,136,136,136,136,136
3,56,44,2184,2184,2184,2184,2184
3,56,45,2176,2176,2176,2176,2176
3,56,46,136,136,136,136,136
3,56,47,2184,2184,2184,2184,2184
3,56,48,2176,2176,2176,2176,2176
3,56,49,136,136,136,136,136
3,56,50,2184,2184,2184,2184,2184
3,56,51,2176,2176,2176,2176,2176
3,56,52,136,136,136,136,136
3,56,53,2184,2184,2184,2184,2184
3,56,54,2176,2176,2176,2176,2176
3,56,55,136,136,136,136,136
3,56,56,2184,2184,2184,2184,2184
3,56,57,2176,2176,2176,2176,2176
3,56,58,136,136,136,136,136
3,56,59,2184,2184,2184,2184,2184
3,56,60,2176,2176,2176,2176,2176
3,56,61,136,136,136,136,136
3,56,62,2184,2184,2184,2184,2184
3,56,63,2176,2176,2176,2176,2176
3,56,64,136,136,136,136,136
3,56,65,2184,2184,2184,2184,2184
3,56,66,2176,2176,2176,2176,2176
3,56,67,136,136,136,136,136
3,56,68,2184,2184,2184,2184,2184
3,56,69,2176,2176,2176,2176,2176
3,56,70,136,136,136,136,136
3,56,71,2184,2184,2184,2184,2184
3,56,72,2176,2176,2176,2176,2176
3,56,73,136,136,136,136,136
3,56,74,2184,2184,2184,2184,2184
3,56,75,2176,2176,2176,2176,2176
3,56,76,136,136,136,136,136
3,56,77,2184,2184,2184,2184,2184
3,56,78,2176,2176,2176,2176,2176
3,56,79,136,136,136,136,136
3,56,80,2184,2184,2184,2184,2184
3,57,0,2176,2176,2176,2176,2176
3,57,1,136,136,136,136,136
3,57,2,2184,2184,2184,2184,2184
3,57,3,2176,2176,2176,2176,2176
3,57,4,136,136,136,136,136
3,57,5,2184,2184,2184,2184,2184
3,57,6,2176,2176,2176,2176,2176
3,57,7,136,136,136,136,136
3,57,8,2184,2184,2184,2184,2184
3,57,9,2176,2176,2176,2176,2176
3,57,10,136,136,136,136,136
3,57,11,2184,2184,2184,2184,2184
3,57,12,2176,2176,2176,2176,2176
3,57,13,136,136,136,136,136
3,57,14,2184,2184,2184,2184,2184
3,57,15,2176,2176,2176,2176,2176
3,57,16,136,136,136,136,136
3,57,17,2184,2184,2184,2184,2184
3,57,18,2176,2176,2176,2176,2176
3,57,19,136,136,136,136,136
3,57,20,2184,2184,2184,2184,2184
3,57,21,2176,2176,2176,2176,2176
3,57,22,136,136,136,136,136
3,57,23,2184,2184,2184,2184,2184
3,57,24,2176,2176,2176,2176,2176
3,57,25,136,136,136,136,136
3,57,26,2184,2184,2184,2184,2184
3,57,27,2176,2176,2176,2176,2176
3,57,28,136,136,136,136,136
3,57,29,2184,2184,2184,2184,2184
3,57,30,2176,2176,2176,2176,2176
3,57,31,136,136,136,136,136
3,57,32,2184,2184,2184,2184,2184
3,57,33,2176,2176,2176,2176,2176
3,57,34,136,136,136,136,136
3,57,35,2184,2184,2184,2184,2184
3,57,36,2176,2176,2176,2176,2176
3,57,37,136,136,136,136,136
3,57,38,2184,2184,2184,2184,2184
3,57,39,2176,2176,2176,2176,2176
3,57,40,136,136,136,136,136
3,57,41,2184,2184,2184,2184,2184
3,57,42,2176,2176,2176,2176,2176
3,57,43,136,136,136,136,136
3,57,44,2184,2184,2184,2184,2184
3,57,45,2176,2176,2176,2176,2176
3,57,46,136,136,136,136,136
3,57,47,2184,2184,2184,2184,2184
3,57,48,2176,2176,2176,2176,2176
3,57,49,136,136,136,136,136
3,57,50,2184,2184,2184,2184,2184
3,57,51,2176,2176,2176,2176,2176
3,57,52,136,136,136,136,136
3,57,53,2184,2184,2184,2184,2184
3,57,54,2176,2176,2176,2176,2176
3,57,55,136,136,136,136,136
3,57,56,2184,2184,2184,2184,2184
3,57,57,2176,2176,2176,2176,2176
3,57,58,136,136,136,136,136
3,57,59,2184,2184,2184,2184,2184
3,57,60,2176,2176,2176,2176,2176
3,57,61,136,136,136,136,136
3,57,62,2184,2184,2184,2184,2184
3,57,63,2176,2176,2176,2176,2176
3,57,64,136,136,136,136,136
3,57,65,2184,2184,2184,2184,2184
3,57,66,2176,2176,2176,2176,2176
3,57,67,136,136,136,136,136
3,57,68,2184,2184,2184,2184,2184
3,57,69,2176,2176,2176,2176,2176
3,57,70,136,136,136,136,136
3,57,71,2184,2184,2184,2184,2184
3,57,72,2176,2176,2176,2176,2176
3,57,73,136,136,136,136,136
3,57,74,2184,2184,2184,2184,2184
3,57,75,2176,2176,2176,2176,2176
3,57,76,136,136,136,136,136
3,57,77,2184,2184,2184,2184,2184
3,57,78,2176,2176,2176,2176,2176
3,57,79,136,136,136,136,136
3,57,80,2184,2184,2184,2184,2184
3,58,0,2176,2176,2176,2176,2176
3,58,1,136,136,136,136,136
3,58,2,2184,2184,2184,2184,2184
3,58,3,2176,2176,2176,2176,2176
3,58,4,136,136,136,136,136
3,58,5,2184,2184,2184,2184,2184
3,58,6,2176,2176,2176,2176,2176
3,58,7,136,136,136,136,136
3,58,8,2184,2184,2184,2184,2184
3,58,9,2176,2176,2176,2176,2176
3,58,10,136,136,136,136,136
3,58,11,2184,2184,2184,2184,2184
3,58,12,2176,2176,2176,2176,2176
3,58,13,136,136,136,136,136
3,58,14,2184,2184,2184,2184,2184
3,58,15,2176,2176,2176,2176,2176
3,58,16,136,136,136,136,136
3,58,17,2184,2184,2184,2184,2184
3,58,18,2176,2176,2176,2176,2176
3,58,19,136,136,136,136,136
3,58,20,2184,2184,2184,2184,2184
3,58,21,2176,2176,2176,2176,2176
3,58,22,136,136,136,136,136
3,58,23,2184,2184,2184,2184,2184
3,58,24,2176,2176,2176,2176,2176
3,58,25,136,136,136,136,136
3,58,26,2184,2184,2184,2184,2184
3,58,27,2176,2176,2176,2176,2176
3,58,28,136,136,136,136,136
3,58,29,2184,2184,2184,2184,2184
3,58,30,2176,2176,2176,2176,2176
3,58,31,136,136,136,136,136
3,58,32,2184,2184,2184,2184,2184
3,58,33,2176,2176,2176,2176,2176
3,58,34,136,136,136,136,136
3,58,35,2184,2184,2184,2184,2184
3,58,36,2176,2176,2176,2176,2176
3,58,37,136,136,136,136,136
3,58,38,2184,2184,2184,2184,2184
3,58,39,2176,2176,2176,2176,2176
3,58,40,136,136,136,136,136
3,58,41,2184,2184,2184,2184,2184
3,58,42,2176,2176,2176,2176,2176
3,58,43,136,136,136,136,136
3,58,44,2184,2184,2184,2184,2184
3,58,45,2176,2176,2176,2176,2176
3,58,46,136,136,136,136,136
3,58,47,2184,2184,2184,2184,2184
3,58,48,2176,2176,2176,2176,2176
3,58,49,136,136,136,136,136
3,58,50,2184,2184,2184,2184,2184
3,58,51,2176,2176,2176,2176,2176
3,58,52,136,136,136,136,136
3,58,53,2184,2184,2184,2184,2184
3,58,54,2176,2176,2176,2176,2176
3,58,55,136,136,136,136,136
3,58,56,2184,2184,2184,2184,2184
3,58,57,2176,2176,2176,2176,2176
3,58,58,136,136,136,136,136
3,58,59,2184,2184,2184,2184,2184
3,58,60,2176,2176,2176,2176,2176
3,58,61,136,136,136,136,136
3,58,62,2184,2184,2184,2184,2184
3,58,63,2176,2176,2176,2176,2176
3,58,64,136,136,136,136,136
3,58,65,2184,2184,2184,2184,2184
3,58,66,2176,2176,2176,2176,2176
3,58,67,136,136,136,136,136
3,58,68,2184,2184,2184,2184,2184
3,58,69,2176,2176,2176,2176,2176
3,58,70,136,136,136,136,136
3,58,71,2184,2184,2184,2184,2184
3,58,72,2176,2176,2176,2176,2176
3,58,73,136,136,136,136,136
3,58,74,2184,2184,2184,2184,2184
3,58,75,2176,2176,2176,2176,2176
3,58,76,136,136,136,136,136
3,58,77,2184,2184,2184,2184,2184
3,58,78,2176,2176,2176,2176,2176
3,58,79,136,136,136,136,136
3,58,80,2184,2184,2184,2184,2184
3,59,0,2176,2176,2176,2176,2176
3,59,1,136,136,136,136,136
3,59,2,2184,2184,2184,2184,2184
3,59,3,2176,2176,2176,2176,2176
3,59,4,136,136,136,136,136
3,59,5,2184,2184,2184,2184,2184
3,59,6,2176,2176,2176,2176,2176
3,59,7,136,136,136,136,136
3,59,8,2184,2184,2184,2184,2184
3,59,9,2176,2176,2176,2176,2176
3,59,10,136,136,136,136,136
3,59,11,2184,2184,2184,2184,2184
3,59,12,2176,2176,2176,2176,2176
3,59,13,136,136,136,136,136
3,59,14,2184,2184,2184,2184,2184
3,59,15,2176,2176,2176,2176,2176
3,59,16,136,136,136,136,136
3,59,17,2184,2184,2184,2184,2184
3,59,18,2176,2176,2176,2176,2176
3,59,19,136,136,136,136,136
3,59,20,2184,2184,2184,2184,2184
3,59,21,2176,2176,2176,2176,2176
3,59,22,136,136,136,136,136
3,59,23,2184,2184,2184,2184,2184
3,59,24,2176,2176,2176,2176,2176
3,59,25,136,136,136,136,136
3,59,26,2184,2184,2184,2184,2184
3,59,27,2176,2176,2176,2176,2176
3,59,28,136,136,136,136,136
3,59,29,2184,2184,2184,2184,2184
3,59,30,2176,2176,2176,2176,2176
3,59,31,136,136,136,136,136
3,59,32,2184,2184,2184,2184,2184
3,59,33,2176,2176,2176,2176,2176
3,59,34,136,136,136,136,136
3,59,35,2184,2184,2184,2184,2184
3,59,36,2176,2176,2176,2176,2176
3,59,37,136,136,136,136,136
3,59,38,2184,2184,2184,2184,2184
3,59,39,2176,2176,2176,2176,2176
3,59,40,136,136,136,136,136
3,59,41,2184,2184,2184,2184,2184
3,59,42,2176,2176,2176,2176,2176
3,59,43,136,136,136,136,136
3,59,44,2184,2184,2184,2184,2184
3,59,45,2176,2176,2176,2176,2176
3,59,46,136,136,136,136,136
3,59,47,2184,2184,2184,2184,2184
3,59,48,2176,2176,2176,2176,2176
3,59,49,136,136,136,136,136
3,59,50,2184,2184,2184,2184,2184
3,59,51,2176,2176,2176,2176,2176
3,59,52,136,136,136,136,136
3,59,53,2184,2184,2184,2184,2184
3,59,54,2176,2176,2176,2176,2176
3,59,55,136,136,136,136,136
3,59,56,2184,2184,2184,2184,2184
3,59,57,2176,2176,2176,2176,2176
3,59,58,136,136,136,136,136
3,59,59,2184,2184,2184,2184,2184
3,59,60,2176,2176,2176,2176,2176
3,59,61,136,136,136,136,136
3,59,62,2184,2184,2184,2184,2184
3,59,63,2176,2176,2176,2176,2176
3,59,64,136,136,136,136,136
3,59,65,2184,2184,2184,2184,2184
3,59,66,2176,2176,2176,2176,2176
3,59,67,136,136,136,136,136
3,59,68,2184,2184,2184,2184,2184
3,59,69,2176,2176,2176,2176,2176
3,59,70,136,136,136,136,136
3,59,71,2184,2184,2184,2184,2184
3,59,72,2176,2176,2176,2176,2176
3,59,73,136,136,136,136,136
3,59,74,2184,2184,2184,2184,2184
3,59,75,2176,2176,2176,2176,2176
3,59,76,136,136,136,136,136
3,59,77,2184,2184,2184,2184,2184
3,59,78,2176,2176,2176,2176,2176
3,59,79,136,136,136,136,136
3,59,80,2184,2184,2184,2184,2184
3,60,0,2176,2176,2176,2176,2176
3,60,1,136,136,136,136,136
3,60,2,2184,2184,2184,2184,2184
3,60,3,2176,2176,2176,2176,2176
3,60,4,136,136,136,136,136
3,60,5,2184,2184,2184,2184,2184
3,60,6,2176,2176,2176,2176,2176
3,60,7,136,136,136,136,136
3,60,8,2184,2184,2184,2184,2184
3,60,9,2176,2176,2176,2176,2176
3,60,10,136,136,136,136,136
3,60,11,2184,2184,2184,2184,2184
3,60,12,2176,2176,2176,2176,2176
3,60,13,136,136,136,136,136
3,60,14,2184,2184,2184,2184,2184
3,60,15,2176,2176,2176,2176,2176
3,60,16,136,136,136,136,136
3,60,17,2184,2184,2184,2184,2184
3,60,18,2176,2176,2176,2176,2176
3,60,19,136,136,136,136,136
3,60,20,2184,2184,2184,2184,2184
3,60,21,2176,2176,2176,2176,2176
3,60,22,136,136,136,136,136
3,60,23,2184,2184,2184,2184,2184
3,60,24,2176,2176,2176,2176,2176
3,60,25,136,136,136,136,136
3,60,26,2184,2184,2184,2184,2184
3,60,27,2176,2176,2176,2176,2176
3,60,28,136,136,136,136,136
3,60,29,2184,2184,2184,2184,2184
3,60,30,2176,2176,2176,2176,2176
3,60,31,136,136,136,136,136
3,60,32,2184,2184,2184,2184,2184
3,60,33,2176,2176,2176,2176,2176
3,60,34,136,136,136,136,136
3,60,35,2184,2184,2184,2184,2184
3,60,36,2176,2176,2176,2176,2176
3,60,37,136,136,136,136,136
3,60,38,2184,2184,2184,2184,2184
3,60,39,2176,2176,2176,2176,2176
3,60,40,136,136,136,136,136
3,60,41,2184,2184,2184,2184,2184
3,60,42,2176,2176,2176,2176,2176
3,60,43,136,136,136,136,136
3,60,44,2184,2184,2184,2184,2184
3,60,45,2176,2176,2176,2176,2176
3,60,46,136,136,136,136,136
3,60,47,2184,2184,2184,2184,2184
3,60,48,2176,2176,2176,2176,2176
3,60,49,136,136,136,136,136
3,60,50,2184,2184,2184,2184,2184
3,60,51,2176,2176,2176,2176,2176
3,60,52,136,136,136,136,136
3,60,53,2184,2184,2184,2184,2184
3,60,54,2176,2176,2176,2176,2176
3,60,55,136,136,136,136,136
3,60,56,2184,2184,2184,2184,2184
3,60,57,2176,2176,2176,2176,2176
3,60,58,136,136,136,136,136
3,60,59,2184,2184,2184,2184,2184
3,60,60,2176,2176,2176,2176,2176
3,60,61,136,136,136,136,136
3,60,62,2184,2184,2184,2184,2184
3,60,63,2176,2176,2176,2176,2176
3,60,64,136,136,136,136,136
3,60,65,2184,2184,2184,2184,2184
3,60,66,2176,2176,2176,2176,2176
3,60,67,136,136,136,136,136
3,60,68,2184,2184,2184,2184,2184
3,60,69,2176,2176,2176,2176,2176
3,60,70,136,136,136,136,136
3,60,71,2184,2184,2184,2184,2184
3,60,72,2176,2176,2176,2176,2176
3,60,73,136,136,136,136,136
3,60,74,2184,2184,2184,2184,2184
3,60,75,2176,2176,2176,2176,2176
3,60,76,136,136,136,136,136
3,60,77,2184,2184,2184,2184,2184
3,60,78,2176,2176,2176,2176,2176
3,60,79,136,136,136,136,136
3,60,80,2184,2184,2184,2184,2184
3,61,0,2176,2176,2176,2176,2176
3,61,1,136,136,136,136,136
3,61,2,2184,2184,2184,2184,2184
3,61,3,2176,2176,2176,2176,2176
3,61,4,136,136,136,136,136
3,61,5,2184,2184,2184,2184,2184
3,61,6,2176,2176,2176,2176,2176
3,61,7,136,136,136,136,136
3,61,8,2184,2184,2184,2184,2184
3,61,9,2176,2176,2176,2176,2176
3,61,10,136,136,136,136,136
3,61,11,2184,2184,2184,2184,2184
3,61,12,2176,2176,2176,2176,2176
3,61,13,136,136,136,136,136
3,61,14,2184,2184,2184,2184,2184
3,61,15,2176,2176,2176,2176,2176
3,61,16,136,136,136,136,136
3,61,17,2184,2184,2184,2184,2184
3,61,18,2176,2176,2176,2176,2176
3,61,19,136,136,136,136,136
3,61,20,2184,2184,2184,2184,2184
3,61,21,2176,2176,2176,2176,2176
3,61,22,136,136,136,136,136
3,61,23,2184,2184,2184,2184,2184
3,61,24,2176,2176,2176,2176,2176
3,61,25,136,136,136,136,136
3,61,26,2184,2184,2184,2184,2184
3,61,27,2176,2176,2176,2176,2176
3,61,28,136,136,136,136,136
3,61,29,2184,2184,2184,2184,2184
3,61,30,2176,2176,2176,2176,2176
3,61,31,136,136,136,136,136
3,61,32,2184,2184,2184,2184,2184
3,61,33,2176,2176,2176,2176,2176
3,61,34,136,136,136,136,136
3,61,35,2184,2184,2184,2184,2184
3,61,36,2176,2176,2176,2176,2176
3,61,37,136,136,136,136,136
3,61,38,2184,2184,2184,2184,2184
3,61,39,2176,2176,2176,2176,2176
3,61,40,136,136,136,136,136
3,61,41,2184,2184,2184,2184,2184
3,61,42,2176,2176,2176,2176,2176
3,61,43,136,136,136,136,136
3,61,44,2184,2184,2184,2184,2184
3,61,45,2176,2176,2176,2176,2176
3,61,46,136,136,136,136,136
3,61,47,2184,2184,2184,2184,2184
3,61,48,2176,2176,2176,2176,2176
3,61,49,136,136,136,136,136
3,61,50,2184,2184,2184,2184,2184
3,61,51,2176,2176,2176,2176,2176
3,61,52,136,136,136,136,136
3,61,53,2184,2184,2184,2184,2184
3,61,54,2176,2176,2176,2176,2176
3,61,55,136,136,136,136,136
3,61,56,2184,2184,2184,2184,2184
3,61,57,2176,2176,2176,2176,2176
3,61,58,136,136,136,136,136
3,61,59,2184,2184,2184,2184,2184
3,61,60,2176,2176,2176,2176,2176
3,61,61,136,136,136,136,136
3,61,62,2184,2184,2184,2184,2184
3,61,63,2176,2176,2176,2176,2176
3,61,64,136,136,136,136,136
3,61,65,2184,2184,2184,2184,2184
3,61,66,2176,2176,2176,2176,2176
3,61,67,136,136,136,136,136
3,61,68,2184,2184,2184,2184,2184
3,61,69,2176,2176,2176,2176,2176
3,61,70,136,136,136,136,136
3,61,71,2184,2184,2184,2184,2184
3,61,72,2176,2176,2176,2176,2176
3,61,73,136,136,136,136,136
3,61,74,2184,2184,2184,2184,2184
3,61,75,2176,2176,2176,2176,2176
3,61,76,136,136,136,136,136
3,61,77,2184,2184,2184,2184,2184
3,61,78,2176,2176,2176,2176,2176
3,61,79,136,136,136,136,136
3,61,80,2184,2184,2184,2184,2184
3,62,0,2176,2176,2176,2176,2176
3,62,1,136,136,136,136,136
3,62,2,2184,2184,2184,2184,2184
3,62,3,2176,2176,2176,2176,2176
3,62,4,136,136,136,136,136
3,62,5,2184,2184,2184,2184,2184
3,62,6,2176,2176,2176,2176,2176
3,62,7,136,136,136,136,136
3,62,8,2184,2184,2184,2184,2184
3,62,9,2176,2176,2176,2176,2176
3,62,10,136,136,136,136,136
3,62,11,2184,2184,2184,2184,2184
3,62,12,2176,2176,2176,2176,2176
3,62,13,136,136,136,136,136
3,62,14,2184,2184,2184,2184,2184
3,62,15,2176,2176,2176,2176,2176
3,62,16,136,136,136,136,136
3,62,17,2184,2184,2184,2184,2184
3,62,18,2176,2176,2176,2176,2176
3,62,19,136,136,136,136,136
3,62,20,2184,2184,2184,2184,2184
3,62,21,2176,2176,2176,2176,2176
3,62,22,136,136,136,136,136
3,62,23,2184,2184,2184,2184,2184
3,62,24,2176,2176,2176,2176,2176
3,62,25,136,136,136,136,136
3,62,26,2184,2184,2184,2184,2184
3,62,27,2176,2176,2176,2176,2176
3,62,28,136,136,136,136,136
3,62,29,2184,2184,2184,2184,2184
3,62,30,2176,2176,2176,2176,2176
3,62,31,136,136,136,136,136
3,62,32,2184,2184,2184,2184,2184
3,62,33,2176,2176,2176,2176,2176
3,62,34,136,136,136,136,136
3,62,35,2184,2184,2184,2184,2184
3,62,36,2176,2176,2176,2176,2176
3,62,37,136,136,136,136,136
3,62,38,2184,2184,2184,2184,2184
3,62,39,2176,2176,2176,2176,2176
3,62,40,136,136,136,136,136
3,62,41,2184,2184,2184,2184,2184
3,62,42,2176,2176,2176,2176,2176
3,62,43,136,136,136,136,136
3,62,44,2184,2184,2184,2184,2184
3,62,45,2176,2176,2176,2176,2176
3,62,46,136,136,136,136,136
3,62,47,2184,2184,2184,2184,2184
3,62,48,2176,2176,2176,2176,2176
3,62,49,136,136,136,136,136
3,62,50,2184,2184,2184,2184,2184
3,62,51,2176,2176,2176,2176,2176
3,62,52,136,136,136,136,136
3,62,53,2184,2184,2184,2184,2184
3,62,54,2176,2176,2176,2176,2176
3,62,55,136,136,136,136,136
3,62,56,2184,2184,2184,2184,2184
3,62,57,2176,2176,2176,2176,2176
3,62,58,136,136,136,136,136
3,62,59,2184,2184,2184,2184,2184
3,62,60,2176,2176,2176,2176,2176
3,62,61,136,136,136,136,136
3,62,62,2184,2184,2184,2184,2184
3,62,63,2176,2176,2176,2176,2176
3,62,64,136,136,136,136,136
3,62,65,2184,2184,2184,2184,2184
3,62,66,2176,2176,2176,2176,2176
3,62,67,136,136,136,136,136
3,62,68,2184,2184,2184,2184,2184
3,62,69,2176,2176,2176,2176,2176
3,62,70,136,136,136,136,136
3,62,71,2184,2184,2184,2184,2184
3,62,72,2176,2176,2176,2176,2176
3,62,73,136,136,136,136,136
3,62,74,2184,2184,2184,2184,2184
3,62,75,2176,2176,2176,2176,2176
3,62,76,136,136,136,136,136
3,62,77,2184,2184,2184,2184,2184
3,62,78,2176,2176,2176,2176,2176
3,62,79,136,136,136,136,136
3,62,80,2184,2184,2184,2184,2184
3,63,0,2176,2176,2176,2176,2176
3,63,1,136,136,136,136,136
3,63,2,2184,2184,2184,2184,2184
3,63,3,2176,2176,2176,2176,2176
3,63,4,136,136,136,136,136
3,63,5,2184,2184,2184,2184,2184
3,63,6,2176,2176,2176,2176,2176
3,63,7,136,136,136,136,136
3,63,8,2184,2184,2184,2184,2184
3,63,9,2176,2176,2176,2176,2176
3,63,10,136,136,136,136,136
3,63,11,2184,2184,2184,2184,2184
3,63,12,2176,2176,2176,2176,2176
3,63,13,136,136,136,136,136
3,63,14,2184,2184,2184,2184,2184
3,63,15,2176,2176,2176,2176,2176
3,63,16,136,136,136,136,136
3,63,17,2184,2184,2184,2184,2184
3,63,18,2176,2176,2176,2176,2176
3,63,19,136,136,136,136,136
3,63,20,2184,2184,2184,2184,2184
3,63,21,2176,2176,2176,2176,2176
3,63,22,136,136,136,136,136
3,63,23,2184,2184,2184,2184,2184
3,63,24,2176,2176,2176,2176,2176
3,63,25,136,136,136,136,136
3,63,26,2184,2184,2184,2184,2184
3,63,27,2176,2176,2176,2176,2176
3,63,28,136,136,136,136,136
3,63,29,2184,2184,2184,2184,2184
3,63,30,2176,2176,2176,2176,2176
3,63,31,136,136,136,136,136
3,63,32,2184,2184,2184,2184,2184
3,63,33,2176,2176,2176,2176,2176
3,63,34,136,136,136,136,136
3,63,35,2184,2184,2184,2184,2184
3,63,36,2176,2176,2176,2176,2176
3,63,37,136,136,136,136,136
3,63,38,2184,2184,2184,2184,2184
3,63,39,2176,2176,2176,2176,2176
3,63,40,136,136,136,136,136
3,63,41,2184,2184,2184,2184,2184
3,63,42,2176,2176,2176,2176,2176
3,63,43,136,136,136,136,136
3,63,44,2184,2184,2184,2184,2184
3,63,45,2176,2176,2176,2176,2176
3,63,46,136,136,136,136,136
3,63,47,2184,2184,2184,2184,2184
3,63,48,2176,2176,2176,2176,2176
3,63,49,136,136,136,136,136
3,63,50,2184,2184,2184,2184,2184
3,63,51,2176,2176,2176,2176,2176
3,63,52,136,136,136,136,136
3,63,53,2184,2184,2184,2184,2184
3,63,54,2176,2176,2176,2176,2176
3,63,55,136,136,136,136,136
3,63,56,2184,2184,2184,2184,2184
3,63,57,2176,2176,2176,2176,2176
3,63,58,136,136,136,136,136
3,63,59,2184,2184,2184,2184,2184
3,63,60,2176,2176,2176,2176,2176
3,63,61,136,136,136,136,136
3,63,62,2184,2184,2184,2184,2184
3,63,63,2176,2176,2176,2176,2176
3,63,64,136,136,136,136,136
3,63,65,2184,2184,2184,2184,2184
3,63,66,2176,2176,2176,2176,2176
3,63,67,136,136,136,136,136
3,63,68,2184,2184,2184,2184,2184
3,63,69,2176,2176,2176,2176,2176
3,63,70,136,136,136,136,136
3,63,71,2184,2184,2184,2184,2184
3,63,72,2176,2176,2176,2176,2176
3,63,73,136,136,136,136,136
3,63,74,2184,2184,2184,2184,2184
3,63,75,2176,2176,2176,2176,2176
3,63,76,136,136,136,136,136
3,63,77,2184,2184,2184,2184,2184
3,63,78,2176,2176,2176,2176,2176
3,63,79,136,136,136,136,136
3,63,80,2184,2184,2184,2184,2184
3,64,0,128,128,128,128,128
3,64,1,128,128,128,128,128
3,64,2,128,128,128,128,128
3,64,3,128,128,128,128,128
3,64,4,128,128,128,128,128
3,64,5,128,128,128,128,128
3,64,6,128,128,128,128,128
3,64,7,128,128,128,128,128
3,64,8,128,128,128,128,128
3,64,9,128,128,128,128,128
3,64,10,128,128,128,128,128
3,64,11,128,128,128,128,128
3,64,12,128,128,128,128,128
3,64,13,128,128,128,128,128
3,64,14,128,128,128,128,128
3,64,15,128,128,128,128,128
3,64,16,128,128,128,128,128
3,64,17,128,128,128,128,128
3,64,18,128,128,128,128,128
3,64,19,128,128,128,128,128
3,64,20,128,128,128,128,128
3,64,21,128,128,128,128,128
3,64,22,128,128,128,128,128
3,64,23,128,128,128,128,128
3,64,24,128,128,128,128,128
3,64,25,128,128,128,128,128
3,64,26,128,128,128,128,128
3,64,27,128,128,128,128,128
3,64,28,128,128,128,128,128
3,64,29,128,128,128,128,128
3,64,30,128,128,128,128,128
3,64,31,128,128,128,128,128
3,64,32,128,128,128,128,128
3,64,33,128,128,128,128,128
3,64,34,128,128,128,128,128
3,64,35,128,128,128,128,128
3,64,36,128,128,128,128,128
3,64,37,128,128,128,128,128
3,64,38,128,128,128,128,128
3,64,39,128,128,128,128,128
3,64,40,128,128,128,128,128
3,64,41,128,128,128,128,128
3,64,42,128,128,128,128,128
3,64,43,128,128,128,128,128
3,64,44,128,128,128,128,128
3,64,45,128,128,128,128,128
3,64,46,128,128,128,128,128
3,64,47,128,128,128,128,128
3,64,48,128,128,128,128,128
3,64,49,128,128,128,128,128
3,64,50,128,128,128,128,128
3,64,51,128,128,128,128,128
3,64,52,128,128,128,128,128
3,64,53,128,128,128,128,128
3,64,54,128,128,128,128,128
3,64,55,128,128,128,128,128
3,64,56,128,128,128,128,128
3,64,57,128,128,128,128,128
3,64,58,128,128,128,128,128
3,64,59,128,128,128,128,128
3,64,60,128,128,128,128,128
3,64,61,128,128,128,128,128
3,64,62,128,128,128,128,128
3,64,63,128,128,128,128,128
3,64,64,128,128,128,128,128
3,64,65,128,128,128,128,128
3,64,66,128,128,128,128,128
3,64,67,128,128,128,128,128
3,64,68,128,128,128,128,128
3,64,69,128,128,128,128,128
3,64,70,128,128,128,128,128
3,64,71,128,128,128,128,128
3,64,72,128,128,128,128,128
3,64,73,128,128,128,128,128
3,64,74,128,128,128,128,128
3,64,75,128,128,128,128,128
3,64,76,128,128,128,128,128
3,64,77,128,128,128,128,128
3,64,78,128,128,128,128,128
3,64,79,128,128,128,128,128
3,64,80,128,128,128,128,128
3,65,0,2176,2176,2176,2176,2176
3,65,1,136,136,136,136,136
3,65,2,2184,2184,2184,2184,2184
3,65,3,2176,2176,2176,2176,2176
3,65,4,136,136,136,136,136
3,65,5,2184,2184,2184,2184,2184
3,65,6,2176,2176,2176,2176,2176
3,65,7,136,136,136,136,136
3,65,8,2184,2184,2184,2184,2184
3,65,9,2176,2176,2176,2176,2176
3,65,10,136,136,136,136,136
3,65,11,2184,2184,2184,2184,2184
3,65,12,2176,2176,2176,2176,2176
3,65,13,136,136,136,136,136
3,65,14,2184,2184,2184,2184,2184
3,65,15,2176,2176,2176,2176,2176
3,65,16,136,136,136,136,136
3,65,17,2184,2184,2184,2184,2184
3,65,18,2176,2176,2176,2176,2176
3,65,19,136,136,136,136,136
3,65,20,2184,2184,2184,2184,2184
3,65,21,2176,2176,2176,2176,2176
3,65,22,136,136,136,136,136
3,65,23,2184,2184,2184,2184,2184
3,65,24,2176,2176,2176,2176,2176
3,65,25,136,136,136,136,136
3,65,26,2184,2184,2184,2184,2184
3,65,27,2176,2176,2176,2176,2176
3,65,28,136,136,136,136,136
3,65,29,2184,2184,2184,2184,2184
3,65,30,2176,2176,2176,2176,2176
3,65,31,136,136,136,136,136
3,65,32,2184,2184,2184,2184,2184
3,65,33,2176,2176,2176,2176,2176
3,65,34,136,136,136,136,136
3,65,35,2184,2184,2184,2184,2184
3,65,36,2176,2176,2176,2176,2176
3,65,37,136,136,136,136,136
3,65,38,2184,2184,2184,2184,2184
3,65,39,2176,2176,2176,2176,2176
3,65,40,136,136,136,136,136
3,65,41,2184,2184,2184,2184,2184
3,65,42,2176,2176,2176,2176,2176
3,65,43,136,136,136,136,136
3,65,44,2184,2184,2184,2184,2184
3,65,45,2176,2176,2176,2176,2176
3,65,46,136,136,136,136,136
3,65,47,2184,2184,2184,2184,2184
3,65,48,2176,2176,2176,2176,2176
3,65,49,136,136,136,136,136
3,65,50,2184,2184,2184,2184,2184
3,65,51,2176,2176,2176,2176,2176
3,65,52,136,136,136,136,136
3,65,53,2184,2184,2184,2184,2184
3,65,54,2176,2176,2176,2176,2176
3,65,55,136,136,136,136,136
3,65,56,2184,2184,2184,2184,2184
3,65,57,2176,2176,2176,2176,2176
3,65,58,136,136,136,136,136
3,65,59,2184,2184,2184,2184,2184
3,65,60,2176,2176,2176,2176,2176
3,65,61,136,136,136,136,136
3,65,62,2184,2184,2184,2184,2184
3,65,63,2176,2176,2176,2176,2176
3,65,64,136,136,136,136,136
3,65,65,2184,2184,2184,2184,2184
3,65,66,2176,2176,2176,2176,2176
3,65,67,136,136,136,136,136
3,65,68,2184,2184,2184,2184,2184
3,65,69,2176,2176,2176,2176,2176
3,65,70,136,136,136,136,136
3,65,71,2184,2184,2184,2184,2184
3,65,72,2176,2176,2176,2176,2176
3,65,73,136,136,136,136,136
3,65,74,2184,2184,2184,2184,2184
3,65,75,2176,2176,2176,2176,2176
3,65,76,136,136,136,136,136
3,65,77,2184,2184,2184,2184,2184
3,65,78,2176,2176,2176,2176,2176
3,65,79,136,136,136,136,136
3,65,80,2184,2184,2184,2184,2184
3,66,0,2176,2176,2176,2176,2176
3,66,1,136,136,136,136,136
3,66,2,2184,2184,2184,2184,2184
3,66,3,2176,2176,2176,2176,2176
3,66,4,136,136,136,136,136
3,66,5,2184,2184,2184,2184,2184
3,66,6,2176,2176,2176,2176,2176
3,66,7,136,136,136,136,136
3,66,8,2184,2184,2184,2184,2184
3,66,9,2176,2176,2176,2176,2176
3,66,10,136,136,136,136,136
3,66,11,2184,2184,2184,2184,2184
3,66,12,2176,2176,2176,2176,2176
3,66,13,136,136,136,136,136
3,66,14,2184,2184,2184,2184,2184
3,66,15,2176,2176,2176,2176,2176
3,66,16,136,136,136,136,136
3,66,17,2184,2184,2184,2184,2184
3,66,18,2176,2176,2176,2176,2176
3,66,19,136,136,136,136,136
3,66,20,2184,2184,2184,2184,2184
3,66,21,2176,2176,2176,2176,2176
3,66,22,136,136,136,136,136
3,66,23,2184,2184,2184,2184,2184
3,66,24,2176,2176,2176,2176,2176
3,66,25,136,136,136,136,136
3,66,26,2184,2184,2184,2184,2184
3,66,27,2176,2176,2176,2176,2176
3,66,28,136,136,136,136,136
3,66,29,2184,2184,2184,2184,2184
3,66,30,2176,2176,2176,2176,2176
3,66,31,136,136,136,136,136
3,66,32,2184,2184,2184,2184,2184
3,66,33,2176,2176,2176,2176,2176
3,66,34,136,136,136,136,136
3,66,35,2184,2184,2184,2184,2184
3,66,36,2176,2176,2176,2176,2176
3,66,37,136,136,136,136,136
3,66,38,2184,2184,2184,2184,2184
3,66,39,2176,2176,2176,2176,2176
3,66,40,136,136,136,136,136
3,66,41,2184,2184,2184,2184,2184
3,66,42,2176,2176,2176,2176,2176
3,66,43,136,136,136,136,136
3,66,44,2184,2184,2184,2184,2184
3,66,45,2176,2176,2176,2176,2176
3,66,46,136,136,136,136,136
3,66,47,2184,2184,2184,2184,2184
3,66,48,2176,2176,2176,2176,2176
3,66,49,136,136,136,136,136
3,66,50,2184,2184,2184,2184,2184
3,66,51,2176,2176,2176,2176,2176
3,66,52,136,136,136,136,136
3,66,53,2184,2184,2184,2184,2184
3,66,54,2176,2176,2176,2176,2176
3,66,55,136,136,136,136,136
3,66,56,2184,2184,2184,2184,2184
3,66,57,2176,2176,2176,2176,2176
3,66,58,136,136,136,136,136
3,66,59,2184,2184,2184,2184,2184
3,66,60,2176,2176,2176,2176,2176
3,66,61,136,136,136,136,136
3,66,62,2184,2184,2184,2184,2184
3,66,63,2176,2176,2176,2176,2176
3,66,64,136,136,136,136,136
3,66,65,2184,2184,2184,2184,2184
3,66,66,2176,2176,2176,2176,2176
3,66,67,136,136,136,136,136
3,66,68,2184,2184,2184,2184,2184
3,66,69,2176,2176,2176,2176,2176
3,66,70,136,136,136,136,136
3,66,71,2184,2184,2184,2184,2184
3,66,72,2176,2176,2176,2176,2176
3,66,73,136,136,136,136,136
3,66,74,2184,2184,2184,2184,2184
3,66,75,2176,2176,2176,2176,2176
3,66,76,136,136,136,136,136
3,66,77,2184,2184,2184,2184,2184
3,66,78,2176,2176,2176,2176,2176
3,66,79,136,136,136,136,136
3,66,80,2184,2184,2184,2184,2184
3,67,0,2176,2176,2176,2176,2176
3,67,1,136,136,136,136,136
3,67,2,2184,2184,2184,2184,2184
3,67,3,2176,2176,2176,2176,2176
3,67,4,136,136,136,136,136
3,67,5,2184,2184,2184,2184,2184
3,67,6,2176,2176,2176,2176,2176
3,67,7,136,136,136,136,136
3,67,8,2184,2184,2184,2184,2184
3,67,9,2176,2176,2176,2176,2176
3,67,10,136,136,136,136,136
3,67,11,2184,2184,2184,2184,2184
3,67,12,2176,2176,2176,2176,2176
3,67,13,136,136,136,136,136
3,67,14,2184,2184,2184,2184,2184
3,67,15,2176,2176,2176,2176,2176
3,67,16,136,136,136,136,136
3,67,17,2184,2184,2184,2184,2184
3,67,18,2176,2176,2176,2176,2176
3,67,19,136,136,136,136,136
3,67,20,2184,2184,2184,2184,2184
3,67,21,2176,2176,2176,2176,2176
3,67,22,136,136,136,136,136
3,67,23,2184,2184,2184,2184,2184
3,67,24,2176,2176,2176,2176,2176
3,67,25,136,136,136,136,136
3,67,26,2184,2184,2184,2184,2184
3,67,27,2176,2176,2176,2176,2176
3,67,28,136,136,136,136,136
3,67,29,2184,2184,2184,2184,2184
3,67,30,2176,2176,2176,2176,2176
3,67,31,136,136,136,136,136
3,67,32,2184,2184,2184,2184,2184
3,67,33,2176,2176,2176,2176,2176
3,67,34,136,136,136,136,136
3,67,35,2184,2184,2184,2184,2184
3,67,36,2176,2176,2176,2176,2176
3,67,37,136,136,136,136,136
3,67,38,2184,2184,2184,2184,2184
3,67,39,2176,2176,2176,2176,2176
3,67,40,136,136,136,136,136
3,67,41,2184,2184,2184,2184,2184
3,67,42,2176,2176,2176,2176,2176
3,67,43,136,136,136,136,136
3,67,44,2184,2184,2184,2184,2184
3,67,45,2176,2176,2176,2176,2176
3,67,46,136,136,136,136,136
3,67,47,2184,2184,2184,2184,2184
3,67,48,2176,2176,2176,2176,2176
3,67,49,136,136,136,136,136
3,67,50,2184,2184,2184,2184,2184
3,67,51,2176,2176,2176,2176,2176
3,67,52,136,136,136,136,136
3,67,53,2184,2184,2184,2184,2184
3,67,54,2176,2176,2176,2176,2176
3,67,55,136,136,136,136,136
3,67,56,2184,2184,2184,2184,2184
3,67,57,2176,2176,2176,2176,2176
3,67,58,136,136,136,136,136
3,67,59,2184,2184,2184,2184,2184
3,67,60,2176,2176,2176,2176,2176
3,67,61,136,136,136,136,136
3,67,62,2184,2184,2184,2184,2184
3,67,63,2176,2176,2176,2176,2176
3,67,64,136,136,136,136,136
3,67,65,2184,2184,2184,2184,2184
3,67,66,2176,2176,2176,2176,2176
3,67,67,136,136,136,136,136
3,67,68,2184,2184,2184,2184,2184
3,67,69,2176,2176,2176,2176,2176
3,67,70,136,136,136,136,136
3,67,71,2184,2184,2184,2184,2184
3,67,72,2176,2176,2176,2176,2176
3,67,73,136,136,136,136,136
3,67,74,2184,2184,2184,2184,2184
3,67,75,2176,2176,2176,2176,2176
3,67,76,136,136,136,136,136
3,67,77,2184,2184,2184,2184,2184
3,67,78,2176,2176,2176,2176,2176
3,67,79,136,136,136,136,136
3,67,80,2184,2184,2184,2184,2184
3,68,0,2176,2176,2176,2176,2176
3,68,1,136,136,136,136,136
3,68,2,2184,2184,2184,2184,2184
3,68,3,2176,2176,2176,2176,2176
3,68,4,136,136,136,136,136
3,68,5,2184,2184,2184,2184,2184
3,68,6,2176,2176,2176,2176,2176
3,68,7,136,136,136,136,136
3,68,8,2184,2184,2184,2184,2184
3,68,9,2176,2176,2176,2176,2176
3,68,10,136,136,136,136,136
3,68,11,2184,2184,2184,2184,2184
3,68,12,2176,2176,2176,2176,2176
3,68,13,136,136,136,136,136
3,68,14,2184,2184,2184,2184,2184
3,68,15,2176,2176,2176,2176,2176
3,68,16,136,136,136,136,136
3,68,17,2184,2184,2184,2184,2184
3,68,18,2176,2176,2176,2176,2176
3,68,19,136,136,136,136,136
3,68,20,2184,2184,2184,2184,2184
3,68,21,2176,2176,2176,2176,2176
3,68,22,136,136,136,136,136
3,68,23,2184,2184,2184,2184,2184
3,68,24,2176,2176,2176,2176,2176
3,68,25,136,136,136,136,136
3,68,26,2184,2184,2184,2184,2184
3,68,27,2176,2176,2176,2176,2176
3,68,28,136,136,136,136,136
3,68,29,2184,2184,2184,2184,2184
3,68,30,2176,2176,2176,2176,2176
3,68,31,136,136,136,136,136
3,68,32,2184,2184,2184,2184,2184
3,68,33,2176,2176,2176,2176,2176
3,68,34,136,136,136,136,136
3,68,35,2184,2184,2184,2184,2184
3,68,36,2176,2176,2176,2176,2176
3,68,37,136,136,136,136,136
3,68,38,2184,2184,2184,2184,2184
3,68,39,2176,2176,2176,2176,2176
3,68,40,136,136,136,136,136
3,68,41,2184,2184,2184,2184,2184
3,68,42,2176,2176,2176,2176,2176
3,68,43,136,136,136,136,136
3,68,44,2184,2184,2184,2184,2184
3,68,45,2176,2176,2176,2176,2176
3,68,46,136,136,136,136,136
3,68,47,2184,2184,2184,2184,2184
3,68,48,2176,2176,2176,2176,2176
3,68,49,136,136,136,136,136
3,68,50,2184,2184,2184,2184,2184
3,68,51,2176,2176,2176,2176,2176
3,68,52,136,136,136,136,136
3,68,53,2184,2184,2184,2184,2184
3,68,54,2176,2176,2176,2176,2176
3,68,55,136,136,136,136,136
3,68,56,2184,2184,2184,2184,2184
3,68,57,2176,2176,2176,2176,2176
3,68,58,136,136,136,136,136
3,68,59,2184,2184,2184,2184,2184
3,68,60,2176,2176,2176,2176,2176
3,68,61,136,136,136,136,136
3,68,62,2184,2184,2184,2184,2184
3,68,63,2176,2176,2176,2176,2176
3,68,64,136,136,136,136,136
3,68,65,2184,2184,2184,2184,2184
3,68,66,2176,2176,2176,2176,2176
3,68,67,136,136,136,136,136
3,68,68,2184,2184,2184,2184,2184
3,68,69,2176,2176,2176,2176,2176
3,68,70,136,136,136,136,136
3,68,71,2184,2184,2184,2184,2184
3,68,72,2176,2176,2176,2176,2176
3,68,73,136,136,136,136,136
3,68,74,2184,2184,2184,2184,2184
3,68,75,2176,2176,2176,2176,2176
3,68,76,136,136,136,136,136
3,68,77,2184,2184,2184,2184,2184
3,68,78,2176,2176,2176,2176,2176
3,68,79,136,136,136,136,136
3,68,80,2184,2184,2184,2184,2184
3,69,0,2176,2176,2176,2176,2176
3,69,1,136,136,136,136,136
3,69,2,2184,2184,2184,2184,2184
3,69,3,2176,2176,2176,2176,2176
3,69,4,136,136,136,136,136
3,69,5,2184,2184,2184,2184,2184
3,69,6,2176,2176,2176,2176,2176
3,69,7,136,136,136,136,136
3,69,8,2184,2184,2184,2184,2184
3,69,9,2176,2176,2176,2176,2176
3,69,10,136,136,136,136,136
3,69,11,2184,2184,2184,2184,2184
3,69,12,2176,2176,2176,2176,2176
3,69,13,136,136,136,136,136
3,69,14,2184,2184,2184,2184,2184
3,69,15,2176,2176,2176,2176,2176
3,69,16,136,136,136,136,136
3,69,17,2184,2184,2184,2184,2184
3,69,18,2176,2176,2176,2176,2176
3,69,19,136,136,136,136,136
3,69,20,2184,2184,2184,2184,2184
3,69,21,2176,2176,2176,2176,2176
3,69,22,136,136,136,136,136
3,69,23,2184,2184,2184,2184,2184
3,69,24,2176,2176,2176,2176,2176
3,69,25,136,136,136,136,136
3,69,26,2184,2184,2184,2184,2184
3,69,27,2176,2176,2176,2176,2176
3,69,28,136,136,136,136,136
3,69,29,2184,2184,2184,2184,2184
3,69,30,2176,2176,2176,2176,2176
3,69,31,136,136,136,136,136
3,69,32,2184,2184,2184,2184,2184
3,69,33,2176,2176,2176,2176,2176
3,69,34,136,136,136,136,136
3,69,35,2184,2184,2184,2184,2184
3,69,36,2176,2176,2176,2176,2176
3,69,37,136,136,136,136,136
3,69,38,2184,2184,2184,2184,2184
3,69,39,2176,2176,2176,2176,2176
3,69,40,136,136,136,136,136
3,69,41,2184,2184,2184,2184,2184
3,69,42,2176,2176,2176,2176,2176
3,69,43,136,136,136,136,136
3,69,44,2184,2184,2184,2184,2184
3,69,45,2176,2176,2176,2176,2176
3,69,46,136,136,136,136,136
3,69,47,2184,2184,2184,2184,2184
3,69,48,2176,2176,2176,2176,2176
3,69,49,136,136,136,136,136
3,69,50,2184,2184,2184,2184,2184
3,69,51,2176,2176,2176,2176,2176
3,69,52,136,136,136,136,136
3,69,53,2184,2184,2184,2184,2184
3,69,54,2176,2176,2176,2176,2176
3,69,55,136,136,136,136,136
3,69,56,2184,2184,2184,2184,2184
3,69,57,2176,2176,2176,2176,2176
3,69,58,136,136,136,136,136
3,69,59,2184,2184,2184,2184,2184
3,69,60,2176,2176,2176,2176,2176
3,69,61,136,136,136,136,136
3,69,62,2184,2184,2184,2184,2184
3,69,63,2176,2176,2176,2176,2176
3,69,64,136,136,136,136,136
3,69,65,2184,2184,2184,2184,2184
3,69,66,2176,2176,2176,2176,2176
3,69,67,136,136,136,136,136
3,69,68,2184,2184,2184,2184,2184
3,69,69,2176,2176,2176,2176,2176
3,69,70,136,136,136,136,136
3,69,71,2184,2184,2184,2184,2184
3,69,72,2176,2176,2176,2176,2176
3,69,73,136,136,136,136,136
3,69,74,2184,2184,2184,2184,2184
3,69,75,2176,2176,2176,2176,2176
3,69,76,136,136,136,136,136
3,69,77,2184,2184,2184,2184,2184
3,69,78,2176,2176,2176,2176,2176
3,69,79,136,136,136,136,136
3,69,80,2184,2184,2184,2184,2184
3,70,0,2176,2176,2176,2176,2176
3,70,1,136,136,136,136,136
3,70,2,2184,2184,2184,2184,2184
3,70,3,2176,2176,2176,2176,2176
3,70,4,136,136,136,136,136
3,70,5,2184,2184,2184,2184,2184
3,70,6,2176,2176,2176,2176,2176
3,70,7,136,136,136,136,136
3,70,8,2184,2184,2184,2184,2184
3,70,9,2176,2176,2176,2176,2176
3,70,10,136,136,136,136,136
3,70,11,2184,2184,2184,2184,2184
3,70,12,2176,2176,2176,2176,2176
3,70,13,136,136,136,136,136
3,70,14,2184,2184,2184,2184,2184
3,70,15,2176,2176,2176,2176,2176
3,70,16,136,136,136,136,136
3,70,17,2184,2184,2184,2184,2184
3,70,18,2176,2176,2176,2176,2176
3,70,19,136,136,136,136,136
3,70,20,2184,2184,2184,2184,2184
3,70,21,2176,2176,2176,2176,2176
3,70,22,136,136,136,136,136
3,70,23,2184,2184,2184,2184,2184
3,70,24,2176,2176,2176,2176,2176
3,70,25,136,136,136,136,136
3,70,26,2184,2184,2184,2184,2184
3,70,27,2176,2176,2176,2176,2176
3,70,28,136,136,136,136,136
3,70,29,2184,2184,2184,2184,2184
3,70,30,2176,2176,2176,2176,2176
3,70,31,136,136,136,136,136
3,70,32,2184,2184,2184,2184,2184
3,70,33,2176,2176,2176,2176,2176
3,70,34,136,136,136,136,136
3,70,35,2184,2184,2184,2184,2184
3,70,36,2176,2176,2176,2176,2176
3,70,37,136,136,136,136,136
3,70,38,2184,2184,2184,2184,2184
3,70,39,2176,2176,2176,2176,2176
3,70,40,136,136,136,136,136
3,70,41,2184,2184,2184,2184,2184
3,70,42,2176,2176,2176,2176,2176
3,70,43,136,136,136,136,136
3,70,44,2184,2184,2184,2184,2184
3,70,45,2176,2176,2176,2176,2176
3,70,46,136,136,136,136,136
3,70,47,2184,2184,2184,2184,2184
3,70,48,2176,2176,2176,2176,2176
3,70,49,136,136,136,136,136
3,70,50,2184,2184,2184,2184,2184
3,70,51,2176,2176,2176,2176,2176
3,70,52,136,136,136,136,136
3,70,53,2184,2184,2184,2184,2184
3,70,54,2176,2176,2176,2176,2176
3,70,55,136,136,136,136,136
3,70,56,2184,2184,2184,2184,2184
3,70,57,2176,2176,2176,2176,2176
3,70,58,136,136,136,136,136
3,70,59,2184,2184,2184,2184,2184
3,70,60,2176,2176,2176,2176,2176
3,70,61,136,136,136,136,136
3,70,62,2184,2184,2184,2184,2184
3,70,63,2176,2176,2176,2176,2176
3,70,64,136,136,136,136,136
3,70,65,2184,2184,2184,2184,2184
3,70,66,2176,2176,2176,2176,2176
3,70,67,136,136,136,136,136
3,70,68,2184,2184,2184,2184,2184
3,70,69,2176,2176,2176,2176,2176
3,70,70,136,136,136,136,136
3,70,71,2184,2184,2184,2184,2184
3,70,72,2176,2176,2176,2176,2176
3,70,73,136,136,136,136,136
3,70,74,2184,2184,2184,2184,2184
3,70,75,2176,2176,2176,2176,2176
3,70,76,136,136,136,136,136
3,70,77,2184,2184,2184,2184,2184
3,70,78,2176,2176,2176,2176,2176
3,70,79,136,136,136,136,136
3,70,80,2184,2184,2184,2184,2184
3,71,0,2176,2176,2176,2176,2176
3,71,1,136,136,136,136,136
3,71,2,2184,2184,2184,2184,2184
3,71,3,2176,2176,2176,2176,2176
3,71,4,136,136,136,136,136
3,71,5,2184,2184,2184,2184,2184
3,71,6,2176,2176,2176,2176,2176
3,71,7,136,136,136,136,136
3,71,8,2184,2184,2184,2184,2184
3,71,9,2176,2176,2176,2176,2176
3,71,10,136,136,136,136,136
3,71,11,2184,2184,2184,2184,2184
3,71,12,2176,2176,2176,2176,2176
3,71,13,136,136,136,136,136
3,71,14,2184,2184,2184,2184,2184
3,71,15,2176,2176,2176,2176,2176
3,71,16,136,136,136,136,136
3,71,17,2184,2184,2184,2184,2184
3,71,18,2176,2176,2176,2176,2176
3,71,19,136,136,136,136,136
3,71,20,2184,2184,2184,2184,2184
3,71,21,2176,2176,2176,2176,2176
3,71,22,136,136,136,136,136
3,71,23,2184,2184,2184,2184,2184
3,71,24,2176,2176,2176,2176,2176
3,71,25,136,136,136,136,136
3,71,26,2184,2184,2184,2184,2184
3,71,27,2176,2176,2176,2176,2176
3,71,28,136,136,136,136,136
3,71,29,2184,2184,2184,2184,2184
3,71,30,2176,2176,2176,2176,2176
3,71,31,136,136,136,136,136
3,71,32,2184,2184,2184,2184,2184
3,71,33,2176,2176,2176,2176,2176
3,71,34,136,136,136,136,136
3,71,35,2184,2184,2184,2184,2184
3,71,36,2176,2176,2176,2176,2176
3,71,37,136,136,136,136,136
3,71,38,2184,2184,2184,2184,2184
3,71,39,2176,2176,2176,2176,2176
3,71,40,136,136,136,136,136
3,71,41,2184,2184,2184,2184,2184
3,71,42,2176,2176,2176,2176,2176
3,71,43,136,136,136,136,136
3,71,44,2184,2184,2184,2184,2184
3,71,45,2176,2176,2176,2176,2176
3,71,46,136,136,136,136,136
3,71,47,2184,2184,2184,2184,2184
3,71,48,2176,2176,2176,2176,2176
3,71,49,136,136,136,136,136
3,71,50,2184,2184,2184,2184,2184
3,71,51,2176,2176,2176,2176,2176
3,71,52,136,136,136,136,136
3,71,53,2184,2184,2184,2184,2184
3,71,54,2176,2176,2176,2176,2176
3,71,55,136,136,136,136,136
3,71,56,2184,2184,2184,2184,2184
3,71,57,2176,2176,2176,2176,2176
3,71,58,136,136,136,136,136
3,71,59,2184,2184,2184,2184,2184
3,71,60,2176,2176,2176,2176,2176
3,71,61,136,136,136,136,136
3,71,62,2184,2184,2184,2184,2184
3,71,63,2176,2176,2176,2176,2176
3,71,64,136,136,136,136,136
3,71,65,2184,2184,2184,2184,2184
3,71,66,2176,2176,2176,2176,2176
3,71,67,136,136,136,136,136
3,71,68,2184,2184,2184,2184,2184
3,71,69,2176,2176,2176,2176,2176
3,71,70,136,136,136,136,136
3,71,71,2184,2184,2184,2184,2184
3,71,72,2176,2176,2176,2176,2176
3,71,73,136,136,136,136,136
3,71,74,2184,2184,2184,2184,2184
3,71,75,2176,2176,2176,2176,2176
3,71,76,136,136,136,136,136
3,71,77,2184,2184,2184,2184,2184
3,71,78,2176,2176,2176,2176,2176
3,71,79,136,136,136,136,136
3,71,80,2184,2184,2184,2184,2184
3,72,0,2176,2176,2176,2176,2176
3,72,1,136,136,136,136,136
3,72,2,2184,2184,2184,2184,2184
3,72,3,2176,2176,2176,2176,2176
3,72,4,136,136,136,136,136
3,72,5,2184,2184,2184,2184,2184
3,72,6,2176,2176,2176,2176,2176
3,72,7,136,136,136,136,136
3,72,8,2184,2184,2184,2184,2184
3,72,9,2176,2176,2176,2176,2176
3,72,10,136,136,136,136,136
3,72,11,2184,2184,2184,2184,2184
3,72,12,2176,2176,2176,2176,2176
3,72,13,136,136,136,136,136
3,72,14,2184,2184,2184,2184,2184
3,72,15,2176,2176,2176,2176,2176
3,72,16,136,136,136,136,136
3,72,17,2184,2184,2184,2184,2184
3,72,18,2176,2176,2176,2176,2176
3,72,19,136,136,136,136,136
3,72,20,2184,2184,2184,2184,2184
3,72,21,2176,2176,2176,2176,2176
3,72,22,136,136,136,136,136
3,72,23,2184,2184,2184,2184,2184
3,72,24,2176,2176,2176,2176,2176
3,72,25,136,136,136,136,136
3,72,26,2184,2184,2184,2184,2184
3,72,27,2176,2176,2176,2176,2176
3,72,28,136,136,136,136,136
3,72,29,2184,2184,2184,2184,2184
3,72,30,2176,2176,2176,2176,2176
3,72,31,136,136,136,136,136
3,72,32,2184,2184,2184,2184,2184
3,72,33,2176,2176,2176,2176,2176
3,72,34,136,136,136,136,136
3,72,35,2184,2184,2184,2184,2184
3,72,36,2176,2176,2176,2176,2176
3,72,37,136,136,136,136,136
3,72,38,2184,2184,2184,2184,2184
3,72,39,2176,2176,2176,2176,2176
3,72,40,136,136,136,136,136
3,72,41,2184,2184,2184,2184,2184
3,72,42,2176,2176,2176,2176,2176
3,72,43,136,136,136,136,136
3,72,44,2184,2184,2184,2184,2184
3,72,45,2176,2176,2176,2176,2176
3,72,46,136,136,136,136,136
3,72,47,2184,2184,2184,2184,2184
3,72,48,2176,2176,2176,2176,2176
3,72,49,136,136,136,136,136
3,72,50,2184,2184,2184,2184,2184
3,72,51,2176,2176,2176,2176,2176
3,72,52,136,136,136,136,136
3,72,53,2184,2184,2184,2184,2184
3,72,54,2176,2176,2176,2176,2176
3,72,55,136,136,136,136,136
3,72,56,2184,2184,2184,2184,2184
3,72,57,2176,2176,2176,2176,2176
3,72,58,136,136,136,136,136
3,72,59,2184,2184,2184,2184,2184
3,72,60,2176,2176,2176,2176,2176
3,72,61,136,136,136,136,136
3,72,62,2184,2184,2184,2184,2184
3,72,63,2176,2176,2176,2176,2176
3,72,64,136,136,136,136,136
3,72,65,2184,2184,2184,2184,2184
3,72,66,2176,2176,2176,2176,2176
3,72,67,136,136,136,136,136
3,72,68,2184,2184,2184,2184,2184
3,72,69,2176,2176,2176,2176,2176
3,72,70,136,136,136,136,136
3,72,71,2184,2184,2184,2184,2184
3,72,72,2176,2176,2176,2176,2176
3,72,73,136,136,136,136,136
3,72,74,2184,2184,2184,2184,2184
3,72,75,2176,2176,2176,2176,2176
3,72,76,136,136,136,136,136
3,72,77,2184,2184,2184,2184,2184
3,72,78,2176,2176,2176,2176,2176
3,72,79,136,136,136,136,136
3,72,80,2184,2184,2184,2184,2184
3,73,0,2176,2176,2176,2176,2176
3,73,1,136,136,136,136,136
3,73,2,2184,2184,2184,2184,2184
3,73,3,2176,2176,2176,2176,2176
3,73,4,136,136,136,136,136
3,73,5,2184,2184,2184,2184,2184
3,73,6,2176,2176,2176,2176,2176
3,73,7,136,136,136,136,136
3,73,8,2184,2184,2184,2184,2184
3,73,9,2176,2176,2176,2176,2176
3,73,10,136,136,136,136,136
3,73,11,2184,2184,2184,2184,2184
3,73,12,2176,2176,2176,2176,2176
3,73,13,136,136,136,136,136
3,73,14,2184,2184,2184,2184,2184
3,73,15,2176,2176,2176,2176,2176
3,73,16,136,136,136,136,136
3,73,17,2184,2184,2184,2184,2184
3,73,18,2176,2176,2176,2176,2176
3,73,19,136,136,136,136,136
3,73,20,2184,2184,2184,2184,2184
3,73,21,2176,2176,2176,2176,2176
3,73,22,136,136,136,136,136
3,73,23,2184,2184,2184,2184,2184
3,73,24,2176,2176,2176,2176,2176
3,73,25,136,136,136,136,136
3,73,26,2184,2184,2184,2184,2184
3,73,27,2176,2176,2176,2176,2176
3,73,28,136,136,136,136,136
3,73,29,2184,2184,2184,2184,2184
3,73,30,2176,2176,2176,2176,2176
3,73,31,136,136,136,136,136
3,73,32,2184,2184,2184,2184,2184
3,73,33,2176,2176,2176,2176,2176
3,73,34,136,136,136,136,136
3,73,35,2184,2184,2184,2184,2184
3,73,36,2176,2176,2176,2176,2176
3,73,37,136,136,136,136,136
3,73,38,2184,2184,2184,2184,2184
3,73,39,2176,2176,2176,2176,2176
3,73,40,136,136,136,136,136
3,73,41,2184,2184,2184,2184,2184
3,73,42,2176,2176,2176,2176,2176
3,73,43,136,136,136,136,136
3,73,44,2184,2184,2184,2184,2184
3,73,45,2176,2176,2176,2176,2176
3,73,46,136,136,136,136,136
3,73,47,2184,2184,2184,2184,2184
3,73,48,2176,2176,2176,2176,2176
3,73,49,136,136,136,136,136
3,73,50,2184,2184,2184,2184,2184
3,73,51,2176,2176,2176,2176,2176
3,73,52,136,136,136,136,136
3,73,53,2184,2184,2184,2184,2184
3,73,54,2176,2176,2176,2176,2176
3,73,55,136,136,136,136,136
3,73,56,2184,2184,2184,2184,2184
3,73,57,2176,2176,2176,2176,2176
3,73,58,136,136,136,136,136
3,73,59,2184,2184,2184,2184,2184
3,73,60,2176,2176,2176,2176,2176
3,73,61,136,136,136,136,136
3,73,62,2184,2184,2184,2184,2184
3,73,63,2176,2176,2176,2176,2176
3,73,64,136,136,136,136,136
3,73,65,2184,2184,2184,2184,2184
3,73,66,2176,2176,2176,2176,2176
3,73,67,136,136,136,136,136
3,73,68,2184,2184,2184,2184,2184
3,73,69,2176,2176,2176,2176,2176
3,73,70,136,136,136,136,136
3,73,71,2184,2184,2184,2184,2184
3,73,72,2176,2176,2176,2176,2176
3,73,73,136,136,136,136,136
3,73,74,2184,2184,2184,2184,2184
3,73,75,2176,2176,2176,2176,2176
3,73,76,136,136,136,136,136
3,73,77,2184,2184,2184,2184,2184
3,73,78,2176,2176,2176,2176,2176
3,73,79,136,136,136,136,136
3,73,80,2184,2184,2184,2184,2184
3,74,0,2176,2176,2176,2176,2176
3,74,1,136,136,136,136,136
3,74,2,2184,2184,2184,2184,2184
3,74,3,2176,2176,2176,2176,2176
3,74,4,136,136,136,136,136
3,74,5,2184,2184,2184,2184,2184
3,74,6,2176,2176,2176,2176,2176
3,74,7,136,136,136,136,136
3,74,8,2184,2184,2184,2184,2184
3,74,9,2176,2176,2176,2176,2176
3,74,10,136,136,136,136,136
3,74,11,2184,2184,2184,2184,2184
3,74,12,2176,2176,2176,2176,2176
3,74,13,136,136,136,136,136
3,74,14,2184,2184,2184,2184,2184
3,74,15,2176,2176,2176,2176,2176
3,74,16,136,136,136,136,136
3,74,17,2184,2184,2184,2184,2184
3,74,18,2176,2176,2176,2176,2176
3,74,19,136,136,136,136,136
3,74,20,2184,2184,2184,2184,2184
3,74,21,2176,2176,2176,2176,2176
3,74,22,136,136,136,136,136
3,74,23,2184,2184,2184,2184,2184
3,74,24,2176,2176,2176,2176,2176
3,74,25,136,136,136,136,136
3,74,26,2184,2184,2184,2184,2184
3,74,27,2176,2176,2176,2176,2176
3,74,28,136,136,136,136,136
3,74,29,2184,2184,2184,2184,2184
3,74,30,2176,2176,2176,2176,2176
3,74,31,136,136,136,136,136
3,74,32,2184,2184,2184,2184,2184
3,74,33,2176,2176,2176,2176,2176
3,74,34,136,136,136,136,136
3,74,35,2184,2184,2184,2184,2184
3,74,36,2176,2176,2176,2176,2176
3,74,37,136,136,136,136,136
3,74,38,2184,2184,2184,2184,2184
3,74,39,2176,2176,2176,2176,2176
3,74,40,136,136,136,136,136
3,74,41,2184,2184,2184,2184,2184
3,74,42,2176,2176,2176,2176,2176
3,74,43,136,136,136,136,136
3,74,44,2184,2184,2184,2184,2184
3,74,45,2176,2176,2176,2176,2176
3,74,46,136,136,136,136,136
3,74,47,2184,2184,2184,2184,2184
3,74,48,2176,2176,2176,2176,2176
3,74,49,136,136,136,136,136
3,74,50,2184,2184,2184,2184,2184
3,74,51,2176,2176,2176,2176,2176
3,74,52,136,136,136,136,136
3,74,53,2184,2184,2184,2184,2184
3,74,54,2176,2176,2176,2176,2176
3,74,55,136,136,136,136,136
3,74,56,2184,2184,2184,2184,2184
3,74,57,2176,2176,2176,2176,2176
3,74,58,136,136,136,136,136
3,74,59,2184,2184,2184,2184,2184
3,74,60,2176,2176,2176,2176,2176
3,74,61,136,136,136,136,136
3,74,62,2184,2184,2184,2184,2184
3,74,63,2176,2176,2176,2176,2176
3,74,64,136,136,136,136,136
3,74,65,2184,2184,2184,2184,2184
3,74,66,2176,2176,2176,2176,2176
3,74,67,136,136,136,136,136
3,74,68,2184,2184,2184,2184,2184
3,74,69,2176,2176,2176,2176,2176
3,74,70,136,136,136,136,136
3,74,71,2184,2184,2184,2184,2184
3,74,72,2176,2176,2176,2176,2176
3,74,73,136,136,136,136,136
3,74,74,2184,2184,2184,2184,2184
3,74,75,2176,2176,2176,2176,2176
3,74,76,136,136,136,136,136
3,74,77,2184,2184,2184,2184,2184
3,74,78,2176,2176,2176,2176,2176
3,74,79,136,136,136,136,136
3,74,80,2184,2184,2184,2184,2184
3,75,0,2176,2176,2176,2176,2176
3,75,1,136,136,136,136,136
3,75,2,2184,2184,2184,2184,2184
3,75,3,2176,2176,2176,2176,2176
3,75,4,136,136,136,136,136
3,75,5,2184,2184,2184,2184,2184
3,75,6,2176,2176,2176,2176,2176
3,75,7,136,136,136,136,136
3,75,8,2184,2184,2184,2184,2184
3,75,9,2176,2176,2176,2176,2176
3,75,10,136,136,136,136,136
3,75,11,2184,2184,2184,2184,2184
3,75,12,2176,2176,2176,2176,2176
3,75,13,136,136,136,136,136
3,75,14,2184,2184,2184,2184,2184
3,75,15,2176,2176,2176,2176,2176
3,75,16,136,136,136,136,136
3,75,17,2184,2184,2184,2184,2184
3,75,18,2176,2176,2176,2176,2176
3,75,19,136,136,136,136,136
3,75,20,2184,2184,2184,2184,2184
3,75,21,2176,2176,2176,2176,2176
3,75,22,136,136,136,136,136
3,75,23,2184,2184,2184,2184,2184
3,75,24,2176,2176,2176,2176,2176
3,75,25,136,136,136,136,136
3,75,26,2184,2184,2184,2184,2184
3,75,27,2176,2176,2176,2176,2176
3,75,28,136,136,136,136,136
3,75,29,2184,2184,2184,2184,2184
3,75,30,2176,2176,2176,2176,2176
3,75,31,136,136,136,136,136
3,75,32,2184,2184,2184,2184,2184
3,75,33,2176,2176,2176,2176,2176
3,75,34,136,136,136,136,136
3,75,35,2184,2184,2184,2184,2184
3,75,36,2176,2176,2176,2176,2176
3,75,37,136,136,136,136,136
3,75,38,2184,2184,2184,2184,2184
3,75,39,2176,2176,2176,2176,2176
3,75,40,136,136,136,136,136
3,75,41,2184,2184,2184,2184,2184
3,75,42,2176,2176,2176,2176,2176
3,75,43,136,136,136,136,136
3,75,44,2184,2184,2184,2184,2184
3,75,45,2176,2176,2176,2176,2176
3,75,46,136,136,136,136,136
3,75,47,2184,2184,2184,2184,2184
3,75,48,2176,2176,2176,2176,2176
3,75,49,136,136,136,136,136
3,75,50,2184,2184,2184,2184,2184
3,75,51,2176,2176,2176,2176,2176
3,75,52,136,136,136,136,136
3,75,53,2184,2184,2184,2184,2184
3,75,54,2176,2176,2176,2176,2176
3,75,55,136,136,136,136,136
3,75,56,2184,2184,2184,2184,2184
3,75,57,2176,2176,2176,2176,2176
3,75,58,136,136,136,136,136
3,75,59,2184,2184,2184,2184,2184
3,75,60,2176,2176,2176,2176,2176
3,75,61,136,136,136,136,136
3,75,62,2184,2184,2184,2184,2184
3,75,63,2176,2176,2176,2176,2176
3,75,64,136,136,136,136,136
3,75,65,2184,2184,2184,2184,2184
3,75,66,2176,2176,2176,2176,2176
3,75,67,136,136,136,136,136
3,75,68,2184,2184,2184,2184,2184
3,75,69,2176,2176,2176,2176,2176
3,75,70,136,136,136,136,136
3,75,71,2184,2184,2184,2184,2184
3,75,72,2176,2176,2176,2176,2176
3,75,73,136,136,136,136,136
3,75,74,2184,2184,2184,2184,2184
3,75,75,2176,2176,2176,2176,2176
3,75,76,136,136,136,136,136
3,75,77,2184,2184,2184,2184,2184
3,75,78,2176,2176,2176,2176,2176
3,75,79,136,136,136,136,136
3,75,80,2184,2184,2184,2184,2184
3,76,0,2176,2176,2176,2176,2176
3,76,1,136,136,136,136,136
3,76,2,2184,2184,2184,2184,2184
3,76,3,2176,2176,2176,2176,2176
3,76,4,136,136,136,136,136
3,76,5,2184,2184,2184,2184,2184
3,76,6,2176,2176,2176,2176,2176
3,76,7,136,136,136,136,136
3,76,8,2184,2184,2184,2184,2184
3,76,9,2176,2176,2176,2176,2176
3,76,10,136,136,136,136,136
3,76,11,2184,2184,2184,2184,2184
3,76,12,2176,2176,2176,2176,2176
3,76,13,136,136,136,136,136
3,76,14,2184,2184,2184,2184,2184
3,76,15,2176,2176,2176,2176,2176
3,76,16,136,136,136,136,136
3,76,17,2184,2184,2184,2184,2184
3,76,18,2176,2176,2176,2176,2176
3,76,19,136,136,136,136,136
3,76,20,2184,2184,2184,2184,2184
3,76,21,2176,2176,2176,2176,2176
3,76,22,136,136,136,136,136
3,76,23,2184,2184,2184,2184,2184
3,76,24,2176,2176,2176,2176,2176
3,76,25,136,136,136,136,136
3,76,26,2184,2184,2184,2184,2184
3,76,27,2176,2176,2176,2176,2176
3,76,28,136,136,136,136,136
3,76,29,2184,2184,2184,2184,2184
3,76,30,2176,2176,2176,2176,2176
3,76,31,136,136,136,136,136
3,76,32,2184,2184,2184,2184,2184
3,76,33,2176,2176,2176,2176,2176
3,76,34,136,136,136,136,136
3,76,35,2184,2184,2184,2184,2184
3,76,36,2176,2176,2176,2176,2176
3,76,37,136,136,136,136,136
3,76,38,2184,2184,2184,2184,2184
3,76,39,2176,2176,2176,2176,2176
3,76,40,136,136,136,136,136
3,76,41,2184,2184,2184,2184,2184
3,76,42,2176,2176,2176,2176,2176
3,76,43,136,136,136,136,136
3,76,44,2184,2184,2184,2184,2184
3,76,45,2176,2176,2176,2176,2176
3,76,46,136,136,136,136,136
3,76,47,2184,2184,2184,2184,2184
3,76,48,2176,2176,2176,2176,2176
3,76,49,136,136,136,136,136
3,76,50,2184,2184,2184,2184,2184
3,76,51,2176,2176,2176,2176,2176
3,76,52,136,136,136,136,136
3,76,53,2184,2184,2184,2184,2184
3,76,54,2176,2176,2176,2176,2176
3,76,55,136,136,136,136,136
3,76,56,2184,2184,2184,2184,2184
3,76,57,2176,2176,2176,2176,2176
3,76,58,136,136,136,136,136
3,76,59,2184,2184,2184,2184,2184
3,76,60,2176,2176,2176,2176,2176
3,76,61,136,136,136,136,136
3,76,62,2184,2184,2184,2184,2184
3,76,63,2176,2176,2176,2176,2176
3,76,64,136,136,136,136,136
3,76,65,2184,2184,2184,2184,2184
3,76,66,2176,2176,2176,2176,2176
3,76,67,136,136,136,136,136
3,76,68,2184,2184,2184,2184,2184
3,76,69,2176,2176,2176,2176,2176
3,76,70,136,136,136,136,136
3,76,71,2184,2184,2184,2184,2184
3,76,72,2176,2176,2176,2176,2176
3,76,73,136,136,136,136,136
3,76,74,2184,2184,2184,2184,2184
3,76,75,2176,2176,2176,2176,2176
3,76,76,136,136,136,136,136
3,76,77,2184,2184,2184,2184,2184
3,76,78,2176,2176,2176,2176,2176
3,76,79,136,136,136,136,136
3,76,80,2184,2184,2184,2184,2184
3,77,0,2176,2176,2176,2176,2176
3,77,1,136,136,136,136,136
3,77,2,2184,2184,2184,2184,2184
3,77,3,2176,2176,2176,2176,2176
3,77,4,136,136,136,136,136
3,77,5,2184,2184,2184,2184,2184
3,77,6,2176,2176,2176,2176,2176
3,77,7,136,136,136,136,136
3,77,8,2184,2184,2184,2184,2184
3,77,9,2176,2176,2176,2176,2176
3,77,10,136,136,136,136,136
3,77,11,2184,2184,2184,2184,2184
3,77,12,2176,2176,2176,2176,2176
3,77,13,136,136,136,136,136
3,77,14,2184,2184,2184,2184,2184
3,77,15,2176,2176,2176,2176,2176
3,77,16,136,136,136,136,136
3,77,17,2184,2184,2184,2184,2184
3,77,18,2176,2176,2176,2176,2176
3,77,19,136,136,136,136,136
3,77,20,2184,2184,2184,2184,2184
3,77,21,2176,2176,2176,2176,2176
3,77,22,136,136,136,136,136
3,77,23,2184,2184,2184,2184,2184
3,77,24,2176,2176,2176,2176,2176
3,77,25,136,136,136,136,136
3,77,26,2184,2184,2184,2184,2184
3,77,27,2176,2176,2176,2176,2176
3,77,28,136,136,136,136,136
3,77,29,2184,2184,2184,2184,2184
3,77,30,2176,2176,2176,2176,2176
3,77,31,136,136,136,136,136
3,77,32,2184,2184,2184,2184,2184
3,77,33,2176,2176,2176,2176,2176
3,77,34,136,136,136,136,136
3,77,35,2184,2184,2184,2184,2184
3,77,36,2176,2176,2176,2176,2176
3,77,37,136,136,136,136,136
3,77,38,2184,2184,2184,2184,2184
3,77,39,2176,2176,2176,2176,2176
3,77,40,136,136,136,136,136
3,77,41,2184,2184,2184,2184,2184
3,77,42,2176,2176,2176,2176,2176
3,77,43,136,136,136,136,136
3,77,44,2184,2184,2184,2184,2184
3,77,45,2176,2176,2176,2176,2176
3,77,46,136,136,136,136,136
3,77,47,2184,2184,2184,2184,2184
3,77,48,2176,2176,2176,2176,2176
3,77,49,136,136,136,136,136
3,77,50,2184,2184,2184,2184,2184
3,77,51,2176,2176,2176,2176,2176
3,77,52,136,136,136,136,136
3,77,53,2184,2184,2184,2184,2184
3,77,54,2176,2176,2176,2176,2176
3,77,55,136,136,136,136,136
3,77,56,2184,2184,2184,2184,2184
3,77,57,2176,2176,2176,2176,2176
3,77,58,136,136,136,136,136
3,77,59,2184,2184,2184,2184,2184
3,77,60,2176,2176,2176,2176,2176
3,77,61,136,136,136,136,136
3,77,62,2184,2184,2184,2184,2184
3,77,63,2176,2176,2176,2176,2176
3,77,64,136,136,136,136,136
3,77,65,2184,2184,2184,2184,2184
3,77,66,2176,2176,2176,2176,2176
3,77,67,136,136,136,136,136
3,77,68,2184,2184,2184,2184,2184
3,77,69,2176,2176,2176,2176,2176
3,77,70,136,136,136,136,136
3,77,71,2184,2184,2184,2184,2184
3,77,72,2176,2176,2176,2176,2176
3,77,73,136,136,136,136,136
3,77,74,2184,2184,2184,2184,2184
3,77,75,2176,2176,2176,2176,2176
3,77,76,136,136,136,136,136
3,77,77,2184,2184,2184,2184,2184
3,77,78,2176,2176,2176,2176,2176
3,77,79,136,136,136,136,136
3,77,80,2184,2184,2184,2184,2184
3,78,0,2176,2176,2176,2176,2176
3,78,1,136,136,136,136,136
3,78,2,2184,2184,2184,2184,2184
3,78,3,2176,2176,2176,2176,2176
3,78,4,136,136,136,136,136
3,78,5,2184,2184,2184,2184,2184
3,78,6,2176,2176,2176,2176,2176
3,78,7,136,136,136,136,136
3,78,8,2184,2184,2184,2184,2184
3,78,9,2176,2176,2176,2176,2176
3,78,10,136,136,136,136,136
3,78,11,2184,2184,2184,2184,2184
3,78,12,2176,2176,2176,2176,2176
3,78,13,136,136,136,136,136
3,78,14,2184,2184,2184,2184,2184
3,78,15,2176,2176,2176,2176,2176
3,78,16,136,136,136,136,136
3,78,17,2184,2184,2184,2184,2184
3,78,18,2176,2176,2176,2176,2176
3,78,19,136,136,136,136,136
3,78,20,2184,2184,2184,2184,2184
3,78,21,2176,2176,2176,2176,2176
3,78,22,136,136,136,136,136
3,78,23,2184,2184,2184,2184,2184
3,78,24,2176,2176,2176,2176,2176
3,78,25,136,136,136,136,136
3,78,26,2184,2184,2184,2184,2184
3,78,27,2176,2176,2176,2176,2176
3,78,28,136,136,136,136,136
3,78,29,2184,2184,2184,2184,2184
3,78,30,2176,2176,2176,2176,2176
3,78,31,136,136,136,136,136
3,78,32,2184,2184,2184,2184,2184
3,78,33,2176,2176,2176,2176,2176
3,78,34,136,136,136,136,136
3,78,35,2184,2184,2184,2184,2184
3,78,36,2176,2176,2176,2176,2176
3,78,37,136,136,136,136,136
3,78,38,2184,2184,2184,2184,2184
3,78,39,2176,2176,2176,2176,2176
3,78,40,136,136,136,136,136
3,78,41,2184,2184,2184,2184,2184
3,78,42,2176,2176,2176,2176,2176
3,78,43,136,136,136,136,136
3,78,44,2184,2184,2184,2184,2184
3,78,45,2176,2176,2176,2176,2176
3,78,46,136,136,136,136,136
3,78,47,2184,2184,2184,2184,2184
3,78,48,2176,2176,2176,2176,2176
3,78,49,136,136,136,136,136
3,78,50,2184,2184,2184,2184,2184
3,78,51,2176,2176,2176,2176,2176
3,78,52,136,136,136,136,136
3,78,53,2184,2184,2184,2184,2184
3,78,54,2176,2176,2176,2176,2176
3,78,55,136,136,136,136,136
3,78,56,2184,2184,2184,2184,2184
3,78,57,2176,2176,2176,2176,2176
3,78,58,136,136,136,136,136
3,78,59,2184,2184,2184,2184,2184
3,78,60,2176,2176,2176,2176,2176
3,78,61,136,136,136,136,136
3,78,62,2184,2184,2184,2184,2184
3,78,63,2176,2176,2176,2176,2176
3,78,64,136,136,136,136,136
3,78,65,2184,2184,2184,2184,2184
3,78,66,2176,2176,2176,2176,2176
3,78,67,136,136,136,136,136
3,78,68,2184,2184,2184,2184,2184
3,78,69,2176,2176,2176,2176,2176
3,78,70,136,136,136,136,136
3,78,71,2184,2184,2184,2184,2184
3,78,72,2176,2176,2176,2176,2176
3,78,73,136,136,136,136,136
3,78,74,2184,2184,2184,2184,2184
3,78,75,2176,2176,2176,2176,2176
3,78,76,136,136,136,136,136
3,78,77,2184,2184,2184,2184,2184
3,78,78,2176,2176,2176,2176,2176
3,78,79,136,136,136,136,136
3,78,80,2184,2184,2184,2184,2184
3,79,0,2176,2176,2176,2176,2176
3,79,1,136,136,136,136,136
3,79,2,2184,2184,2184,2184,2184
3,79,3,2176,2176,2176,2176,2176
3,79,4,136,136,136,136,136
3,79,5,2184,2184,2184,2184,2184
3,79,6,2176,2176,2176,2176,2176
3,79,7,136,136,136,136,136
3,79,8,2184,2184,2184,2184,2184
3,79,9,2176,2176,2176,2176,2176
3,79,10,136,136,136,136,136
3,79,11,2184,2184,2184,2184,2184
3,79,12,2176,2176,2176,2176,2176
3,79,13,136,136,136,136,136
3,79,14,2184,2184,2184,2184,2184
3,79,15,2176,2176,2176,2176,2176
3,79,16,136,136,136,136,136
3,79,17,2184,2184,2184,2184,2184
3,79,18,2176,2176,2176,2176,2176
3,79,19,136,136,136,136,136
3,79,20,2184,2184,2184,2184,2184
3,79,21,2176,2176,2176,2176,2176
3,79,22,136,136,136,136,136
3,79,23,2184,2184,2184,2184,2184
3,79,24,2176,2176,2176,2176,2176
3,79,25,136,136,136,136,136
3,79,26,2184,2184,2184,2184,2184
3,79,27,2176,2176,2176,2176,2176
3,79,28,136,136,136,136,136
3,79,29,2184,2184,2184,2184,2184
3,79,30,2176,2176,2176,2176,2176
3,79,31,136,136,136,136,136
3,79,32,2184,2184,2184,2184,2184
3,79,33,2176,2176,2176,2176,2176
3,79,34,136,136,136,136,136
3,79,35,2184,2184,2184,2184,2184
3,79,36,2176,2176,2176,2176,2176
3,79,37,136,136,136,136,136
3,79,38,2184,2184,2184,2184,2184
3,79,39,2176,2176,2176,2176,2176
3,79,40,136,136,136,136,136
3,79,41,2184,2184,2184,2184,2184
3,79,42,2176,2176,2176,2176,2176
3,79,43,136,136,136,136,136
3,79,44,2184,2184,2184,2184,2184
3,79,45,2176,2176,2176,2176,2176
3,79,46,136,136,136,136,136
3,79,47,2184,2184,2184,2184,2184
3,79,48,2176,2176,2176,2176,2176
3,79,49,136,136,136,136,136
3,79,50,2184,2184,2184,2184,2184
3,79,51,2176,2176,2176,2176,2176
3,79,52,136,136,136,136,136
3,79,53,2184,2184,2184,2184,2184
3,79,54,2176,2176,2176,2176,2176
3,79,55,136,136,136,136,136
3,79,56,2184,2184,2184,2184,2184
3,79,57,2176,2176,2176,2176,2176
3,79,58,136,136,136,136,136
3,79,59,2184,2184,2184,2184,2184
3,79,60,2176,2176,2176,2176,2176
3,79,61,136,136,136,136,136
3,79,62,2184,2184,2184,2184,2184
3,79,63,2176,2176,2176,2176,2176
3,79,64,136,136,136,136,136
3,79,65,2184,2184,2184,2184,2184
3,79,66,2176,2176,2176,2176,2176
3,79,67,136,136,136,136,136
3,79,68,2184,2184,2184,2184,2184
3,79,69,2176,2176,2176,2176,2176
3,79,70,136,136,136,136,136
3,79,71,2184,2184,2184,2184,2184
3,79,72,2176,2176,2176,2176,2176
3,79,73,136,136,136,136,136
3,79,74,2184,2184,2184,2184,2184
3,79,75,2176,2176,2176,2176,2176
3,79,76,136,136,136,136,136
3,79,77,2184,2184,2184,2184,2184
3,79,78,2176,2176,2176,2176,2176
3,79,79,136,136,136,136,136
3,79,80,2184,2184,2184,2184,2184
3,80,0,128,128,128,128,128
3,80,1,128,128,128,128,128
3,80,2,128,128,128,128,128
3,80,3,128,128,128,128,128
3,80,4,128,128,128,128,128
3,80,5,128,128,128,128,128
3,80,6,128,128,128,128,128
3,80,7,128,128,128,128,128
3,80,8,128,128,128,128,128
3,80,9,128,128,128,128,128
3,80,10,128,128,128,128,128
3,80,11,128,128,128,128,128
3,80,12,128,128,128,128,128
3,80,13,128,128,128,128,128
3,80,14,128,128,128,128,128
3,80,15,128,128,128,128,128
3,80,16,128,128,128,128,128
3,80,17,128,128,128,128,128
3,80,18,128,128,128,128,128
3,80,19,128,128,128,128,128
3,80,20,128,128,128,128,128
3,80,21,128,128,128,128,128
3,80,22,128,128,128,128,128
3,80,23,128,128,128,128,128
3,80,24,128,128,128,128,128
3,80,25,128,128,128,128,128
3,80,26,128,128,128,128,128
3,80,27,128,128,128,128,128
3,80,28,128,128,128,128,128
3,80,29,128,128,128,128,128
3,80,30,128,128,128,128,128
3,80,31,128,128,128,128,128
3,80,32,128,128,128,128,128
3,80,33,128,128,128,128,128
3,80,34,128,128,128,128,128
3,80,35,128,128,128,128,128
3,80,36,128,128,128,128,128
3,80,37,128,128,128,128,128
3,80,38,128,128,128,128,128
3,80,39,128,128,128,128,128
3,80,40,128,128,128,128,128
3,80,41,128,128,128,128,128
3,80,42,128,128,128,128,128
3,80,43,128,128,128,128,128
3,80,44,128,128,128,128,128
3,80,45,128,128,128,128,128
3,80,46,128,128,128,128,128
3,80,47,128,128,128,128,128
3,80,48,128,128,128,128,128
3,80,49,128,128,128,128,128
3,80,50,128,128,128,128,128
3,80,51,128,128,128,128,128
3,80,52,128,128,128,128,128
3,80,53,128,128,128,128,128
3,80,54,128,128,128,128,128
3,80,55,128,128,128,128,128
3,80,56,128,128,128,128,128
3,80,57,128,128,128,128,128
3,80,58,128,128,128,128,128
3,80,59,128,128,128,128,128
3,80,60,128,128,128,128,128
3,80,61,128,128,128,128,128
3,80,62,128,128,128,128,128
3,80,63,128,128,128,128,128
3,80,64,128,128,128,128,128
3,80,65,128,128,128,128,128
3,80,66,128,128,128,128,128
3,80,67,128,128,128,128,128
3,80,68,128,128,128,128,128
3,80,69,128,128,128,128,128
3,80,70,128,128,128,128,128
3,80,71,128,128,128,128,128
3,80,72,128,128,128,128,128
3,80,73,128,128,128,128,128
3,80,74,128,128,128,128,128
3,80,75,128,128,128,128,128
3,80,76,128,128,128,128,128
3,80,77,128,128,128,128,128
3,80,78,128,128,128,128,128
3,80,79,128,128,128,128,128
3,80,80,128,128,128,128,128
3,81,0,2176,2176,2176,2176,2176
3,81,1,136,136,136,136,136
3,81,2,2184,2184,2184,2184,2184
3,81,3,2176,2176,2176,2176,2176
3,81,4,136,136,136,136,136
3,81,5,2184,2184,2184,2184,2184
3,81,6,2176,2176,2176,2176,2176
3,81,7,136,136,136,136,136
3,81,8,2184,2184,2184,2184,2184
3,81,9,2176,2176,2176,2176,2176
3,81,10,136,136,136,136,136
3,81,11,2184,2184,2184,2184,2184
3,81,12,2176,2176,2176,2176,2176
3,81,13,136,136,136,136,136
3,81,14,2184,2184,2184,2184,2184
3,81,15,2176,2176,2176,2176,2176
3,81,16,136,136,136,136,136
3,81,17,2184,2184,2184,2184,2184
3,81,18,2176,2176,2176,2176,2176
3,81,19,136,136,136,136,136
3,81,20,2184,2184,2184,2184,2184
3,81,21,2176,2176,2176,2176,2176
3,81,22,136,136,136,136,136
3,81,23,2184,2184,2184,2184,2184
3,81,24,2176,2176,2176,2176,2176
3,81,25,136,136,136,136,136
3,81,26,2184,2184,2184,2184,2184
3,81,27,2176,2176,2176,2176,2176
3,81,28,136,136,136,136,136
3,81,29,2184,2184,2184,2184,2184
3,81,30,2176,2176,2176,2176,2176
3,81,31,136,136,136,136,136
3,81,32,2184,2184,2184,2184,2184
3,81,33,2176,2176,2176,2176,2176
3,81,34,136,136,136,136,136
3,81,35,2184,2184,2184,2184,2184
3,81,36,2176,2176,2176,2176,2176
3,81,37,136,136,136,136,136
3,81,38,2184,2184,2184,2184,2184
3,81,39,2176,2176,2176,2176,2176
3,81,40,136,136,136,136,136
3,81,41,2184,2184,2184,2184,2184
3,81,42,2176,2176,2176,2176,2176
3,81,43,136,136,136,136,136
3,81,44,2184,2184,2184,2184,2184
3,81,45,2176,2176,2176,2176,2176
3,81,46,136,136,136,136,136
3,81,47,2184,2184,2184,2184,2184
3,81,48,2176,2176,2176,2176,2176
3,81,49,136,136,136,136,136
3,81,50,2184,2184,2184,2184,2184
3,81,51,2176,2176,2176,2176,2176
3,81,52,136,136,136,136,136
3,81,53,2184,2184,2184,2184,2184
3,81,54,2176,2176,2176,2176,2176
3,81,55,136,136,136,136,136
3,81,56,2184,2184,2184,2184,2184
3,81,57,2176,2176,2176,2176,2176
3,81,58,136,136,136,136,136
3,81,59,2184,2184,2184,2184,2184
3,81,60,2176,2176,2176,2176,2176
3,81,61,136,136,136,136,136
3,81,62,2184,2184,2184,2184,2184
3,81,63,2176,2176,2176,2176,2176
3,81,64,136,136,136,136,136
3,81,65,2184,2184,2184,2184,2184
3,81,66,2176,2176,2176,2176,2176
3,81,67,136,136,136,136,136
3,81,68,2184,2184,2184,2184,2184
3,81,69,2176,2176,2176,2176,2176
3,81,70,136,136,136,136,136
3,81,71,2184,2184,2184,2184,2184
3,81,72,2176,2176,2176,2176,2176
3,81,73,136,136,136,136,136
3,81,74,2184,2184,2184,2184,2184
3,81,75,2176,2176,2176,2176,2176
3,81,76,136,136,136,136,136
3,81,77,2184,2184,2184,2184,2184
3,81,78,2176,2176,2176,2176,2176
3,81,79,136,136,136,136,136
3,81,80,2184,2184,2184,2184,2184
3,82,0,2176,2176,2176,2176,2176
3,82,1,136,136,136,136,136
3,82,2,2184,2184,2184,2184,2184
3,82,3,2176,2176,2176,2176,2176
3,82,4,136,136,136,136,136
3,82,5,2184,2184,2184,2184,2184
3,82,6,2176,2176,2176,2176,2176
3,82,7,136,136,136,136,136
3,82,8,2184,2184,2184,2184,2184
3,82,9,2176,2176,2176,2176,2176
3,82,10,136,136,136,136,136
3,82,11,2184,2184,2184,2184,2184
3,82,12,2176,2176,2176,2176,2176
3,82,13,136,136,136,136,136
3,82,14,2184,2184,2184,2184,2184
3,82,15,2176,2176,2176,2176,2176
3,82,16,136,136,136,136,136
3,82,17,2184,2184,2184,2184,2184
3,82,18,2176,2176,2176,2176,2176
3,82,19,136,136,136,136,136
3,82,20,2184,2184,2184,2184,2184
3,82,21,2176,2176,2176,2176,2176
3,82,22,136,136,136,136,136
3,82,23,2184,2184,2184,2184,2184
3,82,24,2176,2176,2176,2176,2176
3,82,25,136,136,136,136,136
3,82,26,2184,2184,2184,2184,2184
3,82,27,2176,2176,2176,2176,2176
3,82,28,136,136,136,136,136
3,82,29,2184,2184,2184,2184,2184
3,82,30,2176,2176,2176,2176,2176
3,82,31,136,136,136,136,136
3,82,32,2184,2184,2184,2184,2184
3,82,33,2176,2176,2176,2176,2176
3,82,34,136,136,136,136,136
3,82,35,2184,2184,2184,2184,2184
3,82,36,2176,2176,2176,2176,2176
3,82,37,136,136,136,136,136
3,82,38,2184,2184,2184,2184,2184
3,82,39,2176,2176,2176,2176,2176
3,82,40,136,136,136,136,136
3,82,41,2184,2184,2184,2184,2184
3,82,42,2176,2176,2176,2176,2176
3,82,43,136,136,136,136,136
3,82,44,2184,2184,2184,2184,2184
3,82,45,2176,2176,2176,2176,2176
3,82,46,136,136,136,136,136
3,82,47,2184,2184,2184,2184,2184
3,82,48,2176,2176,2176,2176,2176
3,82,49,136,136,136,136,136
3,82,50,2184,2184,2184,2184,2184
3,82,51,2176,2176,2176,2176,2176
3,82,52,136,136,136,136,136
3,82,53,2184,2184,2184,2184,2184
3,82,54,2176,2176,2176,2176,2176
3,82,55,136,136,136,136,136
3,82,56,2184,2184,2184,2184,2184
3,82,57,2176,2176,2176,2176,2176
3,82,58,136,136,136,136,136
3,82,59,2184,2184,2184,2184,2184
3,82,60,2176,2176,2176,2176,2176
3,82,61,136,136,136,136,136
3,82,62,2184,2184,2184,2184,2184
3,82,63,2176,2176,2176,2176,2176
3,82,64,136,136,136,136,136
3,82,65,2184,2184,2184,2184,2184
3,82,66,2176,2176,2176,2176,2176
3,82,67,136,136,136,136,136
3,82,68,2184,2184,2184,2184,2184
3,82,69,2176,2176,2176,2176,2176
3,82,70,136,136,136,136,136
3,82,71,2184,2184,2184,2184,2184
3,82,72,2176,2176,2176,2176,2176
3,82,73,136,136,136,136,136
3,82,74,2184,2184,2184,2184,2184
3,82,75,2176,2176,2176,2176,2176
3,82,76,136,136,136,136,136
3,82,77,2184,2184,2184,2184,2184
3,82,78,2176,2176,2176,2176,2176
3,82,79,136,136,136,136,136
3,82,80,2184,2184,2184,2184,2184
3,83,0,2176,2176,2176,2176,2176
3,83,1,136,136,136,136,136
3,83,2,2184,2184,2184,2184,2184
3,83,3,2176,2176,2176,2176,2176
3,83,4,136,136,136,136,136
3,83,5,2184,2184,2184,2184,2184
3,83,6,2176,2176,2176,2176,2176
3,83,7,136,136,136,136,136
3,83,8,2184,2184,2184,2184,2184
3,83,9,2176,2176,2176,2176,2176
3,83,10,136,136,136,136,136
3,83,11,2184,2184,2184,2184,2184
3,83,12,2176,2176,2176,2176,2176
3,83,13,136,136,136,136,136
3,83,14,2184,2184,2184,2184,2184
3,83,15,2176,2176,2176,2176,2176
3,83,16,136,136,136,136,136
3,83,17,2184,2184,2184,2184,2184
3,83,18,2176,2176,2176,2176,2176
3,83,19,136,136,136,136,136
3,83,20,2184,2184,2184,2184,2184
3,83,21,2176,2176,2176,2176,2176
3,83,22,136,136,136,136,136
3,83,23,2184,2184,2184,2184,2184
3,83,24,2176,2176,2176,2176,2176
3,83,25,136,136,136,136,136
3,83,26,2184,2184,2184,2184,2184
3,83,27,2176,2176,2176,2176,2176
3,83,28,136,136,136,136,136
3,83,29,2184,2184,2184,2184,2184
3,83,30,2176,2176,2176,2176,2176
3,83,31,136,136,136,136,136
3,83,32,2184,2184,2184,2184,2184
3,83,33,2176,2176,2176,2176,2176
3,83,34,136,136,136,136,136
3,83,35,2184,2184,2184,2184,2184
3,83,36,2176,2176,2176,2176,2176
3,83,37,136,136,136,136,136
3,83,38,2184,2184,2184,2184,2184
3,83,39,2176,2176,2176,2176,2176
3,83,40,136,136,136,136,136
3,83,41,2184,2184,2184,2184,2184
3,83,42,2176,2176,2176,2176,2176
3,83,43,136,136,136,136,136
3,83,44,2184,2184,2184,2184,2184
3,83,45,2176,2176,2176,2176,2176
3,83,46,136,136,136,136,136
3,83,47,2184,2184,2184,2184,2184
3,83,48,2176,2176,2176,2176,2176
3,83,49,136,136,136,136,136
3,83,50,2184,2184,2184,2184,2184
3,83,51,2176,2176,2176,2176,2176
3,83,52,136,136,136,136,136
3,83,53,2184,2184,2184,2184,2184
3,83,54,2176,2176,2176,2176,2176
3,83,55,136,136,136,136,136
3,83,56,2184,2184,2184,2184,2184
3,83,57,2176,2176,2176,2176,2176
3,83,58,136,136,136,136,136
3,83,59,2184,2184,2184,2184,2184
3,83,60,2176,2176,2176,2176,2176
3,83,61,136,136,136,136,136
3,83,62,2184,2184,2184,2184,2184
3,83,63,2176,2176,2176,2176,2176
3,83,64,136,136,136,136,136
3,83,65,2184,2184,2184,2184,2184
3,83,66,2176,2176,2176,2176,2176
3,83,67,136,136,136,136,136
3,83,68,2184,2184,2184,2184,2184
3,83,69,2176,2176,2176,2176,2176
3,83,70,136,136,136,136,136
3,83,71,2184,2184,2184,2184,2184
3,83,72,2176,2176,2176,2176,2176
3,83,73,136,136,136,136,136
3,83,74,2184,2184,2184,2184,2184
3,83,75,2176,2176,2176,2176,2176
3,83,76,136,136,136,136,136
3,83,77,2184,2184,2184,2184,2184
3,83,78,2176,2176,2176,2176,2176
3,83,79,136,136,136,136,136
3,83,80,2184,2184,2184,2184,2184
3,84,0,2176,2176,2176,2176,2176
3,84,1,136,136,136,136,136
3,84,2,2184,2184,2184,2184,2184
3,84,3,2176,2176,2176,2176,2176
3,84,4,136,136,136,136,136
3,84,5,2184,2184,2184,2184,2184
3,84,6,2176,2176,2176,2176,2176
3,84,7,136,136,136,136,136
3,84,8,2184,2184,2184,2184,2184
3,84,9,2176,2176,2176,2176,2176
3,84,10,136,136,136,136,136
3,84,11,2184,2184,2184,2184,2184
3,84,12,2176,2176,2176,2176,2176
3,84,13,136,136,136,136,136
3,84,14,2184,2184,2184,2184,2184
3,84,15,2176,2176,2176,2176,2176
3,84,16,136,136,136,136,136
3,84,17,2184,2184,2184,2184,2184
3,84,18,2176,2176,2176,2176,2176
3,84,19,136,136,136,136,136
3,84,20,2184,2184,2184,2184,2184
3,84,21,2176,2176,2176,2176,2176
3,84,22,136,136,136,136,136
3,84,23,2184,2184,2184,2184,2184
3,84,24,2176,2176,2176,2176,2176
3,84,25,136,136,136,136,136
3,84,26,2184,2184,2184,2184,2184
3,84,27,2176,2176,2176,2176,2176
3,84,28,136,136,136,136,136
3,84,29,2184,2184,2184,2184,2184
3,84,30,2176,2176,2176,2176,2176
3,84,31,136,136,136,136,136
3,84,32,2184,2184,2184,2184,2184
3,84,33,2176,2176,2176,2176,2176
3,84,34,136,136,136,136,136
3,84,35,2184,2184,2184,2184,2184
3,84,36,2176,2176,2176,2176,2176
3,84,37,136,136,136,136,136
3,84,38,2184,2184,2184,2184,2184
3,84,39,2176,2176,2176,2176,2176
3,84,40,136,136,136,136,136
3,84,41,2184,2184,2184,2184,2184
3,84,42,2176,2176,2176,2176,2176
3,84,43,136,136,136,136,136
3,84,44,2184,2184,2184,2184,2184
3,84,45,2176,2176,2176,2176,2176
3,84,46,136,136,136,136,136
3,84,47,2184,2184,2184,2184,2184
3,84,48,2176,2176,2176,2176,2176
3,84,49,136,136,136,136,136
3,84,50,2184,2184,2184,2184,2184
3,84,51,2176,2176,2176,2176,2176
3,84,52,136,136,136,136,136
3,84,53,2184,2184,2184,2184,2184
3,84,54,2176,2176,2176,2176,2176
3,84,55,136,136,136,136,136
3,84,56,2184,2184,2184,2184,2184
3,84,57,2176,2176,2176,2176,2176
3,84,58,136,136,136,136,136
3,84,59,2184,2184,2184,2184,2184
3,84,60,2176,2176,2176,2176,2176
3,84,61,136,136,136,136,136
3,84,62,2184,2184,2184,2184,2184
3,84,63,2176,2176,2176,2176,2176
3,84,64,136,136,136,136,136
3,84,65,2184,2184,2184,2184,2184
3,84,66,2176,2176,2176,2176,2176
3,84,67,136,136,136,136,136
3,84,68,2184,2184,2184,2184,2184
3,84,69,2176,2176,2176,2176,2176
3,84,70,136,136,136,136,136
3,84,71,2184,2184,2184,2184,2184
3,84,72,2176,2176,2176,2176,2176
3,84,73,136,136,136,136,136
3,84,74,2184,2184,2184,2184,2184
3,84,75,2176,2176,2176,2176,2176
3,84,76,136,136,136,136,136
3,84,77,2184,2184,2184,2184,2184
3,84,78,2176,2176,2176,2176,2176
3,84,79,136,136,136,136,136
3,84,80,2184,2184,2184,2184,2184
3,85,0,2176,2176,2176,2176,2176
3,85,1,136,136,136,136,136
3,85,2,2184,2184,2184,2184,2184
3,85,3,2176,2176,2176,2176,2176
3,85,4,136,136,136,136,136
3,85,5,2184,2184,2184,2184,2184
3,85,6,2176,2176,2176,2176,2176
3,85,7,136,136,136,136,136
3,85,8,2184,2184,2184,2184,2184
3,85,9,2176,2176,2176,2176,2176
3,85,10,136,136,136,136,136
3,85,11,2184,2184,2184,2184,2184
3,85,12,2176,2176,2176,2176,2176
3,85,13,136,136,136,136,136
3,85,14,2184,2184,2184,2184,2184
3,85,15,2176,2176,2176,2176,2176
3,85,16,136,136,136,136,136
3,85,17,2184,2184,2184,2184,2184
3,85,18,2176,2176,2176,2176,2176
3,85,19,136,136,136,136,136
3,85,20,2184,2184,2184,2184,2184
3,85,21,2176,2176,2176,2176,2176
3,85,22,136,136,136,136,136
3,85,23,2184,2184,2184,2184,2184
3,85,24,2176,2176,2176,2176,2176
3,85,25,136,136,136,136,136
3,85,26,2184,2184,2184,2184,2184
3,85,27,2176,2176,2176,2176,2176
3,85,28,136,136,136,136,136
3,85,29,2184,2184,2184,2184,2184
3,85,30,2176,2176,2176,2176,2176
3,85,31,136,136,136,136,136
3,85,32,2184,2184,2184,2184,2184
3,85,33,2176,2176,2176,2176,2176
3,85,34,136,136,136,136,136
3,85,35,2184,2184,2184,2184,2184
3,85,36,2176,2176,2176,2176,2176
3,85,37,136,136,136,136,136
3,85,38,2184,2184,2184,2184,2184
3,85,39,2176,2176,2176,2176,2176
3,85,40,136,136,136,136,136
3,85,41,2184,2184,2184,2184,2184
3,85,42,2176,2176,2176,2176,2176
3,85,43,136,136,136,136,136
3,85,44,2184,2184,2184,2184,2184
3,85,45,2176,2176,2176,2176,2176
3,85,46,136,136,136,136,136
3,85,47,2184,2184,2184,2184,2184
3,85,48,2176,2176,2176,2176,2176
3,85,49,136,136,136,136,136
3,85,50,2184,2184,2184,2184,2184
3,85,51,2176,2176,2176,2176,2176
3,85,52,136,136,136,136,136
3,85,53,2184,2184,2184,2184,2184
3,85,54,2176,2176,2176,2176,2176
3,85,55,136,136,136,136,136
3,85,56,2184,2184,2184,2184,2184
3,85,57,2176,2176,2176,2176,2176
3,85,58,136,136,136,136,136
3,85,59,2184,2184,2184,2184,2184
3,85,60,2176,2176,2176,2176,2176
3,85,61,136,136,136,136,136
3,85,62,2184,2184,2184,2184,2184
3,85,63,2176,2176,2176,2176,2176
3,85,64,136,136,136,136,136
3,85,65,2184,2184,2184,2184,2184
3,85,66,2176,2176,2176,2176,2176
3,85,67,136,136,136,136,136
3,85,68,2184,2184,2184,2184,2184
3,85,69,2176,2176,2176,2176,2176
3,85,70,136,136,136,136,136
3,85,71,2184,2184,2184,2184,2184
3,85,72,2176,2176,2176,2176,2176
3,85,73,136,136,136,136,136
3,85,74,2184,2184,2184,2184,2184
3,85,75,2176,2176,2176,2176,2176
3,85,76,136,136,136,136,136
3,85,77,2184,2184,2184,2184,2184
3,85,78,2176,2176,2176,2176,2176
3,85,79,136,136,136,136,136
3,85,80,2184,2184,2184,2184,2184
3,86,0,2176,2176,2176,2176,2176
3,86,1,136,136,136,136,136
3,86,2,2184,2184,2184,2184,2184
3,86,3,2176,2176,2176,2176,2176
3,86,4,136,136,136,136,136
3,86,5,2184,2184,2184,2184,2184
3,86,6,2176,2176,2176,2176,2176
3,86,7,136,136,136,136,136
3,86,8,2184,2184,2184,2184,2184
3,86,9,2176,2176,2176,2176,2176
3,86,10,136,136,136,136,136
3,86,11,2184,2184,2184,2184,2184
3,86,12,2176,2176,2176,2176,2176
3,86,13,136,136,136,136,136
3,86,14,2184,2184,2184,2184,2184
3,86,15,2176,2176,2176,2176,2176
3,86,16,136,136,136,136,136
3,86,17,2184,2184,2184,2184,2184
3,86,18,2176,2176,2176,2176,2176
3,86,19,136,136,136,136,136
3,86,20,2184,2184,2184,2184,2184
3,86,21,2176,2176,2176,2176,2176
3,86,22,136,136,136,136,136
3,86,23,2184,2184,2184,2184,2184
3,86,24,2176,2176,2176,2176,2176
3,86,25,136,136,136,136,136
3,86,26,2184,2184,2184,2184,2184
3,86,27,2176,2176,2176,2176,2176
3,86,28,136,136,136,136,136
3,86,29,2184,2184,2184,2184,2184
3,86,30,2176,2176,2176,2176,2176
3,86,31,136,136,136,136,136
3,86,32,2184,2184,2184,2184,2184
3,86,33,2176,2176,2176,2176,2176
3,86,34,136,136,136,136,136
3,86,35,2184,2184,2184,2184,2184
3,86,36,2176,2176,2176,2176,2176
3,86,37,136,136,136,136,136
3,86,38,2184,2184,2184,2184,2184
3,86,39,2176,2176,2176,2176,2176
3,86,40,136,136,136,136,136
3,86,41,2184,2184,2184,2184,2184
3,86,42,2176,2176,2176,2176,2176
3,86,43,136,136,136,136,136
3,86,44,2184,2184,2184,2184,2184
3,86,45,2176,2176,2176,2176,2176
3,86,46,136,136,136,136,136
3,86,47,2184,2184,2184,2184,2184
3,86,48,2176,2176,2176,2176,2176
3,86,49,136,136,136,136,136
3,86,50,2184,2184,2184,2184,2184
3,86,51,2176,2176,2176,2176,2176
3,86,52,136,136,136,136,136
3,86,53,2184,2184,2184,2184,2184
3,86,54,2176,2176,2176,2176,2176
3,86,55,136,136,136,136,136
3,86,56,2184,2184,2184,2184,2184
3,86,57,2176,2176,2176,2176,2176
3,86,58,136,136,136,136,136
3,86,59,2184,2184,2184,2184,2184
3,86,60,2176,2176,2176,2176,2176
3,86,61,136,136,136,136,136
3,86,62,2184,2184,2184,2184,2184
3,86,63,2176,2176,2176,2176,2176
3,86,64,136,136,136,136,136
3,86,65,2184,2184,2184,2184,2184
3,86,66,2176,2176,2176,2176,2176
3,86,67,136,136,136,136,136
3,86,68,2184,2184,2184,2184,2184
3,86,69,2176,2176,2176,2176,2176
3,86,70,136,136,136,136,136
3,86,71,2184,2184,2184,2184,2184
3,86,72,2176,2176,2176,2176,2176
3,86,73,136,136,136,136,136
3,86,74,2184,2184,2184,2184,2184
3,86,75,2176,2176,2176,2176,2176
3,86,76,136,136,136,136,136
3,86,77,2184,2184,2184,2184,2184
3,86,78,2176,2176,2176,2176,2176
3,86,79,136,136,136,136,136
3,86,80,2184,2184,2184,2184,2184
3,87,0,2176,2176,2176,2176,2176
3,87,1,136,136,136,136,136
3,87,2,2184,2184,2184,2184,2184
3,87,3,2176,2176,2176,2176,2176
3,87,4,136,136,136,136,136
3,87,5,2184,2184,2184,2184,2184
3,87,6,2176,2176,2176,2176,2176
3,87,7,136,136,136,136,136
3,87,8,2184,2184,2184,2184,2184
3,87,9,2176,2176,2176,2176,2176
3,87,10,136,136,136,136,136
3,87,11,2184,2184,2184,2184,2184
3,87,12,2176,2176,2176,2176,2176
3,87,13,136,136,136,136,136
3,87,14,2184,2184,2184,2184,2184
3,87,15,2176,2176,2176,2176,2176
3,87,16,136,136,136,136,136
3,87,17,2184,2184,2184,2184,2184
3,87,18,2176,2176,2176,2176,2176
3,87,19,136,136,136,136,136
3,87,20,2184,2184,2184,2184,2184
3,87,21,2176,2176,2176,2176,2176
3,87,22,136,136,136,136,136
3,87,23,2184,2184,2184,2184,2184
3,87,24,2176,2176,2176,2176,2176
3,87,25,136,136,136,136,136
3,87,26,2184,2184,2184,2184,2184
3,87,27,2176,2176,2176,2176,2176
3,87,28,136,136,136,136,136
3,87,29,2184,2184,2184,2184,2184
3,87,30,2176,2176,2176,2176,2176
3,87,31,136,136,136,136,136
3,87,32,2184,2184,2184,2184,2184
3,87,33,2176,2176,2176,2176,2176
3,87,34,136,136,136,136,136
3,87,35,2184,2184,2184,2184,2184
3,87,36,2176,2176,2176,2176,2176
3,87,37,136,136,136,136,136
3,87,38,2184,2184,2184,2184,2184
3,87,39,2176,2176,2176,2176,2176
3,87,40,136,136,136,136,136
3,87,41,2184,2184,2184,2184,2184
3,87,42,2176,2176,2176,2176,2176
3,87,43,136,136,136,136,136
3,87,44,2184,2184,2184,2184,2184
3,87,45,2176,2176,2176,2176,2176
3,87,46,136,136,136,136,136
3,87,47,2184,2184,2184,2184,2184
3,87,48,2176,2176,2176,2176,2176
3,87,49,136,136,136,136,136
3,87,50,2184,2184,2184,2184,2184
3,87,51,2176,2176,2176,2176,2176
3,87,52,136,136,136,136,136
3,87,53,2184,2184,2184,2184,2184
3,87,54,2176,2176,2176,2176,2176
3,87,55,136,136,136,136,136
3,87,56,2184,2184,2184,2184,2184
3,87,57,2176,2176,2176,2176,2176
3,87,58,136,136,136,136,136
3,87,59,2184,2184,2184,2184,2184
3,87,60,2176,2176,2176,2176,2176
3,87,61,136,136,136,136,136
3,87,62,2184,2184,2184,2184,2184
3,87,63,2176,2176,2176,2176,2176
3,87,64,136,136,136,136,136
3,87,65,2184,2184,2184,2184,2184
3,87,66,2176,2176,2176,2176,2176
3,87,67,136,136,136,136,136
3,87,68,2184,2184,2184,2184,2184
3,87,69,2176,2176,2176,2176,2176
3,87,70,136,136,136,136,136
3,87,71,2184,2184,2184,2184,2184
3,87,72,2176,2176,2176,2176,2176
3,87,73,136,136,136,136,136
3,87,74,2184,2184,2184,2184,2184
3,87,75,2176,2176,2176,2176,2176
3,87,76,136,136,136,136,136
3,87,77,2184,2184,2184,2184,2184
3,87,78,2176,2176,2176,2176,2176
3,87,79,136,136,136,136,136
3,87,80,2184,2184,2184,2184,2184
3,88,0,2176,2176,2176,2176,2176
3,88,1,136,136,136,136,136
3,88,2,2184,2184,2184,2184,2184
3,88,3,2176,2176,2176,2176,2176
3,88,4,136,136,136,136,136
3,88,5,2184,2184,2184,2184,2184
3,88,6,2176,2176,2176,2176,2176
3,88,7,136,136,136,136,136
3,88,8,2184,2184,2184,2184,2184
3,88,9,2176,2176,2176,2176,2176
3,88,10,136,136,136,136,136
3,88,11,2184,2184,2184,2184,2184
3,88,12,2176,2176,2176,2176,2176
3,88,13,136,136,136,136,136
3,88,14,2184,2184,2184,2184,2184
3,88,15,2176,2176,2176,2176,2176
3,88,16,136,136,136,136,136
3,88,17,2184,2184,2184,2184,2184
3,88,18,2176,2176,2176,2176,2176
3,88,19,136,136,136,136,136
3,88,20,2184,2184,2184,2184,2184
3,88,21,2176,2176,2176,2176,2176
3,88,22,136,136,136,136,136
3,88,23,2184,2184,2184,2184,2184
3,88,24,2176,2176,2176,2176,2176
3,88,25,136,136,136,136,136
3,88,26,2184,2184,2184,2184,2184
3,88,27,2176,2176,2176,2176,2176
3,88,28,136,136,136,136,136
3,88,29,2184,2184,2184,2184,2184
3,88,30,2176,2176,2176,2176,2176
3,88,31,136,136,136,136,136
3,88,32,2184,2184,2184,2184,2184
3,88,33,2176,2176,2176,2176,2176
3,88,34,136,136,136,136,136
3,88,35,2184,2184,2184,2184,2184
3,88,36,2176,2176,2176,2176,2176
3,88,37,136,136,136,136,136
3,88,38,2184,2184,2184,2184,2184
3,88,39,2176,2176,2176,2176,2176
3,88,40,136,136,136,136,136
3,88,41,2184,2184,2184,2184,2184
3,88,42,2176,2176,2176,2176,2176
3,88,43,136,136,136,136,136
3,88,44,2184,2184,2184,2184,2184
3,88,45,2176,2176,2176,2176,2176
3,88,46,136,136,136,136,136
3,88,47,2184,2184,2184,2184,2184
3,88,48,2176,2176,2176,2176,2176
3,88,49,136,136,136,136,136
3,88,50,2184,2184,2184,2184,2184
3,88,51,2176,2176,2176,2176,2176
3,88,52,136,136,136,136,136
3,88,53,2184,2184,2184,2184,2184
3,88,54,2176,2176,2176,2176,2176
3,88,55,136,136,136,136,136
3,88,56,2184,2184,2184,2184,2184
3,88,57,2176,2176,2176,2176,2176
3,88,58,136,136,136,136,136
3,88,59,2184,2184,2184,2184,2184
3,88,60,2176,2176,2176,2176,2176
3,88,61,136,136,136,136,136
3,88,62,2184,2184,2184,2184,2184
3,88,63,2176,2176,2176,2176,2176
3,88,64,136,136,136,136,136
3,88,65,2184,2184,2184,2184,2184
3,88,66,2176,2176,2176,2176,2176
3,88,67,136,136,136,136,136
3,88,68,2184,2184,2184,2184,2184
3,88,69,2176,2176,2176,2176,2176
3,88,70,136,136,136,136,136
3,88,71,2184,2184,2184,2184,2184
3,88,72,2176,2176,2176,2176,2176
3,88,73,136,136,136,136,136
3,88,74,2184,2184,2184,2184,2184
3,88,75,2176,2176,2176,2176,2176
3,88,76,136,136,136,136,136
3,88,77,2184,2184,2184,2184,2184
3,88,78,2176,2176,2176,2176,2176
3,88,79,136,136,136,136,136
3,88,80,2184,2184,2184,2184,2184
3,89,0,2176,2176,2176,2176,2176
3,89,1,136,136,136,136,136
3,89,2,2184,2184,2184,2184,2184
3,89,3,2176,2176,2176,2176,2176
3,89,4,136,136,136,136,136
3,89,5,2184,2184,2184,2184,2184
3,89,6,2176,2176,2176,2176,2176
3,89,7,136,136,136,136,136
3,89,8,2184,2184,2184,2184,2184
3,89,9,2176,2176,2176,2176,2176
3,89,10,136,136,136,136,136
3,89,11,2184,2184,2184,2184,2184
3,89,12,2176,2176,2176,2176,2176
3,89,13,136,136,136,136,136
3,89,14,2184,2184,2184,2184,2184
3,89,15,2176,2176,2176,2176,2176
3,89,16,136,136,136,136,136
3,89,17,2184,2184,2184,2184,2184
3,89,18,2176,2176,2176,2176,2176
3,89,19,136,136,136,136,136
3,89,20,2184,2184,2184,2184,2184
3,89,21,2176,2176,2176,2176,2176
3,89,22,136,136,136,136,136
3,89,23,2184,2184,2184,2184,2184
3,89,24,2176,2176,2176,2176,2176
3,89,25,136,136,136,136,136
3,89,26,2184,2184,2184,2184,2184
3,89,27,2176,2176,2176,2176,2176
3,89,28,136,136,136,136,136
3,89,29,2184,2184,2184,2184,2184
3,89,30,2176,2176,2176,2176,2176
3,89,31,136,136,136,136,136
3,89,32,2184,2184,2184,2184,2184
3,89,33,2176,2176,2176,2176,2176
3,89,34,136,136,136,136,136
3,89,35,2184,2184,2184,2184,2184
3,89,36,2176,2176,2176,2176,2176
3,89,37,136,136,136,136,136
3,89,38,2184,2184,2184,2184,2184
3,89,39,2176,2176,2176,2176,2176
3,89,40,136,136,136,136,136
3,89,41,2184,2184,2184,2184,2184
3,89,42,2176,2176,2176,2176,2176
3,89,43,136,136,136,136,136
3,89,44,2184,2184,2184,2184,2184
3,89,45,2176,2176,2176,2176,2176
3,89,46,136,136,136,136,136
3,89,47,2184,2184,2184,2184,2184
3,89,48,2176,2176,2176,2176,2176
3,89,49,136,136,136,136,136
3,89,50,2184,2184,2184,2184,2184
3,89,51,2176,2176,2176,2176,2176
3,89,52,136,136,136,136,136
3,89,53,2184,2184,2184,2184,2184
3,89,54,2176,2176,2176,2176,2176
3,89,55,136,136,136,136,136
3,89,56,2184,2184,2184,2184,2184
3,89,57,2176,2176,2176,2176,2176
3,89,58,136,136,136,136,136
3,89,59,2184,2184,2184,2184,2184
3,89,60,2176,2176,2176,2176,2176
3,89,61,136,136,136,136,136
3,89,62,2184,2184,2184,2184,2184
3,89,63,2176,2176,2176,2176,2176
3,89,64,136,136,136,136,136
3,89,65,2184,2184,2184,2184,2184
3,89,66,2176,2176,2176,2176,2176
3,89,67,136,136,136,136,136
3,89,68,2184,2184,2184,2184,2184
3,89,69,2176,2176,2176,2176,2176
3,89,70,136,136,136,136,136
3,89,71,2184,2184,2184,2184,2184
3,89,72,2176,2176,2176,2176,2176
3,89,73,136,136,136,136,136
3,89,74,2184,2184,2184,2184,2184
3,89,75,2176,2176,2176,2176,2176
3,89,76,136,136,136,136,136
3,89,77,2184,2184,2184,2184,2184
3,89,78,2176,2176,2176,2176,2176
3,89,79,136,136,136,136,136
3,89,80,2184,2184,2184,2184,2184
3,90,0,2176,2176,2176,2176,2176
3,90,1,136,136,136,136,136
3,90,2,2184,2184,2184,2184,2184
3,90,3,2176,2176,2176,2176,2176
3,90,4,136,136,136,136,136
3,90,5,2184,2184,2184,2184,2184
3,90,6,2176,2176,2176,2176,2176
3,90,7,136,136,136,136,136
3,90,8,2184,2184,2184,2184,2184
3,90,9,2176,2176,2176,2176,2176
3,90,10,136,136,136,136,136
3,90,11,2184,2184,2184,2184,2184
3,90,12,2176,2176,2176,2176,2176
3,90,13,136,136,136,136,136
3,90,14,2184,2184,2184,2184,2184
3,90,15,2176,2176,2176,2176,2176
3,90,16,136,136,136,136,136
3,90,17,2184,2184,2184,2184,2184
3,90,18,2176,2176,2176,2176,2176
3,90,19,136,136,136,136,136
3,90,20,2184,2184,2184,2184,2184
3,90,21,2176,2176,2176,2176,2176
3,90,22,136,136,136,136,136
3,90,23,2184,2184,2184,2184,2184
3,90,24,2176,2176,2176,2176,2176
3,90,25,136,136,136,136,136
3,90,26,2184,2184,2184,2184,2184
3,90,27,2176,2176,2176,2176,2176
3,90,28,136,136,136,136,136
3,90,29,2184,2184,2184,2184,2184
3,90,30,2176,2176,2176,2176,2176
3,90,31,136,136,136,136,136
3,90,32,2184,2184,2184,2184,2184
3,90,33,2176,2176,2176,2176,2176
3,90,34,136,136,136,136,136
3,90,35,2184,2184,2184,2184,2184
3,90,36,2176,2176,2176,2176,2176
3,90,37,136,136,136,136,136
3,90,38,2184,2184,2184,2184,2184
3,90,39,2176,2176,2176,2176,2176
3,90,40,136,136,136,136,136
3,90,41,2184,2184,2184,2184,2184
3,90,42,2176,2176,2176,2176,2176
3,90,43,136,136,136,136,136
3,90,44,2184,2184,2184,2184,2184
3,90,45,2176,2176,2176,2176,2176
3,90,46,136,136,136,136,136
3,90,47,2184,2184,2184,2184,2184
3,90,48,2176,2176,2176,2176,2176
3,90,49,136,136,136,136,136
3,90,50,2184,2184,2184,2184,2184
3,90,51,2176,2176,2176,2176,2176
3,90,52,136,136,136,136,136
3,90,53,2184,2184,2184,2184,2184
3,90,54,2176,2176,2176,2176,2176
3,90,55,136,136,136,136,136
3,90,56,2184,2184,2184,2184,2184
3,90,57,2176,2176,2176,2176,2176
3,90,58,136,136,136,136,136
3,90,59,2184,2184,2184,2184,2184
3,90,60,2176,2176,2176,2176,2176
3,90,61,136,136,136,136,136
3,90,62,2184,2184,2184,2184,2184
3,90,63,2176,2176,2176,2176,2176
3,90,64,136,136,136,136,136
3,90,65,2184,2184,2184,2184,2184
3,90,66,2176,2176,2176,2176,2176
3,90,67,136,136,136,136,136
3,90,68,2184,2184,2184,2184,2184
3,90,69,2176,2176,2176,2176,2176
3,90,70,136,136,136,136,136
3,90,71,2184,2184,2184,2184,2184
3,90,72,2176,2176,2176,2176,2176
3,90,73,136,136,136,136,136
3,90,74,2184,2184,2184,2184,2184
3,90,75,2176,2176,2176,2176,2176
3,90,76,136,136,136,136,136
3,90,77,2184,2184,2184,2184,2184
3,90,78,2176,2176,2176,2176,2176
3,90,79,136,136,136,136,136
3,90,80,2184,2184,2184,2184,2184
3,91,0,2176,2176,2176,2176,2176
3,91,1,136,136,136,136,136
3,91,2,2184,2184,2184,2184,2184
3,91,3,2176,2176,2176,2176,2176
3,91,4,136,136,136,136,136
3,91,5,2184,2184,2184,2184,2184
3,91,6,2176,2176,2176,2176,2176
3,91,7,136,136,136,136,136
3,91,8,2184,2184,2184,2184,2184
3,91,9,2176,2176,2176,2176,2176
3,91,10,136,136,136,136,136
3,91,11,2184,2184,2184,2184,2184
3,91,12,2176,2176,2176,2176,2176
3,91,13,136,136,136,136,136
3,91,14,2184,2184,2184,2184,2184
3,91,15,2176,2176,2176,2176,2176
3,91,16,136,136,136,136,136
3,91,17,2184,2184,2184,2184,2184
3,91,18,2176,2176,2176,2176,2176
3,91,19,136,136,136,136,136
3,91,20,2184,2184,2184,2184,2184
3,91,21,2176,2176,2176,2176,2176
3,91,22,136,136,136,136,136
3,91,23,2184,2184,2184,2184,2184
3,91,24,2176,2176,2176,2176,2176
3,91,25,136,136,136,136,136
3,91,26,2184,2184,2184,2184,2184
3,91,27,2176,2176,2176,2176,2176
3,91,28,136,136,136,136,136
3,91,29,2184,2184,2184,2184,2184
3,91,30,2176,2176,2176,2176,2176
3,91,31,136,136,136,136,136
3,91,32,2184,2184,2184,2184,2184
3,91,33,2176,2176,2176,2176,2176
3,91,34,136,136,136,136,136
3,91,35,2184,2184,2184,2184,2184
3,91,36,2176,2176,2176,2176,2176
3,91,37,136,136,136,136,136
3,91,38,2184,2184,2184,2184,2184
3,91,39,2176,2176,2176,2176,2176
3,91,40,136,136,136,136,136
3,91,41,2184,2184,2184,2184,2184
3,91,42,2176,2176,2176,2176,2176
3,91,43,136,136,136,136,136
3,91,44,2184,2184,2184,2184,2184
3,91,45,2176,2176,2176,2176,2176
3,91,46,136,136,136,136,136
3,91,47,2184,2184,2184,2184,2184
3,91,48,2176,2176,2176,2176,2176
3,91,49,136,136,136,136,136
3,91,50,2184,2184,2184,2184,2184
3,91,51,2176,2176,2176,2176,2176
3,91,52,136,136,136,136,136
3,91,53,2184,2184,2184,2184,2184
3,91,54,2176,2176,2176,2176,2176
3,91,55,136,136,136,136,136
3,91,56,2184,2184,2184,2184,2184
3,91,57,2176,2176,2176,2176,2176
3,91,58,136,136,136,136,136
3,91,59,2184,2184,2184,2184,2184
3,91,60,2176,2176,2176,2176,2176
3,91,61,136,136,136,136,136
3,91,62,2184,2184,2184,2184,2184
3,91,63,2176,2176,2176,2176,2176
3,91,64,136,136,136,136,136
3,91,65,2184,2184,2184,2184,2184
3,91,66,2176,2176,2176,2176,2176
3,91,67,136,136,136,136,136
3,91,68,2184,2184,2184,2184,2184
3,91,69,2176,2176,2176,2176,2176
3,91,70,136,136,136,136,136
3,91,71,2184,2184,2184,2184,2184
3,91,72,2176,2176,2176,2176,2176
3,91,73,136,136,136,136,136
3,91,74,2184,2184,2184,2184,2184
3,91,75,2176,2176,2176,2176,2176
3,91,76,136,136,136,136,136
3,91,77,2184,2184,2184,2184,2184
3,91,78,2176,2176,2176,2176,2176
3,91,79,136,136,136,136,136
3,91,80,2184,2184,2184,2184,2184
3,92,0,2176,2176,2176,2176,2176
3,92,1,136,136,136,136,136
3,92,2,2184,2184,2184,2184,2184
3,92,3,2176,2176,2176,2176,2176
3,92,4,136,136,136,136,136
3,92,5,2184,2184,2184,2184,2184
3,92,6,2176,2176,2176,2176,2176
3,92,7,136,136,136,136,136
3,92,8,2184,2184,2184,2184,2184
3,92,9,2176,2176,2176,2176,2176
3,92,10,136,136,136,136,136
3,92,11,2184,2184,2184,2184,2184
3,92,12,2176,2176,2176,2176,2176
3,92,13,136,136,136,136,136
3,92,14,2184,2184,2184,2184,2184
3,92,15,2176,2176,2176,2176,2176
3,92,16,136,136,136,136,136
3,92,17,2184,2184,2184,2184,2184
3,92,18,2176,2176,2176,2176,2176
3,92,19,136,136,136,136,136
3,92,20,2184,2184,2184,2184,2184
3,92,21,2176,2176,2176,2176,2176
3,92,22,136,136,136,136,136
3,92,23,2184,2184,2184,2184,2184
3,92,24,2176,2176,2176,2176,2176
3,92,25,136,136,136,136,136
3,92,26,2184,2184,2184,2184,2184
3,92,27,2176,2176,2176,2176,2176
3,92,28,136,136,136,136,136
3,92,29,2184,2184,2184,2184,2184
3,92,30,2176,2176,2176,2176,2176
3,92,31,136,136,136,136,136
3,92,32,2184,2184,2184,2184,2184
3,92,33,2176,2176,2176,2176,2176
3,92,34,136,136,136,136,136
3,92,35,2184,2184,2184,2184,2184
3,92,36,2176,2176,2176,2176,2176
3,92,37,136,136,136,136,136
3,92,38,2184,2184,2184,2184,2184
3,92,39,2176,2176,2176,2176,2176
3,92,40,136,136,136,136,136
3,92,41,2184,2184,2184,2184,2184
3,92,42,2176,2176,2176,2176,2176
3,92,43,136,136,136,136,136
3,92,44,2184,2184,2184,2184,2184
3,92,45,2176,2176,2176,2176,2176
3,92,46,136,136,136,136,136
3,92,47,2184,2184,2184,2184,2184
3,92,48,2176,2176,2176,2176,2176
3,92,49,136,136,136,136,136
3,92,50,2184,2184,2184,2184,2184
3,92,51,2176,2176,2176,2176,2176
3,92,52,136,136,136,136,136
3,92,53,2184,2184,2184,2184,2184
3,92,54,2176,2176,2176,2176,2176
3,92,55,136,136,136,136,136
3,92,56,2184,2184,2184,2184,2184
3,92,57,2176,2176,2176,2176,2176
3,92,58,136,136,136,136,136
3,92,59,2184,2184,2184,2184,2184
3,92,60,2176,2176,2176,2176,2176
3,92,61,136,136,136,136,136
3,92,62,2184,2184,2184,2184,2184
3,92,63,2176,2176,2176,2176,2176
3,92,64,136,136,136,136,136
3,92,65,2184,2184,2184,2184,2184
3,92,66,2176,2176,2176,2176,2176
3,92,67,136,136,136,136,136
3,92,68,2184,2184,2184,2184,2184
3,92,69,2176,2176,2176,2176,2176
3,92,70,136,136,136,136,136
3,92,71,2184,2184,2184,2184,2184
3,92,72,2176,2176,2176,2176,2176
3,92,73,136,136,136,136,136
3,92,74,2184,2184,2184,2184,2184
3,92,75,2176,2176,2176,2176,2176
3,92,76,136,136,136,136,136
3,92,77,2184,2184,2184,2184,2184
3,92,78,2176,2176,2176,2176,2176
3,92,79,136,136,136,136,136
3,92,80,2184,2184,2184,2184,2184
3,93,0,2176,2176,2176,2176,2176
3,93,1,136,136,136,136,136
3,93,2,2184,2184,2184,2184,2184
3,93,3,2176,2176,2176,2176,2176
3,93,4,136,136,136,136,136
3,93,5,2184,2184,2184,2184,2184
3,93,6,2176,2176,2176,2176,2176
3,93,7,136,136,136,136,136
3,93,8,2184,2184,2184,2184,2184
3,93,9,2176,2176,2176,2176,2176
3,93,10,136,136,136,136,136
3,93,11,2184,2184,2184,2184,2184
3,93,12,2176,2176,2176,2176,2176
3,93,13,136,136,136,136,136
3,93,14,2184,2184,2184,2184,2184
3,93,15,2176,2176,2176,2176,2176
3,93,16,136,136,136,136,136
3,93,17,2184,2184,2184,2184,2184
3,93,18,2176,2176,2176,2176,2176
3,93,19,136,136,136,136,136
3,93,20,2184,2184,2184,2184,2184
3,93,21,2176,2176,2176,2176,2176
3,93,22,136,136,136,136,136
3,93,23,2184,2184,2184,2184,2184
3,93,24,2176,2176,2176,2176,2176
3,93,25,136,136,136,136,136
3,93,26,2184,2184,2184,2184,2184
3,93,27,2176,2176,2176,2176,2176
3,93,28,136,136,136,136,136
3,93,29,2184,2184,2184,2184,2184
3,93,30,2176,2176,2176,2176,2176
3,93,31,136,136,136,136,136
3,93,32,2184,2184,2184,2184,2184
3,93,33,2176,2176,2176,2176,2176
3,93,34,136,136,136,136,136
3,93,35,2184,2184,2184,2184,2184
3,93,36,2176,2176,2176,2176,2176
3,93,37,136,136,136,136,136
3,93,38,2184,2184,2184,2184,2184
3,93,39,2176,2176,2176,2176,2176
3,93,40,136,136,136,136,136
3,93,41,2184,2184,2184,2184,2184
3,93,42,2176,2176,2176,2176,2176
3,93,43,136,136,136,136,136
3,93,44,2184,2184,2184,2184,2184
3,93,45,2176,2176,2176,2176,2176
3,93,46,136,136,136,136,136
3,93,47,2184,2184,2184,2184,2184
3,93,48,2176,2176,2176,2176,2176
3,93,49,136,136,136,136,136
3,93,50,2184,2184,2184,2184,2184
3,93,51,2176,2176,2176,2176,2176
3,93,52,136,136,136,136,136
3,93,53,2184,2184,2184,2184,2184
3,93,54,2176,2176,2176,2176,2176
3,93,55,136,136,136,136,136
3,93,56,2184,2184,2184,2184,2184
3,93,57,2176,2176,2176,2176,2176
3,93,58,136,136,136,136,136
3,93,59,2184,2184,2184,2184,2184
3,93,60,2176,2176,2176,2176,2176
3,93,61,136,136,136,136,136
3,93,62,2184,2184,2184,2184,2184
3,93,63,2176,2176,2176,2176,2176
3,93,64,136,136,136,136,136
3,93,65,2184,2184,2184,2184,2184
3,93,66,2176,2176,2176,2176,2176
3,93,67,136,136,136,136,136
3,93,68,2184,2184,2184,2184,2184
3,93,69,2176,2176,2176,2176,2176
3,93,70,136,136,136,136,136
3,93,71,2184,2184,2184,2184,2184
3,93,72,2176,2176,2176,2176,2176
3,93,73,136,136,136,136,136
3,93,74,2184,2184,2184,2184,2184
3,93,75,2176,2176,2176,2176,2176
3,93,76,136,136,136,136,136
3,93,77,2184,2184,2184,2184,2184
3,93,78,2176,2176,2176,2176,2176
3,93,79,136,136,136,136,136
3,93,80,2184,2184,2184,2184,2184
3,94,0,2176,2176,2176,2176,2176
3,94,1,136,136,136,136,136
3,94,2,2184,2184,2184,2184,2184
3,94,3,2176,2176,2176,2176,2176
3,94,4,136,136,136,136,136
3,94,5,2184,2184,2184,2184,2184
3,94,6,2176,2176,2176,2176,2176
3,94,7,136,136,136,136,136
3,94,8,2184,2184,2184,2184,2184
3,94,9,2176,2176,2176,2176,2176
3,94,10,136,136,136,136,136
3,94,11,2184,2184,2184,2184,2184
3,94,12,2176,2176,2176,2176,2176
3,94,13,136,136,136,136,136
3,94,14,2184,2184,2184,2184,2184
3,94,15,2176,2176,2176,2176,2176
3,94,16,136,136,136,136,136
3,94,17,2184,2184,2184,2184,2184
3,94,18,2176,2176,2176,2176,2176
3,94,19,136,136,136,136,136
3,94,20,2184,2184,2184,2184,2184
3,94,21,2176,2176,2176,2176,2176
3,94,22,136,136,136,136,136
3,94,23,2184,2184,2184,2184,2184
3,94,24,2176,2176,2176,2176,2176
3,94,25,136,136,136,136,136
3,94,26,2184,2184,2184,2184,2184
3,94,27,2176,2176,2176,2176,2176
3,94,28,136,136,136,136,136
3,94,29,2184,2184,2184,2184,2184
3,94,30,2176,2176,2176,2176,2176
3,94,31,136,136,136,136,136
3,94,32,2184,2184,2184,2184,2184
3,94,33,2176,2176,2176,2176,2176
3,94,34,136,136,136,136,136
3,94,35,2184,2184,2184,2184,2184
3,94,36,2176,2176,2176,2176,2176
3,94,37,136,136,136,136,136
3,94,38,2184,2184,2184,2184,2184
3,94,39,2176,2176,2176,2176,2176
3,94,40,136,136,136,136,136
3,94,41,2184,2184,2184,2184,2184
3,94,42,2176,2176,2176,2176,2176
3,94,43,136,136,136,136,136
3,94,44,2184,2184,2184,2184,2184
3,94,45,2176,2176,2176,2176,2176
3,94,46,136,136,136,136,136
3,94,47,2184,2184,2184,2184,2184
3,94,48,2176,2176,2176,2176,2176
3,94,49,136,136,136,136,136
3,94,50,2184,2184,2184,2184,2184
3,94,51,2176,2176,2176,2176,2176
3,94,52,136,136,136,136,136
3,94,53,2184,2184,2184,2184,2184
3,94,54,2176,2176,2176,2176,2176
3,94,55,136,136,136,136,136
3,94,56,2184,2184,2184,2184,2184
3,94,57,2176,2176,2176,2176,2176
3,94,58,136,136,136,136,136
3,94,59,2184,2184,2184,2184,2184
3,94,60,2176,2176,2176,2176,2176
3,94,61,136,136,136,136,136
3,94,62,2184,2184,2184,2184,2184
3,94,63,2176,2176,2176,2176,2176
3,94,64,136,136,136,136,136
3,94,65,2184,2184,2184,2184,2184
3,94,66,2176,2176,2176,2176,2176
3,94,67,136,136,136,136,136
3,94,68,2184,2184,2184,2184,2184
3,94,69,2176,2176,2176,2176,2176
3,94,70,136,136,136,136,136
3,94,71,2184,2184,2184,2184,2184
3,94,72,2176,2176,2176,2176,2176
3,94,73,136,136,136,136,136
3,94,74,2184,2184,2184,2184,2184
3,94,75,2176,2176,2176,2176,2176
3,94,76,136,136,136,136,136
3,94,77,2184,2184,2184,2184,2184
3,94,78,2176,2176,2176,2176,2176
3,94,79,136,136,136,136,136
3,94,80,2184,2184,2184,2184,2184
3,95,0,2176,2176,2176,2176,2176
3,95,1,136,136,136,136,136
3,95,2,2184,2184,2184,2184,2184
3,95,3,2176,2176,2176,2176,2176
3,95,4,136,136,136,136,136
3,95,5,2184,2184,2184,2184,2184
3,95,6,2176,2176,2176,2176,2176
3,95,7,136,136,136,136,136
3,95,8,2184,2184,2184,2184,2184
3,95,9,2176,2176,2176,2176,2176
3,95,10,136,136,136,136,136
3,95,11,2184,2184,2184,2184,2184
3,95,12,2176,2176,2176,2176,2176
3,95,13,136,136,136,136,136
3,95,14,2184,2184,2184,2184,2184
3,95,15,2176,2176,2176,2176,2176
3,95,16,136,136,136,136,136
3,95,17,2184,2184,2184,2184,2184
3,95,18,2176,2176,2176,2176,2176
3,95,19,136,136,136,136,136
3,95,20,2184,2184,2184,2184,2184
3,95,21,2176,2176,2176,2176,2176
3,95,22,136,136,136,136,136
3,95,23,2184,2184,2184,2184,2184
3,95,24,2176,2176,2176,2176,2176
3,95,25,136,136,136,136,136
3,95,26,2184,2184,2184,2184,2184
3,95,27,2176,2176,2176,2176,2176
3,95,28,136,136,136,136,136
3,95,29,2184,2184,2184,2184,2184
3,95,30,2176,2176,2176,2176,2176
3,95,31,136,136,136,136,136
3,95,32,2184,2184,2184,2184,2184
3,95,33,2176,2176,2176,2176,2176
3,95,34,136,136,136,136,136
3,95,35,2184,2184,2184,2184,2184
3,95,36,2176,2176,2176,2176,2176
3,95,37,136,136,136,136,136
3,95,38,2184,2184,2184,2184,2184
3,95,39,2176,2176,2176,2176,2176
3,95,40,136,136,136,136,136
3,95,41,2184,2184,2184,2184,2184
3,95,42,2176,2176,2176,2176,2176
3,95,43,136,136,136,136,136
3,95,44,2184,2184,2184,2184,2184
3,95,45,2176,2176,2176,2176,2176
3,95,46,136,136,136,136,136
3,95,47,2184,2184,2184,2184,2184
3,95,48,2176,2176,2176,2176,2176
3,95,49,136,136,136,136,136
3,95,50,2184,2184,2184,2184,2184
3,95,51,2176,2176,2176,2176,2176
3,95,52,136,136,136,136,136
3,95,53,2184,2184,2184,2184,2184
3,95,54,2176,2176,2176,2176,2176
3,95,55,136,136,136,136,136
3,95,56,2184,2184,2184,2184,2184
3,95,57,2176,2176,2176,2176,2176
3,95,58,136,136,136,136,136
3,95,59,2184,2184,2184,2184,2184
3,95,60,2176,2176,2176,2176,2176
3,95,61,136,136,136,136,136
3,95,62,2184,2184,2184,2184,2184
3,95,63,2176,2176,2176,2176,2176
3,95,64,136,136,136,136,136
3,95,65,2184,2184,2184,2184,2184
3,95,66,2176,2176,2176,2176,2176
3,95,67,136,136,136,136,136
3,95,68,2184,2184,2184,2184,2184
3,95,69,2176,2176,2176,2176,2176
3,95,70,136,136,136,136,136
3,95,71,2184,2184,2184,2184,2184
3,95,72,2176,2176,2176,2176,2176
3,95,73,136,136,136,136,136
3,95,74,2184,2184,2184,2184,2184
3,95,75,2176,2176,2176,2176,2176
3,95,76,136,136,136,136,136
3,95,77,2184,2184,2184,2184,2184
3,95,78,2176,2176,2176,2176,2176
3,95,79,136,136,136,136,136
3,95,80,2184,2184,2184,2184,2184
3,96,0,128,128,128,128,128
3,96,1,128,128,128,128,128
3,96,2,128,128,128,128,128
3,96,3,128,128,128,128,128
3,96,4,128,128,128,128,128
3,96,5,128,128,128,128,128
3,96,6,128,128,128,128,128
3,96,7,128,128,128,128,128
3,96,8,128,128,128,128,128
3,96,9,128,128,128,128,128
3,96,10,128,128,128,128,128
3,96,11,128,128,128,128,128
3,96,12,128,128,128,128,128
3,96,13,128,128,128,128,128
3,96,14,128,128,128,128,128
3,96,15,128,128,128,128,128
3,96,16,128,128,128,128,128
3,96,17,128,128,128,128,128
3,96,18,128,128,128,128,128
3,96,19,128,128,128,128,128
3,96,20,128,128,128,128,128
3,96,21,128,128,128,128,128
3,96,22,128,128,128,128,128
3,96,23,128,128,128,128,128
3,96,24,128,128,128,128,128
3,96,25,128,128,128,128,128
3,96,26,128,128,128,128,128
3,96,27,128,128,128,128,128
3,96,28,128,128,128,128,128
3,96,29,128,128,128,128,128
3,96,30,128,128,128,128,128
3,96,31,128,128,128,128,128
3,96,32,128,128,128,128,128
3,96,33,128,128,128,128,128
3,96,34,128,128,128,128,128
3,96,35,128,128,128,128,128
3,96,36,128,128,128,128,128
3,96,37,128,128,128,128,128
3,96,38,128,128,128,128,128
3,96,39,128,128,128,128,128
3,96,40,128,128,128,128,128
3,96,41,128,128,128,128,128
3,96,42,128,128,128,128,128
3,96,43,128,128,128,128,128
3,96,44,128,128,128,128,128
3,96,45,128,128,128,128,128
3,96,46,128,128,128,128,128
3,96,47,128,128,128,128,128
3,96,48,128,128,128,128,128
3,96,49,128,128,128,128,128
3,96,50,128,128,128,128,128
3,96,51,128,128,128,128,128
3,96,52,128,128,128,128,128
3,96,53,128,128,128,128,128
3,96,54,128,128,128,128,128
3,96,55,128,128,128,128,128
3,96,56,128,128,128,128,128
3,96,57,128,128,128,128,128
3,96,58,128,128,128,128,128
3,96,59,128,128,128,128,128
3,96,60,128,128,128,128,128
3,96,61,128,128,128,128,128
3,96,62,128,128,128,128,128
3,96,63,128,128,128,128,128
3,96,64,128,128,128,128,128
3,96,65,128,128,128,128,128
3,96,66,128,128,128,128,128
3,96,67,128,128,128,128,128
3,96,68,128,128,128,128,128
3,96,69,128,128,128,128,128
3,96,70,128,128,128,128,128
3,96,71,128,128,128,128,128
3,96,72,128,128,128,128,128
3,96,73,128,128,128,128,128
3,96,74,128,128,128,128,128
3,96,75,128,128,128,128,128
3,96,76,128,128,128,128,128
3,96,77,128,128,128,128,128
3,96,78,128,128,128,128,128
3,96,79,128,128,128,128,128
3,96,80,128,128,128,128,128
3,97,0,2176,2176,2176,2176,2176
3,97,1,136,136,136,136,136
3,97,2,2184,2184,2184,2184,2184
3,97,3,2176,2176,2176,2176,2176
3,97,4,136,136,136,136,136
3,97,5,2184,2184,2184,2184,2184
3,97,6,2176,2176,2176,2176,2176
3,97,7,136,136,136,136,136
3,97,8,2184,2184,2184,2184,2184
3,97,9,2176,2176,2176,2176,2176
3,97,10,136,136,136,136,136
3,97,11,2184,2184,2184,2184,2184
3,97,12,2176,2176,2176,2176,2176
3,97,13,136,136,136,136,136
3,97,14,2184,2184,2184,2184,2184
3,97,15,2176,2176,2176,2176,2176
3,97,16,136,136,136,136,136
3,97,17,2184,2184,2184,2184,2184
3,97,18,2176,2176,2176,2176,2176
3,97,19,136,136,136,136,136
3,97,20,2184,2184,2184,2184,2184
3,97,21,2176,2176,2176,2176,2176
3,97,22,136,136,136,136,136
3,97,23,2184,2184,2184,2184,2184
3,97,24,2176,2176,2176,2176,2176
3,97,25,136,136,136,136,136
3,97,26,2184,2184,2184,2184,2184
3,97,27,2176,2176,2176,2176,2176
3,97,28,136,136,136,136,136
3,97,29,2184,2184,2184,2184,2184
3,97,30,2176,2176,2176,2176,2176
3,97,31,136,136,136,136,136
3,97,32,2184,2184,2184,2184,2184
3,97,33,2176,2176,2176,2176,2176
3,97,34,136,136,136,136,136
3,97,35,2184,2184,2184,2184,2184
3,97,36,2176,2176,2176,2176,2176
3,97,37,136,136,136,136,136
3,97,38,2184,2184,2184,2184,2184
3,97,39,2176,2176,2176,2176,2176
3,97,40,136,136,136,136,136
3,97,41,2184,2184,2184,2184,2184
3,97,42,2176,2176,2176,2176,2176
3,97,43,136,136,136,136,136
3,97,44,2184,2184,2184,2184,2184
3,97,45,2176,2176,2176,2176,2176
3,97,46,136,136,136,136,136
3,97,47,2184,2184,2184,2184,2184
3,97,48,2176,2176,2176,2176,2176
3,97,49,136,136,136,136,136
3,97,50,2184,2184,2184,2184,2184
3,97,51,2176,2176,2176,2176,2176
3,97,52,136,136,136,136,136
3,97,53,2184,2184,2184,2184,2184
3,97,54,2176,2176,2176,2176,2176
3,97,55,136,136,136,136,136
3,97,56,2184,2184,2184,2184,2184
3,97,57,2176,2176,2176,2176,2176
3,97,58,136,136,136,136,136
3,97,59,2184,2184,2184,2184,2184
3,97,60,2176,2176,2176,2176,2176
3,97,61,136,136,136,136,136
3,97,62,2184,2184,2184,2184,2184
3,97,63,2176,2176,2176,2176,2176
3,97,64,136,136,136,136,136
3,97,65,2184,2184,2184,2184,2184
3,97,66,2176,2176,2176,2176,2176
3,97,67,136,136,136,136,136
3,97,68,2184,2184,2184,2184,2184
3,97,69,2176,2176,2176,2176,2176
3,97,70,136,136,136,136,136
3,97,71,2184,2184,2184,2184,2184
3,97,72,2176,2176,2176,2176,2176
3,97,73,136,136,136,136,136
3,97,74,2184,2184,2184,2184,2184
3,97,75,2176,2176,2176,2176,2176
3,97,76,136,136,136,136,136
3,97,77,2184,2184,2184,2184,2184
3,97,78,2176,2176,2176,2176,2176
3,97,79,136,136,136,136,136
3,97,80,2184,2184,2184,2184,2184
3,98,0,2176,2176,2176,2176,2176
3,98,1,136,136,136,136,136
3,98,2,2184,2184,2184,2184,2184
3,98,3,2176,2176,2176,2176,2176
3,98,4,136,136,136,136,136
3,98,5,2184,2184,2184,2184,2184
3,98,6,2176,2176,2176,2176,2176
3,98,7,136,136,136,136,136
3,98,8,2184,2184,2184,2184,2184
3,98,9,2176,2176,2176,2176,2176
3,98,10,136,136,136,136,136
3,98,11,2184,2184,2184,2184,2184
3,98,12,2176,2176,2176,2176,2176
3,98,13,136,136,136,136,136
3,98,14,2184,2184,2184,2184,2184
3,98,15,2176,2176,2176,2176,2176
3,98,16,136,136,136,136,136
3,98,17,2184,2184,2184,2184,2184
3,98,18,2176,2176,2176,2176,2176
3,98,19,136,136,136,136,136
3,98,20,2184,2184,2184,2184,2184
3,98,21,2176,2176,2176,2176,2176
3,98,22,136,136,136,136,136
3,98,23,2184,2184,2184,2184,2184
3,98,24,2176,2176,2176,2176,2176
3,98,25,136,136,136,136,136
3,98,26,2184,2184,2184,2184,2184
3,98,27,2176,2176,2176,2176,2176
3,98,28,136,136,136,136,136
3,98,29,2184,2184,2184,2184,2184
3,98,30,2176,2176,2176,2176,2176
3,98,31,136,136,136,136,136
3,98,32,2184,2184,2184,2184,2184
3,98,33,2176,2176,2176,2176,2176
3,98,34,136,136,136,136,136
3,98,35,2184,2184,2184,2184,2184
3,98,36,2176,2176,2176,2176,2176
3,98,37,136,136,136,136,136
3,98,38,2184,2184,2184,2184,2184
3,98,39,2176,2176,2176,2176,2176
3,98,40,136,136,136,136,136
3,98,41,2184,2184,2184,2184,2184
3,98,42,2176,2176,2176,2176,2176
3,98,43,136,136,136,136,136
3,98,44,2184,2184,2184,2184,2184
3,98,45,2176,2176,2176,2176,2176
3,98,46,136,136,136,136,136
3,98,47,2184,2184,2184,2184,2184
3,98,48,2176,2176,2176,2176,2176
3,98,49,136,136,136,136,136
3,98,50,2184,2184,2184,2184,2184
3,98,51,2176,2176,2176,2176,2176
3,98,52,136,136,136,136,136
3,98,53,2184,2184,2184,2184,2184
3,98,54,2176,2176,2176,2176,2176
3,98,55,136,136,136,136,136
3,98,56,2184,2184,2184,2184,2184
3,98,57,2176,2176,2176,2176,2176
3,98,58,136,136,136,136,136
3,98,59,2184,2184,2184,2184,2184
3,98,60,2176,2176,2176,2176,2176
3,98,61,136,136,136,136,136
3,98,62,2184,2184,2184,2184,2184
3,98,63,2176,2176,2176,2176,2176
3,98,64,136,136,136,136,136
3,98,65,2184,2184,2184,2184,2184
3,98,66,2176,2176,2176,2176,2176
3,98,67,136,136,136,136,136
3,98,68,2184,2184,2184,2184,2184
3,98,69,2176,2176,2176,2176,2176
3,98,70,136,136,136,136,136
3,98,71,2184,2184,2184,2184,2184
3,98,72,2176,2176,2176,2176,2176
3,98,73,136,136,136,136,136
3,98,74,2184,2184,2184,2184,2184
3,98,75,2176,2176,2176,2176,2176
3,98,76,136,136,136,136,136
3,98,77,2184,2184,2184,2184,2184
3,98,78,2176,2176,2176,2176,2176
3,98,79,136,136,136,136,136
3,98,80,2184,2184,2184,2184,2184
3,99,0,2176,2176,2176,2176,2176
3,99,1,136,136,136,136,136
3,99,2,2184,2184,2184,2184,2184
3,99,3,2176,2176,2176,2176,2176
3,99,4,136,136,136,136,136
3,99,5,2184,2184,2184,2184,2184
3,99,6,2176,2176,2176,2176,2176
3,99,7,136,136,136,136,136
3,99,8,2184,2184,2184,2184,2184
3,99,9,2176,2176,2176,2176,2176
3,99,10,136,136,136,136,136
3,99,11,2184,2184,2184,2184,2184
3,99,12,2176,2176,2176,2176,2176
3,99,13,136,136,136,136,136
3,99,14,2184,2184,2184,2184,2184
3,99,15,2176,2176,2176,2176,2176
3,99,16,136,136,136,136,136
3,99,17,2184,2184,2184,2184,2184
3,99,18,2176,2176,2176,2176,2176
3,99,19,136,136,136,136,136
3,99,20,2184,2184,2184,2184,2184
3,99,21,2176,2176,2176,2176,2176
3,99,22,136,136,136,136,136
3,99,23,2184,2184,2184,2184,2184
3,99,24,2176,2176,2176,2176,2176
3,99,25,136,136,136,136,136
3,99,26,2184,2184,2184,2184,2184
3,99,27,2176,2176,2176,2176,2176
3,99,28,136,136,136,136,136
3,99,29,2184,2184,2184,2184,2184
3,99,30,2176,2176,2176,2176,2176
3,99,31,136,136,136,136,136
3,99,32,2184,2184,2184,2184,2184
3,99,33,2176,2176,2176,2176,2176
3,99,34,136,136,136,136,136
3,99,35,2184,2184,2184,2184,2184
3,99,36,2176,2176,2176,2176,2176
3,99,37,136,136,136,136,136
3,99,38,2184,2184,2184,2184,2184
3,99,39,2176,2176,2176,2176,2176
3,99,40,136,136,136,136,136
3,99,41,2184,2184,2184,2184,2184
3,99,42,2176,2176,2176,2176,2176
3,99,43,136,136,136,136,136
3,99,44,2184,2184,2184,2184,2184
3,99,45,2176,2176,2176,2176,2176
3,99,46,136,136,136,136,136
3,99,47,2184,2184,2184,2184,2184
3,99,48,2176,2176,2176,2176,2176
3,99,49,136,136,136,136,136
3,99,50,2184,2184,2184,2184,2184
3,99,51,2176,2176,2176,2176,2176
3,99,52,136,136,136,136,136
3,99,53,2184,2184,2184,2184,2184
3,99,54,2176,2176,2176,2176,2176
3,99,55,136,136,136,136,136
3,99,56,2184,2184,2184,2184,2184
3,99,57,2176,2176,2176,2176,2176
3,99,58,136,136,136,136,136
3,99,59,2184,2184,2184,2184,2184
3,99,60,2176,2176,2176,2176,2176
3,99,61,136,136,136,136,136
3,99,62,2184,2184,2184,2184,2184
3,99,63,2176,2176,2176,2176,2176
3,99,64,136,136,136,136,136
3,99,65,2184,2184,2184,2184,2184
3,99,66,2176,2176,2176,2176,2176
3,99,67,136,136,136,136,136
3,99,68,2184,2184,2184,2184,2184
3,99,69,2176,2176,2176,2176,2176
3,99,70,136,136,136,136,136
3,99,71,2184,2184,2184,2184,2184
3,99,72,2176,2176,2176,2176,2176
3,99,73,136,136,136,136,136
3,99,74,2184,2184,2184,2184,2184
3,99,75,2176,2176,2176,2176,2176
3,99,76,136,136,136,136,136
3,99,77,2184,2184,2184,2184,2184
3,99,78,2176,2176,2176,2176,2176
3,99,79,136,136,136,136,136
3,99,80,2184,2184,2184,2184,2184
3,100,0,2176,2176,2176,2176,2176
3,100,1,136,136,136,136,136
3,100,2,2184,2184,2184,2184,2184
3,100,3,2176,2176,2176,2176,2176
3,100,4,136,136,136,136,136
3,100,5,2184,2184,2184,2184,2184
3,100,6,2176,2176,2176,2176,2176
3,100,7,136,136,136,136,136
3,100,8,2184,2184,2184,2184,2184
3,100,9,2176,2176,2176,2176,2176
3,100,10,136,136,136,136,136
3,100,11,2184,2184,2184,2184,2184
3,100,12,2176,2176,2176,2176,2176
3,100,13,136,136,136,136,136
3,100,14,2184,2184,2184,2184,2184
3,100,15,2176,2176,2176,2176,2176
3,100,16,136,136,136,136,136
3,100,17,2184,2184,2184,2184,2184
3,100,18,2176,2176,2176,2176,2176
3,100,19,136,136,136,136,136
3,100,20,2184,2184,2184,2184,2184
3,100,21,2176,2176,2176,2176,2176
3,100,22,136,136,136,136,136
3,100,23,2184,2184,2184,2184,2184
3,100,24,2176,2176,2176,2176,2176
3,100,25,136,136,136,136,136
3,100,26,2184,2184,2184,2184,2184
3,100,27,2176,2176,2176,2176,2176
3,100,28,136,136,136,136,136
3,100,29,2184,2184,2184,2184,2184
3,100,30,2176,2176,2176,2176,2176
3,100,31,136,136,136,136,136
3,100,32,2184,2184,2184,2184,2184
3,100,33,2176,2176,2176,2176,2176
3,100,34,136,136,136,136,136
3,100,35,2184,2184,2184,2184,2184
3,100,36,2176,2176,2176,2176,2176
3,100,37,136,136,136,136,136
3,100,38,2184,2184,2184,2184,2184
3,100,39,2176,2176,2176,2176,2176
3,100,40,136,136,136,136,136
3,100,41,2184,2184,2184,2184,2184
3,100,42,2176,2176,2176,2176,2176
3,100,43,136,136,136,136,136
3,100,44,2184,2184,2184,2184,2184
3,100,45,2176,2176,2176,2176,2176
3,100,46,136,136,136,136,136
3,100,47,2184,2184,2184,2184,2184
3,100,48,2176,2176,2176,2176,2176
3,100,49,136,136,136,136,136
3,100,50,2184,2184,2184,2184,2184
3,100,51,2176,2176,2176,2176,2176
3,100,52,136,136,136,136,136
3,100,53,2184,2184,2184,2184,2184
3,100,54,2176,2176,2176,2176,2176
3,100,55,136,136,136,136,136
3,100,56,2184,2184,2184,2184,2184
3,100,57,2176,2176,2176,2176,2176
3,100,58,136,136,136,136,136
3,100,59,2184,2184,2184,2184,2184
3,100,60,2176,2176,2176,2176,2176
3,100,61,136,136,136,136,136
3,100,62,2184,2184,2184,2184,2184
3,100,63,2176,2176,2176,2176,2176
3,100,64,136,136,136,136,136
3,100,65,2184,2184,2184,2184,2184
3,100,66,2176,2176,2176,2176,2176
3,100,67,136,136,136,136,136
3,100,68,2184,2184,2184,2184,2184
3,100,69,2176,2176,2176,2176,2176
3,100,70,136,136,136,136,136
3,100,71,2184,2184,2184,2184,2184
3,100,72,2176,2176,2176,2176,2176
3,100,73,136,136,136,136,136
3,100,74,2184,2184,2184,2184,2184
3,100,75,2176,2176,2176,2176,2176
3,100,76,136,136,136,136,136
3,100,77,2184,2184,2184,2184,2184
3,100,78,2176,2176,2176,2176,2176
3,100,79,136,136,136,136,136
3,100,80,2184,2184,2184,2184,2184
3,101,0,2176,2176,2176,2176,2176
3,101,1,136,136,136,136,136
3,101,2,2184,2184,2184,2184,2184
3,101,3,2176,2176,2176,2176,2176
3,101,4,136,136,136,136,136
3,101,5,2184,2184,2184,2184,2184
3,101,6,2176,2176,2176,2176,2176
3,101,7,136,136,136,136,136
3,101,8,2184,2184,2184,2184,2184
3,101,9,2176,2176,2176,2176,2176
3,101,10,136,136,136,136,136
3,101,11,2184,2184,2184,2184,2184
3,101,12,2176,2176,2176,2176,2176
3,101,13,136,136,136,136,136
3,101,14,2184,2184,2184,2184,2184
3,101,15,2176,2176,2176,2176,2176
3,101,16,136,136,136,136,136
3,101,17,2184,2184,2184,2184,2184
3,101,18,2176,2176,2176,2176,2176
3,101,19,136,136,136,136,136
3,101,20,2184,2184,2184,2184,2184
3,101,21,2176,2176,2176,2176,2176
3,101,22,136,136,136,136,136
3,101,23,2184,2184,2184,2184,2184
3,101,24,2176,2176,2176,2176,2176
3,101,25,136,136,136,136,136
3,101,26,2184,2184,2184,2184,2184
3,101,27,2176,2176,2176,2176,2176
3,101,28,136,136,136,136,136
3,101,29,2184,2184,2184,2184,2184
3,101,30,2176,2176,2176,2176,2176
3,101,31,136,136,136,136,136
3,101,32,2184,2184,2184,2184,2184
3,101,33,2176,2176,2176,2176,2176
3,101,34,136,136,136,136,136
3,101,35,2184,2184,2184,2184,2184
3,101,36,2176,2176,2176,2176,2176
3,101,37,136,136,136,136,136
3,101,38,2184,2184,2184,2184,2184
3,101,39,2176,2176,2176,2176,2176
3,101,40,136,136,136,136,136
3,101,41,2184,2184,2184,2184,2184
3,101,42,2176,2176,2176,2176,2176
3,101,43,136,136,136,136,136
3,101,44,2184,2184,2184,2184,2184
3,101,45,2176,2176,2176,2176,2176
3,101,46,136,136,136,136,136
3,101,47,2184,2184,2184,2184,2184
3,101,48,2176,2176,2176,2176,2176
3,101,49,136,136,136,136,136
3,101,50,2184,2184,2184,2184,2184
3,101,51,2176,2176,2176,2176,2176
3,101,52,136,136,136,136,136
3,101,53,2184,2184,2184,2184,2184
3,101,54,2176,2176,2176,2176,2176
3,101,55,136,136,136,136,136
3,101,56,2184,2184,2184,2184,2184
3,101,57,2176,2176,2176,2176,2176
3,101,58,136,136,136,136,136
3,101,59,2184,2184,2184,2184,2184
3,101,60,2176,2176,2176,2176,2176
3,101,61,136,136,136,136,136
3,101,62,2184,2184,2184,2184,2184
3,101,63,2176,2176,2176,2176,2176
3,101,64,136,136,136,136,136
3,101,65,2184,2184,2184,2184,2184
3,101,66,2176,2176,2176,2176,2176
3,101,67,136,136,136,136,136
3,101,68,2184,2184,2184,2184,2184
3,101,69,2176,2176,2176,2176,2176
3,101,70,136,136,136,136,136
3,101,71,2184,2184,2184,2184,2184
3,101,72,2176,2176,2176,2176,2176
3,101,73,136,136,136,136,136
3,101,74,2184,2184,2184,2184,2184
3,101,75,2176,2176,2176,2176,2176
3,101,76,136,136,136,136,136
3,101,77,2184,2184,2184,2184,2184
3,101,78,2176,2176,2176,2176,2176
3,101,79,136,136,136,136,136
3,101,80,2184,2184,2184,2184,2184
3,102,0,2176,2176,2176,2176,2176
3,102,1,136,136,136,136,136
3,102,2,2184,2184,2184,2184,2184
3,102,3,2176,2176,2176,2176,2176
3,102,4,136,136,136,136,136
3,102,5,2184,2184,2184,2184,2184
3,102,6,2176,2176,2176,2176,2176
3,102,7,136,136,136,136,136
3,102,8,2184,2184,2184,2184,2184
3,102,9,2176,2176,2176,2176,2176
3,102,10,136,136,136,136,136
3,102,11,2184,2184,2184,2184,2184
3,102,12,2176,2176,2176,2176,2176
3,102,13,136,136,136,136,136
3,102,14,2184,2184,2184,2184,2184
3,102,15,2176,2176,2176,2176,2176
3,102,16,136,136,136,136,136
3,102,17,2184,2184,2184,2184,2184
3,102,18,2176,2176,2176,2176,2176
3,102,19,136,136,136,136,136
3,102,20,2184,2184,2184,2184,2184
3,102,21,2176,2176,2176,2176,2176
3,102,22,136,136,136,136,136
3,102,23,2184,2184,2184,2184,2184
3,102,24,2176,2176,2176,2176,2176
3,102,25,136,136,136,136,136
3,102,26,2184,2184,2184,2184,2184
3,102,27,2176,2176,2176,2176,2176
3,102,28,136,136,136,136,136
3,102,29,2184,2184,2184,2184,2184
3,102,30,2176,2176,2176,2176,2176
3,102,31,136,136,136,136,136
3,102,32,2184,2184,2184,2184,2184
3,102,33,2176,2176,2176,2176,2176
3,102,34,136,136,136,136,136
3,102,35,2184,2184,2184,2184,2184
3,102,36,2176,2176,2176,2176,2176
3,102,37,136,136,136,136,136
3,102,38,2184,2184,2184,2184,2184
3,102,39,2176,2176,2176,2176,2176
3,102,40,136,136,136,136,136
3,102,41,2184,2184,2184,2184,2184
3,102,42,2176,2176,2176,2176,2176
3,102,43,136,136,136,136,136
3,102,44,2184,2184,2184,2184,2184
3,102,45,2176,2176,2176,2176,2176
3,102,46,136,136,136,136,136
3,102,47,2184,2184,2184,2184,2184
3,102,48,2176,2176,2176,2176,2176
3,102,49,136,136,136,136,136
3,102,50,2184,2184,2184,2184,2184
3,102,51,2176,2176,2176,2176,2176
3,102,52,136,136,136,136,136
3,102,53,2184,2184,2184,2184,2184
3,102,54,2176,2176,2176,2176,2176
3,102,55,136,136,136,136,136
3,102,56,2184,2184,2184,2184,2184
3,102,57,2176,2176,2176,2176,2176
3,102,58,136,136,136,136,136
3,102,59,2184,2184,2184,2184,2184
3,102,60,2176,2176,2176,2176,2176
3,102,61,136,136,136,136,136
3,102,62,2184,2184,2184,2184,2184
3,102,63,2176,2176,2176,2176,2176
3,102,64,136,136,136,136,136
3,102,65,2184,2184,2184,2184,2184
3,102,66,2176,2176,2176,2176,2176
3,102,67,136,136,136,136,136
3,102,68,2184,2184,2184,2184,2184
3,102,69,2176,2176,2176,2176,2176
3,102,70,136,136,136,136,136
3,102,71,2184,2184,2184,2184,2184
3,102,72,2176,2176,2176,2176,2176
3,102,73,136,136,136,136,136
3,102,74,2184,2184,2184,2184,2184
3,102,75,2176,2176,2176,2176,2176
3,102,76,136,136,136,136,136
3,102,77,2184,2184,2184,2184,2184
3,102,78,2176,2176,2176,2176,2176
3,102,79,136,136,136,136,136
3,102,80,2184,2184,2184,2184,2184
3,103,0,2176,2176,2176,2176,2176
3,103,1,136,136,136,136,136
3,103,2,2184,2184,2184,2184,2184
3,103,3,2176,2176,2176,2176,2176
3,103,4,136,136,136,136,136
3,103,5,2184,2184,2184,2184,2184
3,103,6,2176,2176,2176,2176,2176
3,103,7,136,136,136,136,136
3,103,8,2184,2184,2184,2184,2184
3,103,9,2176,2176,2176,2176,2176
3,103,10,136,136,136,136,136
3,103,11,2184,2184,2184,2184,2184
3,103,12,2176,2176,2176,2176,2176
3,103,13,136,136,136,136,136
3,103,14,2184,2184,2184,2184,2184
3,103,15,2176,2176,2176,2176,2176
3,103,16,136,136,136,136,136
3,103,17,2184,2184,2184,2184,2184
3,103,18,2176,2176,2176,2176,2176
3,103,19,136,136,136,136,136
3,103,20,2184,2184,2184,2184,2184
3,103,21,2176,2176,2176,2176,2176
3,103,22,136,136,136,136,136
3,103,23,2184,2184,2184,2184,2184
3,103,24,2176,2176,2176,2176,2176
3,103,25,136,136,136,136,136
3,103,26,2184,2184,2184,2184,2184
3,103,27,2176,2176,2176,2176,2176
3,103,28,136,136,136,136,136
3,103,29,2184,2184,2184,2184,2184
3,103,30,2176,2176,2176,2176,2176
3,103,31,136,136,136,136,136
3,103,32,2184,2184,2184,2184,2184
3,103,33,2176,2176,2176,2176,2176
3,103,34,136,136,136,136,136
3,103,35,2184,2184,2184,2184,2184
3,103,36,2176,2176,2176,2176,2176
3,103,37,136,136,136,136,136
3,103,38,2184,2184,2184,2184,2184
3,103,39,2176,2176,2176,2176,2176
3,103,40,136,136,136,136,136
3,103,41,2184,2184,2184,2184,2184
3,103,42,2176,2176,2176,2176,2176
3,103,43,136,136,136,136,136
3,103,44,2184,2184,2184,2184,2184
3,103,45,2176,2176,2176,2176,2176
3,103,46,136,136,136,136,136
3,103,47,2184,2184,2184,2184,2184
3,103,48,2176,2176,2176,2176,2176
3,103,49,136,136,136,136,136
3,103,50,2184,2184,2184,2184,2184
3,103,51,2176,2176,2176,2176,2176
3,103,52,136,136,136,136,136
3,103,53,2184,2184,2184,2184,2184
3,103,54,2176,2176,2176,2176,2176
3,103,55,136,136,136,136,136
3,103,56,2184,2184,2184,2184,2184
3,103,57,2176,2176,2176,2176,2176
3,103,58,136,136,136,136,136
3,103,59,2184,2184,2184,2184,2184
3,103,60,2176,2176,2176,2176,2176
3,103,61,136,136,136,136,136
3,103,62,2184,2184,2184,2184,2184
3,103,63,2176,2176,2176,2176,2176
3,103,64,136,136,136,136,136
3,103,65,2184,2184,2184,2184,2184
3,103,66,2176,2176,2176,2176,2176
3,103,67,136,136,136,136,136
3,103,68,2184,2184,2184,2184,2184
3,103,69,2176,2176,2176,2176,2176
3,103,70,136,136,136,136,136
3,103,71,2184,2184,2184,2184,2184
3,103,72,2176,2176,2176,2176,2176
3,103,73,136,136,136,136,136
3,103,74,2184,2184,2184,2184,2184
3,103,75,2176,2176,2176,2176,2176
3,103,76,136,136,136,136,136
3,103,77,2184,2184,2184,2184,2184
3,103,78,2176,2176,2176,2176,2176
3,103,79,136,136,136,136,136
3,103,80,2184,2184,2184,2184,2184
3,104,0,2176,2176,2176,2176,2176
3,104,1,136,136,136,136,136
3,104,2,2184,2184,2184,2184,2184
3,104,3,2176,2176,2176,2176,2176
3,104,4,136,136,136,136,136
3,104,5,2184,2184,2184,2184,2184
3,104,6,2176,2176,2176,2176,2176
3,104,7,136,136,136,136,136
3,104,8,2184,2184,2184,2184,2184
3,104,9,2176,2176,2176,2176,2176
3,104,10,136,136,136,136,136
3,104,11,2184,2184,2184,2184,2184
3,104,12,2176,2176,2176,2176,2176
3,104,13,136,136,136,136,136
3,104,14,2184,2184,2184,2184,2184
3,104,15,2176,2176,2176,2176,2176
3,104,16,136,136,136,136,136
3,104,17,2184,2184,2184,2184,2184
3,104,18,2176,2176,2176,2176,2176
3,104,19,136,136,136,136,136
3,104,20,2184,2184,2184,2184,2184
3,104,21,2176,2176,2176,2176,2176
3,104,22,136,136,136,136,136
3,104,23,2184,2184,2184,2184,2184
3,104,24,2176,2176,2176,2176,2176
3,104,25,136,136,136,136,136
3,104,26,2184,2184,2184,2184,2184
3,104,27,2176,2176,2176,2176,2176
3,104,28,136,136,136,136,136
3,104,29,2184,2184,2184,2184,2184
3,104,30,2176,2176,2176,2176,2176
3,104,31,136,136,136,136,136
3,104,32,2184,2184,2184,2184,2184
3,104,33,2176,2176,2176,2176,2176
3,104,34,136,136,136,136,136
3,104,35,2184,2184,2184,2184,2184
3,104,36,2176,2176,2176,2176,2176
3,104,37,136,136,136,136,136
3,104,38,2184,2184,2184,2184,2184
3,104,39,2176,2176,2176,2176,2176
3,104,40,136,136,136,136,136
3,104,41,2184,2184,2184,2184,2184
3,104,42,2176,2176,2176,2176,2176
3,104,43,136,136,136,136,136
3,104,44,2184,2184,2184,2184,2184
3,104,45,2176,2176,2176,2176,2176
3,104,46,136,136,136,136,136
3,104,47,2184,2184,2184,2184,2184
3,104,48,2176,2176,2176,2176,2176
3,104,49,136,136,136,136,136
3,104,50,2184,2184,2184,2184,2184
3,104,51,2176,2176,2176,2176,2176
3,104,52,136,136,136,136,136
3,104,53,2184,2184,2184,2184,2184
3,104,54,2176,2176,2176,2176,2176
3,104,55,136,136,136,136,136
3,104,56,2184,2184,2184,2184,2184
3,104,57,2176,2176,2176,2176,2176
3,104,58,136,136,136,136,136
3,104,59,2184,2184,2184,2184,2184
3,104,60,2176,2176,2176,2176,2176
3,104,61,136,136,136,136,136
3,104,62,2184,2184,2184,2184,2184
3,104,63,2176,2176,2176,2176,2176
3,104,64,136,136,136,136,136
3,104,65,2184,2184,2184,2184,2184
3,104,66,2176,2176,2176,2176,2176
3,104,67,136,136,136,136,136
3,104,68,2184,2184,2184,2184,2184
3,104,69,2176,2176,2176,2176,2176
3,104,70,136,136,136,136,136
3,104,71,2184,2184,2184,2184,2184
3,104,72,2176,2176,2176,2176,2176
3,104,73,136,136,136,136,136
3,104,74,2184,2184,2184,2184,2184
3,104,75,2176,2176,2176,2176,2176
3,104,76,136,136,136,136,136
3,104,77,2184,2184,2184,2184,2184
3,104,78,2176,2176,2176,2176,2176
3,104,79,136,136,136,136,136
3,104,80,2184,2184,2184,2184,2184
3,105,0,2176,2176,2176,2176,2176
3,105,1,136,136,136,136,136
3,105,2,2184,2184,2184,2184,2184
3,105,3,2176,2176,2176,2176,2176
3,105,4,136,136,136,136,136
3,105,5,2184,2184,2184,2184,2184
3,105,6,2176,2176,2176,2176,2176
3,105,7,136,136,136,136,136
3,105,8,2184,2184,2184,2184,2184
3,105,9,2176,2176,2176,2176,2176
3,105,10,136,136,136,136,136
3,105,11,2184,2184,2184,2184,2184
3,105,12,2176,2176,2176,2176,2176
3,105,13,136,136,136,136,136
3,105,14,2184,2184,2184,2184,2184
3,105,15,2176,2176,2176,2176,2176
3,105,16,136,136,136,136,136
3,105,17,2184,2184,2184,2184,2184
3,105,18,2176,2176,2176,2176,2176
3,105,19,136,136,136,136,136
3,105,20,2184,2184,2184,2184,2184
3,105,21,2176,2176,2176,2176,2176
3,105,22,136,136,136,136,136
3,105,23,2184,2184,2184,2184,2184
3,105,24,2176,2176,2176,2176,2176
3,105,25,136,136,136,136,136
3,105,26,2184,2184,2184,2184,2184
3,105,27,2176,2176,2176,2176,2176
3,105,28,136,136,136,136,136
3,105,29,2184,2184,2184,2184,2184
3,105,30,2176,2176,2176,2176,2176
3,105,31,136,136,136,136,136
3,105,32,2184,2184,2184,2184,2184
3,105,33,2176,2176,2176,2176,2176
3,105,34,136,136,136,136,136
3,105,35,2184,2184,2184,2184,2184
3,105,36,2176,2176,2176,2176,2176
3,105,37,136,136,136,136,136
3,105,38,2184,2184,2184,2184,2184
3,105,39,2176,2176,2176,2176,2176
3,105,40,136,136,136,136,136
3,105,41,2184,2184,2184,2184,2184
3,105,42,2176,2176,2176,2176,2176
3,105,43,136,136,136,136,136
3,105,44,2184,2184,2184,2184,2184
3,105,45,2176,2176,2176,2176,2176
3,105,46,136,136,136,136,136
3,105,47,2184,2184,2184,2184,2184
3,105,48,2176,2176,2176,2176,2176
3,105,49,136,136,136,136,136
3,105,50,2184,2184,2184,2184,2184
3,105,51,2176,2176,2176,2176,2176
3,105,52,136,136,136,136,136
3,105,53,2184,2184,2184,2184,2184
3,105,54,2176,2176,2176,2176,2176
3,105,55,136,136,136,136,136
3,105,56,2184,2184,2184,2184,2184
3,105,57,2176,2176,2176,2176,2176
3,105,58,136,136,136,136,136
3,105,59,2184,2184,2184,2184,2184
3,105,60,2176,2176,2176,2176,2176
3,105,61,136,136,136,136,136
3,105,62,2184,2184,2184,2184,2184
3,105,63,2176,2176,2176,2176,2176
3,105,64,136,136,136,136,136
3,105,65,2184,2184,2184,2184,2184
3,105,66,2176,2176,2176,2176,2176
3,105,67,136,136,136,136,136
3,105,68,2184,2184,2184,2184,2184
3,105,69,2176,2176,2176,2176,2176
3,105,70,136,136,136,136,136
3,105,71,2184,2184,2184,2184,2184
3,105,72,2176,2176,2176,2176,2176
3,105,73,136,136,136,136,136
3,105,74,2184,2184,2184,2184,2184
3,105,75,2176,2176,2176,2176,2176
3,105,76,136,136,136,136,136
3,105,77,2184,2184,2184,2184,2184
3,105,78,2176,2176,2176,2176,2176
3,105,79,136,136,136,136,136
3,105,80,2184,2184,2184,2184,2184
3,106,0,2176,2176,2176,2176,2176
3,106,1,136,136,136,136,136
3,106,2,2184,2184,2184,2184,2184
3,106,3,2176,2176,2176,2176,2176
3,106,4,136,136,136,136,136
3,106,5,2184,2184,2184,2184,2184
3,106,6,2176,2176,2176,2176,2176
3,106,7,136,136,136,136,136
3,106,8,2184,2184,2184,2184,2184
3,106,9,2176,2176,2176,2176,2176
3,106,10,136,136,136,136,136
3,106,11,2184,2184,2184,2184,2184
3,106,12,2176,2176,2176,2176,2176
3,106,13,136,136,136,136,136
3,106,14,2184,2184,2184,2184,2184
3,106,15,2176,2176,2176,2176,2176
3,106,16,136,136,136,136,136
3,106,17,2184,2184,2184,2184,2184
3,106,18,2176,2176,2176,2176,2176
3,106,19,136,136,136,136,136
3,106,20,2184,2184,2184,2184,2184
3,106,21,2176,2176,2176,2176,2176
3,106,22,136,136,136,136,136
3,106,23,2184,2184,2184,2184,2184
3,106,24,2176,2176,2176,2176,2176
3,106,25,136,136,136,136,136
3,106,26,2184,2184,2184,2184,2184
3,106,27,2176,2176,2176,2176,2176
3,106,28,136,136,136,136,136
3,106,29,2184,2184,2184,2184,2184
3,106,30,2176,2176,2176,2176,2176
3,106,31,136,136,136,136,136
3,106,32,2184,2184,2184,2184,2184
3,106,33,2176,2176,2176,2176,2176
3,106,34,136,136,136,136,136
3,106,35,2184,2184,2184,2184,2184
3,106,36,2176,2176,2176,2176,2176
3,106,37,136,136,136,136,136
3,106,38,2184,2184,2184,2184,2184
3,106,39,2176,2176,2176,2176,2176
3,106,40,136,136,136,136,136
3,106,41,2184,2184,2184,2184,2184
3,106,42,2176,2176,2176,2176,2176
3,106,43,136,136,136,136,136
3,106,44,2184,2184,2184,2184,2184
3,106,45,2176,2176,2176,2176,2176
3,106,46,136,136,136,136,136
3,106,47,2184,2184,2184,2184,2184
3,106,48,2176,2176,2176,2176,2176
3,106,49,136,136,136,136,136
3,106,50,2184,2184,2184,2184,2184
3,106,51,2176,2176,2176,2176,2176
3,106,52,136,136,136,136,136
3,106,53,2184,2184,2184,2184,2184
3,106,54,2176,2176,2176,2176,2176
3,106,55,136,136,136,136,136
3,106,56,2184,2184,2184,2184,2184
3,106,57,2176,2176,2176,2176,2176
3,106,58,136,136,136,136,136
3,106,59,2184,2184,2184,2184,2184
3,106,60,2176,2176,2176,2176,2176
3,106,61,136,136,136,136,136
3,106,62,2184,2184,2184,2184,2184
3,106,63,2176,2176,2176,2176,2176
3,106,64,136,136,136,136,136
3,106,65,2184,2184,2184,2184,2184
3,106,66,2176,2176,2176,2176,2176
3,106,67,136,136,136,136,136
3,106,68,2184,2184,2184,2184,2184
3,106,69,2176,2176,2176,2176,2176
3,106,70,136,136,136,136,136
3,106,71,2184,2184,2184,2184,2184
3,106,72,2176,2176,2176,2176,2176
3,106,73,136,136,136,136,136
3,106,74,2184,2184,2184,2184,2184
3,106,75,2176,2176,2176,2176,2176
3,106,76,136,136,136,136,136
3,106,77,2184,2184,2184,2184,2184
3,106,78,2176,2176,2176,2176,2176
3,106,79,136,136,136,136,136
3,106,80,2184,2184,2184,2184,2184
3,107,0,2176,2176,2176,2176,2176
3,107,1,136,136,136,136,136
3,107,2,2184,2184,2184,2184,2184
3,107,3,2176,2176,2176,2176,2176
3,107,4,136,136,136,136,136
3,107,5,2184,2184,2184,2184,2184
3,107,6,2176,2176,2176,2176,2176
3,107,7,136,136,136,136,136
3,107,8,2184,2184,2184,2184,2184
3,107,9,2176,2176,2176,2176,2176
3,107,10,136,136,136,136,136
3,107,11,2184,2184,2184,2184,2184
3,107,12,2176,2176,2176,2176,2176
3,107,13,136,136,136,136,136
3,107,14,2184,2184,2184,2184,2184
3,107,15,2176,2176,2176,2176,2176
3,107,16,136,136,136,136,136
3,107,17,2184,2184,2184,2184,2184
3,107,18,2176,2176,2176,2176,2176
3,107,19,136,136,136,136,136
3,107,20,2184,2184,2184,2184,2184
3,107,21,2176,2176,2176,2176,2176
3,107,22,136,136,136,136,136
3,107,23,2184,2184,2184,2184,2184
3,107,24,2176,2176,2176,2176,2176
3,107,25,136,136,136,136,136
3,107,26,2184,2184,2184,2184,2184
3,107,27,2176,2176,2176,2176,2176
3,107,28,136,136,136,136,136
3,107,29,2184,2184,2184,2184,2184
3,107,30,2176,2176,2176,2176,2176
3,107,31,136,136,136,136,136
3,107,32,2184,2184,2184,2184,2184
3,107,33,2176,2176,2176,2176,2176
3,107,34,136,136,136,136,136
3,107,35,2184,2184,2184,2184,2184
3,107,36,2176,2176,2176,2176,2176
3,107,37,136,136,136,136,136
3,107,38,2184,2184,2184,2184,2184
3,107,39,2176,2176,2176,2176,2176
3,107,40,136,136,136,136,136
3,107,41,2184,2184,2184,2184,2184
3,107,42,2176,2176,2176,2176,2176
3,107,43,136,136,136,136,136
3,107,44,2184,2184,2184,2184,2184
3,107,45,2176,2176,2176,2176,2176
3,107,46,136,136,136,136,136
3,107,47,2184,2184,2184,2184,2184
3,107,48,2176,2176,2176,2176,2176
3,107,49,136,136,136,136,136
3,107,50,2184,2184,2184,2184,2184
3,107,51,2176,2176,2176,2176,2176
3,107,52,136,136,136,136,136
3,107,53,2184,2184,2184,2184,2184
3,107,54,2176,2176,2176,2176,2176
3,107,55,136,136,136,136,136
3,107,56,2184,2184,2184,2184,2184
3,107,57,2176,2176,2176,2176,2176
3,107,58,136,136,136,136,136
3,107,59,2184,2184,2184,2184,2184
3,107,60,2176,2176,2176,2176,2176
3,107,61,136,136,136,136,136
3,107,62,2184,2184,2184,2184,2184
3,107,63,2176,2176,2176,2176,2176
3,107,64,136,136,136,136,136
3,107,65,2184,2184,2184,2184,2184
3,107,66,2176,2176,2176,2176,2176
3,107,67,136,136,136,136,136
3,107,68,2184,2184,2184,2184,2184
3,107,69,2176,2176,2176,2176,2176
3,107,70,136,136,136,136,136
3,107,71,2184,2184,2184,2184,2184
3,107,72,2176,2176,2176,2176,2176
3,107,73,136,136,136,136,136
3,107,74,2184,2184,2184,2184,2184
3,107,75,2176,2176,2176,2176,2176
3,107,76,136,136,136,136,136
3,107,77,2184,2184,2184,2184,2184
3,107,78,2176,2176,2176,2176,2176
3,107,79,136,136,136,136,136
3,107,80,2184,2184,2184,2184,2184
3,108,0,2176,2176,2176,2176,2176
3,108,1,136,136,136,136,136
3,108,2,2184,2184,2184,2184,2184
3,108,3,2176,2176,2176,2176,2176
3,108,4,136,136,136,136,136
3,108,5,2184,2184,2184,2184,2184
3,108,6,2176,2176,2176,2176,2176
3,108,7,136,136,136,136,136
3,108,8,2184,2184,2184,2184,2184
3,108,9,2176,2176,2176,2176,2176
3,108,10,136,136,136,136,136
3,108,11,2184,2184,2184,2184,2184
3,108,12,2176,2176,2176,2176,2176
3,108,13,136,136,136,136,136
3,108,14,2184,2184,2184,2184,2184
3,108,15,2176,2176,2176,2176,2176
3,108,16,136,136,136,136,136
3,108,17,2184,2184,2184,2184,2184
3,108,18,2176,2176,2176,2176,2176
3,108,19,136,136,136,136,136
3,108,20,2184,2184,2184,2184,2184
3,108,21,2176,2176,2176,2176,2176
3,108,22,136,136,136,136,136
3,108,23,2184,2184,2184,2184,2184
3,108,24,2176,2176,2176,2176,2176
3,108,25,136,136,136,136,136
3,108,26,2184,2184,2184,2184,2184
3,108,27,2176,2176,2176,2176,2176
3,108,28,136,136,136,136,136
3,108,29,2184,2184,2184,2184,2184
3,108,30,2176,2176,2176,2176,2176
3,108,31,136,136,136,136,136
3,108,32,2184,2184,2184,2184,2184
3,108,33,2176,2176,2176,2176,2176
3,108,34,136,136,136,136,136
3,108,35,2184,2184,2184,2184,2184
3,108,36,2176,2176,2176,2176,2176
3,108,37,136,136,136,136,136
3,108,38,2184,2184,2184,2184,2184
3,108,39,2176,2176,2176,2176,2176
3,108,40,136,136,136,136,136
3,108,41,2184,2184,2184,2184,2184
3,108,42,2176,2176,2176,2176,2176
3,108,43,136,136,136,136,136
3,108,44,2184,2184,2184,2184,2184
3,108,45,2176,2176,2176,2176,2176
3,108,46,136,136,136,136,136
3,108,47,2184,2184,2184,2184,2184
3,108,48,2176,2176,2176,2176,2176
3,108,49,136,136,136,136,136
3,108,50,2184,2184,2184,2184,2184
3,108,51,2176,2176,2176,2176,2176
3,108,52,136,136,136,136,136
3,108,53,2184,2184,2184,2184,2184
3,108,54,2176,2176,2176,2176,2176
3,108,55,136,136,136,136,136
3,108,56,2184,2184,2184,2184,2184
3,108,57,2176,2176,2176,2176,2176
3,108,58,136,136,136,136,136
3,108,59,2184,2184,2184,2184,2184
3,108,60,2176,2176,2176,2176,2176
3,108,61,136,136,136,136,136
3,108,62,2184,2184,2184,2184,2184
3,108,63,2176,2176,2176,2176,2176
3,108,64,136,136,136,136,136
3,108,65,2184,2184,2184,2184,2184
3,108,66,2176,2176,2176,2176,2176
3,108,67,136,136,136,136,136
3,108,68,2184,2184,2184,2184,2184
3,108,69,2176,2176,2176,2176,2176
3,108,70,136,136,136,136,136
3,108,71,2184,2184,2184,2184,2184
3,108,72,2176,2176,2176,2176,2176
3,108,73,136,136,136,136,136
3,108,74,2184,2184,2184,2184,2184
3,108,75,2176,2176,2176,2176,2176
3,108,76,136,136,136,136,136
3,108,77,2184,2184,2184,2184,2184
3,108,78,2176,2176,2176,2176,2176
3,108,79,136,136,136,136,136
3,108,80,2184,2184,2184,2184,2184
3,109,0,2176,2176,2176,2176,2176
3,109,1,136,136,136,136,136
3,109,2,2184,2184,2184,2184,2184
3,109,3,2176,2176,2176,2176,2176
3,109,4,136,136,136,136,136
3,109,5,2184,2184,2184,2184,2184
3,109,6,2176,2176,2176,2176,2176
3,109,7,136,136,136,136,136
3,109,8,2184,2184,2184,2184,2184
3,109,9,2176,2176,2176,2176,2176
3,109,10,136,136,136,136,136
3,109,11,2184,2184,2184,2184,2184
3,109,12,2176,2176,2176,2176,2176
3,109,13,136,136,136,136,136
3,109,14,2184,2184,2184,2184,2184
3,109,15,2176,2176,2176,2176,2176
3,109,16,136,136,136,136,136
3,109,17,2184,2184,2184,2184,2184
3,109,18,2176,2176,2176,2176,2176
3,109,19,136,136,136,136,136
3,109,20,2184,2184,2184,2184,2184
3,109,21,2176,2176,2176,2176,2176
3,109,22,136,136,136,136,136
3,109,23,2184,2184,2184,2184,2184
3,109,24,2176,2176,2176,2176,2176
3,109,25,136,136,136,136,136
3,109,26,2184,2184,2184,2184,2184
3,109,27,2176,2176,2176,2176,2176
3,109,28,136,136,136,136,136
3,109,29,2184,2184,2184,2184,2184
3,109,30,2176,2176,2176,2176,2176
3,109,31,136,136,136,136,136
3,109,32,2184,2184,2184,2184,2184
3,109,33,2176,2176,2176,2176,2176
3,109,34,136,136,136,136,136
3,109,35,2184,2184,2184,2184,2184
3,109,36,2176,2176,2176,2176,2176
3,109,37,136,136,136,136,136
3,109,38,2184,2184,2184,2184,2184
3,109,39,2176,2176,2176,2176,2176
3,109,40,136,136,136,136,136
3,109,41,2184,2184,2184,2184,2184
3,109,42,2176,2176,2176,2176,2176
3,109,43,136,136,136,136,136
3,109,44,2184,2184,2184,2184,2184
3,109,45,2176,2176,2176,2176,2176
3,109,46,136,136,136,136,136
3,109,47,2184,2184,2184,2184,2184
3,109,48,2176,2176,2176,2176,2176
3,109,49,136,136,136,136,136
3,109,50,2184,2184,2184,2184,2184
3,109,51,2176,2176,2176,2176,2176
3,109,52,136,136,136,136,136
3,109,53,2184,2184,2184,2184,2184
3,109,54,2176,2176,2176,2176,2176
3,109,55,136,136,136,136,136
3,109,56,2184,2184,2184,2184,2184
3,109,57,2176,2176,2176,2176,2176
3,109,58,136,136,136,136,136
3,109,59,2184,2184,2184,2184,2184
3,109,60,2176,2176,2176,2176,2176
3,109,61,136,136,136,136,136
3,109,62,2184,2184,2184,2184,2184
3,109,63,2176,2176,2176,2176,2176
3,109,64,136,136,136,136,136
3,109,65,2184,2184,2184,2184,2184
3,109,66,2176,2176,2176,2176,2176
3,109,67,136,136,136,136,136
3,109,68,2184,2184,2184,2184,2184
3,109,69,2176,2176,2176,2176,2176
3,109,70,136,136,136,136,136
3,109,71,2184,2184,2184,2184,2184
3,109,72,2176,2176,2176,2176,2176
3,109,73,136,136,136,136,136
3,109,74,2184,2184,2184,2184,2184
3,109,75,2176,2176,2176,2176,2176
3,109,76,136,136,136,136,136
3,109,77,2184,2184,2184,2184,2184
3,109,78,2176,2176,2176,2176,2176
3,109,79,136,136,136,136,136
3,109,80,2184,2184,2184,2184,2184
3,110,0,2176,2176,2176,2176,2176
3,110,1,136,136,136,136,136
3,110,2,2184,2184,2184,2184,2184
3,110,3,2176,2176,2176,2176,2176
3,110,4,136,136,136,136,136
3,110,5,2184,2184,2184,2184,2184
3,110,6,2176,2176,2176,2176,2176
3,110,7,136,136,136,136,136
3,110,8,2184,2184,2184,2184,2184
3,110,9,2176,2176,2176,2176,2176
3,110,10,136,136,136,136,136
3,110,11,2184,2184,2184,2184,2184
3,110,12,2176,2176,2176,2176,2176
3,110,13,136,136,136,136,136
3,110,14,2184,2184,2184,2184,2184
3,110,15,2176,2176,2176,2176,2176
3,110,16,136,136,136,136,136
3,110,17,2184,2184,2184,2184,2184
3,110,18,2176,2176,2176,2176,2176
3,110,19,136,136,136,136,136
3,110,20,2184,2184,2184,2184,2184
3,110,21,2176,2176,2176,2176,2176
3,110,22,136,136,136,136,136
3,110,23,2184,2184,2184,2184,2184
3,110,24,2176,2176,2176,2176,2176
3,110,25,136,136,136,136,136
3,110,26,2184,2184,2184,2184,2184
3,110,27,2176,2176,2176,2176,2176
3,110,28,136,136,136,136,136
3,110,29,2184,2184,2184,2184,2184
3,110,30,2176,2176,2176,2176,2176
3,110,31,136,136,136,136,136
3,110,32,2184,2184,2184,2184,2184
3,110,33,2176,2176,2176,2176,2176
3,110,34,136,136,136,136,136
3,110,35,2184,2184,2184,2184,2184
3,110,36,2176,2176,2176,2176,2176
3,110,37,136,136,136,136,136
3,110,38,2184,2184,2184,2184,2184
3,110,39,2176,2176,2176,2176,2176
3,110,40,136,136,136,136,136
3,110,41,2184,2184,2184,2184,2184
3,110,42,2176,2176,2176,2176,2176
3,110,43,136,136,136,136,136
3,110,44,2184,2184,2184,2184,2184
3,110,45,2176,2176,2176,2176,2176
3,110,46,136,136,136,136,136
3,110,47,2184,2184,2184,2184,2184
3,110,48,2176,2176,2176,2176,2176
3,110,49,136,136,136,136,136
3,110,50,2184,2184,2184,2184,2184
3,110,51,2176,2176,2176,2176,2176
3,110,52,136,136,136,136,136
3,110,53,2184,2184,2184,2184,2184
3,110,54,2176,2176,2176,2176,2176
3,110,55,136,136,136,136,136
3,110,56,2184,2184,2184,2184,2184
3,110,57,2176,2176,2176,2176,2176
3,110,58,136,136,136,136,136
3,110,59,2184,2184,2184,2184,2184
3,110,60,2176,2176,2176,2176,2176
3,110,61,136,136,136,136,136
3,110,62,2184,2184,2184,2184,2184
3,110,63,2176,2176,2176,2176,2176
3,110,64,136,136,136,136,136
3,110,65,2184,2184,2184,2184,2184
3,110,66,2176,2176,2176,2176,2176
3,110,67,136,136,136,136,136
3,110,68,2184,2184,2184,2184,2184
3,110,69,2176,2176,2176,2176,2176
3,110,70,136,136,136,136,136
3,110,71,2184,2184,2184,2184,2184
3,110,72,2176,2176,2176,2176,2176
3,110,73,136,136,136,136,136
3,110,74,2184,2184,2184,2184,2184
3,110,75,2176,2176,2176,2176,2176
3,110,76,136,136,136,136,136
3,110,77,2184,2184,2184,2184,2184
3,110,78,2176,2176,2176,2176,2176
3,110,79,136,136,136,136,136
3,110,80,2184,2184,2184,2184,2184
3,111,0,2176,2176,2176,2176,2176
3,111,1,136,136,136,136,136
3,111,2,2184,2184,2184,2184,2184
3,111,3,2176,2176,2176,2176,2176
3,111,4,136,136,136,136,136
3,111,5,2184,2184,2184,2184,2184
3,111,6,2176,2176,2176,2176,2176
3,111,7,136,136,136,136,136
3,111,8,2184,2184,2184,2184,2184
3,111,9,2176,2176,2176,2176,2176
3,111,10,136,136,136,136,136
3,111,11,2184,2184,2184,2184,2184
3,111,12,2176,2176,2176,2176,2176
3,111,13,136,136,136,136,136
3,111,14,2184,2184,2184,2184,2184
3,111,15,2176,2176,2176,2176,2176
3,111,16,136,136,136,136,136
3,111,17,2184,2184,2184,2184,2184
3,111,18,2176,2176,2176,2176,2176
3,111,19,136,136,136,136,136
3,111,20,2184,2184,2184,2184,2184
3,111,21,2176,2176,2176,2176,2176
3,111,22,136,136,136,136,136
3,111,23,2184,2184,2184,2184,2184
3,111,24,2176,2176,2176,2176,2176
3,111,25,136,136,136,136,136
3,111,26,2184,2184,2184,2184,2184
3,111,27,2176,2176,2176,2176,2176
3,111,28,136,136,136,136,136
3,111,29,2184,2184,2184,2184,2184
3,111,30,2176,2176,2176,2176,2176
3,111,31,136,136,136,136,136
3,111,32,2184,2184,2184,2184,2184
3,111,33,2176,2176,2176,2176,2176
3,111,34,136,136,136,136,136
3,111,35,2184,2184,2184,2184,2184
3,111,36,2176,2176,2176,2176,2176
3,111,37,136,136,136,136,136
3,111,38,2184,2184,2184,2184,2184
3,111,39,2176,2176,2176,2176,2176
3,111,40,136,136,136,136,136
3,111,41,2184,2184,2184,2184,2184
3,111,42,2176,2176,2176,2176,2176
3,111,43,136,136,136,136,136
3,111,44,2184,2184,2184,2184,2184
3,111,45,2176,2176,2176,2176,2176
3,111,46,136,136,136,136,136
3,111,47,2184,2184,2184,2184,2184
3,111,48,2176,2176,2176,2176,2176
3,111,49,136,136,136,136,136
3,111,50,2184,2184,2184,2184,2184
3,111,51,2176,2176,2176,2176,2176
3,111,52,136,136,136,136,136
3,111,53,2184,2184,2184,2184,2184
3,111,54,2176,2176,2176,2176,2176
3,111,55,136,136,136,136,136
3,111,56,2184,2184,2184,2184,2184
3,111,57,2176,2176,2176,2176,2176
3,111,58,136,136,136,136,136
3,111,59,2184,2184,2184,2184,2184
3,111,60,2176,2176,2176,2176,2176
3,111,61,136,136,136,136,136
3,111,62,2184,2184,2184,2184,2184
3,111,63,2176,2176,2176,2176,2176
3,111,64,136,136,136,136,136
3,111,65,2184,2184,2184,2184,2184
3,111,66,2176,2176,2176,2176,2176
3,111,67,136,136,136,136,136
3,111,68,2184,2184,2184,2184,2184
3,111,69,2176,2176,2176,2176,2176
3,111,70,136,136,136,136,136
3,111,71,2184,2184,2184,2184,2184
3,111,72,2176,2176,2176,2176,2176
3,111,73,136,136,136,136,136
3,111,74,2184,2184,2184,2184,2184
3,111,75,2176,2176,2176,2176,2176
3,111,76,136,136,136,136,136
3,111,77,2184,2184,2184,2184,2184
3,111,78,2176,2176,2176,2176,2176
3,111,79,136,136,136,136,136
3,111,80,2184,2184,2184,2184,2184
3,112,0,128,128,128,128,128
3,112,1,128,128,128,128,128
3,112,2,128,128,128,128,128
3,112,3,128,128,128,128,128
3,112,4,128,128,128,128,128
3,112,5,128,128,128,128,128
3,112,6,128,128,128,128,128
3,112,7,128,128,128,128,128
3,112,8,128,128,128,128,128
3,112,9,128,128,128,128,128
3,112,10,128,128,128,128,128
3,112,11,128,128,128,128,128
3,112,12,128,128,128,128,128
3,112,13,128,128,128,128,128
3,112,14,128,128,128,128,128
3,112,15,128,128,128,128,128
3,112,16,128,128,128,128,128
3,112,17,128,128,128,128,128
3,112,18,128,128,128,128,128
3,112,19,128,128,128,128,128
3,112,20,128,128,128,128,128
3,112,21,128,128,128,128,128
3,112,22,128,128,128,128,128
3,112,23,128,128,128,128,128
3,112,24,128,128,128,128,128
3,112,25,128,128,128,128,128
3,112,26,128,128,128,128,128
3,112,27,128,128,128,128,128
3,112,28,128,128,128,128,128
3,112,29,128,128,128,128,128
3,112,30,128,128,128,128,128
3,112,31,128,128,128,128,128
3,112,32,128,128,128,128,128
3,112,33,128,128,128,128,128
3,112,34,128,128,128,128,128
3,112,35,128,128,128,128,128
3,112,36,128,128,128,128,128
3,112,37,128,128,128,128,128
3,112,38,128,128,128,128,128
3,112,39,128,128,128,128,128
3,112,40,128,128,128,128,128
3,112,41,128,128,128,128,128
3,112,42,128,128,128,128,128
3,112,43,128,128,128,128,128
3,112,44,128,128,128,128,128
3,112,45,128,128,128,128,128
3,112,46,128,128,128,128,128
3,112,47,128,128,128,128,128
3,112,48,128,128,128,128,128
3,112,49,128,128,128,128,128
3,112,50,128,128,128,128,128
3,112,51,128,128,128,128,128
3,112,52,128,128,128,128,128
3,112,53,128,128,128,128,128
3,112,54,128,128,128,128,128
3,112,55,128,128,128,128,128
3,112,56,128,128,128,128,128
3,112,57,128,128,128,128,128
3,112,58,128,128,128,128,128
3,112,59,128,128,128,128,128
3,112,60,128,128,128,128,128
3,112,61,128,128,128,128,128
3,112,62,128,128,128,128,128
3,112,63,128,128,128,128,128
3,112,64,128,128,128,128,128
3,112,65,128,128,128,128,128
3,112,66,128,128,128,128,128
3,112,67,128,128,128,128,128
3,112,68,128,128,128,128,128
3,112,69,128,128,128,128,128
3,112,70,128,128,128,128,128
3,112,71,128,128,128,128,128
3,112,72,128,128,128,128,128
3,112,73,128,128,128,128,128
3,112,74,128,128,128,128,128
3,112,75,128,128,128,128,128
3,112,76,128,128,128,128,128
3,112,77,128,128,128,128,128
3,112,78,128,128,128,128,128
3,112,79,128,128,128,128,128
3,112,80,128,128,128,128,128
3,113,0,2176,2176,2176,2176,2176
3,113,1,136,136,136,136,136
3,113,2,2184,2184,2184,2184,2184
3,113,3,2176,2176,2176,2176,2176
3,113,4,136,136,136,136,136
3,113,5,2184,2184,2184,2184,2184
3,113,6,2176,2176,2176,2176,2176
3,113,7,136,136,136,136,136
3,113,8,2184,2184,2184,2184,2184
3,113,9,2176,2176,2176,2176,2176
3,113,10,136,136,136,136,136
3,113,11,2184,2184,2184,2184,2184
3,113,12,2176,2176,2176,2176,2176
3,113,13,136,136,136,136,136
3,113,14,2184,2184,2184,2184,2184
3,113,15,2176,2176,2176,2176,2176
3,113,16,136,136,136,136,136
3,113,17,2184,2184,2184,2184,2184
3,113,18,2176,2176,2176,2176,2176
3,113,19,136,136,136,136,136
3,113,20,2184,2184,2184,2184,2184
3,113,21,2176,2176,2176,2176,2176
3,113,22,136,136,136,136,136
3,113,23,2184,2184,2184,2184,2184
3,113,24,2176,2176,2176,2176,2176
3,113,25,136,136,136,136,136
3,113,26,2184,2184,2184,2184,2184
3,113,27,2176,2176,2176,2176,2176
3,113,28,136,136,136,136,136
3,113,29,2184,2184,2184,2184,2184
3,113,30,2176,2176,2176,2176,2176
3,113,31,136,136,136,136,136
3,113,32,2184,2184,2184,2184,2184
3,113,33,2176,2176,2176,2176,2176
3,113,34,136,136,136,136,136
3,113,35,2184,2184,2184,2184,2184
3,113,36,2176,2176,2176,2176,2176
3,113,37,136,136,136,136,136
3,113,38,2184,2184,2184,2184,2184
3,113,39,2176,2176,2176,2176,2176
3,113,40,136,136,136,136,136
3,113,41,2184,2184,2184,2184,2184
3,113,42,2176,2176,2176,2176,2176
3,113,43,136,136,136,136,136
3,113,44,2184,2184,2184,2184,2184
3,113,45,2176,2176,2176,2176,2176
3,113,46,136,136,136,136,136
3,113,47,2184,2184,2184,2184,2184
3,113,48,2176,2176,2176,2176,2176
3,113,49,136,136,136,136,136
3,113,50,2184,2184,2184,2184,2184
3,113,51,2176,2176,2176,2176,2176
3,113,52,136,136,136,136,136
3,113,53,2184,2184,2184,2184,2184
3,113,54,2176,2176,2176,2176,2176
3,113,55,136,136,136,136,136
3,113,56,2184,2184,2184,2184,2184
3,113,57,2176,2176,2176,2176,2176
3,113,58,136,136,136,136,136
3,113,59,2184,2184,2184,2184,2184
3,113,60,2176,2176,2176,2176,2176
3,113,61,136,136,136,136,136
3,113,62,2184,2184,2184,2184,2184
3,113,63,2176,2176,2176,2176,2176
3,113,64,136,136,136,136,136
3,113,65,2184,2184,2184,2184,2184
3,113,66,2176,2176,2176,2176,2176
3,113,67,136,136,136,136,136
3,113,68,2184,2184,2184,2184,2184
3,113,69,2176,2176,2176,2176,2176
3,113,70,136,136,136,136,136
3,113,71,2184,2184,2184,2184,2184
3,113,72,2176,2176,2176,2176,2176
3,113,73,136,136,136,136,136
3,113,74,2184,2184,2184,2184,2184
3,113,75,2176,2176,2176,2176,2176
3,113,76,136,136,136,136,136
3,113,77,2184,2184,2184,2184,2184
3,113,78,2176,2176,2176,2176,2176
3,113,79,136,136,136,136,136
3,113,80,2184,2184,2184,2184,2184
3,114,0,2176,2176,2176,2176,2176
3,114,1,136,136,136,136,136
3,114,2,2184,2184,2184,2184,2184
3,114,3,2176,2176,2176,2176,2176
3,114,4,136,136,136,136,136
3,114,5,2184,2184,2184,2184,2184
3,114,6,2176,2176,2176,2176,2176
3,114,7,136,136,136,136,136
3,114,8,2184,2184,2184,2184,2184
3,114,9,2176,2176,2176,2176,2176
3,114,10,136,136,136,136,136
3,114,11,2184,2184,2184,2184,2184
3,114,12,2176,2176,2176,2176,2176
3,114,13,136,136,136,136,136
3,114,14,2184,2184,2184,2184,2184
3,114,15,2176,2176,2176,2176,2176
3,114,16,136,136,136,136,136
3,114,17,2184,2184,2184,2184,2184
3,114,18,2176,2176,2176,2176,2176
3,114,19,136,136,136,136,136
3,114,20,2184,2184,2184,2184,2184
3,114,21,2176,2176,2176,2176,2176
3,114,22,136,136,136,136,136
3,114,23,2184,2184,2184,2184,2184
3,114,24,2176,2176,2176,2176,2176
3,114,25,136,136,136,136,136
3,114,26,2184,2184,2184,2184,2184
3,114,27,2176,2176,2176,2176,2176
3,114,28,136,136,136,136,136
3,114,29,2184,2184,2184,2184,2184
3,114,30,2176,2176,2176,2176,2176
3,114,31,136,136,136,136,136
3,114,32,2184,2184,2184,2184,2184
3,114,33,2176,2176,2176,2176,2176
3,114,34,136,136,136,136,136
3,114,35,2184,2184,2184,2184,2184
3,114,36,2176,2176,2176,2176,2176
3,114,37,136,136,136,136,136
3,114,38,2184,2184,2184,2184,2184
3,114,39,2176,2176,2176,2176,2176
3,114,40,136,136,136,136,136
3,114,41,2184,2184,2184,2184,2184
3,114,42,2176,2176,2176,2176,2176
3,114,43,136,136,136,136,136
3,114,44,2184,2184,2184,2184,2184
3,114,45,2176,2176,2176,2176,2176
3,114,46,136,136,136,136,136
3,114,47,2184,2184,2184,2184,2184
3,114,48,2176,2176,2176,2176,2176
3,114,49,136,136,136,136,136
3,114,50,2184,2184,2184,2184,2184
3,114,51,2176,2176,2176,2176,2176
3,114,52,136,136,136,136,136
3,114,53,2184,2184,2184,2184,2184
3,114,54,2176,2176,2176,2176,2176
3,114,55,136,136,136,136,136
3,114,56,2184,2184,2184,2184,2184
3,114,57,2176,2176,2176,2176,2176
3,114,58,136,136,136,136,136
3,114,59,2184,2184,2184,2184,2184
3,114,60,2176,2176,2176,2176,2176
3,114,61,136,136,136,136,136
3,114,62,2184,2184,2184,2184,2184
3,114,63,2176,2176,2176,2176,2176
3,114,64,136,136,136,136,136
3,114,65,2184,2184,2184,2184,2184
3,114,66,2176,2176,2176,2176,2176
3,114,67,136,136,136,136,136
3,114,68,2184,2184,2184,2184,2184
3,114,69,2176,2176,2176,2176,2176
3,114,70,136,136,136,136,136
3,114,71,2184,2184,2184,2184,2184
3,114,72,2176,2176,2176,2176,2176
3,114,73,136,136,136,136,136
3,114,74,2184,2184,2184,2184,2184
3,114,75,2176,2176,2176,2176,2176
3,114,76,136,136,136,136,136
3,114,77,2184,2184,2184,2184,2184
3,114,78,2176,2176,2176,2176,2176
3,114,79,136,136,136,136,136
3,114,80,2184,2184,2184,2184,2184
3,115,0,2176,2176,2176,2176,2176
3,115,1,136,136,136,136,136
3,115,2,2184,2184,2184,2184,2184
3,115,3,2176,2176,2176,2176,2176
3,115,4,136,136,136,136,136
3,115,5,2184,2184,2184,2184,2184
3,115,6,2176,2176,2176,2176,2176
3,115,7,136,136,136,136,136
3,115,8,2184,2184,2184,2184,2184
3,115,9,2176,2176,2176,2176,2176
3,115,10,136,136,136,136,136
3,115,11,2184,2184,2184,2184,2184
3,115,12,2176,2176,2176,2176,2176
3,115,13,136,136,136,136,136
3,115,14,2184,2184,2184,2184,2184
3,115,15,2176,2176,2176,2176,2176
3,115,16,136,136,136,136,136
3,115,17,2184,2184,2184,2184,2184
3,115,18,2176,2176,2176,2176,2176
3,115,19,136,136,136,136,136
3,115,20,2184,2184,2184,2184,2184
3,115,21,2176,2176,2176,2176,2176
3,115,22,136,136,136,136,136
3,115,23,2184,2184,2184,2184,2184
3,115,24,2176,2176,2176,2176,2176
3,115,25,136,136,136,136,136
3,115,26,2184,2184,2184,2184,2184
3,115,27,2176,2176,2176,2176,2176
3,115,28,136,136,136,136,136
3,115,29,2184,2184,2184,2184,2184
3,115,30,2176,2176,2176,2176,2176
3,115,31,136,136,136,136,136
3,115,32,2184,2184,2184,2184,2184
3,115,33,2176,2176,2176,2176,2176
3,115,34,136,136,136,136,136
3,115,35,2184,2184,2184,2184,2184
3,115,36,2176,2176,2176,2176,2176
3,115,37,136,136,136,136,136
3,115,38,2184,2184,2184,2184,2184
3,115,39,2176,2176,2176,2176,2176
3,115,40,136,136,136,136,136
3,115,41,2184,2184,2184,2184,2184
3,115,42,2176,2176,2176,2176,2176
3,115,43,136,136,136,136,136
3,115,44,2184,2184,2184,2184,2184
3,115,45,2176,2176,2176,2176,2176
3,115,46,136,136,136,136,136
3,115,47,2184,2184,2184,2184,2184
3,115,48,2176,2176,2176,2176,2176
3,115,49,136,136,136,136,136
3,115,50,2184,2184,2184,2184,2184
3,115,51,2176,2176,2176,2176,2176
3,115,52,136,136,136,136,136
3,115,53,2184,2184,2184,2184,2184
3,115,54,2176,2176,2176,2176,2176
3,115,55,136,136,136,136,136
3,115,56,2184,2184,2184,2184,2184
3,115,57,2176,2176,2176,2176,2176
3,115,58,136,136,136,136,136
3,115,59,2184,2184,2184,2184,2184
3,115,60,2176,2176,2176,2176,2176
3,115,61,136,136,136,136,136
3,115,62,2184,2184,2184,2184,2184
3,115,63,2176,2176,2176,2176,2176
3,115,64,136,136,136,136,136
3,115,65,2184,2184,2184,2184,2184
3,115,66,2176,2176,2176,2176,2176
3,115,67,136,136,136,136,136
3,115,68,2184,2184,2184,2184,2184
3,115,69,2176,2176,2176,2176,2176
3,115,70,136,136,136,136,136
3,115,71,2184,2184,2184,2184,2184
3,115,72,2176,2176,2176,2176,2176
3,115,73,136,136,136,136,136
3,115,74,2184,2184,2184,2184,2184
3,115,75,2176,2176,2176,2176,2176
3,115,76,136,136,136,136,136
3,115,77,2184,2184,2184,2184,2184
3,115,78,2176,2176,2176,2176,2176
3,115,79,136,136,136,136,136
3,115,80,2184,2184,2184,2184,2184
3,116,0,2176,2176,2176,2176,2176
3,116,1,136,136,136,136,136
3,116,2,2184,2184,2184,2184,2184
3,116,3,2176,2176,2176,2176,2176
3,116,4,136,136,136,136,136
3,116,5,2184,2184,2184,2184,2184
3,116,6,2176,2176,2176,2176,2176
3,116,7,136,136,136,136,136
3,116,8,2184,2184,2184,2184,2184
3,116,9,2176,2176,2176,2176,2176
3,116,10,136,136,136,136,136
3,116,11,2184,2184,2184,2184,2184
3,116,12,2176,2176,2176,2176,2176
3,116,13,136,136,136,136,136
3,116,14,2184,2184,2184,2184,2184
3,116,15,2176,2176,2176,2176,2176
3,116,16,136,136,136,136,136
3,116,17,2184,2184,2184,2184,2184
3,116,18,2176,2176,2176,2176,2176
3,116,19,136,136,136,136,136
3,116,20,2184,2184,2184,2184,2184
3,116,21,2176,2176,2176,2176,2176
3,116,22,136,136,136,136,136
3,116,23,2184,2184,2184,2184,2184
3,116,24,2176,2176,2176,2176,2176
3,116,25,136,136,136,136,136
3,116,26,2184,2184,2184,2184,2184
3,116,27,2176,2176,2176,2176,2176
3,116,28,136,136,136,136,136
3,116,29,2184,2184,2184,2184,2184
3,116,30,2176,2176,2176,2176,2176
3,116,31,136,136,136,136,136
3,116,32,2184,2184,2184,2184,2184
3,116,33,2176,2176,2176,2176,2176
3,116,34,136,136,136,136,136
3,116,35,2184,2184,2184,2184,2184
3,116,36,2176,2176,2176,2176,2176
3,116,37,136,136,136,136,136
3,116,38,2184,2184,2184,2184,2184
3,116,39,2176,2176,2176,2176,2176
3,116,40,136,136,136,136,136
3,116,41,2184,2184,2184,2184,2184
3,116,42,2176,2176,2176,2176,2176
3,116,43,136,136,136,136,136
3,116,44,2184,2184,2184,2184,2184
3,116,45,2176,2176,2176,2176,2176
3,116,46,136,136,136,136,136
3,116,47,2184,2184,2184,2184,2184
3,116,48,2176,2176,2176,2176,2176
3,116,49,136,136,136,136,136
3,116,50,2184,2184,2184,2184,2184
3,116,51,2176,2176,2176,2176,2176
3,116,52,136,136,136,136,136
3,116,53,2184,2184,2184,2184,2184
3,116,54,2176,2176,2176,2176,2176
3,116,55,136,136,136,136,136
3,116,56,2184,2184,2184,2184,2184
3,116,57,2176,2176,2176,2176,2176
3,116,58,136,136,136,136,136
3,116,59,2184,2184,2184,2184,2184
3,116,60,2176,2176,2176,2176,2176
3,116,61,136,136,136,136,136
3,116,62,2184,2184,2184,2184,2184
3,116,63,2176,2176,2176,2176,2176
3,116,64,136,136,136,136,136
3,116,65,2184,2184,2184,2184,2184
3,116,66,2176,2176,2176,2176,2176
3,116,67,136,136,136,136,136
3,116,68,2184,2184,2184,2184,2184
3,116,69,2176,2176,2176,2176,2176
3,116,70,136,136,136,136,136
3,116,71,2184,2184,2184,2184,2184
3,116,72,2176,2176,2176,2176,2176
3,116,73,136,136,136,136,136
3,116,74,2184,2184,2184,2184,2184
3,116,75,2176,2176,2176,2176,2176
3,116,76,136,136,136,136,136
3,116,77,2184,2184,2184,2184,2184
3,116,78,2176,2176,2176,2176,2176
3,116,79,136,136,136,136,136
3,116,80,2184,2184,2184,2184,2184
3,117,0,2176,2176,2176,2176,2176
3,117,1,136,136,136,136,136
3,117,2,2184,2184,2184,2184,2184
3,117,3,2176,2176,2176,2176,2176
3,117,4,136,136,136,136,136
3,117,5,2184,2184,2184,2184,2184
3,117,6,2176,2176,2176,2176,2176
3,117,7,136,136,136,136,136
3,117,8,2184,2184,2184,2184,2184
3,117,9,2176,2176,2176,2176,2176
3,117,10,136,136,136,136,136
3,117,11,2184,2184,2184,2184,2184
3,117,12,2176,2176,2176,2176,2176
3,117,13,136,136,136,136,136
3,117,14,2184,2184,2184,2184,2184
3,117,15,2176,2176,2176,2176,2176
3,117,16,136,136,136,136,136
3,117,17,2184,2184,2184,2184,2184
3,117,18,2176,2176,2176,2176,2176
3,117,19,136,136,136,136,136
3,117,20,2184,2184,2184,2184,2184
3,117,21,2176,2176,2176,2176,2176
3,117,22,136,136,136,136,136
3,117,23,2184,2184,2184,2184,2184
3,117,24,2176,2176,2176,2176,2176
3,117,25,136,136,136,136,136
3,117,26,2184,2184,2184,2184,2184
3,117,27,2176,2176,2176,2176,2176
3,117,28,136,136,136,136,136
3,117,29,2184,2184,2184,2184,2184
3,117,30,2176,2176,2176,2176,2176
3,117,31,136,136,136,136,136
3,117,32,2184,2184,2184,2184,2184
3,117,33,2176,2176,2176,2176,2176
3,117,34,136,136,136,136,136
3,117,35,2184,2184,2184,2184,2184
3,117,36,2176,2176,2176,2176,2176
3,117,37,136,136,136,136,136
3,117,38,2184,2184,2184,2184,2184
3,117,39,2176,2176,2176,2176,2176
3,117,40,136,136,136,136,136
3,117,41,2184,2184,2184,2184,2184
3,117,42,2176,2176,2176,2176,2176
3,117,43,136,136,136,136,136
3,117,44,2184,2184,2184,2184,2184
3,117,45,2176,2176,2176,2176,2176
3,117,46,136,136,136,136,136
3,117,47,2184,2184,2184,2184,2184
3,117,48,2176,2176,2176,2176,2176
3,117,49,136,136,136,136,136
3,117,50,2184,2184,2184,2184,2184
3,117,51,2176,2176,2176,2176,2176
3,117,52,136,136,136,136,136
3,117,53,2184,2184,2184,2184,2184
3,117,54,2176,2176,2176,2176,2176
3,117,55,136,136,136,136,136
3,117,56,2184,2184,2184,2184,2184
3,117,57,2176,2176,2176,2176,2176
3,117,58,136,136,136,136,136
3,117,59,2184,2184,2184,2184,2184
3,117,60,2176,2176,2176,2176,2176
3,117,61,136,136,136,136,136
3,117,62,2184,2184,2184,2184,2184
3,117,63,2176,2176,2176,2176,2176
3,117,64,136,136,136,136,136
3,117,65,2184,2184,2184,2184,2184
3,117,66,2176,2176,2176,2176,2176
3,117,67,136,136,136,136,136
3,117,68,2184,2184,2184,2184,2184
3,117,69,2176,2176,2176,2176,2176
3,117,70,136,136,136,136,136
3,117,71,2184,2184,2184,2184,2184
3,117,72,2176,2176,2176,2176,2176
3,117,73,136,136,136,136,136
3,117,74,2184,2184,2184,2184,2184
3,117,75,2176,2176,2176,2176,2176
3,117,76,136,136,136,136,136
3,117,77,2184,2184,2184,2184,2184
3,117,78,2176,2176,2176,2176,2176
3,117,79,136,136,136,136,136
3,117,80,2184,2184,2184,2184,2184
3,118,0,2176,2176,2176,2176,2176
3,118,1,136,136,136,136,136
3,118,2,2184,2184,2184,2184,2184
3,118,3,2176,2176,2176,2176,2176
3,118,4,136,136,136,136,136
3,118,5,2184,2184,2184,2184,2184
3,118,6,2176,2176,2176,2176,2176
3,118,7,136,136,136,136,136
3,118,8,2184,2184,2184,2184,2184
3,118,9,2176,2176,2176,2176,2176
3,118,10,136,136,136,136,136
3,118,11,2184,2184,2184,2184,2184
3,118,12,2176,2176,2176,2176,2176
3,118,13,136,136,136,136,136
3,118,14,2184,2184,2184,2184,2184
3,118,15,2176,2176,2176,2176,2176
3,118,16,136,136,136,136,136
3,118,17,2184,2184,2184,2184,2184
3,118,18,2176,2176,2176,2176,2176
3,118,19,136,136,136,136,136
3,118,20,2184,2184,2184,2184,2184
3,118,21,2176,2176,2176,2176,2176
3,118,22,136,136,136,136,136
3,118,23,2184,2184,2184,2184,2184
3,118,24,2176,2176,2176,2176,2176
3,118,25,136,136,136,136,136
3,118,26,2184,2184,2184,2184,2184
3,118,27,2176,2176,2176,2176,2176
3,118,28,136,136,136,136,136
3,118,29,2184,2184,2184,2184,2184
3,118,30,2176,2176,2176,2176,2176
3,118,31,136,136,136,136,136
3,118,32,2184,2184,2184,2184,2184
3,118,33,2176,2176,2176,2176,2176
3,118,34,136,136,136,136,136
3,118,35,2184,2184,2184,2184,2184
3,118,36,2176,2176,2176,2176,2176
3,118,37,136,136,136,136,136
3,118,38,2184,2184,2184,2184,2184
3,118,39,2176,2176,2176,2176,2176
3,118,40,136,136,136,136,136
3,118,41,2184,2184,2184,2184,2184
3,118,42,2176,2176,2176,2176,2176
3,118,43,136,136,136,136,136
3,118,44,2184,2184,2184,2184,2184
3,118,45,2176,2176,2176,2176,2176
3,118,46,136,136,136,136,136
3,118,47,2184,2184,2184,2184,2184
3,118,48,2176,2176,2176,2176,2176
3,118,49,136,136,136,136,136
3,118,50,2184,2184,2184,2184,2184
3,118,51,2176,2176,2176,2176,2176
3,118,52,136,136,136,136,136
3,118,53,2184,2184,2184,2184,2184
3,118,54,2176,2176,2176,2176,2176
3,118,55,136,136,136,136,136
3,118,56,2184,2184,2184,2184,2184
3,118,57,2176,2176,2176,2176,2176
3,118,58,136,136,136,136,136
3,118,59,2184,2184,2184,2184,2184
3,118,60,2176,2176,2176,2176,2176
3,118,61,136,136,136,136,136
3,118,62,2184,2184,2184,2184,2184
3,118,63,2176,2176,2176,2176,2176
3,118,64,136,136,136,136,136
3,118,65,2184,2184,2184,2184,2184
3,118,66,2176,2176,2176,2176,2176
3,118,67,136,136,136,136,136
3,118,68,2184,2184,2184,2184,2184
3,118,69,2176,2176,2176,2176,2176
3,118,70,136,136,136,136,136
3,118,71,2184,2184,2184,2184,2184
3,118,72,2176,2176,2176,2176,2176
3,118,73,136,136,136,136,136
3,118,74,2184,2184,2184,2184,2184
3,118,75,2176,2176,2176,2176,2176
3,118,76,136,136,136,136,136
3,118,77,2184,2184,2184,2184,2184
3,118,78,2176,2176,2176,2176,2176
3,118,79,136,136,136,136,136
3,118,80,2184,2184,2184,2184,2184
3,119,0,2176,2176,2176,2176,2176
3,119,1,136,136,136,136,136
3,119,2,2184,2184,2184,2184,2184
3,119,3,2176,2176,2176,2176,2176
3,119,4,136,136,136,136,136
3,119,5,2184,2184,2184,2184,2184
3,119,6,2176,2176,2176,2176,2176
3,119,7,136,136,136,136,136
3,119,8,2184,2184,2184,2184,2184
3,119,9,2176,2176,2176,2176,2176
3,119,10,136,136,136,136,136
3,119,11,2184,2184,2184,2184,2184
3,119,12,2176,2176,2176,2176,2176
3,119,13,136,136,136,136,136
3,119,14,2184,2184,2184,2184,2184
3,119,15,2176,2176,2176,2176,2176
3,119,16,136,136,136,136,136
3,119,17,2184,2184,2184,2184,2184
3,119,18,2176,2176,2176,2176,2176
3,119,19,136,136,136,136,136
3,119,20,2184,2184,2184,2184,2184
3,119,21,2176,2176,2176,2176,2176
3,119,22,136,136,136,136,136
3,119,23,2184,2184,2184,2184,2184
3,119,24,2176,2176,2176,2176,2176
3,119,25,136,136,136,136,136
3,119,26,2184,2184,2184,2184,2184
3,119,27,2176,2176,2176,2176,2176
3,119,28,136,136,136,136,136
3,119,29,2184,2184,2184,2184,2184
3,119,30,2176,2176,2176,2176,2176
3,119,31,136,136,136,136,136
3,119,32,2184,2184,2184,2184,2184
3,119,33,2176,2176,2176,2176,2176
3,119,34,136,136,136,136,136
3,119,35,2184,2184,2184,2184,2184
3,119,36,2176,2176,2176,2176,2176
3,119,37,136,136,136,136,136
3,119,38,2184,2184,2184,2184,2184
3,119,39,2176,2176,2176,2176,2176
3,119,40,136,136,136,136,136
3,119,41,2184,2184,2184,2184,2184
3,119,42,2176,2176,2176,2176,2176
3,119,43,136,136,136,136,136
3,119,44,2184,2184,2184,2184,2184
3,119,45,2176,2176,2176,2176,2176
3,119,46,136,136,136,136,136
3,119,47,2184,2184,2184,2184,2184
3,119,48,2176,2176,2176,2176,2176
3,119,49,136,136,136,136,136
3,119,50,2184,2184,2184,2184,2184
3,119,51,2176,2176,2176,2176,2176
3,119,52,136,136,136,136,136
3,119,53,2184,2184,2184,2184,2184
3,119,54,2176,2176,2176,2176,2176
3,119,55,136,136,136,136,136
3,119,56,2184,2184,2184,2184,2184
3,119,57,2176,2176,2176,2176,2176
3,119,58,136,136,136,136,136
3,119,59,2184,2184,2184,2184,2184
3,119,60,2176,2176,2176,2176,2176
3,119,61,136,136,136,136,136
3,119,62,2184,2184,2184,2184,2184
3,119,63,2176,2176,2176,2176,2176
3,119,64,136,136,136,136,136
3,119,65,2184,2184,2184,2184,2184
3,119,66,2176,2176,2176,2176,2176
3,119,67,136,136,136,136,136
3,119,68,2184,2184,2184,2184,2184
3,119,69,2176,2176,2176,2176,2176
3,119,70,136,136,136,136,136
3,119,71,2184,2184,2184,2184,2184
3,119,72,2176,2176,2176,2176,2176
3,119,73,136,136,136,136,136
3,119,74,2184,2184,2184,2184,2184
3,119,75,2176,2176,2176,2176,2176
3,119,76,136,136,136,136,136
3,119,77,2184,2184,2184,2184,2184
3,119,78,2176,2176,2176,2176,2176
3,119,79,136,136,136,136,136
3,119,80,2184,2184,2184,2184,2184
3,120,0,2176,2176,2176,2176,2176
3,120,1,136,136,136,136,136
3,120,2,2184,2184,2184,2184,2184
3,120,3,2176,2176,2176,2176,2176
3,120,4,136,136,136,136,136
3,120,5,2184,2184,2184,2184,2184
3,120,6,2176,2176,2176,2176,2176
3,120,7,136,136,136,136,136
3,120,8,2184,2184,2184,2184,2184
3,120,9,2176,2176,2176,2176,2176
3,120,10,136,136,136,136,136
3,120,11,2184,2184,2184,2184,2184
3,120,12,2176,2176,2176,2176,2176
3,120,13,136,136,136,136,136
3,120,14,2184,2184,2184,2184,2184
3,120,15,2176,2176,2176,2176,2176
3,120,16,136,136,136,136,136
3,120,17,2184,2184,2184,2184,2184
3,120,18,2176,2176,2176,2176,2176
3,120,19,136,136,136,136,136
3,120,20,2184,2184,2184,2184,2184
3,120,21,2176,2176,2176,2176,2176
3,120,22,136,136,136,136,136
3,120,23,2184,2184,2184,2184,2184
3,120,24,2176,2176,2176,2176,2176
3,120,25,136,136,136,136,136
3,120,26,2184,2184,2184,2184,2184
3,120,27,2176,2176,2176,2176,2176
3,120,28,136,136,136,136,136
3,120,29,2184,2184,2184,2184,2184
3,120,30,2176,2176,2176,2176,2176
3,120,31,136,136,136,136,136
3,120,32,2184,2184,2184,2184,2184
3,120,33,2176,2176,2176,2176,2176
3,120,34,136,136,136,136,136
3,120,35,2184,2184,2184,2184,2184
3,120,36,2176,2176,2176,2176,2176
3,120,37,136,136,136,136,136
3,120,38,2184,2184,2184,2184,2184
3,120,39,2176,2176,2176,2176,2176
3,120,40,136,136,136,136,136
3,120,41,2184,2184,2184,2184,2184
3,120,42,2176,2176,2176,2176,2176
3,120,43,136,136,136,136,136
3,120,44,2184,2184,2184,2184,2184
3,120,45,2176,2176,2176,2176,2176
3,120,46,136,136,136,136,136
3,120,47,2184,2184,2184,2184,2184
3,120,48,2176,2176,2176,2176,2176
3,120,49,136,136,136,136,136
3,120,50,2184,2184,2184,2184,2184
3,120,51,2176,2176,2176,2176,2176
3,120,52,136,136,136,136,136
3,120,53,2184,2184,2184,2184,2184
3,120,54,2176,2176,2176,2176,2176
3,120,55,136,136,136,136,136
3,120,56,2184,2184,2184,2184,2184
3,120,57,2176,2176,2176,2176,2176
3,120,58,136,136,136,136,136
3,120,59,2184,2184,2184,2184,2184
3,120,60,2176,2176,2176,2176,2176
3,120,61,136,136,136,136,136
3,120,62,2184,2184,2184,2184,2184
3,120,63,2176,2176,2176,2176,2176
3,120,64,136,136,136,136,136
3,120,65,2184,2184,2184,2184,2184
3,120,66,2176,2176,2176,2176,2176
3,120,67,136,136,136,136,136
3,120,68,2184,2184,2184,2184,2184
3,120,69,2176,2176,2176,2176,2176
3,120,70,136,136,136,136,136
3,120,71,2184,2184,2184,2184,2184
3,120,72,2176,2176,2176,2176,2176
3,120,73,136,136,136,136,136
3,120,74,2184,2184,2184,2184,2184
3,120,75,2176,2176,2176,2176,2176
3,120,76,136,136,136,136,136
3,120,77,2184,2184,2184,2184,2184
3,120,78,2176,2176,2176,2176,2176
3,120,79,136,136,136,136,136
3,120,80,2184,2184,2184,2184,2184
3,121,0,2176,2176,2176,2176,2176
3,121,1,136,136,136,136,136
3,121,2,2184,2184,2184,2184,2184
3,121,3,2176,2176,2176,2176,2176
3,121,4,136,136,136,136,136
3,121,5,2184,2184,2184,2184,2184
3,121,6,2176,2176,2176,2176,2176
3,121,7,136,136,136,136,136
3,121,8,2184,2184,2184,2184,2184
3,121,9,2176,2176,2176,2176,2176
3,121,10,136,136,136,136,136
3,121,11,2184,2184,2184,2184,2184
3,121,12,2176,2176,2176,2176,2176
3,121,13,136,136,136,136,136
3,121,14,2184,2184,2184,2184,2184
3,121,15,2176,2176,2176,2176,2176
3,121,16,136,136,136,136,136
3,121,17,2184,2184,2184,2184,2184
3,121,18,2176,2176,2176,2176,2176
3,121,19,136,136,136,136,136
3,121,20,2184,2184,2184,2184,2184
3,121,21,2176,2176,2176,2176,2176
3,121,22,136,136,136,136,136
3,121,23,2184,2184,2184,2184,2184
3,121,24,2176,2176,2176,2176,2176
3,121,25,136,136,136,136,136
3,121,26,2184,2184,2184,2184,2184
3,121,27,2176,2176,2176,2176,2176
3,121,28,136,136,136,136,136
3,121,29,2184,2184,2184,2184,2184
3,121,30,2176,2176,2176,2176,2176
3,121,31,136,136,136,136,136
3,121,32,2184,2184,2184,2184,2184
3,121,33,2176,2176,2176,2176,2176
3,121,34,136,136,136,136,136
3,121,35,2184,2184,2184,2184,2184
3,121,36,2176,2176,2176,2176,2176
3,121,37,136,136,136,136,136
3,121,38,2184,2184,2184,2184,2184
3,121,39,2176,2176,2176,2176,2176
3,121,40,136,136,136,136,136
3,121,41,2184,2184,2184,2184,2184
3,121,42,2176,2176,2176,2176,2176
3,121,43,136,136,136,136,136
3,121,44,2184,2184,2184,2184,2184
3,121,45,2176,2176,2176,2176,2176
3,121,46,136,136,136,136,136
3,121,47,2184,2184,2184,2184,2184
3,121,48,2176,2176,2176,2176,2176
3,121,49,136,136,136,136,136
3,121,50,2184,2184,2184,2184,2184
3,121,51,2176,2176,2176,2176,2176
3,121,52,136,136,136,136,136
3,121,53,2184,2184,2184,2184,2184
3,121,54,2176,2176,2176,2176,2176
3,121,55,136,136,136,136,136
3,121,56,2184,2184,2184,2184,2184
3,121,57,2176,2176,2176,2176,2176
3,121,58,136,136,136,136,136
3,121,59,2184,2184,2184,2184,2184
3,121,60,2176,2176,2176,2176,2176
3,121,61,136,136,136,136,136
3,121,62,2184,2184,2184,2184,2184
3,121,63,2176,2176,2176,2176,2176
3,121,64,136,136,136,136,136
3,121,65,2184,2184,2184,2184,2184
3,121,66,2176,2176,2176,2176,2176
3,121,67,136,136,136,136,136
3,121,68,2184,2184,2184,2184,2184
3,121,69,2176,2176,2176,2176,2176
3,121,70,136,136,136,136,136
3,121,71,2184,2184,2184,2184,2184
3,121,72,2176,2176,2176,2176,2176
3,121,73,136,136,136,136,136
3,121,74,2184,2184,2184,2184,2184
3,121,75,2176,2176,2176,2176,2176
3,121,76,136,136,136,136,136
3,121,77,2184,2184,2184,2184,2184
3,121,78,2176,2176,2176,2176,2176
3,121,79,136,136,136,136,136
3,121,80,2184,2184,2184,2184,2184
3,122,0,2176,2176,2176,2176,2176
3,122,1,136,136,136,136,136
3,122,2,2184,2184,2184,2184,2184
3,122,3,2176,2176,2176,2176,2176
3,122,4,136,136,136,136,136
3,122,5,2184,2184,2184,2184,2184
3,122,6,2176,2176,2176,2176,2176
3,122,7,136,136,136,136,136
3,122,8,2184,2184,2184,2184,2184
3,122,9,2176,2176,2176,2176,2176
3,122,10,136,136,136,136,136
3,122,11,2184,2184,2184,2184,2184
3,122,12,2176,2176,2176,2176,2176
3,122,13,136,136,136,136,136
3,122,14,2184,2184,2184,2184,2184
3,122,15,2176,2176,2176,2176,2176
3,122,16,136,136,136,136,136
3,122,17,2184,2184,2184,2184,2184
3,122,18,2176,2176,2176,2176,2176
3,122,19,136,136,136,136,136
3,122,20,2184,2184,2184,2184,2184
3,122,21,2176,2176,2176,2176,2176
3,122,22,136,136,136,136,136
3,122,23,2184,2184,2184,2184,2184
3,122,24,2176,2176,2176,2176,2176
3,122,25,136,136,136,136,136
3,122,26,2184,2184,2184,2184,2184
3,122,27,2176,2176,2176,2176,2176
3,122,28,136,136,136,136,136
3,122,29,2184,2184,2184,2184,2184
3,122,30,2176,2176,2176,2176,2176
3,122,31,136,136,136,136,136
3,122,32,2184,2184,2184,2184,2184
3,122,33,2176,2176,2176,2176,2176
3,122,34,136,136,136,136,136
3,122,35,2184,2184,2184,2184,2184
3,122,36,2176,2176,2176,2176,2176
3,122,37,136,136,136,136,136
3,122,38,2184,2184,2184,2184,2184
3,122,39,2176,2176,2176,2176,2176
3,122,40,136,136,136,136,136
3,122,41,2184,2184,2184,2184,2184
3,122,42,2176,2176,2176,2176,2176
3,122,43,136,136,136,136,136
3,122,44,2184,2184,2184,2184,2184
3,122,45,2176,2176,2176,2176,2176
3,122,46,136,136,136,136,136
3,122,47,2184,2184,2184,2184,2184
3,122,48,2176,2176,2176,2176,2176
3,122,49,136,136,136,136,136
3,122,50,2184,2184,2184,2184,2184
3,122,51,2176,2176,2176,2176,2176
3,122,52,136,136,136,136,136
3,122,53,2184,2184,2184,2184,2184
3,122,54,2176,2176,2176,2176,2176
3,122,55,136,136,136,136,136
3,122,56,2184,2184,2184,2184,2184
3,122,57,2176,2176,2176,2176,2176
3,122,58,136,136,136,136,136
3,122,59,2184,2184,2184,2184,2184
3,122,60,2176,2176,2176,2176,2176
3,122,61,136,136,136,136,136
3,122,62,2184,2184,2184,2184,2184
3,122,63,2176,2176,2176,2176,2176
3,122,64,136,136,136,136,136
3,122,65,2184,2184,2184,2184,2184
3,122,66,2176,2176,2176,2176,2176
3,122,67,136,136,136,136,136
3,122,68,2184,2184,2184,2184,2184
3,122,69,2176,2176,2176,2176,2176
3,122,70,136,136,136,136,136
3,122,71,2184,2184,2184,2184,2184
3,122,72,2176,2176,2176,2176,2176
3,122,73,136,136,136,136,136
3,122,74,2184,2184,2184,2184,2184
3,122,75,2176,2176,2176,2176,2176
3,122,76,136,136,136,136,136
3,122,77,2184,2184,2184,2184,2184
3,122,78,2176,2176,2176,2176,2176
3,122,79,136,136,136,136,136
3,122,80,2184,2184,2184,2184,2184
3,123,0,2176,2176,2176,2176,2176
3,123,1,136,136,136,136,136
3,123,2,2184,2184,2184,2184,2184
3,123,3,2176,2176,2176,2176,2176
3,123,4,136,136,136,136,136
3,123,5,2184,2184,2184,2184,2184
3,123,6,2176,2176,2176,2176,2176
3,123,7,136,136,136,136,136
3,123,8,2184,2184,2184,2184,2184
3,123,9,2176,2176,2176,2176,2176
3,123,10,136,136,136,136,136
3,123,11,2184,2184,2184,2184,2184
3,123,12,2176,2176,2176,2176,2176
3,123,13,136,136,136,136,136
3,123,14,2184,2184,2184,2184,2184
3,123,15,2176,2176,2176,2176,2176
3,123,16,136,136,136,136,136
3,123,17,2184,2184,2184,2184,2184
3,123,18,2176,2176,2176,2176,2176
3,123,19,136,136,136,136,136
3,123,20,2184,2184,2184,2184,2184
3,123,21,2176,2176,2176,2176,2176
3,123,22,136,136,136,136,136
3,123,23,2184,2184,2184,2184,2184
3,123,24,2176,2176,2176,2176,2176
3,123,25,136,136,136,136,136
3,123,26,2184,2184,2184,2184,2184
3,123,27,2176,2176,2176,2176,2176
3,123,28,136,136,136,136,136
3,123,29,2184,2184,2184,2184,2184
3,123,30,2176,2176,2176,2176,2176
3,123,31,136,136,136,136,136
3,123,32,2184,2184,2184,2184,2184
3,123,33,2176,2176,2176,2176,2176
3,123,34,136,136,136,136,136
3,123,35,2184,2184,2184,2184,2184
3,123,36,2176,2176,2176,2176,2176
3,123,37,136,136,136,136,136
3,123,38,2184,2184,2184,2184,2184
3,123,39,2176,2176,2176,2176,2176
3,123,40,136,136,136,136,136
3,123,41,2184,2184,2184,2184,2184
3,123,42,2176,2176,2176,2176,2176
3,123,43,136,136,136,136,136
3,123,44,2184,2184,2184,2184,2184
3,123,45,2176,2176,2176,2176,2176
3,123,46,136,136,136,136,136
3,123,47,2184,2184,2184,2184,2184
3,123,48,2176,2176,2176,2176,2176
3,123,49,136,136,136,136,136
3,123,50,2184,2184,2184,2184,2184
3,123,51,2176,2176,2176,2176,2176
3,123,52,136,136,136,136,136
3,123,53,2184,2184,2184,2184,2184
3,123,54,2176,2176,2176,2176,2176
3,123,55,136,136,136,136,136
3,123,56,2184,2184,2184,2184,2184
3,123,57,2176,2176,2176,2176,2176
3,123,58,136,136,136,136,136
3,123,59,2184,2184,2184,2184,2184
3,123,60,2176,2176,2176,2176,2176
3,123,61,136,136,136,136,136
3,123,62,2184,2184,2184,2184,2184
3,123,63,2176,2176,2176,2176,2176
3,123,64,136,136,136,136,136
3,123,65,2184,2184,2184,2184,2184
3,123,66,2176,2176,2176,2176,2176
3,123,67,136,136,136,136,136
3,123,68,2184,2184,2184,2184,2184
3,123,69,2176,2176,2176,2176,2176
3,123,70,136,136,136,136,136
3,123,71,2184,2184,2184,2184,2184
3,123,72,2176,2176,2176,2176,2176
3,123,73,136,136,136,136,136
3,123,74,2184,2184,2184,2184,2184
3,123,75,2176,2176,2176,2176,2176
3,123,76,136,136,136,136,136
3,123,77,2184,2184,2184,2184,2184
3,123,78,2176,2176,2176,2176,2176
3,123,79,136,136,136,136,136
3,123,80,2184,2184,2184,2184,2184
3,124,0,2176,2176,2176,2176,2176
3,124,1,136,136,136,136,136
3,124,2,2184,2184,2184,2184,2184
3,124,3,2176,2176,2176,2176,2176
3,124,4,136,136,136,136,136
3,124,5,2184,2184,2184,2184,2184
3,124,6,2176,2176,2176,2176,2176
3,124,7,136,136,136,136,136
3,124,8,2184,2184,2184,2184,2184
3,124,9,2176,2176,2176,2176,2176
3,124,10,136,136,136,136,136
3,124,11,2184,2184,2184,2184,2184
3,124,12,2176,2176,2176,2176,2176
3,124,13,136,136,136,136,136
3,124,14,2184,2184,2184,2184,2184
3,124,15,2176,2176,2176,2176,2176
3,124,16,136,136,136,136,136
3,124,17,2184,2184,2184,2184,2184
3,124,18,2176,2176,2176,2176,2176
3,124,19,136,136,136,136,136
3,124,20,2184,2184,2184,2184,2184
3,124,21,2176,2176,2176,2176,2176
3,124,22,136,136,136,136,136
3,124,23,2184,2184,2184,2184,2184
3,124,24,2176,2176,2176,2176,2176
3,124,25,136,136,136,136,136
3,124,26,2184,2184,2184,2184,2184
3,124,27,2176,2176,2176,2176,2176
3,124,28,136,136,136,136,136
3,124,29,2184,2184,2184,2184,2184
3,124,30,2176,2176,2176,2176,2176
3,124,31,136,136,136,136,136
3,124,32,2184,2184,2184,2184,2184
3,124,33,2176,2176,2176,2176,2176
3,124,34,136,136,136,136,136
3,124,35,2184,2184,2184,2184,2184
3,124,36,2176,2176,2176,2176,2176
3,124,37,136,136,136,136,136
3,124,38,2184,2184,2184,2184,2184
3,124,39,2176,2176,2176,2176,2176
3,124,40,136,136,136,136,136
3,124,41,2184,2184,2184,2184,2184
3,124,42,2176,2176,2176,2176,2176
3,124,43,136,136,136,136,136
3,124,44,2184,2184,2184,2184,2184
3,124,45,2176,2176,2176,2176,2176
3,124,46,136,136,136,136,136
3,124,47,2184,2184,2184,2184,2184
3,124,48,2176,2176,2176,2176,2176
3,124,49,136,136,136,136,136
3,124,50,2184,2184,2184,2184,2184
3,124,51,2176,2176,2176,2176,2176
3,124,52,136,136,136,136,136
3,124,53,2184,2184,2184,2184,2184
3,124,54,2176,2176,2176,2176,2176
3,124,55,136,136,136,136,136
3,124,56,2184,2184,2184,2184,2184
3,124,57,2176,2176,2176,2176,2176
3,124,58,136,136,136,136,136
3,124,59,2184,2184,2184,2184,2184
3,124,60,2176,2176,2176,2176,2176
3,124,61,136,136,136,136,136
3,124,62,2184,2184,2184,2184,2184
3,124,63,2176,2176,2176,2176,2176
3,124,64,136,136,136,136,136
3,124,65,2184,2184,2184,2184,2184
3,124,66,2176,2176,2176,2176,2176
3,124,67,136,136,136,136,136
3,124,68,2184,2184,2184,2184,2184
3,124,69,2176,2176,2176,2176,2176
3,124,70,136,136,136,136,136
3,124,71,2184,2184,2184,2184,2184
3,124,72,2176,2176,2176,2176,2176
3,124,73,136,136,136,136,136
3,124,74,2184,2184,2184,2184,2184
3,124,75,2176,2176,2176,2176,2176
3,124,76,136,136,136,136,136
3,124,77,2184,2184,2184,2184,2184
3,124,78,2176,2176,2176,2176,2176
3,124,79,136,136,136,136,136
3,124,80,2184,2184,2184,2184,2184
3,125,0,2176,2176,2176,2176,2176
3,125,1,136,136,136,136,136
3,125,2,2184,2184,2184,2184,2184
3,125,3,2176,2176,2176,2176,2176
3,125,4,136,136,136,136,136
3,125,5,2184,2184,2184,2184,2184
3,125,6,2176,2176,2176,2176,2176
3,125,7,136,136,136,136,136
3,125,8,2184,2184,2184,2184,2184
3,125,9,2176,2176,2176,2176,2176
3,125,10,136,136,136,136,136
3,125,11,2184,2184,2184,2184,2184
3,125,12,2176,2176,2176,2176,2176
3,125,13,136,136,136,136,136
3,125,14,2184,2184,2184,2184,2184
3,125,15,2176,2176,2176,2176,2176
3,125,16,136,136,136,136,136
3,125,17,2184,2184,2184,2184,2184
3,125,18,2176,2176,2176,2176,2176
3,125,19,136,136,136,136,136
3,125,20,2184,2184,2184,2184,2184
3,125,21,2176,2176,2176,2176,2176
3,125,22,136,136,136,136,136
3,125,23,2184,2184,2184,2184,2184
3,125,24,2176,2176,2176,2176,2176
3,125,25,136,136,136,136,136
3,125,26,2184,2184,2184,2184,2184
3,125,27,2176,2176,2176,2176,2176
3,125,28,136,136,136,136,136
3,125,29,2184,2184,2184,2184,2184
3,125,30,2176,2176,2176,2176,2176
3,125,31,136,136,136,136,136
3,125,32,2184,2184,2184,2184,2184
3,125,33,2176,2176,2176,2176,2176
3,125,34,136,136,136,136,136
3,125,35,2184,2184,2184,2184,2184
3,125,36,2176,2176,2176,2176,2176
3,125,37,136,136,136,136,136
3,125,38,2184,2184,2184,2184,2184
3,125,39,2176,2176,2176,2176,2176
3,125,40,136,136,136,136,136
3,125,41,2184,2184,2184,2184,2184
3,125,42,2176,2176,2176,2176,2176
3,125,43,136,136,136,136,136
3,125,44,2184,2184,2184,2184,2184
3,125,45,2176,2176,2176,2176,2176
3,125,46,136,136,136,136,136
3,125,47,2184,2184,2184,2184,2184
3,125,48,2176,2176,2176,2176,2176
3,125,49,136,136,136,136,136
3,125,50,2184,2184,2184,2184,2184
3,125,51,2176,2176,2176,2176,2176
3,125,52,136,136,136,136,136
3,125,53,2184,2184,2184,2184,2184
3,125,54,2176,2176,2176,2176,2176
3,125,55,136,136,136,136,136
3,125,56,2184,2184,2184,2184,2184
3,125,57,2176,2176,2176,2176,2176
3,125,58,136,136,136,136,136
3,125,59,2184,2184,2184,2184,2184
3,125,60,2176,2176,2176,2176,2176
3,125,61,136,136,136,136,136
3,125,62,2184,2184,2184,2184,2184
3,125,63,2176,2176,2176,2176,2176
3,125,64,136,136,136,136,136
3,125,65,2184,2184,2184,2184,2184
3,125,66,2176,2176,2176,2176,2176
3,125,67,136,136,136,136,136
3,125,68,2184,2184,2184,2184,2184
3,125,69,2176,2176,2176,2176,2176
3,125,70,136,136,136,136,136
3,125,71,2184,2184,2184,2184,2184
3,125,72,2176,2176,2176,2176,2176
3,125,73,136,136,136,136,136
3,125,74,2184,2184,2184,2184,2184
3,125,75,2176,2176,2176,2176,2176
3,125,76,136,136,136,136,136
3,125,77,2184,2184,2184,2184,2184
3,125,78,2176,2176,2176,2176,2176
3,125,79,136,136,136,136,136
3,125,80,2184,2184,2184,2184,2184
3,126,0,2176,2176,2176,2176,2176
3,126,1,136,136,136,136,136
3,126,2,2184,2184,2184,2184,2184
3,126,3,2176,2176,2176,2176,2176
3,126,4,136,136,136,136,136
3,126,5,2184,2184,2184,2184,2184
3,126,6,2176,2176,2176,2176,2176
3,126,7,136,136,136,136,136
3,126,8,2184,2184,2184,2184,2184
3,126,9,2176,2176,2176,2176,2176
3,126,10,136,136,136,136,136
3,126,11,2184,2184,2184,2184,2184
3,126,12,2176,2176,2176,2176,2176
3,126,13,136,136,136,136,136
3,126,14,2184,2184,2184,2184,2184
3,126,15,2176,2176,2176,2176,2176
3,126,16,136,136,136,136,136
3,126,17,2184,2184,2184,2184,2184
3,126,18,2176,2176,2176,2176,2176
3,126,19,136,136,136,136,136
3,126,20,2184,2184,2184,2184,2184
3,126,21,2176,2176,2176,2176,2176
3,126,22,136,136,136,136,136
3,126,23,2184,2184,2184,2184,2184
3,126,24,2176,2176,2176,2176,2176
3,126,25,136,136,136,136,136
3,126,26,2184,2184,2184,2184,2184
3,126,27,2176,2176,2176,2176,2176
3,126,28,136,136,136,136,136
3,126,29,2184,2184,2184,2184,2184
3,126,30,2176,2176,2176,2176,2176
3,126,31,136,136,136,136,136
3,126,32,2184,2184,2184,2184,2184
3,126,33,2176,2176,2176,2176,2176
3,126,34,136,136,136,136,136
3,126,35,2184,2184,2184,2184,2184
3,126,36,2176,2176,2176,2176,2176
3,126,37,136,136,136,136,136
3,126,38,2184,2184,2184,2184,2184
3,126,39,2176,2176,2176,2176,2176
3,126,40,136,136,136,136,136
3,126,41,2184,2184,2184,2184,2184
3,126,42,2176,2176,2176,2176,2176
3,126,43,136,136,136,136,136
3,126,44,2184,2184,2184,2184,2184
3,126,45,2176,2176,2176,2176,2176
3,126,46,136,136,136,136,136
3,126,47,2184,2184,2184,2184,2184
3,126,48,2176,2176,2176,2176,2176
3,126,49,136,136,136,136,136
3,126,50,2184,2184,2184,2184,2184
3,126,51,2176,2176,2176,2176,2176
3,126,52,136,136,136,136,136
3,126,53,2184,2184,2184,2184,2184
3,126,54,2176,2176,2176,2176,2176
3,126,55,136,136,136,136,136
3,126,56,2184,2184,2184,2184,2184
3,126,57,2176,2176,2176,2176,2176
3,126,58,136,136,136,136,136
3,126,59,2184,2184,2184,2184,2184
3,126,60,2176,2176,2176,2176,2176
3,126,61,136,136,136,136,136
3,126,62,2184,2184,2184,2184,2184
3,126,63,2176,2176,2176,2176,2176
3,126,64,136,136,136,136,136
3,126,65,2184,2184,2184,2184,2184
3,126,66,2176,2176,2176,2176,2176
3,126,67,136,136,136,136,136
3,126,68,2184,2184,2184,2184,2184
3,126,69,2176,2176,2176,2176,2176
3,126,70,136,136,136,136,136
3,126,71,2184,2184,2184,2184,2184
3,126,72,2176,2176,2176,2176,2176
3,126,73,136,136,136,136,136
3,126,74,2184,2184,2184,2184,2184
3,126,75,2176,2176,2176,2176,2176
3,126,76,136,136,136,136,136
3,126,77,2184,2184,2184,2184,2184
3,126,78,2176,2176,2176,2176,2176
3,126,79,136,136,136,136,136
3,126,80,2184,2184,2184,2184,2184
3,127,0,2176,2176,2176,2176,2176
3,127,1,136,136,136,136,136
3,127,2,2184,2184,2184,2184,2184
3,127,3,2176,2176,2176,2176,2176
3,127,4,136,136,136,136,136
3,127,5,2184,2184,2184,2184,2184
3,127,6,2176,2176,2176,2176,2176
3,127,7,136,136,136,136,136
3,127,8,2184,2184,2184,2184,2184
3,127,9,2176,2176,2176,2176,2176
3,127,10,136,136,136,136,136
3,127,11,2184,2184,2184,2184,2184
3,127,12,2176,2176,2176,2176,2176
3,127,13,136,136,136,136,136
3,127,14,2184,2184,2184,2184,2184
3,127,15,2176,2176,2176,2176,2176
3,127,16,136,136,136,136,136
3,127,17,2184,2184,2184,2184,2184
3,127,18,2176,2176,2176,2176,2176
3,127,19,136,136,136,136,136
3,127,20,2184,2184,2184,2184,2184
3,127,21,2176,2176,2176,2176,2176
3,127,22,136,136,136,136,136
3,127,23,2184,2184,2184,2184,2184
3,127,24,2176,2176,2176,2176,2176
3,127,25,136,136,136,136,136
3,127,26,2184,2184,2184,2184,2184
3,127,27,2176,2176,2176,2176,2176
3,127,28,136,136,136,136,136
3,127,29,2184,2184,2184,2184,2184
3,127,30,2176,2176,2176,2176,2176
3,127,31,136,136,136,136,136
3,127,32,2184,2184,2184,2184,2184
3,127,33,2176,2176,2176,2176,2176
3,127,34,136,136,136,136,136
3,127,35,2184,2184,2184,2184,2184
3,127,36,2176,2176,2176,2176,2176
3,127,37,136,136,136,136,136
3,127,38,2184,2184,2184,2184,2184
3,127,39,2176,2176,2176,2176,2176
3,127,40,136,136,136,136,136
3,127,41,2184,2184,2184,2184,2184
3,127,42,2176,2176,2176,2176,2176
3,127,43,136,136,136,136,136
3,127,44,2184,2184,2184,2184,2184
3,127,45,2176,2176,2176,2176,2176
3,127,46,136,136,136,136,136
3,127,47,2184,2184,2184,2184,2184
3,127,48,2176,2176,2176,2176,2176
3,127,49,136,136,136,136,136
3,127,50,2184,2184,2184,2184,2184
3,127,51,2176,2176,2176,2176,2176
3,127,52,136,136,136,136,136
3,127,53,2184,2184,2184,2184,2184
3,127,54,2176,2176,2176,2176,2176
3,127,55,136,136,136,136,136
3,127,56,2184,2184,2184,2184,2184
3,127,57,2176,2176,2176,2176,2176
3,127,58,136,136,136,136,136
3,127,59,2184,2184,2184,2184,2184
3,127,60,2176,2176,2176,2176,2176
3,127,61,136,136,136,136,136
3,127,62,2184,2184,2184,2184,2184
3,127,63,2176,2176,2176,2176,2176
3,127,64,136,136,136,136,136
3,127,65,2184,2184,2184,2184,2184
3,127,66,2176,2176,2176,2176,2176
3,127,67,136,136,136,136,136
3,127,68,2184,2184,2184,2184,2184
3,127,69,2176,2176,2176,2176,2176
3,127,70,136,136,136,136,136
3,127,71,2184,2184,2184,2184,2184
3,127,72,2176,2176,2176,2176,2176
3,127,73,136,136,136,136,136
3,127,74,2184,2184,2184,2184,2184
3,127,75,2176,2176,2176,2176,2176
3,127,76,136,136,136,136,136
3,127,77,2184,2184,2184,2184,2184
3,127,78,2176,2176,2176,2176,2176
3,127,79,136,136,136,136,136
3,127,80,2184,2184,2184,2184,2184
3,128,0,128,128,128,128,128
3,128,1,128,128,128,128,128
3,128,2,128,128,128,128,128
3,128,3,128,128,128,128,128
3,128,4,128,128,128,128,128
3,128,5,128,128,128,128,128
3,128,6,128,128,128,128,128
3,128,7,128,128,128,128,128
3,128,8,128,128,128,128,128
3,128,9,128,128,128,128,128
3,128,10,128,128,128,128,128
3,128,11,128,128,128,128,128
3,128,12,128,128,128,128,128
3,128,13,128,128,128,128,128
3,128,14,128,128,128,128,128
3,128,15,128,128,128,128,128
3,128,16,128,128,128,128,128
3,128,17,128,128,128,128,128
3,128,18,128,128,128,128,128
3,128,19,128,128,128,128,128
3,128,20,128,128,128,128,128
3,128,21,128,128,128,128,128
3,128,22,128,128,128,128,128
3,128,23,128,128,128,128,128
3,128,24,128,128,128,128,128
3,128,25,128,128,128,128,128
3,128,26,128,128,128,128,128
3,128,27,128,128,128,128,128
3,128,28,128,128,128,128,128
3,128,29,128,128,128,128,128
3,128,30,128,128,128,128,128
3,128,31,128,128,128,128,128
3,128,32,128,128,128,128,128
3,128,33,128,128,128,128,128
3,128,34,128,128,128,128,128
3,128,35,128,128,128,128,128
3,128,36,128,128,128,128,128
3,128,37,128,128,128,128,128
3,128,38,128,128,128,128,128
3,128,39,128,128,128,128,128
3,128,40,128,128,128,128,128
3,128,41,128,128,128,128,128
3,128,42,128,128,128,128,128
3,128,43,128,128,128,128,128
3,128,44,128,128,128,128,128
3,128,45,128,128,128,128,128
3,128,46,128,128,128,128,128
3,128,47,128,128,128,128,128
3,128,48,128,128,128,128,128
3,128,49,128,128,128,128,128
3,128,50,128,128,128,128,128
3,128,51,128,128,128,128,128
3,128,52,128,128,128,128,128
3,128,53,128,128,128,128,128
3,128,54,128,128,128,128,128
3,128,55,128,128,128,128,128
3,128,56,128,128,128,128,128
3,128,57,128,128,128,128,128
3,128,58,128,128,128,128,128
3,128,59,128,128,128,128,128
3,128,60,128,128,128,128,128
3,128,61,128,128,128,128,128
3,128,62,128,128,128,128,128
3,128,63,128,128,128,128,128
3,128,64,128,128,128,128,128
3,128,65,128,128,128,128,128
3,128,66,128,128,128,128,128
3,128,67,128,128,128,128,128
3,128,68,128,128,128,128,128
3,128,69,128,128,128,128,128
3,128,70,128,128,128,128,128
3,128,71,128,128,128,128,128
3,128,72,128,128,128,128,128
3,128,73,128,128,128,128,128
3,128,74,128,128,128,128,128
3,128,75,128,128,128,128,128
3,128,76,128,128,128,128,128
3,128,77,128,128,128,128,128
3,128,78,128,128,128,128,128
3,128,79,128,128,128,128,128
3,128,80,128,128,128,128,128
3,129,0,2176,2176,2176,2176,2176
3,129,1,136,136,136,136,136
3,129,2,2184,2184,2184,2184,2184
3,129,3,2176,2176,2176,2176,2176
3,129,4,136,136,136,136,136
3,129,5,2184,2184,2184,2184,2184
3,129,6,2176,2176,2176,2176,2176
3,129,7,136,136,136,136,136
3,129,8,2184,2184,2184,2184,2184
3,129,9,2176,2176,2176,2176,2176
3,129,10,136,136,136,136,136
3,129,11,2184,2184,2184,2184,2184
3,129,12,2176,2176,2176,2176,2176
3,129,13,136,136,136,136,136
3,129,14,2184,2184,2184,2184,2184
3,129,15,2176,2176,2176,2176,2176
3,129,16,136,136,136,136,136
3,129,17,2184,2184,2184,2184,2184
3,129,18,2176,2176,2176,2176,2176
3,129,19,136,136,136,136,136
3,129,20,2184,2184,2184,2184,2184
3,129,21,2176,2176,2176,2176,2176
3,129,22,136,136,136,136,136
3,129,23,2184,2184,2184,2184,2184
3,129,24,2176,2176,2176,2176,2176
3,129,25,136,136,136,136,136
3,129,26,2184,2184,2184,2184,2184
3,129,27,2176,2176,2176,2176,2176
3,129,28,136,136,136,136,136
3,129,29,2184,2184,2184,2184,2184
3,129,30,2176,2176,2176,2176,2176
3,129,31,136,136,136,136,136
3,129,32,2184,2184,2184,2184,2184
3,129,33,2176,2176,2176,2176,2176
3,129,34,136,136,136,136,136
3,129,35,2184,2184,2184,2184,2184
3,129,36,2176,2176,2176,2176,2176
3,129,37,136,136,136,136,136
3,129,38,2184,2184,2184,2184,2184
3,129,39,2176,2176,2176,2176,2176
3,129,40,136,136,136,136,136
3,129,41,2184,2184,2184,2184,2184
3,129,42,2176,2176,2176,2176,2176
3,129,43,136,136,136,136,136
3,129,44,2184,2184,2184,2184,2184
3,129,45,2176,2176,2176,2176,2176
3,129,46,136,136,136,136,136
3,129,47,2184,2184,2184,2184,2184
3,129,48,2176,2176,2176,2176,2176
3,129,49,136,136,136,136,136
3,129,50,2184,2184,2184,2184,2184
3,129,51,2176,2176,2176,2176,2176
3,129,52,136,136,136,136,136
3,129,53,2184,2184,2184,2184,2184
3,129,54,2176,2176,2176,2176,2176
3,129,55,136,136,136,136,136
3,129,56,2184,2184,2184,2184,2184
3,129,57,2176,2176,2176,2176,2176
3,129,58,136,136,136,136,136
3,129,59,2184,2184,2184,2184,2184
3,129,60,2176,2176,2176,2176,2176
3,129,61,136,136,136,136,136
3,129,62,2184,2184,2184,2184,2184
3,129,63,2176,2176,2176,2176,2176
3,129,64,136,136,136,136,136
3,129,65,2184,2184,2184,2184,2184
3,129,66,2176,2176,2176,2176,2176
3,129,67,136,136,136,136,136
3,129,68,2184,2184,2184,2184,2184
3,129,69,2176,2176,2176,2176,2176
3,129,70,136,136,136,136,136
3,129,71,2184,2184,2184,2184,2184
3,129,72,2176,2176,2176,2176,2176
3,129,73,136,136,136,136,136
3,129,74,2184,2184,2184,2184,2184
3,129,75,2176,2176,2176,2176,2176
3,129,76,136,136,136,136,136
3,129,77,2184,2184,2184,2184,2184
3,129,78,2176,2176,2176,2176,2176
3,129,79,136,136,136,136,136
3,129,80,2184,2184,2184,2184,2184
3,130,0,2176,2176,2176,2176,2176
3,130,1,136,136,136,136,136
3,130,2,2184,2184,2184,2184,2184
3,130,3,2176,2176,2176,2176,2176
3,130,4,136,136,136,136,136
3,130,5,2184,2184,2184,2184,2184
3,130,6,2176,2176,2176,2176,2176
3,130,7,136,136,136,136,136
3,130,8,2184,2184,2184,2184,2184
3,130,9,2176,2176,2176,2176,2176
3,130,10,136,136,136,136,136
3,130,11,2184,2184,2184,2184,2184
3,130,12,2176,2176,2176,2176,2176
3,130,13,136,136,136,136,136
3,130,14,2184,2184,2184,2184,2184
3,130,15,2176,2176,2176,2176,2176
3,130,16,136,136,136,136,136
3,130,17,2184,2184,2184,2184,2184
3,130,18,2176,2176,2176,2176,2176
3,130,19,136,136,136,136,136
3,130,20,2184,2184,2184,2184,2184
3,130,21,2176,2176,2176,2176,2176
3,130,22,136,136,136,136,136
3,130,23,2184,2184,2184,2184,2184
3,130,24,2176,2176,2176,2176,2176
3,130,25,136,136,136,136,136
3,130,26,2184,2184,2184,2184,2184
3,130,27,2176,2176,2176,2176,2176
3,130,28,136,136,136,136,136
3,130,29,2184,2184,2184,2184,2184
3,130,30,2176,2176,2176,2176,2176
3,130,31,136,136,136,136,136
3,130,32,2184,2184,2184,2184,2184
3,130,33,2176,2176,2176,2176,2176
3,130,34,136,136,136,136,136
3,130,35,2184,2184,2184,2184,2184
3,130,36,2176,2176,2176,2176,2176
3,130,37,136,136,136,136,136
3,130,38,2184,2184,2184,2184,2184
3,130,39,2176,2176,2176,2176,2176
3,130,40,136,136,136,136,136
3,130,41,2184,2184,2184,2184,2184
3,130,42,2176,2176,2176,2176,2176
3,130,43,136,136,136,136,136
3,130,44,2184,2184,2184,2184,2184
3,130,45,2176,2176,2176,2176,2176
3,130,46,136,136,136,136,136
3,130,47,2184,2184,2184,2184,2184
3,130,48,2176,2176,2176,2176,2176
3,130,49,136,136,136,136,136
3,130,50,2184,2184,2184,2184,2184
3,130,51,2176,2176,2176,2176,2176
3,130,52,136,136,136,136,136
3,130,53,2184,2184,2184,2184,2184
3,130,54,2176,2176,2176,2176,2176
3,130,55,136,136,136,136,136
3,130,56,2184,2184,2184,2184,2184
3,130,57,2176,2176,2176,2176,2176
3,130,58,136,136,136,136,136
3,130,59,2184,2184,2184,2184,2184
3,130,60,2176,2176,2176,2176,2176
3,130,61,136,136,136,136,136
3,130,62,2184,2184,2184,2184,2184
3,130,63,2176,2176,2176,2176,2176
3,130,64,136,136,136,136,136
3,130,65,2184,2184,2184,2184,2184
3,130,66,2176,2176,2176,2176,2176
3,130,67,136,136,136,136,136
3,130,68,2184,2184,2184,2184,2184
3,130,69,2176,2176,2176,2176,2176
3,130,70,136,136,136,136,136
3,130,71,2184,2184,2184,2184,2184
3,130,72,2176,2176,2176,2176,2176
3,130,73,136,136,136,136,136
3,130,74,2184,2184,2184,2184,2184
3,130,75,2176,2176,2176,2176,2176
3,130,76,136,136,136,136,136
3,130,77,2184,2184,2184,2184,2184
3,130,78,2176,2176,2176,2176,2176
3,130,79,136,136,136,136,136
3,130,80,2184,2184,2184,2184,2184
3,131,0,2176,2176,2176,2176,2176
3,131,1,136,136,136,136,136
3,131,2,2184,2184,2184,2184,2184
3,131,3,2176,2176,2176,2176,2176
3,131,4,136,136,136,136,136
3,131,5,2184,2184,2184,2184,2184
3,131,6,2176,2176,2176,2176,2176
3,131,7,136,136,136,136,136
3,131,8,2184,2184,2184,2184,2184
3,131,9,2176,2176,2176,2176,2176
3,131,10,136,136,136,136,136
3,131,11,2184,2184,2184,2184,2184
3,131,12,2176,2176,2176,2176,2176
3,131,13,136,136,136,136,136
3,131,14,2184,2184,2184,2184,2184
3,131,15,2176,2176,2176,2176,2176
3,131,16,136,136,136,136,136
3,131,17,2184,2184,2184,2184,2184
3,131,18,2176,2176,2176,2176,2176
3,131,19,136,136,136,136,136
3,131,20,2184,2184,2184,2184,2184
3,131,21,2176,2176,2176,2176,2176
3,131,22,136,136,136,136,136
3,131,23,2184,2184,2184,2184,2184
3,131,24,2176,2176,2176,2176,2176
3,131,25,136,136,136,136,136
3,131,26,2184,2184,2184,2184,2184
3,131,27,2176,2176,2176,2176,2176
3,131,28,136,136,136,136,136
3,131,29,2184,2184,2184,2184,2184
3,131,30,2176,2176,2176,2176,2176
3,131,31,136,136,136,136,136
3,131,32,2184,2184,2184,2184,2184
3,131,33,2176,2176,2176,2176,2176
3,131,34,136,136,136,136,136
3,131,35,2184,2184,2184,2184,2184
3,131,36,2176,2176,2176,2176,2176
3,131,37,136,136,136,136,136
3,131,38,2184,2184,2184,2184,2184
3,131,39,2176,2176,2176,2176,2176
3,131,40,136,136,136,136,136
3,131,41,2184,2184,2184,2184,2184
3,131,42,2176,2176,2176,2176,2176
3,131,43,136,136,136,136,136
3,131,44,2184,2184,2184,2184,2184
3,131,45,2176,2176,2176,2176,2176
3,131,46,136,136,136,136,136
3,131,47,2184,2184,2184,2184,2184
3,131,48,2176,2176,2176,2176,2176
3,131,49,136,136,136,136,136
3,131,50,2184,2184,2184,2184,2184
3,131,51,2176,2176,2176,2176,2176
3,131,52,136,136,136,136,136
3,131,53,2184,2184,2184,2184,2184
3,131,54,2176,2176,2176,2176,2176
3,131,55,136,136,136,136,136
3,131,56,2184,2184,2184,2184,2184
3,131,57,2176,2176,2176,2176,2176
3,131,58,136,136,136,136,136
3,131,59,2184,2184,2184,2184,2184
3,131,60,2176,2176,2176,2176,2176
3,131,61,136,136,136,136,136
3,131,62,2184,2184,2184,2184,2184
3,131,63,2176,2176,2176,2176,2176
3,131,64,136,136,136,136,136
3,131,65,2184,2184,2184,2184,2184
3,131,66,2176,2176,2176,2176,2176
3,131,67,136,136,136,136,136
3,131,68,2184,2184,2184,2184,2184
3,131,69,2176,2176,2176,2176,2176
3,131,70,136,136,136,136,136
3,131,71,2184,2184,2184,2184,2184
3,131,72,2176,2176,2176,2176,2176
3,131,73,136,136,136,136,136
3,131,74,2184,2184,2184,2184,2184
3,131,75,2176,2176,2176,2176,2176
3,131,76,136,136,136,136,136
3,131,77,2184,2184,2184,2184,2184
3,131,78,2176,2176,2176,2176,2176
3,131,79,136,136,136,136,136
3,131,80,2184,2184,2184,2184,2184
3,132,0,2176,2176,2176,2176,2176
3,132,1,136,136,136,136,136
3,132,2,2184,2184,2184,2184,2184
3,132,3,2176,2176,2176,2176,2176
3,132,4,136,136,136,136,136
3,132,5,2184,2184,2184,2184,2184
3,132,6,2176,2176,2176,2176,2176
3,132,7,136,136,136,136,136
3,132,8,2184,2184,2184,2184,2184
3,132,9,2176,2176,2176,2176,2176
3,132,10,136,136,136,136,136
3,132,11,2184,2184,2184,2184,2184
3,132,12,2176,2176,2176,2176,2176
3,132,13,136,136,136,136,136
3,132,14,2184,2184,2184,2184,2184
3,132,15,2176,2176,2176,2176,2176
3,132,16,136,136,136,136,136
3,132,17,2184,2184,2184,2184,2184
3,132,18,2176,2176,2176,2176,2176
3,132,19,136,136,136,136,136
3,132,20,2184,2184,2184,2184,2184
3,132,21,2176,2176,2176,2176,2176
3,132,22,136,136,136,136,136
3,132,23,2184,2184,2184,2184,2184
3,132,24,2176,2176,2176,2176,2176
3,132,25,136,136,136,136,136
3,132,26,2184,2184,2184,2184,2184
3,132,27,2176,2176,2176,2176,2176
3,132,28,136,136,136,136,136
3,132,29,2184,2184,2184,2184,2184
3,132,30,2176,2176,2176,2176,2176
3,132,31,136,136,136,136,136
3,132,32,2184,2184,2184,2184,2184
3,132,33,2176,2176,2176,2176,2176
3,132,34,136,136,136,136,136
3,132,35,2184,2184,2184,2184,2184
3,132,36,2176,2176,2176,2176,2176
3,132,37,136,136,136,136,136
3,132,38,2184,2184,2184,2184,2184
3,132,39,2176,2176,2176,2176,2176
3,132,40,136,136,136,136,136
3,132,41,2184,2184,2184,2184,2184
3,132,42,2176,2176,2176,2176,2176
3,132,43,136,136,136,136,136
3,132,44,2184,2184,2184,2184,2184
3,132,45,2176,2176,2176,2176,2176
3,132,46,136,136,136,136,136
3,132,47,2184,2184,2184,2184,2184
3,132,48,2176,2176,2176,2176,2176
3,132,49,136,136,136,136,136
3,132,50,2184,2184,2184,2184,2184
3,132,51,2176,2176,2176,2176,2176
3,132,52,136,136,136,136,136
3,132,53,2184,2184,2184,2184,2184
3,132,54,2176,2176,2176,2176,2176
3,132,55,136,136,136,136,136
3,132,56,2184,2184,2184,2184,2184
3,132,57,2176,2176,2176,2176,2176
3,132,58,136,136,136,136,136
3,132,59,2184,2184,2184,2184,2184
3,132,60,2176,2176,2176,2176,2176
3,132,61,136,136,136,136,136
3,132,62,2184,2184,2184,2184,2184
3,132,63,2176,2176,2176,2176,2176
3,132,64,136,136,136,136,136
3,132,65,2184,2184,2184,2184,2184
3,132,66,2176,2176,2176,2176,2176
3,132,67,136,136,136,136,136
3,132,68,2184,2184,2184,2184,2184
3,132,69,2176,2176,2176,2176,2176
3,132,70,136,136,136,136,136
3,132,71,2184,2184,2184,2184,2184
3,132,72,2176,2176,2176,2176,2176
3,132,73,136,136,136,136,136
3,132,74,2184,2184,2184,2184,2184
3,132,75,2176,2176,2176,2176,2176
3,132,76,136,136,136,136,136
3,132,77,2184,2184,2184,2184,2184
3,132,78,2176,2176,2176,2176,2176
3,132,79,136,136,136,136,136
3,132,80,2184,2184,2184,2184,2184
3,133,0,2176,2176,2176,2176,2176
3,133,1,136,136,136,136,136
3,133,2,2184,2184,2184,2184,2184
3,133,3,2176,2176,2176,2176,2176
3,133,4,136,136,136,136,136
3,133,5,2184,2184,2184,2184,2184
3,133,6,2176,2176,2176,2176,2176
3,133,7,136,136,136,136,136
3,133,8,2184,2184,2184,2184,2184
3,133,9,2176,2176,2176,2176,2176
3,133,10,136,136,136,136,136
3,133,11,2184,2184,2184,2184,2184
3,133,12,2176,2176,2176,2176,2176
3,133,13,136,136,136,136,136
3,133,14,2184,2184,2184,2184,2184
3,133,15,2176,2176,2176,2176,2176
3,133,16,136,136,136,136,136
3,133,17,2184,2184,2184,2184,2184
3,133,18,2176,2176,2176,2176,2176
3,133,19,136,136,136,136,136
3,133,20,2184,2184,2184,2184,2184
3,133,21,2176,2176,2176,2176,2176
3,133,22,136,136,136,136,136
3,133,23,2184,2184,2184,2184,2184
3,133,24,2176,2176,2176,2176,2176
3,133,25,136,136,136,136,136
3,133,26,2184,2184,2184,2184,2184
3,133,27,2176,2176,2176,2176,2176
3,133,28,136,136,136,136,136
3,133,29,2184,2184,2184,2184,2184
3,133,30,2176,2176,2176,2176,2176
3,133,31,136,136,136,136,136
3,133,32,2184,2184,2184,2184,2184
3,133,33,2176,2176,2176,2176,2176
3,133,34,136,136,136,136,136
3,133,35,2184,2184,2184,2184,2184
3,133,36,2176,2176,2176,2176,2176
3,133,37,136,136,136,136,136
3,133,38,2184,2184,2184,2184,2184
3,133,39,2176,2176,2176,2176,2176
3,133,40,136,136,136,136,136
3,133,41,2184,2184,2184,2184,2184
3,133,42,2176,2176,2176,2176,2176
3,133,43,136,136,136,136,136
3,133,44,2184,2184,2184,2184,2184
3,133,45,2176,2176,2176,2176,2176
3,133,46,136,136,136,136,136
3,133,47,2184,2184,2184,2184,2184
3,133,48,2176,2176,2176,2176,2176
3,133,49,136,136,136,136,136
3,133,50,2184,2184,2184,2184,2184
3,133,51,2176,2176,2176,2176,2176
3,133,52,136,136,136,136,136
3,133,53,2184,2184,2184,2184,2184
3,133,54,2176,2176,2176,2176,2176
3,133,55,136,136,136,136,136
3,133,56,2184,2184,2184,2184,2184
3,133,57,2176,2176,2176,2176,2176
3,133,58,136,136,136,136,136
3,133,59,2184,2184,2184,2184,2184
3,133,60,2176,2176,2176,2176,2176
3,133,61,136,136,136,136,136
3,133,62,2184,2184,2184,2184,2184
3,133,63,2176,2176,2176,2176,2176
3,133,64,136,136,136,136,136
3,133,65,2184,2184,2184,2184,2184
3,133,66,2176,2176,2176,2176,2176
3,133,67,136,136,136,136,136
3,133,68,2184,2184,2184,2184,2184
3,133,69,2176,2176,2176,2176,2176
3,133,70,136,136,136,136,136
3,133,71,2184,2184,2184,2184,2184
3,133,72,2176,2176,2176,2176,2176
3,133,73,136,136,136,136,136
3,133,74,2184,2184,2184,2184,2184
3,133,75,2176,2176,2176,2176,2176
3,133,76,136,136,136,136,136
3,133,77,2184,2184,2184,2184,2184
3,133,78,2176,2176,2176,2176,2176
3,133,79,136,136,136,136,136
3,133,80,2184,2184,2184,2184,2184
3,134,0,2176,2176,2176,2176,2176
3,134,1,136,136,136,136,136
3,134,2,2184,2184,2184,2184,2184
3,134,3,2176,2176,2176,2176,2176
3,134,4,136,136,136,136,136
3,134,5,2184,2184,2184,2184,2184
3,134,6,2176,2176,2176,2176,2176
3,134,7,136,136,136,136,136
3,134,8,2184,2184,2184,2184,2184
3,134,9,2176,2176,2176,2176,2176
3,134,10,136,136,136,136,136
3,134,11,2184,2184,2184,2184,2184
3,134,12,2176,2176,2176,2176,2176
3,134,13,136,136,136,136,136
3,134,14,2184,2184,2184,2184,2184
3,134,15,2176,2176,2176,2176,2176
3,134,16,136,136,136,136,136
3,134,17,2184,2184,2184,2184,2184
3,134,18,2176,2176,2176,2176,2176
3,134,19,136,136,136,136,136
3,134,20,2184,2184,2184,2184,2184
3,134,21,2176,2176,2176,2176,2176
3,134,22,136,136,136,136,136
3,134,23,2184,2184,2184,2184,2184
3,134,24,2176,2176,2176,2176,2176
3,134,25,136,136,136,136,136
3,134,26,2184,2184,2184,2184,2184
3,134,27,2176,2176,2176,2176,2176
3,134,28,136,136,136,136,136
3,134,29,2184,2184,2184,2184,2184
3,134,30,2176,2176,2176,2176,2176
3,134,31,136,136,136,136,136
3,134,32,2184,2184,2184,2184,2184
3,134,33,2176,2176,2176,2176,2176
3,134,34,136,136,136,136,136
3,134,35,2184,2184,2184,2184,2184
3,134,36,2176,2176,2176,2176,2176
3,134,37,136,136,136,136,136
3,134,38,2184,2184,2184,2184,2184
3,134,39,2176,2176,2176,2176,2176
3,134,40,136,136,136,136,136
3,134,41,2184,2184,2184,2184,2184
3,134,42,2176,2176,2176,2176,2176
3,134,43,136,136,136,136,136
3,134,44,2184,2184,2184,2184,2184
3,134,45,2176,2176,2176,2176,2176
3,134,46,136,136,136,136,136
3,134,47,2184,2184,2184,2184,2184
3,134,48,2176,2176,2176,2176,2176
3,134,49,136,136,136,136,136
3,134,50,2184,2184,2184,2184,2184
3,134,51,2176,2176,2176,2176,2176
3,134,52,136,136,136,136,136
3,134,53,2184,2184,2184,2184,2184
3,134,54,2176,2176,2176,2176,2176
3,134,55,136,136,136,136,136
3,134,56,2184,2184,2184,2184,2184
3,134,57,2176,2176,2176,2176,2176
3,134,58,136,136,136,136,136
3,134,59,2184,2184,2184,2184,2184
3,134,60,2176,2176,2176,2176,2176
3,134,61,136,136,136,136,136
3,134,62,2184,2184,2184,2184,2184
3,134,63,2176,2176,2176,2176,2176
3,134,64,136,136,136,136,136
3,134,65,2184,2184,2184,2184,2184
3,134,66,2176,2176,2176,2176,2176
3,134,67,136,136,136,136,136
3,134,68,2184,2184,2184,2184,2184
3,134,69,2176,2176,2176,2176,2176
3,134,70,136,136,136,136,136
3,134,71,2184,2184,2184,2184,2184
3,134,72,2176,2176,2176,2176,2176
3,134,73,136,136,136,136,136
3,134,74,2184,2184,2184,2184,2184
3,134,75,2176,2176,2176,2176,2176
3,134,76,136,136,136,136,136
3,134,77,2184,2184,2184,2184,2184
3,134,78,2176,2176,2176,2176,2176
3,134,79,136,136,136,136,136
3,134,80,2184,2184,2184,2184,2184
3,135,0,2176,2176,2176,2176,2176
3,135,1,136,136,136,136,136
3,135,2,2184,2184,2184,2184,2184
3,135,3,2176,2176,2176,2176,2176
3,135,4,136,136,136,136,136
3,135,5,2184,2184,2184,2184,2184
3,135,6,2176,2176,2176,2176,2176
3,135,7,136,136,136,136,136
3,135,8,2184,2184,2184,2184,2184
3,135,9,2176,2176,2176,2176,2176
3,135,10,136,136,136,136,136
3,135,11,2184,2184,2184,2184,2184
3,135,12,2176,2176,2176,2176,2176
3,135,13,136,136,136,136,136
3,135,14,2184,2184,2184,2184,2184
3,135,15,2176,2176,2176,2176,2176
3,135,16,136,136,136,136,136
3,135,17,2184,2184,2184,2184,2184
3,135,18,2176,2176,2176,2176,2176
3,135,19,136,136,136,136,136
3,135,20,2184,2184,2184,2184,2184
3,135,21,2176,2176,2176,2176,2176
3,135,22,136,136,136,136,136
3,135,23,2184,2184,2184,2184,2184
3,135,24,2176,2176,2176,2176,2176
3,135,25,136,136,136,136,136
3,135,26,2184,2184,2184,2184,2184
3,135,27,2176,2176,2176,2176,2176
3,135,28,136,136,136,136,136
3,135,29,2184,2184,2184,2184,2184
3,135,30,2176,2176,2176,2176,2176
3,135,31,136,136,136,136,136
3,135,32,2184,2184,2184,2184,2184
3,135,33,2176,2176,2176,2176,2176
3,135,34,136,136,136,136,136
3,135,35,2184,2184,2184,2184,2184
3,135,36,2176,2176,2176,2176,2176
3,135,37,136,136,136,136,136
3,135,38,2184,2184,2184,2184,2184
3,135,39,2176,2176,2176,2176,2176
3,135,40,136,136,136,136,136
3,135,41,2184,2184,2184,2184,2184
3,135,42,2176,2176,2176,2176,2176
3,135,43,136,136,136,136,136
3,135,44,2184,2184,2184,2184,2184
3,135,45,2176,2176,2176,2176,2176
3,135,46,136,136,136,136,136
3,135,47,2184,2184,2184,2184,2184
3,135,48,2176,2176,2176,2176,2176
3,135,49,136,136,136,136,136
3,135,50,2184,2184,2184,2184,2184
3,135,51,2176,2176,2176,2176,2176
3,135,52,136,136,136,136,136
3,135,53,2184,2184,2184,2184,2184
3,135,54,2176,2176,2176,2176,2176
3,135,55,136,136,136,136,136
3,135,56,2184,2184,2184,2184,2184
3,135,57,2176,2176,2176,2176,2176
3,135,58,136,136,136,136,136
3,135,59,2184,2184,2184,2184,2184
3,135,60,2176,2176,2176,2176,2176
3,135,61,136,136,136,136,136
3,135,62,2184,2184,2184,2184,2184
3,135,63,2176,2176,2176,2176,2176
3,135,64,136,136,136,136,136
3,135,65,2184,2184,2184,2184,2184
3,135,66,2176,2176,2176,2176,2176
3,135,67,136,136,136,136,136
3,135,68,2184,2184,2184,2184,2184
3,135,69,2176,2176,2176,2176,2176
3,135,70,136,136,136,136,136
3,135,71,2184,2184,2184,2184,2184
3,135,72,2176,2176,2176,2176,2176
3,135,73,136,136,136,136,136
3,135,74,2184,2184,2184,2184,2184
3,135,75,2176,2176,2176,2176,2176
3,135,76,136,136,136,136,136
3,135,77,2184,2184,2184,2184,2184
3,135,78,2176,2176,2176,2176,2176
3,135,79,136,136,136,136,136
3,135,80,2184,2184,2184,2184,2184
3,136,0,2176,2176,2176,2176,2176
3,136,1,136,136,136,136,136
3,136,2,2184,2184,2184,2184,2184
3,136,3,2176,2176,2176,2176,2176
3,136,4,136,136,136,136,136
3,136,5,2184,2184,2184,2184,2184
3,136,6,2176,2176,2176,2176,2176
3,136,7,136,136,136,136,136
3,136,8,2184,2184,2184,2184,2184
3,136,9,2176,2176,2176,2176,2176
3,136,10,136,136,136,136,136
3,136,11,2184,2184,2184,2184,2184
3,136,12,2176,2176,2176,2176,2176
3,136,13,136,136,136,136,136
3,136,14,2184,2184,2184,2184,2184
3,136,15,2176,2176,2176,2176,2176
3,136,16,136,136,136,136,136
3,136,17,2184,2184,2184,2184,2184
3,136,18,2176,2176,2176,2176,2176
3,136,19,136,136,136,136,136
3,136,20,2184,2184,2184,2184,2184
3,136,21,2176,2176,2176,2176,2176
3,136,22,136,136,136,136,136
3,136,23,2184,2184,2184,2184,2184
3,136,24,2176,2176,2176,2176,2176
3,136,25,136,136,136,136,136
3,136,26,2184,2184,2184,2184,2184
3,136,27,2176,2176,2176,2176,2176
3,136,28,136,136,136,136,136
3,136,29,2184,2184,2184,2184,2184
3,136,30,2176,2176,2176,2176,2176
3,136,31,136,136,136,136,136
3,136,32,2184,2184,2184,2184,2184
3,136,33,2176,2176,2176,2176,2176
3,136,34,136,136,136,136,136
3,136,35,2184,2184,2184,2184,2184
3,136,36,2176,2176,2176,2176,2176
3,136,37,136,136,136,136,136
3,136,38,2184,2184,2184,2184,2184
3,136,39,2176,2176,2176,2176,2176
3,136,40,136,136,136,136,136
3,136,41,2184,2184,2184,2184,2184
3,136,42,2176,2176,2176,2176,2176
3,136,43,136,136,136,136,136
3,136,44,2184,2184,2184,2184,2184
3,136,45,2176,2176,2176,2176,2176
3,136,46,136,136,136,136,136
3,136,47,2184,2184,2184,2184,2184
3,136,48,2176,2176,2176,2176,2176
3,136,49,136,136,136,136,136
3,136,50,2184,2184,2184,2184,2184
3,136,51,2176,2176,2176,2176,2176
3,136,52,136,136,136,136,136
3,136,53,2184,2184,2184,2184,2184
3,136,54,2176,2176,2176,2176,2176
3,136,55,136,136,136,136,136
3,136,56,2184,2184,2184,2184,2184
3,136,57,2176,2176,2176,2176,2176
3,136,58,136,136,136,136,136
3,136,59,2184,2184,2184,2184,2184
3,136,60,2176,2176,2176,2176,2176
3,136,61,136,136,136,136,136
3,136,62,2184,2184,2184,2184,2184
3,136,63,2176,2176,2176,2176,2176
3,136,64,136,136,136,136,136
3,136,65,2184,2184,2184,2184,2184
3,136,66,2176,2176,2176,2176,2176
3,136,67,136,136,136,136,136
3,136,68,2184,2184,2184,2184,2184
3,136,69,2176,2176,2176,2176,2176
3,136,70,136,136,136,136,136
3,136,71,2184,2184,2184,2184,2184
3,136,72,2176,2176,2176,2176,2176
3,136,73,136,136,136,136,136
3,136,74,2184,2184,2184,2184,2184
3,136,75,2176,2176,2176,2176,2176
3,136,76,136,136,136,136,136
3,136,77,2184,2184,2184,2184,2184
3,136,78,2176,2176,2176,2176,2176
3,136,79,136,136,136,136,136
3,136,80,2184,2184,2184,2184,2184
3,137,0,2176,2176,2176,2176,2176
3,137,1,136,136,136,136,136
3,137,2,2184,2184,2184,2184,2184
3,137,3,2176,2176,2176,2176,2176
3,137,4,136,136,136,136,136
3,137,5,2184,2184,2184,2184,2184
3,137,6,2176,2176,2176,2176,2176
3,137,7,136,136,136,136,136
3,137,8,2184,2184,2184,2184,2184
3,137,9,2176,2176,2176,2176,2176
3,137,10,136,136,136,136,136
3,137,11,2184,2184,2184,2184,2184
3,137,12,2176,2176,2176,2176,2176
3,137,13,136,136,136,136,136
3,137,14,2184,2184,2184,2184,2184
3,137,15,2176,2176,2176,2176,2176
3,137,16,136,136,136,136,136
3,137,17,2184,2184,2184,2184,2184
3,137,18,2176,2176,2176,2176,2176
3,137,19,136,136,136,136,136
3,137,20,2184,2184,2184,2184,2184
3,137,21,2176,2176,2176,2176,2176
3,137,22,136,136,136,136,136
3,137,23,2184,2184,2184,2184,2184
3,137,24,2176,2176,2176,2176,2176
3,137,25,136,136,136,136,136
3,137,26,2184,2184,2184,2184,2184
3,137,27,2176,2176,2176,2176,2176
3,137,28,136,136,136,136,136
3,137,29,2184,2184,2184,2184,2184
3,137,30,2176,2176,2176,2176,2176
3,137,31,136,136,136,136,136
3,137,32,2184,2184,2184,2184,2184
3,137,33,2176,2176,2176,2176,2176
3,137,34,136,136,136,136,136
3,137,35,2184,2184,2184,2184,2184
3,137,36,2176,2176,2176,2176,2176
3,137,37,136,136,136,136,136
3,137,38,2184,2184,2184,2184,2184
3,137,39,2176,2176,2176,2176,2176
3,137,40,136,136,136,136,136
3,137,41,2184,2184,2184,2184,2184
3,137,42,2176,2176,2176,2176,2176
3,137,43,136,136,136,136,136
3,137,44,2184,2184,2184,2184,2184
3,137,45,2176,2176,2176,2176,2176
3,137,46,136,136,136,136,136
3,137,47,2184,2184,2184,2184,2184
3,137,48,2176,2176,2176,2176,2176
3,137,49,136,136,136,136,136
3,137,50,2184,2184,2184,2184,2184
3,137,51,2176,2176,2176,2176,2176
3,137,52,136,136,136,136,136
3,137,53,2184,2184,2184,2184,2184
3,137,54,2176,2176,2176,2176,2176
3,137,55,136,136,136,136,136
3,137,56,2184,2184,2184,2184,2184
3,137,57,2176,2176,2176,2176,2176
3,137,58,136,136,136,136,136
3,137,59,2184,2184,2184,2184,2184
3,137,60,2176,2176,2176,2176,2176
3,137,61,136,136,136,136,136
3,137,62,2184,2184,2184,2184,2184
3,137,63,2176,2176,2176,2176,2176
3,137,64,136,136,136,136,136
3,137,65,2184,2184,2184,2184,2184
3,137,66,2176,2176,2176,2176,2176
3,137,67,136,136,136,136,136
3,137,68,2184,2184,2184,2184,2184
3,137,69,2176,2176,2176,2176,2176
3,137,70,136,136,136,136,136
3,137,71,2184,2184,2184,2184,2184
3,137,72,2176,2176,2176,2176,2176
3,137,73,136,136,136,136,136
3,137,74,2184,2184,2184,2184,2184
3,137,75,2176,2176,2176,2176,2176
3,137,76,136,136,136,136,136
3,137,77,2184,2184,2184,2184,2184
3,137,78,2176,2176,2176,2176,2176
3,137,79,136,136,136,136,136
3,137,80,2184,2184,2184,2184,2184
3,138,0,2176,2176,2176,2176,2176
3,138,1,136,136,136,136,136
3,138,2,2184,2184,2184,2184,2184
3,138,3,2176,2176,2176,2176,2176
3,138,4,136,136,136,136,136
3,138,5,2184,2184,2184,2184,2184
3,138,6,2176,2176,2176,2176,2176
3,138,7,136,136,136,136,136
3,138,8,2184,2184,2184,2184,2184
3,138,9,2176,2176,2176,2176,2176
3,138,10,136,136,136,136,136
3,138,11,2184,2184,2184,2184,2184
3,138,12,2176,2176,2176,2176,2176
3,138,13,136,136,136,136,136
3,138,14,2184,2184,2184,2184,2184
3,138,15,2176,2176,2176,2176,2176
3,138,16,136,136,136,136,136
3,138,17,2184,2184,2184,2184,2184
3,138,18,2176,2176,2176,2176,2176
3,138,19,136,136,136,136,136
3,138,20,2184,2184,2184,2184,2184
3,138,21,2176,2176,2176,2176,2176
3,138,22,136,136,136,136,136
3,138,23,2184,2184,2184,2184,2184
3,138,24,2176,2176,2176,2176,2176
3,138,25,136,136,136,136,136
3,138,26,2184,2184,2184,2184,2184
3,138,27,2176,2176,2176,2176,2176
3,138,28,136,136,136,136,136
3,138,29,2184,2184,2184,2184,2184
3,138,30,2176,2176,2176,2176,2176
3,138,31,136,136,136,136,136
3,138,32,2184,2184,2184,2184,2184
3,138,33,2176,2176,2176,2176,2176
3,138,34,136,136,136,136,136
3,138,35,2184,2184,2184,2184,2184
3,138,36,2176,2176,2176,2176,2176
3,138,37,136,136,136,136,136
3,138,38,2184,2184,2184,2184,2184
3,138,39,2176,2176,2176,2176,2176
3,138,40,136,136,136,136,136
3,138,41,2184,2184,2184,2184,2184
3,138,42,2176,2176,2176,2176,2176
3,138,43,136,136,136,136,136
3,138,44,2184,2184,2184,2184,2184
3,138,45,2176,2176,2176,2176,2176
3,138,46,136,136,136,136,136
3,138,47,2184,2184,2184,2184,2184
3,138,48,2176,2176,2176,2176,2176
3,138,49,136,136,136,136,136
3,138,50,2184,2184,2184,2184,2184
3,138,51,2176,2176,2176,2176,2176
3,138,52,136,136,136,136,136
3,138,53,2184,2184,2184,2184,2184
3,138,54,2176,2176,2176,2176,2176
3,138,55,136,136,136,136,136
3,138,56,2184,2184,2184,2184,2184
3,138,57,2176,2176,2176,2176,2176
3,138,58,136,136,136,136,136
3,138,59,2184,2184,2184,2184,2184
3,138,60,2176,2176,2176,2176,2176
3,138,61,136,136,136,136,136
3,138,62,2184,2184,2184,2184,2184
3,138,63,2176,2176,2176,2176,2176
3,138,64,136,136,136,136,136
3,138,65,2184,2184,2184,2184,2184
3,138,66,2176,2176,2176,2176,2176
3,138,67,136,136,136,136,136
3,138,68,2184,2184,2184,2184,2184
3,138,69,2176,2176,2176,2176,2176
3,138,70,136,136,136,136,136
3,138,71,2184,2184,2184,2184,2184
3,138,72,2176,2176,2176,2176,2176
3,138,73,136,136,136,136,136
3,138,74,2184,2184,2184,2184,2184
3,138,75,2176,2176,2176,2176,2176
3,138,76,136,136,136,136,136
3,138,77,2184,2184,2184,2184,2184
3,138,78,2176,2176,2176,2176,2176
3,138,79,136,136,136,136,136
3,138,80,2184,2184,2184,2184,2184
3,139,0,2176,2176,2176,2176,2176
3,139,1,136,136,136,136,136
3,139,2,2184,2184,2184,2184,2184
3,139,3,2176,2176,2176,2176,2176
3,139,4,136,136,136,136,136
3,139,5,2184,2184,2184,2184,2184
3,139,6,2176,2176,2176,2176,2176
3,139,7,136,136,136,136,136
3,139,8,2184,2184,2184,2184,2184
3,139,9,2176,2176,2176,2176,2176
3,139,10,136,136,136,136,136
3,139,11,2184,2184,2184,2184,2184
3,139,12,2176,2176,2176,2176,2176
3,139,13,136,136,136,136,136
3,139,14,2184,2184,2184,2184,2184
3,139,15,2176,2176,2176,2176,2176
3,139,16,136,136,136,136,136
3,139,17,2184,2184,2184,2184,2184
3,139,18,2176,2176,2176,2176,2176
3,139,19,136,136,136,136,136
3,139,20,2184,2184,2184,2184,2184
3,139,21,2176,2176,2176,2176,2176
3,139,22,136,136,136,136,136
3,139,23,2184,2184,2184,2184,2184
3,139,24,2176,2176,2176,2176,2176
3,139,25,136,136,136,136,136
3,139,26,2184,2184,2184,2184,2184
3,139,27,2176,2176,2176,2176,2176
3,139,28,136,136,136,136,136
3,139,29,2184,2184,2184,2184,2184
3,139,30,2176,2176,2176,2176,2176
3,139,31,136,136,136,136,136
3,139,32,2184,2184,2184,2184,2184
3,139,33,2176,2176,2176,2176,2176
3,139,34,136,136,136,136,136
3,139,35,2184,2184,2184,2184,2184
3,139,36,2176,2176,2176,2176,2176
3,139,37,136,136,136,136,136
3,139,38,2184,2184,2184,2184,2184
3,139,39,2176,2176,2176,2176,2176
3,139,40,136,136,136,136,136
3,139,41,2184,2184,2184,2184,2184
3,139,42,2176,2176,2176,2176,2176
3,139,43,136,136,136,136,136
3,139,44,2184,2184,2184,2184,2184
3,139,45,2176,2176,2176,2176,2176
3,139,46,136,136,136,136,136
3,139,47,2184,2184,2184,2184,2184
3,139,48,2176,2176,2176,2176,2176
3,139,49,136,136,136,136,136
3,139,50,2184,2184,2184,2184,2184
3,139,51,2176,2176,2176,2176,2176
3,139,52,136,136,136,136,136
3,139,53,2184,2184,2184,2184,2184
3,139,54,2176,2176,2176,2176,2176
3,139,55,136,136,136,136,136
3,139,56,2184,2184,2184,2184,2184
3,139,57,2176,2176,2176,2176,2176
3,139,58,136,136,136,136,136
3,139,59,2184,2184,2184,2184,2184
3,139,60,2176,2176,2176,2176,2176
3,139,61,136,136,136,136,136
3,139,62,2184,2184,2184,2184,2184
3,139,63,2176,2176,2176,2176,2176
3,139,64,136,136,136,136,136
3,139,65,2184,2184,2184,2184,2184
3,139,66,2176,2176,2176,2176,2176
3,139,67,136,136,136,136,136
3,139,68,2184,2184,2184,2184,2184
3,139,69,2176,2176,2176,2176,2176
3,139,70,136,136,136,136,136
3,139,71,2184,2184,2184,2184,2184
3,139,72,2176,2176,2176,2176,2176
3,139,73,136,136,136,136,136
3,139,74,2184,2184,2184,2184,2184
3,139,75,2176,2176,2176,2176,2176
3,139,76,136,136,136,136,136
3,139,77,2184,2184,2184,2184,2184
3,139,78,2176,2176,2176,2176,2176
3,139,79,136,136,136,136,136
3,139,80,2184,2184,2184,2184,2184
3,140,0,2176,2176,2176,2176,2176
3,140,1,136,136,136,136,136
3,140,2,2184,2184,2184,2184,2184
3,140,3,2176,2176,2176,2176,2176
3,140,4,136,136,136,136,136
3,140,5,2184,2184,2184,2184,2184
3,140,6,2176,2176,2176,2176,2176
3,140,7,136,136,136,136,136
3,140,8,2184,2184,2184,2184,2184
3,140,9,2176,2176,2176,2176,2176
3,140,10,136,136,136,136,136
3,140,11,2184,2184,2184,2184,2184
3,140,12,2176,2176,2176,2176,2176
3,140,13,136,136,136,136,136
3,140,14,2184,2184,2184,2184,2184
3,140,15,2176,2176,2176,2176,2176
3,140,16,136,136,136,136,136
3,140,17,2184,2184,2184,2184,2184
3,140,18,2176,2176,2176,2176,2176
3,140,19,136,136,136,136,136
3,140,20,2184,2184,2184,2184,2184
3,140,21,2176,2176,2176,2176,2176
3,140,22,136,136,136,136,136
3,140,23,2184,2184,2184,2184,2184
3,140,24,2176,2176,2176,2176,2176
3,140,25,136,136,136,136,136
3,140,26,2184,2184,2184,2184,2184
3,140,27,2176,2176,2176,2176,2176
3,140,28,136,136,136,136,136
3,140,29,2184,2184,2184,2184,2184
3,140,30,2176,2176,2176,2176,2176
3,140,31,136,136,136,136,136
3,140,32,2184,2184,2184,2184,2184
3,140,33,2176,2176,2176,2176,2176
3,140,34,136,136,136,136,136
3,140,35,2184,2184,2184,2184,2184
3,140,36,2176,2176,2176,2176,2176
3,140,37,136,136,136,136,136
3,140,38,2184,2184,2184,2184,2184
3,140,39,2176,2176,2176,2176,2176
3,140,40,136,136,136,136,136
3,140,41,2184,2184,2184,2184,2184
3,140,42,2176,2176,2176,2176,2176
3,140,43,136,136,136,136,136
3,140,44,2184,2184,2184,2184,2184
3,140,45,2176,2176,2176,2176,2176
3,140,46,136,136,136,136,136
3,140,47,2184,2184,2184,2184,2184
3,140,48,2176,2176,2176,2176,2176
3,140,49,136,136,136,136,136
3,140,50,2184,2184,2184,2184,2184
3,140,51,2176,2176,2176,2176,2176
3,140,52,136,136,136,136,136
3,140,53,2184,2184,2184,2184,2184
3,140,54,2176,2176,2176,2176,2176
3,140,55,136,136,136,136,136
3,140,56,2184,2184,2184,2184,2184
3,140,57,2176,2176,2176,2176,2176
3,140,58,136,136,136,136,136
3,140,59,2184,2184,2184,2184,2184
3,140,60,2176,2176,2176,2176,2176
3,140,61,136,136,136,136,136
3,140,62,2184,2184,2184,2184,2184
3,140,63,2176,2176,2176,2176,2176
3,140,64,136,136,136,136,136
3,140,65,2184,2184,2184,2184,2184
3,140,66,2176,2176,2176,2176,2176
3,140,67,136,136,136,136,136
3,140,68,2184,2184,2184,2184,2184
3,140,69,2176,2176,2176,2176,2176
3,140,70,136,136,136,136,136
3,140,71,2184,2184,2184,2184,2184
3,140,72,2176,2176,2176,2176,2176
3,140,73,136,136,136,136,136
3,140,74,2184,2184,2184,2184,2184
3,140,75,2176,2176,2176,2176,2176
3,140,76,136,136,136,136,136
3,140,77,2184,2184,2184,2184,2184
3,140,78,2176,2176,2176,2176,2176
3,140,79,136,136,136,136,136
3,140,80,2184,2184,2184,2184,2184
3,141,0,2176,2176,2176,2176,2176
3,141,1,136,136,136,136,136
3,141,2,2184,2184,2184,2184,2184
3,141,3,2176,2176,2176,2176,2176
3,141,4,136,136,136,136,136
3,141,5,2184,2184,2184,2184,2184
3,141,6,2176,2176,2176,2176,2176
3,141,7,136,136,136,136,136
3,141,8,2184,2184,2184,2184,2184
3,141,9,2176,2176,2176,2176,2176
3,141,10,136,136,136,136,136
3,141,11,2184,2184,2184,2184,2184
3,141,12,2176,2176,2176,2176,2176
3,141,13,136,136,136,136,136
3,141,14,2184,2184,2184,2184,2184
3,141,15,2176,2176,2176,2176,2176
3,141,16,136,136,136,136,136
3,141,17,2184,2184,2184,2184,2184
3,141,18,2176,2176,2176,2176,2176
3,141,19,136,136,136,136,136
3,141,20,2184,2184,2184,2184,2184
3,141,21,2176,2176,2176,2176,2176
3,141,22,136,136,136,136,136
3,141,23,2184,2184,2184,2184,2184
3,141,24,2176,2176,2176,2176,2176
3,141,25,136,136,136,136,136
3,141,26,2184,2184,2184,2184,2184
3,141,27,2176,2176,2176,2176,2176
3,141,28,136,136,136,136,136
3,141,29,2184,2184,2184,2184,2184
3,141,30,2176,2176,2176,2176,2176
3,141,31,136,136,136,136,136
3,141,32,2184,2184,2184,2184,2184
3,141,33,2176,2176,2176,2176,2176
3,141,34,136,136,136,136,136
3,141,35,2184,2184,2184,2184,2184
3,141,36,2176,2176,2176,2176,2176
3,141,37,136,136,136,136,136
3,141,38,2184,2184,2184,2184,2184
3,141,39,2176,2176,2176,2176,2176
3,141,40,136,136,136,136,136
3,141,41,2184,2184,2184,2184,2184
3,141,42,2176,2176,2176,2176,2176
3,141,43,136,136,136,136,136
3,141,44,2184,2184,2184,2184,2184
3,141,45,2176,2176,2176,2176,2176
3,141,46,136,136,136,136,136
3,141,47,2184,2184,2184,2184,2184
3,141,48,2176,2176,2176,2176,2176
3,141,49,136,136,136,136,136
3,141,50,2184,2184,2184,2184,2184
3,141,51,2176,2176,2176,2176,2176
3,141,52,136,136,136,136,136
3,141,53,2184,2184,2184,2184,2184
3,141,54,2176,2176,2176,2176,2176
3,141,55,136,136,136,136,136
3,141,56,2184,2184,2184,2184,2184
3,141,57,2176,2176,2176,2176,2176
3,141,58,136,136,136,136,136
3,141,59,2184,2184,2184,2184,2184
3,141,60,2176,2176,2176,2176,2176
3,141,61,136,136,136,136,136
3,141,62,2184,2184,2184,2184,2184
3,141,63,2176,2176,2176,2176,2176
3,141,64,136,136,136,136,136
3,141,65,2184,2184,2184,2184,2184
3,141,66,2176,2176,2176,2176,2176
3,141,67,136,136,136,136,136
3,141,68,2184,2184,2184,2184,2184
3,141,69,2176,2176,2176,2176,2176
3,141,70,136,136,136,136,136
3,141,71,2184,2184,2184,2184,2184
3,141,72,2176,2176,2176,2176,2176
3,141,73,136,136,136,136,136
3,141,74,2184,2184,2184,2184,2184
3,141,75,2176,2176,2176,2176,2176
3,141,76,136,136,136,136,136
3,141,77,2184,2184,2184,2184,2184
3,141,78,2176,2176,2176,2176,2176
3,141,79,136,136,136,136,136
3,141,80,2184,2184,2184,2184,2184
3,142,0,2176,2176,2176,2176,2176
3,142,1,136,136,136,136,136
3,142,2,2184,2184,2184,2184,2184
3,142,3,2176,2176,2176,2176,2176
3,142,4,136,136,136,136,136
3,142,5,2184,2184,2184,2184,2184
3,142,6,2176,2176,2176,2176,2176
3,142,7,136,136,136,136,136
3,142,8,2184,2184,2184,2184,2184
3,142,9,2176,2176,2176,2176,2176
3,142,10,136,136,136,136,136
3,142,11,2184,2184,2184,2184,2184
3,142,12,2176,2176,2176,2176,2176
3,142,13,136,136,136,136,136
3,142,14,2184,2184,2184,2184,2184
3,142,15,2176,2176,2176,2176,2176
3,142,16,136,136,136,136,136
3,142,17,2184,2184,2184,2184,2184
3,142,18,2176,2176,2176,2176,2176
3,142,19,136,136,136,136,136
3,142,20,2184,2184,2184,2184,2184
3,142,21,2176,2176,2176,2176,2176
3,142,22,136,136,136,136,136
3,142,23,2184,2184,2184,2184,2184
3,142,24,2176,2176,2176,2176,2176
3,142,25,136,136,136,136,136
3,142,26,2184,2184,2184,2184,2184
3,142,27,2176,2176,2176,2176,2176
3,142,28,136,136,136,136,136
3,142,29,2184,2184,2184,2184,2184
3,142,30,2176,2176,2176,2176,2176
3,142,31,136,136,136,136,136
3,142,32,2184,2184,2184,2184,2184
3,142,33,2176,2176,2176,2176,2176
3,142,34,136,136,136,136,136
3,142,35,2184,2184,2184,2184,2184
3,142,36,2176,2176,2176,2176,2176
3,142,37,136,136,136,136,136
3,142,38,2184,2184,2184,2184,2184
3,142,39,2176,2176,2176,2176,2176
3,142,40,136,136,136,136,136
3,142,41,2184,2184,2184,2184,2184
3,142,42,2176,2176,2176,2176,2176
3,142,43,136,136,136,136,136
3,142,44,2184,2184,2184,2184,2184
3,142,45,2176,2176,2176,2176,2176
3,142,46,136,136,136,136,136
3,142,47,2184,2184,2184,2184,2184
3,142,48,2176,2176,2176,2176,2176
3,142,49,136,136,136,136,136
3,142,50,2184,2184,2184,2184,2184
3,142,51,2176,2176,2176,2176,2176
3,142,52,136,136,136,136,136
3,142,53,2184,2184,2184,2184,2184
3,142,54,2176,2176,2176,2176,2176
3,142,55,136,136,136,136,136
3,142,56,2184,2184,2184,2184,2184
3,142,57,2176,2176,2176,2176,2176
3,142,58,136,136,136,136,136
3,142,59,2184,2184,2184,2184,2184
3,142,60,2176,2176,2176,2176,2176
3,142,61,136,136,136,136,136
3,142,62,2184,2184,2184,2184,2184
3,142,63,2176,2176,2176,2176,2176
3,142,64,136,136,136,136,136
3,142,65,2184,2184,2184,2184,2184
3,142,66,2176,2176,2176,2176,2176
3,142,67,136,136,136,136,136
3,142,68,2184,2184,2184,2184,2184
3,142,69,2176,2176,2176,2176,2176
3,142,70,136,136,136,136,136
3,142,71,2184,2184,2184,2184,2184
3,142,72,2176,2176,2176,2176,2176
3,142,73,136,136,136,136,136
3,142,74,2184,2184,2184,2184,2184
3,142,75,2176,2176,2176,2176,2176
3,142,76,136,136,136,136,136
3,142,77,2184,2184,2184,2184,2184
3,142,78,2176,2176,2176,2176,2176
3,142,79,136,136,136,136,136
3,142,80,2184,2184,2184,2184,2184
3,143,0,2176,2176,2176,2176,2176
3,143,1,136,136,136,136,136
3,143,2,2184,2184,2184,2184,2184
3,143,3,2176,2176,2176,2176,2176
3,143,4,136,136,136,136,136
3,143,5,2184,2184,2184,2184,2184
3,143,6,2176,2176,2176,2176,2176
3,143,7,136,136,136,136,136
3,143,8,2184,2184,2184,2184,2184
3,143,9,2176,2176,2176,2176,2176
3,143,10,136,136,136,136,136
3,143,11,2184,2184,2184,2184,2184
3,143,12,2176,2176,2176,2176,2176
3,143,13,136,136,136,136,136
3,143,14,2184,2184,2184,2184,2184
3,143,15,2176,2176,2176,2176,2176
3,143,16,136,136,136,136,136
3,143,17,2184,2184,2184,2184,2184
3,143,18,2176,2176,2176,2176,2176
3,143,19,136,136,136,136,136
3,143,20,2184,2184,2184,2184,2184
3,143,21,2176,2176,2176,2176,2176
3,143,22,136,136,136,136,136
3,143,23,2184,2184,2184,2184,2184
3,143,24,2176,2176,2176,2176,2176
3,143,25,136,136,136,136,136
3,143,26,2184,2184,2184,2184,2184
3,143,27,2176,2176,2176,2176,2176
3,143,28,136,136,136,136,136
3,143,29,2184,2184,2184,2184,2184
3,143,30,2176,2176,2176,2176,2176
3,143,31,136,136,136,136,136
3,143,32,2184,2184,2184,2184,2184
3,143,33,2176,2176,2176,2176,2176
3,143,34,136,136,136,136,136
3,143,35,2184,2184,2184,2184,2184
3,143,36,2176,2176,2176,2176,2176
3,143,37,136,136,136,136,136
3,143,38,2184,2184,2184,2184,2184
3,143,39,2176,2176,2176,2176,2176
3,143,40,136,136,136,136,136
3,143,41,2184,2184,2184,2184,2184
3,143,42,2176,2176,2176,2176,2176
3,143,43,136,136,136,136,136
3,143,44,2184,2184,2184,2184,2184
3,143,45,2176,2176,2176,2176,2176
3,143,46,136,136,136,136,136
3,143,47,2184,2184,2184,2184,2184
3,143,48,2176,2176,2176,2176,2176
3,143,49,136,136,136,136,136
3,143,50,2184,2184,2184,2184,2184
3,143,51,2176,2176,2176,2176,2176
3,143,52,136,136,136,136,136
3,143,53,2184,2184,2184,2184,2184
3,143,54,2176,2176,2176,2176,2176
3,143,55,136,136,136,136,136
3,143,56,2184,2184,2184,2184,2184
3,143,57,2176,2176,2176,2176,2176
3,143,58,136,136,136,136,136
3,143,59,2184,2184,2184,2184,2184
3,143,60,2176,2176,2176,2176,2176
3,143,61,136,136,136,136,136
3,143,62,2184,2184,2184,2184,2184
3,143,63,2176,2176,2176,2176,2176
3,143,64,136,136,136,136,136
3,143,65,2184,2184,2184,2184,2184
3,143,66,2176,2176,2176,2176,2176
3,143,67,136,136,136,136,136
3,143,68,2184,2184,2184,2184,2184
3,143,69,2176,2176,2176,2176,2176
3,143,70,136,136,136,136,136
3,143,71,2184,2184,2184,2184,2184
3,143,72,2176,2176,2176,2176,2176
3,143,73,136,136,136,136,136
3,143,74,2184,2184,2184,2184,2184
3,143,75,2176,2176,2176,2176,2176
3,143,76,136,136,136,136,136
3,143,77,2184,2184,2184,2184,2184
3,143,78,2176,2176,2176,2176,2176
3,143,79,136,136,136,136,136
3,143,80,2184,2184,2184,2184,2184
3,144,0,128,128,128,128,128
3,144,1,128,128,128,128,128
3,144,2,128,128,128,128,128
3,144,3,128,128,128,128,128
3,144,4,128,128,128,128,128
3,144,5,128,128,128,128,128
3,144,6,128,128,128,128,128
3,144,7,128,128,128,128,128
3,144,8,128,128,128,128,128
3,144,9,128,128,128,128,128
3,144,10,128,128,128,128,128
3,144,11,128,128,128,128,128
3,144,12,128,128,128,128,128
3,144,13,128,128,128,128,128
3,144,14,128,128,128,128,128
3,144,15,128,128,128,128,128
3,144,16,128,128,128,128,128
3,144,17,128,128,128,128,128
3,144,18,128,128,128,128,128
3,144,19,128,128,128,128,128
3,144,20,128,128,128,128,128
3,144,21,128,128,128,128,128
3,144,22,128,128,128,128,128
3,144,23,128,128,128,128,128
3,144,24,128,128,128,128,128
3,144,25,128,128,128,128,128
3,144,26,128,128,128,128,128
3,144,27,128,128,128,128,128
3,144,28,128,128,128,128,128
3,144,29,128,128,128,128,128
3,144,30,128,128,128,128,128
3,144,31,128,128,128,128,128
3,144,32,128,128,128,128,128
3,144,33,128,128,128,128,128
3,144,34,128,128,128,128,128
3,144,35,128,128,128,128,128
3,144,36,128,128,128,128,128
3,144,37,128,128,128,128,128
3,144,38,128,128,128,128,128
3,144,39,128,128,128,128,128
3,144,40,128,128,128,128,128
3,144,41,128,128,128,128,128
3,144,42,128,128,128,128,128
3,144,43,128,128,128,128,128
3,144,44,128,128,128,128,128
3,144,45,128,128,128,128,128
3,144,46,128,128,128,128,128
3,144,47,128,128,128,128,128
3,144,48,128,128,128,128,128
3,144,49,128,128,128,128,128
3,144,50,128,128,128,128,128
3,144,51,128,128,128,128,128
3,144,52,128,128,128,128,128
3,144,53,128,128,128,128,128
3,144,54,128,128,128,128,128
3,144,55,128,128,128,128,128
3,144,56,128,128,128,128,128
3,144,57,128,128,128,128,128
3,144,58,128,128,128,128,128
3,144,59,128,128,128,128,128
3,144,60,128,128,128,128,128
3,144,61,128,128,128,128,128
3,144,62,128,128,128,128,128
3,144,63,128,128,128,128,128
3,144,64,128,128,128,128,128
3,144,65,128,128,128,128,128
3,144,66,128,128,128,128,128
3,144,67,128,128,128,128,128
3,144,68,128,128,128,128,128
3,144,69,128,128,128,128,128
3,144,70,128,128,128,128,128
3,144,71,128,128,128,128,128
3,144,72,128,128,128,128,128
3,144,73,128,128,128,128,128
3,144,74,128,128,128,128,128
3,144,75,128,128,128,128,128
3,144,76,128,128,128,128,128
3,144,77,128,128,128,128,128
3,144,78,128,128,128,128,128
3,144,79,128,128,128,128,128
3,144,80,128,128,128,128,128
3,145,0,2176,2176,2176,2176,2176
3,145,1,136,136,136,136,136
3,145,2,2184,2184,2184,2184,2184
3,145,3,2176,2176,2176,2176,2176
3,145,4,136,136,136,136,136
3,145,5,2184,2184,2184,2184,2184
3,145,6,2176,2176,2176,2176,2176
3,145,7,136,136,136,136,136
3,145,8,2184,2184,2184,2184,2184
3,145,9,2176,2176,2176,2176,2176
3,145,10,136,136,136,136,136
3,145,11,2184,2184,2184,2184,2184
3,145,12,2176,2176,2176,2176,2176
3,145,13,136,136,136,136,136
3,145,14,2184,2184,2184,2184,2184
3,145,15,2176,2176,2176,2176,2176
3,145,16,136,136,136,136,136
3,145,17,2184,2184,2184,2184,2184
3,145,18,2176,2176,2176,2176,2176
3,145,19,136,136,136,136,136
3,145,20,2184,2184,2184,2184,2184
3,145,21,2176,2176,2176,2176,2176
3,145,22,136,136,136,136,136
3,145,23,2184,2184,2184,2184,2184
3,145,24,2176,2176,2176,2176,2176
3,145,25,136,136,136,136,136
3,145,26,2184,2184,2184,2184,2184
3,145,27,2176,2176,2176,2176,2176
3,145,28,136,136,136,136,136
3,145,29,2184,2184,2184,2184,2184
3,145,30,2176,2176,2176,2176,2176
3,145,31,136,136,136,136,136
3,145,32,2184,2184,2184,2184,2184
3,145,33,2176,2176,2176,2176,2176
3,145,34,136,136,136,136,136
3,145,35,2184,2184,2184,2184,2184
3,145,36,2176,2176,2176,2176,2176
3,145,37,136,136,136,136,136
3,145,38,2184,2184,2184,2184,2184
3,145,39,2176,2176,2176,2176,2176
3,145,40,136,136,136,136,136
3,145,41,2184,2184,2184,2184,2184
3,145,42,2176,2176,2176,2176,2176
3,145,43,136,136,136,136,136
3,145,44,2184,2184,2184,2184,2184
3,145,45,2176,2176,2176,2176,2176
3,145,46,136,136,136,136,136
3,145,47,2184,2184,2184,2184,2184
3,145,48,2176,2176,2176,2176,2176
3,145,49,136,136,136,136,136
3,145,50,2184,2184,2184,2184,2184
3,145,51,2176,2176,2176,2176,2176
3,145,52,136,136,136,136,136
3,145,53,2184,2184,2184,2184,2184
3,145,54,2176,2176,2176,2176,2176
3,145,55,136,136,136,136,136
3,145,56,2184,2184,2184,2184,2184
3,145,57,2176,2176,2176,2176,2176
3,145,58,136,136,136,136,136
3,145,59,2184,2184,2184,2184,2184
3,145,60,2176,2176,2176,2176,2176
3,145,61,136,136,136,136,136
3,145,62,2184,2184,2184,2184,2184
3,145,63,2176,2176,2176,2176,2176
3,145,64,136,136,136,136,136
3,145,65,2184,2184,2184,2184,2184
3,145,66,2176,2176,2176,2176,2176
3,145,67,136,136,136,136,136
3,145,68,2184,2184,2184,2184,2184
3,145,69,2176,2176,2176,2176,2176
3,145,70,136,136,136,136,136
3,145,71,2184,2184,2184,2184,2184
3,145,72,2176,2176,2176,2176,2176
3,145,73,136,136,136,136,136
3,145,74,2184,2184,2184,2184,2184
3,145,75,2176,2176,2176,2176,2176
3,145,76,136,136,136,136,136
3,145,77,2184,2184,2184,2184,2184
3,145,78,2176,2176,2176,2176,2176
3,145,79,136,136,136,136,136
3,145,80,2184,2184,2184,2184,2184
3,146,0,2176,2176,2176,2176,2176
3,146,1,136,136,136,136,136
3,146,2,2184,2184,2184,2184,2184
3,146,3,2176,2176,2176,2176,2176
3,146,4,136,136,136,136,136
3,146,5,2184,2184,2184,2184,2184
3,146,6,2176,2176,2176,2176,2176
3,146,7,136,136,136,136,136
3,146,8,2184,2184,2184,2184,2184
3,146,9,2176,2176,2176,2176,2176
3,146,10,136,136,136,136,136
3,146,11,2184,2184,2184,2184,2184
3,146,12,2176,2176,2176,2176,2176
3,146,13,136,136,136,136,136
3,146,14,2184,2184,2184,2184,2184
3,146,15,2176,2176,2176,2176,2176
3,146,16,136,136,136,136,136
3,146,17,2184,2184,2184,2184,2184
3,146,18,2176,2176,2176,2176,2176
3,146,19,136,136,136,136,136
3,146,20,2184,2184,2184,2184,2184
3,146,21,2176,2176,2176,2176,2176
3,146,22,136,136,136,136,136
3,146,23,2184,2184,2184,2184,2184
3,146,24,2176,2176,2176,2176,2176
3,146,25,136,136,136,136,136
3,146,26,2184,2184,2184,2184,2184
3,146,27,2176,2176,2176,2176,2176
3,146,28,136,136,136,136,136
3,146,29,2184,2184,2184,2184,2184
3,146,30,2176,2176,2176,2176,2176
3,146,31,136,136,136,136,136
3,146,32,2184,2184,2184,2184,2184
3,146,33,2176,2176,2176,2176,2176
3,146,34,136,136,136,136,136
3,146,35,2184,2184,2184,2184,2184
3,146,36,2176,2176,2176,2176,2176
3,146,37,136,136,136,136,136
3,146,38,2184,2184,2184,2184,2184
3,146,39,2176,2176,2176,2176,2176
3,146,40,136,136,136,136,136
3,146,41,2184,2184,2184,2184,2184
3,146,42,2176,2176,2176,2176,2176
3,146,43,136,136,136,136,136
3,146,44,2184,2184,2184,2184,2184
3,146,45,2176,2176,2176,2176,2176
3,146,46,136,136,136,136,136
3,146,47,2184,2184,2184,2184,2184
3,146,48,2176,2176,2176,2176,2176
3,146,49,136,136,136,136,136
3,146,50,2184,2184,2184,2184,2184
3,146,51,2176,2176,2176,2176,2176
3,146,52,136,136,136,136,136
3,146,53,2184,2184,2184,2184,2184
3,146,54,2176,2176,2176,2176,2176
3,146,55,136,136,136,136,136
3,146,56,2184,2184,2184,2184,2184
3,146,57,2176,2176,2176,2176,2176
3,146,58,136,136,136,136,136
3,146,59,2184,2184,2184,2184,2184
3,146,60,2176,2176,2176,2176,2176
3,146,61,136,136,136,136,136
3,146,62,2184,2184,2184,2184,2184
3,146,63,2176,2176,2176,2176,2176
3,146,64,136,136,136,136,136
3,146,65,2184,2184,2184,2184,2184
3,146,66,2176,2176,2176,2176,2176
3,146,67,136,136,136,136,136
3,146,68,2184,2184,2184,2184,2184
3,146,69,2176,2176,2176,2176,2176
3,146,70,136,136,136,136,136
3,146,71,2184,2184,2184,2184,2184
3,146,72,2176,2176,2176,2176,2176
3,146,73,136,136,136,136,136
3,146,74,2184,2184,2184,2184,2184
3,146,75,2176,2176,2176,2176,2176
3,146,76,136,136,136,136,136
3,146,77,2184,2184,2184,2184,2184
3,146,78,2176,2176,2176,2176,2176
3,146,79,136,136,136,136,136
3,146,80,2184,2184,2184,2184,2184
3,147,0,2176,2176,2176,2176,2176
3,147,1,136,136,136,136,136
3,147,2,2184,2184,2184,2184,2184
3,147,3,2176,2176,2176,2176,2176
3,147,4,136,136,136,136,136
3,147,5,2184,2184,2184,2184,2184
3,147,6,2176,2176,2176,2176,2176
3,147,7,136,136,136,136,136
3,147,8,2184,2184,2184,2184,2184
3,147,9,2176,2176,2176,2176,2176
3,147,10,136,136,136,136,136
3,147,11,2184,2184,2184,2184,2184
3,147,12,2176,2176,2176,2176,2176
3,147,13,136,136,136,136,136
3,147,14,2184,2184,2184,2184,2184
3,147,15,2176,2176,2176,2176,2176
3,147,16,136,136,136,136,136
3,147,17,2184,2184,2184,2184,2184
3,147,18,2176,2176,2176,2176,2176
3,147,19,136,136,136,136,136
3,147,20,2184,2184,2184,2184,2184
3,147,21,2176,2176,2176,2176,2176
3,147,22,136,136,136,136,136
3,147,23,2184,2184,2184,2184,2184
3,147,24,2176,2176,2176,2176,2176
3,147,25,136,136,136,136,136
3,147,26,2184,2184,2184,2184,2184
3,147,27,2176,2176,2176,2176,2176
3,147,28,136,136,136,136,136
3,147,29,2184,2184,2184,2184,2184
3,147,30,2176,2176,2176,2176,2176
3,147,31,136,136,136,136,136
3,147,32,2184,2184,2184,2184,2184
3,147,33,2176,2176,2176,2176,2176
3,147,34,136,136,136,136,136
3,147,35,2184,2184,2184,2184,2184
3,147,36,2176,2176,2176,2176,2176
3,147,37,136,136,136,136,136
3,147,38,2184,2184,2184,2184,2184
3,147,39,2176,2176,2176,2176,2176
3,147,40,136,136,136,136,136
3,147,41,2184,2184,2184,2184,2184
3,147,42,2176,2176,2176,2176,2176
3,147,43,136,136,136,136,136
3,147,44,2184,2184,2184,2184,2184
3,147,45,2176,2176,2176,2176,2176
3,147,46,136,136,136,136,136
3,147,47,2184,2184,2184,2184,2184
3,147,48,2176,2176,2176,2176,2176
3,147,49,136,136,136,136,136
3,147,50,2184,2184,2184,2184,2184
3,147,51,2176,2176,2176,2176,2176
3,147,52,136,136,136,136,136
3,147,53,2184,2184,2184,2184,2184
3,147,54,2176,2176,2176,2176,2176
3,147,55,136,136,136,136,136
3,147,56,2184,2184,2184,2184,2184
3,147,57,2176,2176,2176,2176,2176
3,147,58,136,136,136,136,136
3,147,59,2184,2184,2184,2184,2184
3,147,60,2176,2176,2176,2176,2176
3,147,61,136,136,136,136,136
3,147,62,2184,2184,2184,2184,2184
3,147,63,2176,2176,2176,2176,2176
3,147,64,136,136,136,136,136
3,147,65,2184,2184,2184,2184,2184
3,147,66,2176,2176,2176,2176,2176
3,147,67,136,136,136,136,136
3,147,68,2184,2184,2184,2184,2184
3,147,69,2176,2176,2176,2176,2176
3,147,70,136,136,136,136,136
3,147,71,2184,2184,2184,2184,2184
3,147,72,2176,2176,2176,2176,2176
3,147,73,136,136,136,136,136
3,147,74,2184,2184,2184,2184,2184
3,147,75,2176,2176,2176,2176,2176
3,147,76,136,136,136,136,136
3,147,77,2184,2184,2184,2184,2184
3,147,78,2176,2176,2176,2176,2176
3,147,79,136,136,136,136,136
3,147,80,2184,2184,2184,2184,2184
3,148,0,2176,2176,2176,2176,2176
3,148,1,136,136,136,136,136
3,148,2,2184,2184,2184,2184,2184
3,148,3,2176,2176,2176,2176,2176
3,148,4,136,136,136,136,136
3,148,5,2184,2184,2184,2184,2184
3,148,6,2176,2176,2176,2176,2176
3,148,7,136,136,136,136,136
3,148,8,2184,2184,2184,2184,2184
3,148,9,2176,2176,2176,2176,2176
3,148,10,136,136,136,136,136
3,148,11,2184,2184,2184,2184,2184
3,148,12,2176,2176,2176,2176,2176
3,148,13,136,136,136,136,136
3,148,14,2184,2184,2184,2184,2184
3,148,15,2176,2176,2176,2176,2176
3,148,16,136,136,136,136,136
3,148,17,2184,2184,2184,2184,2184
3,148,18,2176,2176,2176,2176,2176
3,148,19,136,136,136,136,136
3,148,20,2184,2184,2184,2184,2184
3,148,21,2176,2176,2176,2176,2176
3,148,22,136,136,136,136,136
3,148,23,2184,2184,2184,2184,2184
3,148,24,2176,2176,2176,2176,2176
3,148,25,136,136,136,136,136
3,148,26,2184,2184,2184,2184,2184
3,148,27,2176,2176,2176,2176,2176
3,148,28,136,136,136,136,136
3,148,29,2184,2184,2184,2184,2184
3,148,30,2176,2176,2176,2176,2176
3,148,31,136,136,136,136,136
3,148,32,2184,2184,2184,2184,2184
3,148,33,2176,2176,2176,2176,2176
3,148,34,136,136,136,136,136
3,148,35,2184,2184,2184,2184,2184
3,148,36,2176,2176,2176,2176,2176
3,148,37,136,136,136,136,136
3,148,38,2184,2184,2184,2184,2184
3,148,39,2176,2176,2176,2176,2176
3,148,40,136,136,136,136,136
3,148,41,2184,2184,2184,2184,2184
3,148,42,2176,2176,2176,2176,2176
3,148,43,136,136,136,136,136
3,148,44,2184,2184,2184,2184,2184
3,148,45,2176,2176,2176,2176,2176
3,148,46,136,136,136,136,136
3,148,47,2184,2184,2184,2184,2184
3,148,48,2176,2176,2176,2176,2176
3,148,49,136,136,136,136,136
3,148,50,2184,2184,2184,2184,2184
3,148,51,2176,2176,2176,2176,2176
3,148,52,136,136,136,136,136
3,148,53,2184,2184,2184,2184,2184
3,148,54,2176,2176,2176,2176,2176
3,148,55,136,136,136,136,136
3,148,56,2184,2184,2184,2184,2184
3,148,57,2176,2176,2176,2176,2176
3,148,58,136,136,136,136,136
3,148,59,2184,2184,2184,2184,2184
3,148,60,2176,2176,2176,2176,2176
3,148,61,136,136,136,136,136
3,148,62,2184,2184,2184,2184,2184
3,148,63,2176,2176,2176,2176,2176
3,148,64,136,136,136,136,136
3,148,65,2184,2184,2184,2184,2184
3,148,66,2176,2176,2176,2176,2176
3,148,67,136,136,136,136,136
3,148,68,2184,2184,2184,2184,2184
3,148,69,2176,2176,2176,2176,2176
3,148,70,136,136,136,136,136
3,148,71,2184,2184,2184,2184,2184
3,148,72,2176,2176,2176,2176,2176
3,148,73,136,136,136,136,136
3,148,74,2184,2184,2184,2184,2184
3,148,75,2176,2176,2176,2176,2176
3,148,76,136,136,136,136,136
3,148,77,2184,2184,2184,2184,2184
3,148,78,2176,2176,2176,2176,2176
3,148,79,136,136,136,136,136
3,148,80,2184,2184,2184,2184,2184
3,149,0,2176,2176,2176,2176,2176
3,149,1,136,136,136,136,136
3,149,2,2184,2184,2184,2184,2184
3,149,3,2176,2176,2176,2176,2176
3,149,4,136,136,136,136,136
3,149,5,2184,2184,2184,2184,2184
3,149,6,2176,2176,2176,2176,2176
3,149,7,136,136,136,136,136
3,149,8,2184,2184,2184,2184,2184
3,149,9,2176,2176,2176,2176,2176
3,149,10,136,136,136,136,136
3,149,11,2184,2184,2184,2184,2184
3,149,12,2176,2176,2176,2176,2176
3,149,13,136,136,136,136,136
3,149,14,2184,2184,2184,2184,2184
3,149,15,2176,2176,2176,2176,2176
3,149,16,136,136,136,136,136
3,149,17,2184,2184,2184,2184,2184
3,149,18,2176,2176,2176,2176,2176
3,149,19,136,136,136,136,136
3,149,20,2184,2184,2184,2184,2184
3,149,21,2176,2176,2176,2176,2176
3,149,22,136,136,136,136,136
3,149,23,2184,2184,2184,2184,2184
3,149,24,2176,2176,2176,2176,2176
3,149,25,136,136,136,136,136
3,149,26,2184,2184,2184,2184,2184
3,149,27,2176,2176,2176,2176,2176
3,149,28,136,136,136,136,136
3,149,29,2184,2184,2184,2184,2184
3,149,30,2176,2176,2176,2176,2176
3,149,31,136,136,136,136,136
3,149,32,2184,2184,2184,2184,2184
3,149,33,2176,2176,2176,2176,2176
3,149,34,136,136,136,136,136
3,149,35,2184,2184,2184,2184,2184
3,149,36,2176,2176,2176,2176,2176
3,149,37,136,136,136,136,136
3,149,38,2184,2184,2184,2184,2184
3,149,39,2176,2176,2176,2176,2176
3,149,40,136,136,136,136,136
3,149,41,2184,2184,2184,2184,2184
3,149,42,2176,2176,2176,2176,2176
3,149,43,136,136,136,136,136
3,149,44,2184,2184,2184,2184,2184
3,149,45,2176,2176,2176,2176,2176
3,149,46,136,136,136,136,136
3,149,47,2184,2184,2184,2184,2184
3,149,48,2176,2176,2176,2176,2176
3,149,49,136,136,136,136,136
3,149,50,2184,2184,2184,2184,2184
3,149,51,2176,2176,2176,2176,2176
3,149,52,136,136,136,136,136
3,149,53,2184,2184,2184,2184,2184
3,149,54,2176,2176,2176,2176,2176
3,149,55,136,136,136,136,136
3,149,56,2184,2184,2184,2184,2184
3,149,57,2176,2176,2176,2176,2176
3,149,58,136,136,136,136,136
3,149,59,2184,2184,2184,2184,2184
3,149,60,2176,2176,2176,2176,2176
3,149,61,136,136,136,136,136
3,149,62,2184,2184,2184,2184,2184
3,149,63,2176,2176,2176,2176,2176
3,149,64,136,136,136,136,136
3,149,65,2184,2184,2184,2184,2184
3,149,66,2176,2176,2176,2176,2176
3,149,67,136,136,136,136,136
3,149,68,2184,2184,2184,2184,2184
3,149,69,2176,2176,2176,2176,2176
3,149,70,136,136,136,136,136
3,149,71,2184,2184,2184,2184,2184
3,149,72,2176,2176,2176,2176,2176
3,149,73,136,136,136,136,136
3,149,74,2184,2184,2184,2184,2184
3,149,75,2176,2176,2176,2176,2176
3,149,76,136,136,136,136,136
3,149,77,2184,2184,2184,2184,2184
3,149,78,2176,2176,2176,2176,2176
3,149,79,136,136,136,136,136
3,149,80,2184,2184,2184,2184,2184
3,150,0,2176,2176,2176,2176,2176
3,150,1,136,136,136,136,136
3,150,2,2184,2184,2184,2184,2184
3,150,3,2176,2176,2176,2176,2176
3,150,4,136,136,136,136,136
3,150,5,2184,2184,2184,2184,2184
3,150,6,2176,2176,2176,2176,2176
3,150,7,136,136,136,136,136
3,150,8,2184,2184,2184,2184,2184
3,150,9,2176,2176,2176,2176,2176
3,150,10,136,136,136,136,136
3,150,11,2184,2184,2184,2184,2184
3,150,12,2176,2176,2176,2176,2176
3,150,13,136,136,136,136,136
3,150,14,2184,2184,2184,2184,2184
3,150,15,2176,2176,2176,2176,2176
3,150,16,136,136,136,136,136
3,150,17,2184,2184,2184,2184,2184
3,150,18,2176,2176,2176,2176,2176
3,150,19,136,136,136,136,136
3,150,20,2184,2184,2184,2184,2184
3,150,21,2176,2176,2176,2176,2176
3,150,22,136,136,136,136,136
3,150,23,2184,2184,2184,2184,2184
3,150,24,2176,2176,2176,2176,2176
3,150,25,136,136,136,136,136
3,150,26,2184,2184,2184,2184,2184
3,150,27,2176,2176,2176,2176,2176
3,150,28,136,136,136,136,136
3,150,29,2184,2184,2184,2184,2184
3,150,30,2176,2176,2176,2176,2176
3,150,31,136,136,136,136,136
3,150,32,2184,2184,2184,2184,2184
3,150,33,2176,2176,2176,2176,2176
3,150,34,136,136,136,136,136
3,150,35,2184,2184,2184,2184,2184
3,150,36,2176,2176,2176,2176,2176
3,150,37,136,136,136,136,136
3,150,38,2184,2184,2184,2184,2184
3,150,39,2176,2176,2176,2176,2176
3,150,40,136,136,136,136,136
3,150,41,2184,2184,2184,2184,2184
3,150,42,2176,2176,2176,2176,2176
3,150,43,136,136,136,136,136
3,150,44,2184,2184,2184,2184,2184
3,150,45,2176,2176,2176,2176,2176
3,150,46,136,136,136,136,136
3,150,47,2184,2184,2184,2184,2184
3,150,48,2176,2176,2176,2176,2176
3,150,49,136,136,136,136,136
3,150,50,2184,2184,2184,2184,2184
3,150,51,2176,2176,2176,2176,2176
3,150,52,136,136,136,136,136
3,150,53,2184,2184,2184,2184,2184
3,150,54,2176,2176,2176,2176,2176
3,150,55,136,136,136,136,136
3,150,56,2184,2184,2184,2184,2184
3,150,57,2176,2176,2176,2176,2176
3,150,58,136,136,136,136,136
3,150,59,2184,2184,2184,2184,2184
3,150,60,2176,2176,2176,2176,2176
3,150,61,136,136,136,136,136
3,150,62,2184,2184,2184,2184,2184
3,150,63,2176,2176,2176,2176,2176
3,150,64,136,136,136,136,136
3,150,65,2184,2184,2184,2184,2184
3,150,66,2176,2176,2176,2176,2176
3,150,67,136,136,136,136,136
3,150,68,2184,2184,2184,2184,2184
3,150,69,2176,2176,2176,2176,2176
3,150,70,136,136,136,136,136
3,150,71,2184,2184,2184,2184,2184
3,150,72,2176,2176,2176,2176,2176
3,150,73,136,136,136,136,136
3,150,74,2184,2184,2184,2184,2184
3,150,75,2176,2176,2176,2176,2176
3,150,76,136,136,136,136,136
3,150,77,2184,2184,2184,2184,2184
3,150,78,2176,2176,2176,2176,2176
3,150,79,136,136,136,136,136
3,150,80,2184,2184,2184,2184,2184
3,151,0,2176,2176,2176,2176,2176
3,151,1,136,136,136,136,136
3,151,2,2184,2184,2184,2184,2184
3,151,3,2176,2176,2176,2176,2176
3,151,4,136,136,136,136,136
3,151,5,2184,2184,2184,2184,2184
3,151,6,2176,2176,2176,2176,2176
3,151,7,136,136,136,136,136
3,151,8,2184,2184,2184,2184,2184
3,151,9,2176,2176,2176,2176,2176
3,151,10,136,136,136,136,136
3,151,11,2184,2184,2184,2184,2184
3,151,12,2176,2176,2176,2176,2176
3,151,13,136,136,136,136,136
3,151,14,2184,2184,2184,2184,2184
3,151,15,2176,2176,2176,2176,2176
3,151,16,136,136,136,136,136
3,151,17,2184,2184,2184,2184,2184
3,151,18,2176,2176,2176,2176,2176
3,151,19,136,136,136,136,136
3,151,20,2184,2184,2184,2184,2184
3,151,21,2176,2176,2176,2176,2176
3,151,22,136,136,136,136,136
3,151,23,2184,2184,2184,2184,2184
3,151,24,2176,2176,2176,2176,2176
3,151,25,136,136,136,136,136
3,151,26,2184,2184,2184,2184,2184
3,151,27,2176,2176,2176,2176,2176
3,151,28,136,136,136,136,136
3,151,29,2184,2184,2184,2184,2184
3,151,30,2176,2176,2176,2176,2176
3,151,31,136,136,136,136,136
3,151,32,2184,2184,2184,2184,2184
3,151,33,2176,2176,2176,2176,2176
3,151,34,136,136,136,136,136
3,151,35,2184,2184,2184,2184,2184
3,151,36,2176,2176,2176,2176,2176
3,151,37,136,136,136,136,136
3,151,38,2184,2184,2184,2184,2184
3,151,39,2176,2176,2176,2176,2176
3,151,40,136,136,136,136,136
3,151,41,2184,2184,2184,2184,2184
3,151,42,2176,2176,2176,2176,2176
3,151,43,136,136,136,136,136
3,151,44,2184,2184,2184,2184,2184
3,151,45,2176,2176,2176,2176,2176
3,151,46,136,136,136,136,136
3,151,47,2184,2184,2184,2184,2184
3,151,48,2176,2176,2176,2176,2176
3,151,49,136,136,136,136,136
3,151,50,2184,2184,2184,2184,2184
3,151,51,2176,2176,2176,2176,2176
3,151,52,136,136,136,136,136
3,151,53,2184,2184,2184,2184,2184
3,151,54,2176,2176,2176,2176,2176
3,151,55,136,136,136,136,136
3,151,56,2184,2184,2184,2184,2184
3,151,57,2176,2176,2176,2176,2176
3,151,58,136,136,136,136,136
3,151,59,2184,2184,2184,2184,2184
3,151,60,2176,2176,2176,2176,2176
3,151,61,136,136,136,136,136
3,151,62,2184,2184,2184,2184,2184
3,151,63,2176,2176,2176,2176,2176
3,151,64,136,136,136,136,136
3,151,65,2184,2184,2184,2184,2184
3,151,66,2176,2176,2176,2176,2176
3,151,67,136,136,136,136,136
3,151,68,2184,2184,2184,2184,2184
3,151,69,2176,2176,2176,2176,2176
3,151,70,136,136,136,136,136
3,151,71,2184,2184,2184,2184,2184
3,151,72,2176,2176,2176,2176,2176
3,151,73,136,136,136,136,136
3,151,74,2184,2184,2184,2184,2184
3,151,75,2176,2176,2176,2176,2176
3,151,76,136,136,136,136,136
3,151,77,2184,2184,2184,2184,2184
3,151,78,2176,2176,2176,2176,2176
3,151,79,136,136,136,136,136
3,151,80,2184,2184,2184,2184,2184
3,152,0,2176,2176,2176,2176,2176
3,152,1,136,136,136,136,136
3,152,2,2184,2184,2184,2184,2184
3,152,3,2176,2176,2176,2176,2176
3,152,4,136,136,136,136,136
3,152,5,2184,2184,2184,2184,2184
3,152,6,2176,2176,2176,2176,2176
3,152,7,136,136,136,136,136
3,152,8,2184,2184,2184,2184,2184
3,152,9,2176,2176,2176,2176,2176
3,152,10,136,136,136,136,136
3,152,11,2184,2184,2184,2184,2184
3,152,12,2176,2176,2176,2176,2176
3,152,13,136,136,136,136,136
3,152,14,2184,2184,2184,2184,2184
3,152,15,2176,2176,2176,2176,2176
3,152,16,136,136,136,136,136
3,152,17,2184,2184,2184,2184,2184
3,152,18,2176,2176,2176,2176,2176
3,152,19,136,136,136,136,136
3,152,20,2184,2184,2184,2184,2184
3,152,21,2176,2176,2176,2176,2176
3,152,22,136,136,136,136,136
3,152,23,2184,2184,2184,2184,2184
3,152,24,2176,2176,2176,2176,2176
3,152,25,136,136,136,136,136
3,152,26,2184,2184,2184,2184,2184
3,152,27,2176,2176,2176,2176,2176
3,152,28,136,136,136,136,136
3,152,29,2184,2184,2184,2184,2184
3,152,30,2176,2176,2176,2176,2176
3,152,31,136,136,136,136,136
3,152,32,2184,2184,2184,2184,2184
3,152,33,2176,2176,2176,2176,2176
3,152,34,136,136,136,136,136
3,152,35,2184,2184,2184,2184,2184
3,152,36,2176,2176,2176,2176,2176
3,152,37,136,136,136,136,136
3,152,38,2184,2184,2184,2184,2184
3,152,39,2176,2176,2176,2176,2176
3,152,40,136,136,136,136,136
3,152,41,2184,2184,2184,2184,2184
3,152,42,2176,2176,2176,2176,2176
3,152,43,136,136,136,136,136
3,152,44,2184,2184,2184,2184,2184
3,152,45,2176,2176,2176,2176,2176
3,152,46,136,136,136,136,136
3,152,47,2184,2184,2184,2184,2184
3,152,48,2176,2176,2176,2176,2176
3,152,49,136,136,136,136,136
3,152,50,2184,2184,2184,2184,2184
3,152,51,2176,2176,2176,2176,2176
3,152,52,136,136,136,136,136
3,152,53,2184,2184,2184,2184,2184
3,152,54,2176,2176,2176,2176,2176
3,152,55,136,136,136,136,136
3,152,56,2184,2184,2184,2184,2184
3,152,57,2176,2176,2176,2176,2176
3,152,58,136,136,136,136,136
3,152,59,2184,2184,2184,2184,2184
3,152,60,2176,2176,2176,2176,2176
3,152,61,136,136,136,136,136
3,152,62,2184,2184,2184,2184,2184
3,152,63,2176,2176,2176,2176,2176
3,152,64,136,136,136,136,136
3,152,65,2184,2184,2184,2184,2184
3,152,66,2176,2176,2176,2176,2176
3,152,67,136,136,136,136,136
3,152,68,2184,2184,2184,2184,2184
3,152,69,2176,2176,2176,2176,2176
3,152,70,136,136,136,136,136
3,152,71,2184,2184,2184,2184,2184
3,152,72,2176,2176,2176,2176,2176
3,152,73,136,136,136,136,136
3,152,74,2184,2184,2184,2184,2184
3,152,75,2176,2176,2176,2176,2176
3,152,76,136,136,136,136,136
3,152,77,2184,2184,2184,2184,2184
3,152,78,2176,2176,2176,2176,2176
3,152,79,136,136,136,136,136
3,152,80,2184,2184,2184,2184,2184
3,153,0,2176,2176,2176,2176,2176
3,153,1,136,136,136,136,136
3,153,2,2184,2184,2184,2184,2184
3,153,3,2176,2176,2176,2176,2176
3,153,4,136,136,136,136,136
3,153,5,2184,2184,2184,2184,2184
3,153,6,2176,2176,2176,2176,2176
3,153,7,136,136,136,136,136
3,153,8,2184,2184,2184,2184,2184
3,153,9,2176,2176,2176,2176,2176
3,153,10,136,136,136,136,136
3,153,11,2184,2184,2184,2184,2184
3,153,12,2176,2176,2176,2176,2176
3,153,13,136,136,136,136,136
3,153,14,2184,2184,2184,2184,2184
3,153,15,2176,2176,2176,2176,2176
3,153,16,136,136,136,136,136
3,153,17,2184,2184,2184,2184,2184
3,153,18,2176,2176,2176,2176,2176
3,153,19,136,136,136,136,136
3,153,20,2184,2184,2184,2184,2184
3,153,21,2176,2176,2176,2176,2176
3,153,22,136,136,136,136,136
3,153,23,2184,2184,2184,2184,2184
3,153,24,2176,2176,2176,2176,2176
3,153,25,136,136,136,136,136
3,153,26,2184,2184,2184,2184,2184
3,153,27,2176,2176,2176,2176,2176
3,153,28,136,136,136,136,136
3,153,29,2184,2184,2184,2184,2184
3,153,30,2176,2176,2176,2176,2176
3,153,31,136,136,136,136,136
3,153,32,2184,2184,2184,2184,2184
3,153,33,2176,2176,2176,2176,2176
3,153,34,136,136,136,136,136
3,153,35,2184,2184,2184,2184,2184
3,153,36,2176,2176,2176,2176,2176
3,153,37,136,136,136,136,136
3,153,38,2184,2184,2184,2184,2184
3,153,39,2176,2176,2176,2176,2176
3,153,40,136,136,136,136,136
3,153,41,2184,2184,2184,2184,2184
3,153,42,2176,2176,2176,2176,2176
3,153,43,136,136,136,136,136
3,153,44,2184,2184,2184,2184,2184
3,153,45,2176,2176,2176,2176,2176
3,153,46,136,136,136,136,136
3,153,47,2184,2184,2184,2184,2184
3,153,48,2176,2176,2176,2176,2176
3,153,49,136,136,136,136,136
3,153,50,2184,2184,2184,2184,2184
3,153,51,2176,2176,2176,2176,2176
3,153,52,136,136,136,136,136
3,153,53,2184,2184,2184,2184,2184
3,153,54,2176,2176,2176,2176,2176
3,153,55,136,136,136,136,136
3,153,56,2184,2184,2184,2184,2184
3,153,57,2176,2176,2176,2176,2176
3,153,58,136,136,136,136,136
3,153,59,2184,2184,2184,2184,2184
3,153,60,2176,2176,2176,2176,2176
3,153,61,136,136,136,136,136
3,153,62,2184,2184,2184,2184,2184
3,153,63,2176,2176,2176,2176,2176
3,153,64,136,136,136,136,136
3,153,65,2184,2184,2184,2184,2184
3,153,66,2176,2176,2176,2176,2176
3,153,67,136,136,136,136,136
3,153,68,2184,2184,2184,2184,2184
3,153,69,2176,2176,2176,2176,2176
3,153,70,136,136,136,136,136
3,153,71,2184,2184,2184,2184,2184
3,153,72,2176,2176,2176,2176,2176
3,153,73,136,136,136,136,136
3,153,74,2184,2184,2184,2184,2184
3,153,75,2176,2176,2176,2176,2176
3,153,76,136,136,136,136,136
3,153,77,2184,2184,2184,2184,2184
3,153,78,2176,2176,2176,2176,2176
3,153,79,136,136,136,136,136
3,153,80,2184,2184,2184,2184,2184
3,154,0,2176,2176,2176,2176,2176
3,154,1,136,136,136,136,136
3,154,2,2184,2184,2184,2184,2184
3,154,3,2176,2176,2176,2176,2176
3,154,4,136,136,136,136,136
3,154,5,2184,2184,2184,2184,2184
3,154,6,2176,2176,2176,2176,2176
3,154,7,136,136,136,136,136
3,154,8,2184,2184,2184,2184,2184
3,154,9,2176,2176,2176,2176,2176
3,154,10,136,136,136,136,136
3,154,11,2184,2184,2184,2184,2184
3,154,12,2176,2176,2176,2176,2176
3,154,13,136,136,136,136,136
3,154,14,2184,2184,2184,2184,2184
3,154,15,2176,2176,2176,2176,2176
3,154,16,136,136,136,136,136
3,154,17,2184,2184,2184,2184,2184
3,154,18,2176,2176,2176,2176,2176
3,154,19,136,136,136,136,136
3,154,20,2184,2184,2184,2184,2184
3,154,21,2176,2176,2176,2176,2176
3,154,22,136,136,136,136,136
3,154,23,2184,2184,2184,2184,2184
3,154,24,2176,2176,2176,2176,2176
3,154,25,136,136,136,136,136
3,154,26,2184,2184,2184,2184,2184
3,154,27,2176,2176,2176,2176,2176
3,154,28,136,136,136,136,136
3,154,29,2184,2184,2184,2184,2184
3,154,30,2176,2176,2176,2176,2176
3,154,31,136,136,136,136,136
3,154,32,2184,2184,2184,2184,2184
3,154,33,2176,2176,2176,2176,2176
3,154,34,136,136,136,136,136
3,154,35,2184,2184,2184,2184,2184
3,154,36,2176,2176,2176,2176,2176
3,154,37,136,136,136,136,136
3,154,38,2184,2184,2184,2184,2184
3,154,39,2176,2176,2176,2176,2176
3,154,40,136,136,136,136,136
3,154,41,2184,2184,2184,2184,2184
3,154,42,2176,2176,2176,2176,2176
3,154,43,136,136,136,136,136
3,154,44,2184,2184,2184,2184,2184
3,154,45,2176,2176,2176,2176,2176
3,154,46,136,136,136,136,136
3,154,47,2184,2184,2184,2184,2184
3,154,48,2176,2176,2176,2176,2176
3,154,49,136,136,136,136,136
3,154,50,2184,2184,2184,2184,2184
3,154,51,2176,2176,2176,2176,2176
3,154,52,136,136,136,136,136
3,154,53,2184,2184,2184,2184,2184
3,154,54,2176,2176,2176,2176,2176
3,154,55,136,136,136,136,136
3,154,56,2184,2184,2184,2184,2184
3,154,57,2176,2176,2176,2176,2176
3,154,58,136,136,136,136,136
3,154,59,2184,2184,2184,2184,2184
3,154,60,2176,2176,2176,2176,2176
3,154,61,136,136,136,136,136
3,154,62,2184,2184,2184,2184,2184
3,154,63,2176,2176,2176,2176,2176
3,154,64,136,136,136,136,136
3,154,65,2184,2184,2184,2184,2184
3,154,66,2176,2176,2176,2176,2176
3,154,67,136,136,136,136,136
3,154,68,2184,2184,2184,2184,2184
3,154,69,2176,2176,2176,2176,2176
3,154,70,136,136,136,136,136
3,154,71,2184,2184,2184,2184,2184
3,154,72,2176,2176,2176,2176,2176
3,154,73,136,136,136,136,136
3,154,74,2184,2184,2184,2184,2184
3,154,75,2176,2176,2176,2176,2176
3,154,76,136,136,136,136,136
3,154,77,2184,2184,2184,2184,2184
3,154,78,2176,2176,2176,2176,2176
3,154,79,136,136,136,136,136
3,154,80,2184,2184,2184,2184,2184
3,155,0,2176,2176,2176,2176,2176
3,155,1,136,136,136,136,136
3,155,2,2184,2184,2184,2184,2184
3,155,3,2176,2176,2176,2176,2176
3,155,4,136,136,136,136,136
3,155,5,2184,2184,2184,2184,2184
3,155,6,2176,2176,2176,2176,2176
3,155,7,136,136,136,136,136
3,155,8,2184,2184,2184,2184,2184
3,155,9,2176,2176,2176,2176,2176
3,155,10,136,136,136,136,136
3,155,11,2184,2184,2184,2184,2184
3,155,12,2176,2176,2176,2176,2176
3,155,13,136,136,136,136,136
3,155,14,2184,2184,2184,2184,2184
3,155,15,2176,2176,2176,2176,2176
3,155,16,136,136,136,136,136
3,155,17,2184,2184,2184,2184,2184
3,155,18,2176,2176,2176,2176,2176
3,155,19,136,136,136,136,136
3,155,20,2184,2184,2184,2184,2184
3,155,21,2176,2176,2176,2176,2176
3,155,22,136,136,136,136,136
3,155,23,2184,2184,2184,2184,2184
3,155,24,2176,2176,2176,2176,2176
3,155,25,136,136,136,136,136
3,155,26,2184,2184,2184,2184,2184
3,155,27,2176,2176,2176,2176,2176
3,155,28,136,136,136,136,136
3,155,29,2184,2184,2184,2184,2184
3,155,30,2176,2176,2176,2176,2176
3,155,31,136,136,136,136,136
3,155,32,2184,2184,2184,2184,2184
3,155,33,2176,2176,2176,2176,2176
3,155,34,136,136,136,136,136
3,155,35,2184,2184,2184,2184,2184
3,155,36,2176,2176,2176,2176,2176
3,155,37,136,136,136,136,136
3,155,38,2184,2184,2184,2184,2184
3,155,39,2176,2176,2176,2176,2176
3,155,40,136,136,136,136,136
3,155,41,2184,2184,2184,2184,2184
3,155,42,2176,2176,2176,2176,2176
3,155,43,136,136,136,136,136
3,155,44,2184,2184,2184,2184,2184
3,155,45,2176,2176,2176,2176,2176
3,155,46,136,136,136,136,136
3,155,47,2184,2184,2184,2184,2184
3,155,48,2176,2176,2176,2176,2176
3,155,49,136,136,136,136,136
3,155,50,2184,2184,2184,2184,2184
3,155,51,2176,2176,2176,2176,2176
3,155,52,136,136,136,136,136
3,155,53,2184,2184,2184,2184,2184
3,155,54,2176,2176,2176,2176,2176
3,155,55,136,136,136,136,136
3,155,56,2184,2184,2184,2184,2184
3,155,57,2176,2176,2176,2176,2176
3,155,58,136,136,136,136,136
3,155,59,2184,2184,2184,2184,2184
3,155,60,2176,2176,2176,2176,2176
3,155,61,136,136,136,136,136
3,155,62,2184,2184,2184,2184,2184
3,155,63,2176,2176,2176,2176,2176
3,155,64,136,136,136,136,136
3,155,65,2184,2184,2184,2184,2184
3,155,66,2176,2176,2176,2176,2176
3,155,67,136,136,136,136,136
3,155,68,2184,2184,2184,2184,2184
3,155,69,2176,2176,2176,2176,2176
3,155,70,136,136,136,136,136
3,155,71,2184,2184,2184,2184,2184
3,155,72,2176,2176,2176,2176,2176
3,155,73,136,136,136,136,136
3,155,74,2184,2184,2184,2184,2184
3,155,75,2176,2176,2176,2176,2176
3,155,76,136,136,136,136,136
3,155,77,2184,2184,2184,2184,2184
3,155,78,2176,2176,2176,2176,2176
3,155,79,136,136,136,136,136
3,155,80,2184,2184,2184,2184,2184
3,156,0,2176,2176,2176,2176,2176
3,156,1,136,136,136,136,136
3,156,2,2184,2184,2184,2184,2184
3,156,3,2176,2176,2176,2176,2176
3,156,4,136,136,136,136,136
3,156,5,2184,2184,2184,2184,2184
3,156,6,2176,2176,2176,2176,2176
3,156,7,136,136,136,136,136
3,156,8,2184,2184,2184,2184,2184
3,156,9,2176,2176,2176,2176,2176
3,156,10,136,136,136,136,136
3,156,11,2184,2184,2184,2184,2184
3,156,12,2176,2176,2176,2176,2176
3,156,13,136,136,136,136,136
3,156,14,2184,2184,2184,2184,2184
3,156,15,2176,2176,2176,2176,2176
3,156,16,136,136,136,136,136
3,156,17,2184,2184,2184,2184,2184
3,156,18,2176,2176,2176,2176,2176
3,156,19,136,136,136,136,136
3,156,20,2184,2184,2184,2184,2184
3,156,21,2176,2176,2176,2176,2176
3,156,22,136,136,136,136,136
3,156,23,2184,2184,2184,2184,2184
3,156,24,2176,2176,2176,2176,2176
3,156,25,136,136,136,136,136
3,156,26,2184,2184,2184,2184,2184
3,156,27,2176,2176,2176,2176,2176
3,156,28,136,136,136,136,136
3,156,29,2184,2184,2184,2184,2184
3,156,30,2176,2176,2176,2176,2176
3,156,31,136,136,136,136,136
3,156,32,2184,2184,2184,2184,2184
3,156,33,2176,2176,2176,2176,2176
3,156,34,136,136,136,136,136
3,156,35,2184,2184,2184,2184,2184
3,156,36,2176,2176,2176,2176,2176
3,156,37,136,136,136,136,136
3,156,38,2184,2184,2184,2184,2184
3,156,39,2176,2176,2176,2176,2176
3,156,40,136,136,136,136,136
3,156,41,2184,2184,2184,2184,2184
3,156,42,2176,2176,2176,2176,2176
3,156,43,136,136,136,136,136
3,156,44,2184,2184,2184,2184,2184
3,156,45,2176,2176,2176,2176,2176
3,156,46,136,136,136,136,136
3,156,47,2184,2184,2184,2184,2184
3,156,48,2176,2176,2176,2176,2176
3,156,49,136,136,136,136,136
3,156,50,2184,2184,2184,2184,2184
3,156,51,2176,2176,2176,2176,2176
3,156,52,136,136,136,136,136
3,156,53,2184,2184,2184,2184,2184
3,156,54,2176,2176,2176,2176,2176
3,156,55,136,136,136,136,136
3,156,56,2184,2184,2184,2184,2184
3,156,57,2176,2176,2176,2176,2176
3,156,58,136,136,136,136,136
3,156,59,2184,2184,2184,2184,2184
3,156,60,2176,2176,2176,2176,2176
3,156,61,136,136,136,136,136
3,156,62,2184,2184,2184,2184,2184
3,156,63,2176,2176,2176,2176,2176
3,156,64,136,136,136,136,136
3,156,65,2184,2184,2184,2184,2184
3,156,66,2176,2176,2176,2176,2176
3,156,67,136,136,136,136,136
3,156,68,2184,2184,2184,2184,2184
3,156,69,2176,2176,2176,2176,2176
3,156,70,136,136,136,136,136
3,156,71,2184,2184,2184,2184,2184
3,156,72,2176,2176,2176,2176,2176
3,156,73,136,136,136,136,136
3,156,74,2184,2184,2184,2184,2184
3,156,75,2176,2176,2176,2176,2176
3,156,76,136,136,136,136,136
3,156,77,2184,2184,2184,2184,2184
3,156,78,2176,2176,2176,2176,2176
3,156,79,136,136,136,136,136
3,156,80,2184,2184,2184,2184,2184
3,157,0,2176,2176,2176,2176,2176
3,157,1,136,136,136,136,136
3,157,2,2184,2184,2184,2184,2184
3,157,3,2176,2176,2176,2176,2176
3,157,4,136,136,136,136,136
3,157,5,2184,2184,2184,2184,2184
3,157,6,2176,2176,2176,2176,2176
3,157,7,136,136,136,136,136
3,157,8,2184,2184,2184,2184,2184
3,157,9,2176,2176,2176,2176,2176
3,157,10,136,136,136,136,136
3,157,11,2184,2184,2184,2184,2184
3,157,12,2176,2176,2176,2176,2176
3,157,13,136,136,136,136,136
3,157,14,2184,2184,2184,2184,2184
3,157,15,2176,2176,2176,2176,2176
3,157,16,136,136,136,136,136
3,157,17,2184,2184,2184,2184,2184
3,157,18,2176,2176,2176,2176,2176
3,157,19,136,136,136,136,136
3,157,20,2184,2184,2184,2184,2184
3,157,21,2176,2176,2176,2176,2176
3,157,22,136,136,136,136,136
3,157,23,2184,2184,2184,2184,2184
3,157,24,2176,2176,2176,2176,2176
3,157,25,136,136,136,136,136
3,157,26,2184,2184,2184,2184,2184
3,157,27,2176,2176,2176,2176,2176
3,157,28,136,136,136,136,136
3,157,29,2184,2184,2184,2184,2184
3,157,30,2176,2176,2176,2176,2176
3,157,31,136,136,136,136,136
3,157,32,2184,2184,2184,2184,2184
3,157,33,2176,2176,2176,2176,2176
3,157,34,136,136,136,136,136
3,157,35,2184,2184,2184,2184,2184
3,157,36,2176,2176,2176,2176,2176
3,157,37,136,136,136,136,136
3,157,38,2184,2184,2184,2184,2184
3,157,39,2176,2176,2176,2176,2176
3,157,40,136,136,136,136,136
3,157,41,2184,2184,2184,2184,2184
3,157,42,2176,2176,2176,2176,2176
3,157,43,136,136,136,136,136
3,157,44,2184,2184,2184,2184,2184
3,157,45,2176,2176,2176,2176,2176
3,157,46,136,136,136,136,136
3,157,47,2184,2184,2184,2184,2184
3,157,48,2176,2176,2176,2176,2176
3,157,49,136,136,136,136,136
3,157,50,2184,2184,2184,2184,2184
3,157,51,2176,2176,2176,2176,2176
3,157,52,136,136,136,136,136
3,157,53,2184,2184,2184,2184,2184
3,157,54,2176,2176,2176,2176,2176
3,157,55,136,136,136,136,136
3,157,56,2184,2184,2184,2184,2184
3,157,57,2176,2176,2176,2176,2176
3,157,58,136,136,136,136,136
3,157,59,2184,2184,2184,2184,2184
3,157,60,2176,2176,2176,2176,2176
3,157,61,136,136,136,136,136
3,157,62,2184,2184,2184,2184,2184
3,157,63,2176,2176,2176,2176,2176
3,157,64,136,136,136,136,136
3,157,65,2184,2184,2184,2184,2184
3,157,66,2176,2176,2176,2176,2176
3,157,67,136,136,136,136,136
3,157,68,2184,2184,2184,2184,2184
3,157,69,2176,2176,2176,2176,2176
3,157,70,136,136,136,136,136
3,157,71,2184,2184,2184,2184,2184
3,157,72,2176,2176,2176,2176,2176
3,157,73,136,136,136,136,136
3,157,74,2184,2184,2184,2184,2184
3,157,75,2176,2176,2176,2176,2176
3,157,76,136,136,136,136,136
3,157,77,2184,2184,2184,2184,2184
3,157,78,2176,2176,2176,2176,2176
3,157,79,136,136,136,136,136
3,157,80,2184,2184,2184,2184,2184
3,158,0,2176,2176,2176,2176,2176
3,158,1,136,136,136,136,136
3,158,2,2184,2184,2184,2184,2184
3,158,3,2176,2176,2176,2176,2176
3,158,4,136,136,136,136,136
3,158,5,2184,2184,2184,2184,2184
3,158,6,2176,2176,2176,2176,2176
3,158,7,136,136,136,136,136
3,158,8,2184,2184,2184,2184,2184
3,158,9,2176,2176,2176,2176,2176
3,158,10,136,136,136,136,136
3,158,11,2184,2184,2184,2184,2184
3,158,12,2176,2176,2176,2176,2176
3,158,13,136,136,136,136,136
3,158,14,2184,2184,2184,2184,2184
3,158,15,2176,2176,2176,2176,2176
3,158,16,136,136,136,136,136
3,158,17,2184,2184,2184,2184,2184
3,158,18,2176,2176,2176,2176,2176
3,158,19,136,136,136,136,136
3,158,20,2184,2184,2184,2184,2184
3,158,21,2176,2176,2176,2176,2176
3,158,22,136,136,136,136,136
3,158,23,2184,2184,2184,2184,2184
3,158,24,2176,2176,2176,2176,2176
3,158,25,136,136,136,136,136
3,158,26,2184,2184,2184,2184,2184
3,158,27,2176,2176,2176,2176,2176
3,158,28,136,136,136,136,136
3,158,29,2184,2184,2184,2184,2184
3,158,30,2176,2176,2176,2176,2176
3,158,31,136,136,136,136,136
3,158,32,2184,2184,2184,2184,2184
3,158,33,2176,2176,2176,2176,2176
3,158,34,136,136,136,136,136
3,158,35,2184,2184,2184,2184,2184
3,158,36,2176,2176,2176,2176,2176
3,158,37,136,136,136,136,136
3,158,38,2184,2184,2184,2184,2184
3,158,39,2176,2176,2176,2176,2176
3,158,40,136,136,136,136,136
3,158,41,2184,2184,2184,2184,2184
3,158,42,2176,2176,2176,2176,2176
3,158,43,136,136,136,136,136
3,158,44,2184,2184,2184,2184,2184
3,158,45,2176,2176,2176,2176,2176
3,158,46,136,136,136,136,136
3,158,47,2184,2184,2184,2184,2184
3,158,48,2176,2176,2176,2176,2176
3,158,49,136,136,136,136,136
3,158,50,2184,2184,2184,2184,2184
3,158,51,2176,2176,2176,2176,2176
3,158,52,136,136,136,136,136
3,158,53,2184,2184,2184,2184,2184
3,158,54,2176,2176,2176,2176,2176
3,158,55,136,136,136,136,136
3,158,56,2184,2184,2184,2184,2184
3,158,57,2176,2176,2176,2176,2176
3,158,58,136,136,136,136,136
3,158,59,2184,2184,2184,2184,2184
3,158,60,2176,2176,2176,2176,2176
3,158,61,136,136,136,136,136
3,158,62,2184,2184,2184,2184,2184
3,158,63,2176,2176,2176,2176,2176
3,158,64,136,136,136,136,136
3,158,65,2184,2184,2184,2184,2184
3,158,66,2176,2176,2176,2176,2176
3,158,67,136,136,136,136,136
3,158,68,2184,2184,2184,2184,2184
3,158,69,2176,2176,2176,2176,2176
3,158,70,136,136,136,136,136
3,158,71,2184,2184,2184,2184,2184
3,158,72,2176,2176,2176,2176,2176
3,158,73,136,136,136,136,136
3,158,74,2184,2184,2184,2184,2184
3,158,75,2176,2176,2176,2176,2176
3,158,76,136,136,136,136,136
3,158,77,2184,2184,2184,2184,2184
3,158,78,2176,2176,2176,2176,2176
3,158,79,136,136,136,136,136
3,158,80,2184,2184,2184,2184,2184
3,159,0,2176,2176,2176,2176,2176
3,159,1,136,136,136,136,136
3,159,2,2184,2184,2184,2184,2184
3,159,3,2176,2176,2176,2176,2176
3,159,4,136,136,136,136,136
3,159,5,2184,2184,2184,2184,2184
3,159,6,2176,2176,2176,2176,2176
3,159,7,136,136,136,136,136
3,159,8,2184,2184,2184,2184,2184
3,159,9,2176,2176,2176,2176,2176
3,159,10,136,136,136,136,136
3,159,11,2184,2184,2184,2184,2184
3,159,12,2176,2176,2176,2176,2176
3,159,13,136,136,136,136,136
3,159,14,2184,2184,2184,2184,2184
3,159,15,2176,2176,2176,2176,2176
3,159,16,136,136,136,136,136
3,159,17,2184,2184,2184,2184,2184
3,159,18,2176,2176,2176,2176,2176
3,159,19,136,136,136,136,136
3,159,20,2184,2184,2184,2184,2184
3,159,21,2176,2176,2176,2176,2176
3,159,22,136,136,136,136,136
3,159,23,2184,2184,2184,2184,2184
3,159,24,2176,2176,2176,2176,2176
3,159,25,136,136,136,136,136
3,159,26,2184,2184,2184,2184,2184
3,159,27,2176,2176,2176,2176,2176
3,159,28,136,136,136,136,136
3,159,29,2184,2184,2184,2184,2184
3,159,30,2176,2176,2176,2176,2176
3,159,31,136,136,136,136,136
3,159,32,2184,2184,2184,2184,2184
3,159,33,2176,2176,2176,2176,2176
3,159,34,136,136,136,136,136
3,159,35,2184,2184,2184,2184,2184
3,159,36,2176,2176,2176,2176,2176
3,159,37,136,136,136,136,136
3,159,38,2184,2184,2184,2184,2184
3,159,39,2176,2176,2176,2176,2176
3,159,40,136,136,136,136,136
3,159,41,2184,2184,2184,2184,2184
3,159,42,2176,2176,2176,2176,2176
3,159,43,136,136,136,136,136
3,159,44,2184,2184,2184,2184,2184
3,159,45,2176,2176,2176,2176,2176
3,159,46,136,136,136,136,136
3,159,47,2184,2184,2184,2184,2184
3,159,48,2176,2176,2176,2176,2176
3,159,49,136,136,136,136,136
3,159,50,2184,2184,2184,2184,2184
3,159,51,2176,2176,2176,2176,2176
3,159,52,136,136,136,136,136
3,159,53,2184,2184,2184,2184,2184
3,159,54,2176,2176,2176,2176,2176
3,159,55,136,136,136,136,136
3,159,56,2184,2184,2184,2184,2184
3,159,57,2176,2176,2176,2176,2176
3,159,58,136,136,136,136,136
3,159,59,2184,2184,2184,2184,2184
3,159,60,2176,2176,2176,2176,2176
3,159,61,136,136,136,136,136
3,159,62,2184,2184,2184,2184,2184
3,159,63,2176,2176,2176,2176,2176
3,159,64,136,136,136,136,136
3,159,65,2184,2184,2184,2184,2184
3,159,66,2176,2176,2176,2176,2176
3,159,67,136,136,136,136,136
3,159,68,2184,2184,2184,2184,2184
3,159,69,2176,2176,2176,2176,2176
3,159,70,136,136,136,136,136
3,159,71,2184,2184,2184,2184,2184
3,159,72,2176,2176,2176,2176,2176
3,159,73,136,136,136,136,136
3,159,74,2184,2184,2184,2184,2184
3,159,75,2176,2176,2176,2176,2176
3,159,76,136,136,136,136,136
3,159,77,2184,2184,2184,2184,2184
3,159,78,2176,2176,2176,2176,2176
3,159,79,136,136,136,136,136
3,159,80,2184,2184,2184,2184,2184
3,160,0,128,128,128,128,128
3,160,1,128,128,128,128,128
3,160,2,128,128,128,128,128
3,160,3,128,128,128,128,128
3,160,4,128,128,128,128,128
3,160,5,128,128,128,128,128
3,160,6,128,128,128,128,128
3,160,7,128,128,128,128,128
3,160,8,128,128,128,128,128
3,160,9,128,128,128,128,128
3,160,10,128,128,128,128,128
3,160,11,128,128,128,128,128
3,160,12,128,128,128,128,128
3,160,13,128,128,128,128,128
3,160,14,128,128,128,128,128
3,160,15,128,128,128,128,128
3,160,16,128,128,128,128,128
3,160,17,128,128,128,128,128
3,160,18,128,128,128,128,128
3,160,19,128,128,128,128,128
3,160,20,128,128,128,128,128
3,160,21,128,128,128,128,128
3,160,22,128,128,128,128,128
3,160,23,128,128,128,128,128
3,160,24,128,128,128,128,128
3,160,25,128,128,128,128,128
3,160,26,128,128,128,128,128
3,160,27,128,128,128,128,128
3,160,28,128,128,128,128,128
3,160,29,128,128,128,128,128
3,160,30,128,128,128,128,128
3,160,31,128,128,128,128,128
3,160,32,128,128,128,128,128
3,160,33,128,128,128,128,128
3,160,34,128,128,128,128,128
3,160,35,128,128,128,128,128
3,160,36,128,128,128,128,128
3,160,37,128,128,128,128,128
3,160,38,128,128,128,128,128
3,160,39,128,128,128,128,128
3,160,40,128,128,128,128,128
3,160,41,128,128,128,128,128
3,160,42,128,128,128,128,128
3,160,43,128,128,128,128,128
3,160,44,128,128,128,128,128
3,160,45,128,128,128,128,128
3,160,46,128,128,128,128,128
3,160,47,128,128,128,128,128
3,160,48,128,128,128,128,128
3,160,49,128,128,128,128,128
3,160,50,128,128,128,128,128
3,160,51,128,128,128,128,128
3,160,52,128,128,128,128,128
3,160,53,128,128,128,128,128
3,160,54,128,128,128,128,128
3,160,55,128,128,128,128,128
3,160,56,128,128,128,128,128
3,160,57,128,128,128,128,128
3,160,58,128,128,128,128,128
3,160,59,128,128,128,128,128
3,160,60,128,128,128,128,128
3,160,61,128,128,128,128,128
3,160,62,128,128,128,128,128
3,160,63,128,128,128,128,128
3,160,64,128,128,128,128,128
3,160,65,128,128,128,128,128
3,160,66,128,128,128,128,128
3,160,67,128,128,128,128,128
3,160,68,128,128,128,128,128
3,160,69,128,128,128,128,128
3,160,70,128,128,128,128,128
3,160,71,128,128,128,128,128
3,160,72,128,128,128,128,128
3,160,73,128,128,128,128,128
3,160,74,128,128,128,128,128
3,160,75,128,128,128,128,128
3,160,76,128,128,128,128,128
3,160,77,128,128,128,128,128
3,160,78,128,128,128,128,128
3,160,79,128,128,128,128,128
3,160,80,128,128,128,128,128
3,161,0,2176,2176,2176,2176,2176
3,161,1,136,136,136,136,136
3,161,2,2184,2184,2184,2184,2184
3,161,3,2176,2176,2176,2176,2176
3,161,4,136,136,136,136,136
3,161,5,2184,2184,2184,2184,2184
3,161,6,2176,2176,2176,2176,2176
3,161,7,136,136,136,136,136
3,161,8,2184,2184,2184,2184,2184
3,161,9,2176,2176,2176,2176,2176
3,161,10,136,136,136,136,136
3,161,11,2184,2184,2184,2184,2184
3,161,12,2176,2176,2176,2176,2176
3,161,13,136,136,136,136,136
3,161,14,2184,2184,2184,2184,2184
3,161,15,2176,2176,2176,2176,2176
3,161,16,136,136,136,136,136
3,161,17,2184,2184,2184,2184,2184
3,161,18,2176,2176,2176,2176,2176
3,161,19,136,136,136,136,136
3,161,20,2184,2184,2184,2184,2184
3,161,21,2176,2176,2176,2176,2176
3,161,22,136,136,136,136,136
3,161,23,2184,2184,2184,2184,2184
3,161,24,2176,2176,2176,2176,2176
3,161,25,136,136,136,136,136
3,161,26,2184,2184,2184,2184,2184
3,161,27,2176,2176,2176,2176,2176
3,161,28,136,136,136,136,136
3,161,29,2184,2184,2184,2184,2184
3,161,30,2176,2176,2176,2176,2176
3,161,31,136,136,136,136,136
3,161,32,2184,2184,2184,2184,2184
3,161,33,2176,2176,2176,2176,2176
3,161,34,136,136,136,136,136
3,161,35,2184,2184,2184,2184,2184
3,161,36,2176,2176,2176,2176,2176
3,161,37,136,136,136,136,136
3,161,38,2184,2184,2184,2184,2184
3,161,39,2176,2176,2176,2176,2176
3,161,40,136,136,136,136,136
3,161,41,2184,2184,2184,2184,2184
3,161,42,2176,2176,2176,2176,2176
3,161,43,136,136,136,136,136
3,161,44,2184,2184,2184,2184,2184
3,161,45,2176,2176,2176,2176,2176
3,161,46,136,136,136,136,136
3,161,47,2184,2184,2184,2184,2184
3,161,48,2176,2176,2176,2176,2176
3,161,49,136,136,136,136,136
3,161,50,2184,2184,2184,2184,2184
3,161,51,2176,2176,2176,2176,2176
3,161,52,136,136,136,136,136
3,161,53,2184,2184,2184,2184,2184
3,161,54,2176,2176,2176,2176,2176
3,161,55,136,136,136,136,136
3,161,56,2184,2184,2184,2184,2184
3,161,57,2176,2176,2176,2176,2176
3,161,58,136,136,136,136,136
3,161,59,2184,2184,2184,2184,2184
3,161,60,2176,2176,2176,2176,2176
3,161,61,136,136,136,136,136
3,161,62,2184,2184,2184,2184,2184
3,161,63,2176,2176,2176,2176,2176
3,161,64,136,136,136,136,136
3,161,65,2184,2184,2184,2184,2184
3,161,66,2176,2176,2176,2176,2176
3,161,67,136,136,136,136,136
3,161,68,2184,2184,2184,2184,2184
3,161,69,2176,2176,2176,2176,2176
3,161,70,136,136,136,136,136
3,161,71,2184,2184,2184,2184,2184
3,161,72,2176,2176,2176,2176,2176
3,161,73,136,136,136,136,136
3,161,74,2184,2184,2184,2184,2184
3,161,75,2176,2176,2176,2176,2176
3,161,76,136,136,136,136,136
3,161,77,2184,2184,2184,2184,2184
3,161,78,2176,2176,2176,2176,2176
3,161,79,136,136,136,136,136
3,161,80,2184,2184,2184,2184,2184
3,162,0,2176,2176,2176,2176,2176
3,162,1,136,136,136,136,136
3,162,2,2184,2184,2184,2184,2184
3,162,3,2176,2176,2176,2176,2176
3,162,4,136,136,136,136,136
3,162,5,2184,2184,2184,2184,2184
3,162,6,2176,2176,2176,2176,2176
3,162,7,136,136,136,136,136
3,162,8,2184,2184,2184,2184,2184
3,162,9,2176,2176,2176,2176,2176
3,162,10,136,136,136,136,136
3,162,11,2184,2184,2184,2184,2184
3,162,12,2176,2176,2176,2176,2176
3,162,13,136,136,136,136,136
3,162,14,2184,2184,2184,2184,2184
3,162,15,2176,2176,2176,2176,2176
3,162,16,136,136,136,136,136
3,162,17,2184,2184,2184,2184,2184
3,162,18,2176,2176,2176,2176,2176
3,162,19,136,136,136,136,136
3,162,20,2184,2184,2184,2184,2184
3,162,21,2176,2176,2176,2176,2176
3,162,22,136,136,136,136,136
3,162,23,2184,2184,2184,2184,2184
3,162,24,2176,2176,2176,2176,2176
3,162,25,136,136,136,136,136
3,162,26,2184,2184,2184,2184,2184
3,162,27,2176,2176,2176,2176,2176
3,162,28,136,136,136,136,136
3,162,29,2184,2184,2184,2184,2184
3,162,30,2176,2176,2176,2176,2176
3,162,31,136,136,136,136,136
3,162,32,2184,2184,2184,2184,2184
3,162,33,2176,2176,2176,2176,2176
3,162,34,136,136,136,136,136
3,162,35,2184,2184,2184,2184,2184
3,162,36,2176,2176,2176,2176,2176
3,162,37,136,136,136,136,136
3,162,38,2184,2184,2184,2184,2184
3,162,39,2176,2176,2176,2176,2176
3,162,40,136,136,136,136,136
3,162,41,2184,2184,2184,2184,2184
3,162,42,2176,2176,2176,2176,2176
3,162,43,136,136,136,136,136
3,162,44,2184,2184,2184,2184,2184
3,162,45,2176,2176,2176,2176,2176
3,162,46,136,136,136,136,136
3,162,47,2184,2184,2184,2184,2184
3,162,48,2176,2176,2176,2176,2176
3,162,49,136,136,136,136,136
3,162,50,2184,2184,2184,2184,2184
3,162,51,2176,2176,2176,2176,2176
3,162,52,136,136,136,136,136
3,162,53,2184,2184,2184,2184,2184
3,162,54,2176,2176,2176,2176,2176
3,162,55,136,136,136,136,136
3,162,56,2184,2184,2184,2184,2184
3,162,57,2176,2176,2176,2176,2176
3,162,58,136,136,136,136,136
3,162,59,2184,2184,2184,2184,2184
3,162,60,2176,2176,2176,2176,2176
3,162,61,136,136,136,136,136
3,162,62,2184,2184,2184,2184,2184
3,162,63,2176,2176,2176,2176,2176
3,162,64,136,136,136,136,136
3,162,65,2184,2184,2184,2184,2184
3,162,66,2176,2176,2176,2176,2176
3,162,67,136,136,136,136,136
3,162,68,2184,2184,2184,2184,2184
3,162,69,2176,2176,2176,2176,2176
3,162,70,136,136,136,136,136
3,162,71,2184,2184,2184,2184,2184
3,162,72,2176,2176,2176,2176,2176
3,162,73,136,136,136,136,136
3,162,74,2184,2184,2184,2184,2184
3,162,75,2176,2176,2176,2176,2176
3,162,76,136,136,136,136,136
3,162,77,2184,2184,2184,2184,2184
3,162,78,2176,2176,2176,2176,2176
3,162,79,136,136,136,136,136
3,162,80,2184,2184,2184,2184,2184
3,163,0,2176,2176,2176,2176,2176
3,163,1,136,136,136,136,136
3,163,2,2184,2184,2184,2184,2184
3,163,3,2176,2176,2176,2176,2176
3,163,4,136,136,136,136,136
3,163,5,2184,2184,2184,2184,2184
3,163,6,2176,2176,2176,2176,2176
3,163,7,136,136,136,136,136
3,163,8,2184,2184,2184,2184,2184
3,163,9,2176,2176,2176,2176,2176
3,163,10,136,136,136,136,136
3,163,11,2184,2184,2184,2184,2184
3,163,12,2176,2176,2176,2176,2176
3,163,13,136,136,136,136,136
3,163,14,2184,2184,2184,2184,2184
3,163,15,2176,2176,2176,2176,2176
3,163,16,136,136,136,136,136
3,163,17,2184,2184,2184,2184,2184
3,163,18,2176,2176,2176,2176,2176
3,163,19,136,136,136,136,136
3,163,20,2184,2184,2184,2184,2184
3,163,21,2176,2176,2176,2176,2176
3,163,22,136,136,136,136,136
3,163,23,2184,2184,2184,2184,2184
3,163,24,2176,2176,2176,2176,2176
3,163,25,136,136,136,136,136
3,163,26,2184,2184,2184,2184,2184
3,163,27,2176,2176,2176,2176,2176
3,163,28,136,136,136,136,136
3,163,29,2184,2184,2184,2184,2184
3,163,30,2176,2176,2176,2176,2176
3,163,31,136,136,136,136,136
3,163,32,2184,2184,2184,2184,2184
3,163,33,2176,2176,2176,2176,2176
3,163,34,136,136,136,136,136
3,163,35,2184,2184,2184,2184,2184
3,163,36,2176,2176,2176,2176,2176
3,163,37,136,136,136,136,136
3,163,38,2184,2184,2184,2184,2184
3,163,39,2176,2176,2176,2176,2176
3,163,40,136,136,136,136,136
3,163,41,2184,2184,2184,2184,2184
3,163,42,2176,2176,2176,2176,2176
3,163,43,136,136,136,136,136
3,163,44,2184,2184,2184,2184,2184
3,163,45,2176,2176,2176,2176,2176
3,163,46,136,136,136,136,136
3,163,47,2184,2184,2184,2184,2184
3,163,48,2176,2176,2176,2176,2176
3,163,49,136,136,136,136,136
3,163,50,2184,2184,2184,2184,2184
3,163,51,2176,2176,2176,2176,2176
3,163,52,136,136,136,136,136
3,163,53,2184,2184,2184,2184,2184
3,163,54,2176,2176,2176,2176,2176
3,163,55,136,136,136,136,136
3,163,56,2184,2184,2184,2184,2184
3,163,57,2176,2176,2176,2176,2176
3,163,58,136,136,136,136,136
3,163,59,2184,2184,2184,2184,2184
3,163,60,2176,2176,2176,2176,2176
3,163,61,136,136,136,136,136
3,163,62,2184,2184,2184,2184,2184
3,163,63,2176,2176,2176,2176,2176
3,163,64,136,136,136,136,136
3,163,65,2184,2184,2184,2184,2184
3,163,66,2176,2176,2176,2176,2176
3,163,67,136,136,136,136,136
3,163,68,2184,2184,2184,2184,2184
3,163,69,2176,2176,2176,2176,2176
3,163,70,136,136,136,136,136
3,163,71,2184,2184,2184,2184,2184
3,163,72,2176,2176,2176,2176,2176
3,163,73,136,136,136,136,136
3,163,74,2184,2184,2184,2184,2184
3,163,75,2176,2176,2176,2176,2176
3,163,76,136,136,136,136,136
3,163,77,2184,2184,2184,2184,2184
3,163,78,2176,2176,2176,2176,2176
3,163,79,136,136,136,136,136
3,163,80,2184,2184,2184,2184,2184
3,164,0,2176,2176,2176,2176,2176
3,164,1,136,136,136,136,136
3,164,2,2184,2184,2184,2184,2184
3,164,3,2176,2176,2176,2176,2176
3,164,4,136,136,136,136,136
3,164,5,2184,2184,2184,2184,2184
3,164,6,2176,2176,2176,2176,2176
3,164,7,136,136,136,136,136
3,164,8,2184,2184,2184,2184,2184
3,164,9,2176,2176,2176,2176,2176
3,164,10,136,136,136,136,136
3,164,11,2184,2184,2184,2184,2184
3,164,12,2176,2176,2176,2176,2176
3,164,13,136,136,136,136,136
3,164,14,2184,2184,2184,2184,2184
3,164,15,2176,2176,2176,2176,2176
3,164,16,136,136,136,136,136
3,164,17,2184,2184,2184,2184,2184
3,164,18,2176,2176,2176,2176,2176
3,164,19,136,136,136,136,136
3,164,20,2184,2184,2184,2184,2184
3,164,21,2176,2176,2176,2176,2176
3,164,22,136,136,136,136,136
3,164,23,2184,2184,2184,2184,2184
3,164,24,2176,2176,2176,2176,2176
3,164,25,136,136,136,136,136
3,164,26,2184,2184,2184,2184,2184
3,164,27,2176,2176,2176,2176,2176
3,164,28,136,136,136,136,136
3,164,29,2184,2184,2184,2184,2184
3,164,30,2176,2176,2176,2176,2176
3,164,31,136,136,136,136,136
3,164,32,2184,2184,2184,2184,2184
3,164,33,2176,2176,2176,2176,2176
3,164,34,136,136,136,136,136
3,164,35,2184,2184,2184,2184,2184
3,164,36,2176,2176,2176,2176,2176
3,164,37,136,136,136,136,136
3,164,38,2184,2184,2184,2184,2184
3,164,39,2176,2176,2176,2176,2176
3,164,40,136,136,136,136,136
3,164,41,2184,2184,2184,2184,2184
3,164,42,2176,2176,2176,2176,2176
3,164,43,136,136,136,136,136
3,164,44,2184,2184,2184,2184,2184
3,164,45,2176,2176,2176,2176,2176
3,164,46,136,136,136,136,136
3,164,47,2184,2184,2184,2184,2184
3,164,48,2176,2176,2176,2176,2176
3,164,49,136,136,136,136,136
3,164,50,2184,2184,2184,2184,2184
3,164,51,2176,2176,2176,2176,2176
3,164,52,136,136,136,136,136
3,164,53,2184,2184,2184,2184,2184
3,164,54,2176,2176,2176,2176,2176
3,164,55,136,136,136,136,136
3,164,56,2184,2184,2184,2184,2184
3,164,57,2176,2176,2176,2176,2176
3,164,58,136,136,136,136,136
3,164,59,2184,2184,2184,2184,2184
3,164,60,2176,2176,2176,2176,2176
3,164,61,136,136,136,136,136
3,164,62,2184,2184,2184,2184,2184
3,164,63,2176,2176,2176,2176,2176
3,164,64,136,136,136,136,136
3,164,65,2184,2184,2184,2184,2184
3,164,66,2176,2176,2176,2176,2176
3,164,67,136,136,136,136,136
3,164,68,2184,2184,2184,2184,2184
3,164,69,2176,2176,2176,2176,2176
3,164,70,136,136,136,136,136
3,164,71,2184,2184,2184,2184,2184
3,164,72,2176,2176,2176,2176,2176
3,164,73,136,136,136,136,136
3,164,74,2184,2184,2184,2184,2184
3,164,75,2176,2176,2176,2176,2176
3,164,76,136,136,136,136,136
3,164,77,2184,2184,2184,2184,2184
3,164,78,2176,2176,2176,2176,2176
3,164,79,136,136,136,136,136
3,164,80,2184,2184,2184,2184,2184
3,165,0,2176,2176,2176,2176,2176
3,165,1,136,136,136,136,136
3,165,2,2184,2184,2184,2184,2184
3,165,3,2176,2176,2176,2176,2176
3,165,4,136,136,136,136,136
3,165,5,2184,2184,2184,2184,2184
3,165,6,2176,2176,2176,2176,2176
3,165,7,136,136,136,136,136
3,165,8,2184,2184,2184,2184,2184
3,165,9,2176,2176,2176,2176,2176
3,165,10,136,136,136,136,136
3,165,11,2184,2184,2184,2184,2184
3,165,12,2176,2176,2176,2176,2176
3,165,13,136,136,136,136,136
3,165,14,2184,2184,2184,2184,2184
3,165,15,2176,2176,2176,2176,2176
3,165,16,136,136,136,136,136
3,165,17,2184,2184,2184,2184,2184
3,165,18,2176,2176,2176,2176,2176
3,165,19,136,136,136,136,136
3,165,20,2184,2184,2184,2184,2184
3,165,21,2176,2176,2176,2176,2176
3,165,22,136,136,136,136,136
3,165,23,2184,2184,2184,2184,2184
3,165,24,2176,2176,2176,2176,2176
3,165,25,136,136,136,136,136
3,165,26,2184,2184,2184,2184,2184
3,165,27,2176,2176,2176,2176,2176
3,165,28,136,136,136,136,136
3,165,29,2184,2184,2184,2184,2184
3,165,30,2176,2176,2176,2176,2176
3,165,31,136,136,136,136,136
3,165,32,2184,2184,2184,2184,2184
3,165,33,2176,2176,2176,2176,2176
3,165,34,136,136,136,136,136
3,165,35,2184,2184,2184,2184,2184
3,165,36,2176,2176,2176,2176,2176
3,165,37,136,136,136,136,136
3,165,38,2184,2184,2184,2184,2184
3,165,39,2176,2176,2176,2176,2176
3,165,40,136,136,136,136,136
3,165,41,2184,2184,2184,2184,2184
3,165,42,2176,2176,2176,2176,2176
3,165,43,136,136,136,136,136
3,165,44,2184,2184,2184,2184,2184
3,165,45,2176,2176,2176,2176,2176
3,165,46,136,136,136,136,136
3,165,47,2184,2184,2184,2184,2184
3,165,48,2176,2176,2176,2176,2176
3,165,49,136,136,136,136,136
3,165,50,2184,2184,2184,2184,2184
3,165,51,2176,2176,2176,2176,2176
3,165,52,136,136,136,136,136
3,165,53,2184,2184,2184,2184,2184
3,165,54,2176,2176,2176,2176,2176
3,165,55,136,136,136,136,136
3,165,56,2184,2184,2184,2184,2184
3,165,57,2176,2176,2176,2176,2176
3,165,58,136,136,136,136,136
3,165,59,2184,2184,2184,2184,2184
3,165,60,2176,2176,2176,2176,2176
3,165,61,136,136,136,136,136
3,165,62,2184,2184,2184,2184,2184
3,165,63,2176,2176,2176,2176,2176
3,165,64,136,136,136,136,136
3,165,65,2184,2184,2184,2184,2184
3,165,66,2176,2176,2176,2176,2176
3,165,67,136,136,136,136,136
3,165,68,2184,2184,2184,2184,2184
3,165,69,2176,2176,2176,2176,2176
3,165,70,136,136,136,136,136
3,165,71,2184,2184,2184,2184,2184
3,165,72,2176,2176,2176,2176,2176
3,165,73,136,136,136,136,136
3,165,74,2184,2184,2184,2184,2184
3,165,75,2176,2176,2176,2176,2176
3,165,76,136,136,136,136,136
3,165,77,2184,2184,2184,2184,2184
3,165,78,2176,2176,2176,2176,2176
3,165,79,136,136,136,136,136
3,165,80,2184,2184,2184,2184,2184
3,166,0,2176,2176,2176,2176,2176
3,166,1,136,136,136,136,136
3,166,2,2184,2184,2184,2184,2184
3,166,3,2176,2176,2176,2176,2176
3,166,4,136,136,136,136,136
3,166,5,2184,2184,2184,2184,2184
3,166,6,2176,2176,2176,2176,2176
3,166,7,136,136,136,136,136
3,166,8,2184,2184,2184,2184,2184
3,166,9,2176,2176,2176,2176,2176
3,166,10,136,136,136,136,136
3,166,11,2184,2184,2184,2184,2184
3,166,12,2176,2176,2176,2176,2176
3,166,13,136,136,136,136,136
3,166,14,2184,2184,2184,2184,2184
3,166,15,2176,2176,2176,2176,2176
3,166,16,136,136,136,136,136
3,166,17,2184,2184,2184,2184,2184
3,166,18,2176,2176,2176,2176,2176
3,166,19,136,136,136,136,136
3,166,20,2184,2184,2184,2184,2184
3,166,21,2176,2176,2176,2176,2176
3,166,22,136,136,136,136,136
3,166,23,2184,2184,2184,2184,2184
3,166,24,2176,2176,2176,2176,2176
3,166,25,136,136,136,136,136
3,166,26,2184,2184,2184,2184,2184
3,166,27,2176,2176,2176,2176,2176
3,166,28,136,136,136,136,136
3,166,29,2184,2184,2184,2184,2184
3,166,30,2176,2176,2176,2176,2176
3,166,31,136,136,136,136,136
3,166,32,2184,2184,2184,2184,2184
3,166,33,2176,2176,2176,2176,2176
3,166,34,136,136,136,136,136
3,166,35,2184,2184,2184,2184,2184
3,166,36,2176,2176,2176,2176,2176
3,166,37,136,136,136,136,136
3,166,38,2184,2184,2184,2184,2184
3,166,39,2176,2176,2176,2176,2176
3,166,40,136,136,136,136,136
3,166,41,2184,2184,2184,2184,2184
3,166,42,2176,2176,2176,2176,2176
3,166,43,136,136,136,136,136
3,166,44,2184,2184,2184,2184,2184
3,166,45,2176,2176,2176,2176,2176
3,166,46,136,136,136,136,136
3,166,47,2184,2184,2184,2184,2184
3,166,48,2176,2176,2176,2176,2176
3,166,49,136,136,136,136,136
3,166,50,2184,2184,2184,2184,2184
3,166,51,2176,2176,2176,2176,2176
3,166,52,136,136,136,136,136
3,166,53,2184,2184,2184,2184,2184
3,166,54,2176,2176,2176,2176,2176
3,166,55,136,136,136,136,136
3,166,56,2184,2184,2184,2184,2184
3,166,57,2176,2176,2176,2176,2176
3,166,58,136,136,136,136,136
3,166,59,2184,2184,2184,2184,2184
3,166,60,2176,2176,2176,2176,2176
3,166,61,136,136,136,136,136
3,166,62,2184,2184,2184,2184,2184
3,166,63,2176,2176,2176,2176,2176
3,166,64,136,136,136,136,136
3,166,65,2184,2184,2184,2184,2184
3,166,66,2176,2176,2176,2176,2176
3,166,67,136,136,136,136,136
3,166,68,2184,2184,2184,2184,2184
3,166,69,2176,2176,2176,2176,2176
3,166,70,136,136,136,136,136
3,166,71,2184,2184,2184,2184,2184
3,166,72,2176,2176,2176,2176,2176
3,166,73,136,136,136,136,136
3,166,74,2184,2184,2184,2184,2184
3,166,75,2176,2176,2176,2176,2176
3,166,76,136,136,136,136,136
3,166,77,2184,2184,2184,2184,2184
3,166,78,2176,2176,2176,2176,2176
3,166,79,136,136,136,136,136
3,166,80,2184,2184,2184,2184,2184
3,167,0,2176,2176,2176,2176,2176
3,167,1,136,136,136,136,136
3,167,2,2184,2184,2184,2184,2184
3,167,3,2176,2176,2176,2176,2176
3,167,4,136,136,136,136,136
3,167,5,2184,2184,2184,2184,2184
3,167,6,2176,2176,2176,2176,2176
3,167,7,136,136,136,136,136
3,167,8,2184,2184,2184,2184,2184
3,167,9,2176,2176,2176,2176,2176
3,167,10,136,136,136,136,136
3,167,11,2184,2184,2184,2184,2184
3,167,12,2176,2176,2176,2176,2176
3,167,13,136,136,136,136,136
3,167,14,2184,2184,2184,2184,2184
3,167,15,2176,2176,2176,2176,2176
3,167,16,136,136,136,136,136
3,167,17,2184,2184,2184,2184,2184
3,167,18,2176,2176,2176,2176,2176
3,167,19,136,136,136,136,136
3,167,20,2184,2184,2184,2184,2184
3,167,21,2176,2176,2176,2176,2176
3,167,22,136,136,136,136,136
3,167,23,2184,2184,2184,2184,2184
3,167,24,2176,2176,2176,2176,2176
3,167,25,136,136,136,136,136
3,167,26,2184,2184,2184,2184,2184
3,167,27,2176,2176,2176,2176,2176
3,167,28,136,136,136,136,136
3,167,29,2184,2184,2184,2184,2184
3,167,30,2176,2176,2176,2176,2176
3,167,31,136,136,136,136,136
3,167,32,2184,2184,2184,2184,2184
3,167,33,2176,2176,2176,2176,2176
3,167,34,136,136,136,136,136
3,167,35,2184,2184,2184,2184,2184
3,167,36,2176,2176,2176,2176,2176
3,167,37,136,136,136,136,136
3,167,38,2184,2184,2184,2184,2184
3,167,39,2176,2176,2176,2176,2176
3,167,40,136,136,136,136,136
3,167,41,2184,2184,2184,2184,2184
3,167,42,2176,2176,2176,2176,2176
3,167,43,136,136,136,136,136
3,167,44,2184,2184,2184,2184,2184
3,167,45,2176,2176,2176,2176,2176
3,167,46,136,136,136,136,136
3,167,47,2184,2184,2184,2184,2184
3,167,48,2176,2176,2176,2176,2176
3,167,49,136,136,136,136,136
3,167,50,2184,2184,2184,2184,2184
3,167,51,2176,2176,2176,2176,2176
3,167,52,136,136,136,136,136
3,167,53,2184,2184,2184,2184,2184
3,167,54,2176,2176,2176,2176,2176
3,167,55,136,136,136,136,136
3,167,56,2184,2184,2184,2184,2184
3,167,57,2176,2176,2176,2176,2176
3,167,58,136,136,136,136,136
3,167,59,2184,2184,2184,2184,2184
3,167,60,2176,2176,2176,2176,2176
3,167,61,136,136,136,136,136
3,167,62,2184,2184,2184,2184,2184
3,167,63,2176,2176,2176,2176,2176
3,167,64,136,136,136,136,136
3,167,65,2184,2184,2184,2184,2184
3,167,66,2176,2176,2176,2176,2176
3,167,67,136,136,136,136,136
3,167,68,2184,2184,2184,2184,2184
3,167,69,2176,2176,2176,2176,2176
3,167,70,136,136,136,136,136
3,167,71,2184,2184,2184,2184,2184
3,167,72,2176,2176,2176,2176,2176
3,167,73,136,136,136,136,136
3,167,74,2184,2184,2184,2184,2184
3,167,75,2176,2176,2176,2176,2176
3,167,76,136,136,136,136,136
3,167,77,2184,2184,2184,2184,2184
3,167,78,2176,2176,2176,2176,2176
3,167,79,136,136,136,136,136
3,167,80,2184,2184,2184,2184,2184
3,168,0,2176,2176,2176,2176,2176
3,168,1,136,136,136,136,136
3,168,2,2184,2184,2184,2184,2184
3,168,3,2176,2176,2176,2176,2176
3,168,4,136,136,136,136,136
3,168,5,2184,2184,2184,2184,2184
3,168,6,2176,2176,2176,2176,2176
3,168,7,136,136,136,136,136
3,168,8,2184,2184,2184,2184,2184
3,168,9,2176,2176,2176,2176,2176
3,168,10,136,136,136,136,136
3,168,11,2184,2184,2184,2184,2184
3,168,12,2176,2176,2176,2176,2176
3,168,13,136,136,136,136,136
3,168,14,2184,2184,2184,2184,2184
3,168,15,2176,2176,2176,2176,2176
3,168,16,136,136,136,136,136
3,168,17,2184,2184,2184,2184,2184
3,168,18,2176,2176,2176,2176,2176
3,168,19,136,136,136,136,136
3,168,20,2184,2184,2184,2184,2184
3,168,21,2176,2176,2176,2176,2176
3,168,22,136,136,136,136,136
3,168,23,2184,2184,2184,2184,2184
3,168,24,2176,2176,2176,2176,2176
3,168,25,136,136,136,136,136
3,168,26,2184,2184,2184,2184,2184
3,168,27,2176,2176,2176,2176,2176
3,168,28,136,136,136,136,136
3,168,29,2184,2184,2184,2184,2184
3,168,30,2176,2176,2176,2176,2176
3,168,31,136,136,136,136,136
3,168,32,2184,2184,2184,2184,2184
3,168,33,2176,2176,2176,2176,2176
3,168,34,136,136,136,136,136
3,168,35,2184,2184,2184,2184,2184
3,168,36,2176,2176,2176,2176,2176
3,168,37,136,136,136,136,136
3,168,38,2184,2184,2184,2184,2184
3,168,39,2176,2176,2176,2176,2176
3,168,40,136,136,136,136,136
3,168,41,2184,2184,2184,2184,2184
3,168,42,2176,2176,2176,2176,2176
3,168,43,136,136,136,136,136
3,168,44,2184,2184,2184,2184,2184
3,168,45,2176,2176,2176,2176,2176
3,168,46,136,136,136,136,136
3,168,47,2184,2184,2184,2184,2184
3,168,48,2176,2176,2176,2176,2176
3,168,49,136,136,136,136,136
3,168,50,2184,2184,2184,2184,2184
3,168,51,2176,2176,2176,2176,2176
3,168,52,136,136,136,136,136
3,168,53,2184,2184,2184,2184,2184
3,168,54,2176,2176,2176,2176,2176
3,168,55,136,136,136,136,136
3,168,56,2184,2184,2184,2184,2184
3,168,57,2176,2176,2176,2176,2176
3,168,58,136,136,136,136,136
3,168,59,2184,2184,2184,2184,2184
3,168,60,2176,2176,2176,2176,2176
3,168,61,136,136,136,136,136
3,168,62,2184,2184,2184,2184,2184
3,168,63,2176,2176,2176,2176,2176
3,168,64,136,136,136,136,136
3,168,65,2184,2184,2184,2184,2184
3,168,66,2176,2176,2176,2176,2176
3,168,67,136,136,136,136,136
3,168,68,2184,2184,2184,2184,2184
3,168,69,2176,2176,2176,2176,2176
3,168,70,136,136,136,136,136
3,168,71,2184,2184,2184,2184,2184
3,168,72,2176,2176,2176,2176,2176
3,168,73,136,136,136,136,136
3,168,74,2184,2184,2184,2184,2184
3,168,75,2176,2176,2176,2176,2176
3,168,76,136,136,136,136,136
3,168,77,2184,2184,2184,2184,2184
3,168,78,2176,2176,2176,2176,2176
3,168,79,136,136,136,136,136
3,168,80,2184,2184,2184,2184,2184
3,169,0,2176,2176,2176,2176,2176
3,169,1,136,136,136,136,136
3,169,2,2184,2184,2184,2184,2184
3,169,3,2176,2176,2176,2176,2176
3,169,4,136,136,136,136,136
3,169,5,2184,2184,2184,2184,2184
3,169,6,2176,2176,2176,2176,2176
3,169,7,136,136,136,136,136
3,169,8,2184,2184,2184,2184,2184
3,169,9,2176,2176,2176,2176,2176
3,169,10,136,136,136,136,136
3,169,11,2184,2184,2184,2184,2184
3,169,12,2176,2176,2176,2176,2176
3,169,13,136,136,136,136,136
3,169,14,2184,2184,2184,2184,2184
3,169,15,2176,2176,2176,2176,2176
3,169,16,136,136,136,136,136
3,169,17,2184,2184,2184,2184,2184
3,169,18,2176,2176,2176,2176,2176
3,169,19,136,136,136,136,136
3,169,20,2184,2184,2184,2184,2184
3,169,21,2176,2176,2176,2176,2176
3,169,22,136,136,136,136,136
3,169,23,2184,2184,2184,2184,2184
3,169,24,2176,2176,2176,2176,2176
3,169,25,136,136,136,136,136
3,169,26,2184,2184,2184,2184,2184
3,169,27,2176,2176,2176,2176,2176
3,169,28,136,136,136,136,136
3,169,29,2184,2184,2184,2184,2184
3,169,30,2176,2176,2176,2176,2176
3,169,31,136,136,136,136,136
3,169,32,2184,2184,2184,2184,2184
3,169,33,2176,2176,2176,2176,2176
3,169,34,136,136,136,136,136
3,169,35,2184,2184,2184,2184,2184
3,169,36,2176,2176,2176,2176,2176
3,169,37,136,136,136,136,136
3,169,38,2184,2184,2184,2184,2184
3,169,39,2176,2176,2176,2176,2176
3,169,40,136,136,136,136,136
3,169,41,2184,2184,2184,2184,2184
3,169,42,2176,2176,2176,2176,2176
3,169,43,136,136,136,136,136
3,169,44,2184,2184,2184,2184,2184
3,169,45,2176,2176,2176,2176,2176
3,169,46,136,136,136,136,136
3,169,47,2184,2184,2184,2184,2184
3,169,48,2176,2176,2176,2176,2176
3,169,49,136,136,136,136,136
3,169,50,2184,2184,2184,2184,2184
3,169,51,2176,2176,2176,2176,2176
3,169,52,136,136,136,136,136
3,169,53,2184,2184,2184,2184,2184
3,169,54,2176,2176,2176,2176,2176
3,169,55,136,136,136,136,136
3,169,56,2184,2184,2184,2184,2184
3,169,57,2176,2176,2176,2176,2176
3,169,58,136,136,136,136,136
3,169,59,2184,2184,2184,2184,2184
3,169,60,2176,2176,2176,2176,2176
3,169,61,136,136,136,136,136
3,169,62,2184,2184,2184,2184,2184
3,169,63,2176,2176,2176,2176,2176
3,169,64,136,136,136,136,136
3,169,65,2184,2184,2184,2184,2184
3,169,66,2176,2176,2176,2176,2176
3,169,67,136,136,136,136,136
3,169,68,2184,2184,2184,2184,2184
3,169,69,2176,2176,2176,2176,2176
3,169,70,136,136,136,136,136
3,169,71,2184,2184,2184,2184,2184
3,169,72,2176,2176,2176,2176,2176
3,169,73,136,136,136,136,136
3,169,74,2184,2184,2184,2184,2184
3,169,75,2176,2176,2176,2176,2176
3,169,76,136,136,136,136,136
3,169,77,2184,2184,2184,2184,2184
3,169,78,2176,2176,2176,2176,2176
3,169,79,136,136,136,136,136
3,169,80,2184,2184,2184,2184,2184
3,170,0,2176,2176,2176,2176,2176
3,170,1,136,136,136,136,136
3,170,2,2184,2184,2184,2184,2184
3,170,3,2176,2176,2176,2176,2176
3,170,4,136,136,136,136,136
3,170,5,2184,2184,2184,2184,2184
3,170,6,2176,2176,2176,2176,2176
3,170,7,136,136,136,136,136
3,170,8,2184,2184,2184,2184,2184
3,170,9,2176,2176,2176,2176,2176
3,170,10,136,136,136,136,136
3,170,11,2184,2184,2184,2184,2184
3,170,12,2176,2176,2176,2176,2176
3,170,13,136,136,136,136,136
3,170,14,2184,2184,2184,2184,2184
3,170,15,2176,2176,2176,2176,2176
3,170,16,136,136,136,136,136
3,170,17,2184,2184,2184,2184,2184
3,170,18,2176,2176,2176,2176,2176
3,170,19,136,136,136,136,136
3,170,20,2184,2184,2184,2184,2184
3,170,21,2176,2176,2176,2176,2176
3,170,22,136,136,136,136,136
3,170,23,2184,2184,2184,2184,2184
3,170,24,2176,2176,2176,2176,2176
3,170,25,136,136,136,136,136
3,170,26,2184,2184,2184,2184,2184
3,170,27,2176,2176,2176,2176,2176
3,170,28,136,136,136,136,136
3,170,29,2184,2184,2184,2184,2184
3,170,30,2176,2176,2176,2176,2176
3,170,31,136,136,136,136,136
3,170,32,2184,2184,2184,2184,2184
3,170,33,2176,2176,2176,2176,2176
3,170,34,136,136,136,136,136
3,170,35,2184,2184,2184,2184,2184
3,170,36,2176,2176,2176,2176,2176
3,170,37,136,136,136,136,136
3,170,38,2184,2184,2184,2184,2184
3,170,39,2176,2176,2176,2176,2176
3,170,40,136,136,136,136,136
3,170,41,2184,2184,2184,2184,2184
3,170,42,2176,2176,2176,2176,2176
3,170,43,136,136,136,136,136
3,170,44,2184,2184,2184,2184,2184
3,170,45,2176,2176,2176,2176,2176
3,170,46,136,136,136,136,136
3,170,47,2184,2184,2184,2184,2184
3,170,48,2176,2176,2176,2176,2176
3,170,49,136,136,136,136,136
3,170,50,2184,2184,2184,2184,2184
3,170,51,2176,2176,2176,2176,2176
3,170,52,136,136,136,136,136
3,170,53,2184,2184,2184,2184,2184
3,170,54,2176,2176,2176,2176,2176
3,170,55,136,136,136,136,136
3,170,56,2184,2184,2184,2184,2184
3,170,57,2176,2176,2176,2176,2176
3,170,58,136,136,136,136,136
3,170,59,2184,2184,2184,2184,2184
3,170,60,2176,2176,2176,2176,2176
3,170,61,136,136,136,136,136
3,170,62,2184,2184,2184,2184,2184
3,170,63,2176,2176,2176,2176,2176
3,170,64,136,136,136,136,136
3,170,65,2184,2184,2184,2184,2184
3,170,66,2176,2176,2176,2176,2176
3,170,67,136,136,136,136,136
3,170,68,2184,2184,2184,2184,2184
3,170,69,2176,2176,2176,2176,2176
3,170,70,136,136,136,136,136
3,170,71,2184,2184,2184,2184,2184
3,170,72,2176,2176,2176,2176,2176
3,170,73,136,136,136,136,136
3,170,74,2184,2184,2184,2184,2184
3,170,75,2176,2176,2176,2176,2176
3,170,76,136,136,136,136,136
3,170,77,2184,2184,2184,2184,2184
3,170,78,2176,2176,2176,2176,2176
3,170,79,136,136,136,136,136
3,170,80,2184,2184,2184,2184,2184
3,171,0,2176,2176,2176,2176,2176
3,171,1,136,136,136,136,136
3,171,2,2184,2184,2184,2184,2184
3,171,3,2176,2176,2176,2176,2176
3,171,4,136,136,136,136,136
3,171,5,2184,2184,2184,2184,2184
3,171,6,2176,2176,2176,2176,2176
3,171,7,136,136,136,136,136
3,171,8,2184,2184,2184,2184,2184
3,171,9,2176,2176,2176,2176,2176
3,171,10,136,136,136,136,136
3,171,11,2184,2184,2184,2184,2184
3,171,12,2176,2176,2176,2176,2176
3,171,13,136,136,136,136,136
3,171,14,2184,2184,2184,2184,2184
3,171,15,2176,2176,2176,2176,2176
3,171,16,136,136,136,136,136
3,171,17,2184,2184,2184,2184,2184
3,171,18,2176,2176,2176,2176,2176
3,171,19,136,136,136,136,136
3,171,20,2184,2184,2184,2184,2184
3,171,21,2176,2176,2176,2176,2176
3,171,22,136,136,136,136,136
3,171,23,2184,2184,2184,2184,2184
3,171,24,2176,2176,2176,2176,2176
3,171,25,136,136,136,136,136
3,171,26,2184,2184,2184,2184,2184
3,171,27,2176,2176,2176,2176,2176
3,171,28,136,136,136,136,136
3,171,29,2184,2184,2184,2184,2184
3,171,30,2176,2176,2176,2176,2176
3,171,31,136,136,136,136,136
3,171,32,2184,2184,2184,2184,2184
3,171,33,2176,2176,2176,2176,2176
3,171,34,136,136,136,136,136
3,171,35,2184,2184,2184,2184,2184
3,171,36,2176,2176,2176,2176,2176
3,171,37,136,136,136,136,136
3,171,38,2184,2184,2184,2184,2184
3,171,39,2176,2176,2176,2176,2176
3,171,40,136,136,136,136,136
3,171,41,2184,2184,2184,2184,2184
3,171,42,2176,2176,2176,2176,2176
3,171,43,136,136,136,136,136
3,171,44,2184,2184,2184,2184,2184
3,171,45,2176,2176,2176,2176,2176
3,171,46,136,136,136,136,136
3,171,47,2184,2184,2184,2184,2184
3,171,48,2176,2176,2176,2176,2176
3,171,49,136,136,136,136,136
3,171,50,2184,2184,2184,2184,2184
3,171,51,2176,2176,2176,2176,2176
3,171,52,136,136,136,136,136
3,171,53,2184,2184,2184,2184,2184
3,171,54,2176,2176,2176,2176,2176
3,171,55,136,136,136,136,136
3,171,56,2184,2184,2184,2184,2184
3,171,57,2176,2176,2176,2176,2176
3,171,58,136,136,136,136,136
3,171,59,2184,2184,2184,2184,2184
3,171,60,2176,2176,2176,2176,2176
3,171,61,136,136,136,136,136
3,171,62,2184,2184,2184,2184,2184
3,171,63,2176,2176,2176,2176,2176
3,171,64,136,136,136,136,136
3,171,65,2184,2184,2184,2184,2184
3,171,66,2176,2176,2176,2176,2176
3,171,67,136,136,136,136,136
3,171,68,2184,2184,2184,2184,2184
3,171,69,2176,2176,2176,2176,2176
3,171,70,136,136,136,136,136
3,171,71,2184,2184,2184,2184,2184
3,171,72,2176,2176,2176,2176,2176
3,171,73,136,136,136,136,136
3,171,74,2184,2184,2184,2184,2184
3,171,75,2176,2176,2176,2176,2176
3,171,76,136,136,136,136,136
3,171,77,2184,2184,2184,2184,2184
3,171,78,2176,2176,2176,2176,2176
3,171,79,136,136,136,136,136
3,171,80,2184,2184,2184,2184,2184
3,172,0,2176,2176,2176,2176,2176
3,172,1,136,136,136,136,136
3,172,2,2184,2184,2184,2184,2184
3,172,3,2176,2176,2176,2176,2176
3,172,4,136,136,136,136,136
3,172,5,2184,2184,2184,2184,2184
3,172,6,2176,2176,2176,2176,2176
3,172,7,136,136,136,136,136
3,172,8,2184,2184,2184,2184,2184
3,172,9,2176,2176,2176,2176,2176
3,172,10,136,136,136,136,136
3,172,11,2184,2184,2184,2184,2184
3,172,12,2176,2176,2176,2176,2176
3,172,13,136,136,136,136,136
3,172,14,2184,2184,2184,2184,2184
3,172,15,2176,2176,2176,2176,2176
3,172,16,136,136,136,136,136
3,172,17,2184,2184,2184,2184,2184
3,172,18,2176,2176,2176,2176,2176
3,172,19,136,136,136,136,136
3,172,20,2184,2184,2184,2184,2184
3,172,21,2176,2176,2176,2176,2176
3,172,22,136,136,136,136,136
3,172,23,2184,2184,2184,2184,2184
3,172,24,2176,2176,2176,2176,2176
3,172,25,136,136,136,136,136
3,172,26,2184,2184,2184,2184,2184
3,172,27,2176,2176,2176,2176,2176
3,172,28,136,136,136,136,136
3,172,29,2184,2184,2184,2184,2184
3,172,30,2176,2176,2176,2176,2176
3,172,31,136,136,136,136,136
3,172,32,2184,2184,2184,2184,2184
3,172,33,2176,2176,2176,2176,2176
3,172,34,136,136,136,136,136
3,172,35,2184,2184,2184,2184,2184
3,172,36,2176,2176,2176,2176,2176
3,172,37,136,136,136,136,136
3,172,38,2184,2184,2184,2184,2184
3,172,39,2176,2176,2176,2176,2176
3,172,40,136,136,136,136,136
3,172,41,2184,2184,2184,2184,2184
3,172,42,2176,2176,2176,2176,2176
3,172,43,136,136,136,136,136
3,172,44,2184,2184,2184,2184,2184
3,172,45,2176,2176,2176,2176,2176
3,172,46,136,136,136,136,136
3,172,47,2184,2184,2184,2184,2184
3,172,48,2176,2176,2176,2176,2176
3,172,49,136,136,136,136,136
3,172,50,2184,2184,2184,2184,2184
3,172,51,2176,2176,2176,2176,2176
3,172,52,136,136,136,136,136
3,172,53,2184,2184,2184,2184,2184
3,172,54,2176,2176,2176,2176,2176
3,172,55,136,136,136,136,136
3,172,56,2184,2184,2184,2184,2184
3,172,57,2176,2176,2176,2176,2176
3,172,58,136,136,136,136,136
3,172,59,2184,2184,2184,2184,2184
3,172,60,2176,2176,2176,2176,2176
3,172,61,136,136,136,136,136
3,172,62,2184,2184,2184,2184,2184
3,172,63,2176,2176,2176,2176,2176
3,172,64,136,136,136,136,136
3,172,65,2184,2184,2184,2184,2184
3,172,66,2176,2176,2176,2176,2176
3,172,67,136,136,136,136,136
3,172,68,2184,2184,2184,2184,2184
3,172,69,2176,2176,2176,2176,2176
3,172,70,136,136,136,136,136
3,172,71,2184,2184,2184,2184,2184
3,172,72,2176,2176,2176,2176,2176
3,172,73,136,136,136,136,136
3,172,74,2184,2184,2184,2184,2184
3,172,75,2176,2176,2176,2176,2176
3,172,76,136,136,136,136,136
3,172,77,2184,2184,2184,2184,2184
3,172,78,2176,2176,2176,2176,2176
3,172,79,136,136,136,136,136
3,172,80,2184,2184,2184,2184,2184
3,173,0,2176,2176,2176,2176,2176
3,173,1,136,136,136,136,136
3,173,2,2184,2184,2184,2184,2184
3,173,3,2176,2176,2176,2176,2176
3,173,4,136,136,136,136,136
3,173,5,2184,2184,2184,2184,2184
3,173,6,2176,2176,2176,2176,2176
3,173,7,136,136,136,136,136
3,173,8,2184,2184,2184,2184,2184
3,173,9,2176,2176,2176,2176,2176
3,173,10,136,136,136,136,136
3,173,11,2184,2184,2184,2184,2184
3,173,12,2176,2176,2176,2176,2176
3,173,13,136,136,136,136,136
3,173,14,2184,2184,2184,2184,2184
3,173,15,2176,2176,2176,2176,2176
3,173,16,136,136,136,136,136
3,173,17,2184,2184,2184,2184,2184
3,173,18,2176,2176,2176,2176,2176
3,173,19,136,136,136,136,136
3,173,20,2184,2184,2184,2184,2184
3,173,21,2176,2176,2176,2176,2176
3,173,22,136,136,136,136,136
3,173,23,2184,2184,2184,2184,2184
3,173,24,2176,2176,2176,2176,2176
3,173,25,136,136,136,136,136
3,173,26,2184,2184,2184,2184,2184
3,173,27,2176,2176,2176,2176,2176
3,173,28,136,136,136,136,136
3,173,29,2184,2184,2184,2184,2184
3,173,30,2176,2176,2176,2176,2176
3,173,31,136,136,136,136,136
3,173,32,2184,2184,2184,2184,2184
3,173,33,2176,2176,2176,2176,2176
3,173,34,136,136,136,136,136
3,173,35,2184,2184,2184,2184,2184
3,173,36,2176,2176,2176,2176,2176
3,173,37,136,136,136,136,136
3,173,38,2184,2184,2184,2184,2184
3,173,39,2176,2176,2176,2176,2176
3,173,40,136,136,136,136,136
3,173,41,2184,2184,2184,2184,2184
3,173,42,2176,2176,2176,2176,2176
3,173,43,136,136,136,136,136
3,173,44,2184,2184,2184,2184,2184
3,173,45,2176,2176,2176,2176,2176
3,173,46,136,136,136,136,136
3,173,47,2184,2184,2184,2184,2184
3,173,48,2176,2176,2176,2176,2176
3,173,49,136,136,136,136,136
3,173,50,2184,2184,2184,2184,2184
3,173,51,2176,2176,2176,2176,2176
3,173,52,136,136,136,136,136
3,173,53,2184,2184,2184,2184,2184
3,173,54,2176,2176,2176,2176,2176
3,173,55,136,136,136,136,136
3,173,56,2184,2184,2184,2184,2184
3,173,57,2176,2176,2176,2176,2176
3,173,58,136,136,136,136,136
3,173,59,2184,2184,2184,2184,2184
3,173,60,2176,2176,2176,2176,2176
3,173,61,136,136,136,136,136
3,173,62,2184,2184,2184,2184,2184
3,173,63,2176,2176,2176,2176,2176
3,173,64,136,136,136,136,136
3,173,65,2184,2184,2184,2184,2184
3,173,66,2176,2176,2176,2176,2176
3,173,67,136,136,136,136,136
3,173,68,2184,2184,2184,2184,2184
3,173,69,2176,2176,2176,2176,2176
3,173,70,136,136,136,136,136
3,173,71,2184,2184,2184,2184,2184
3,173,72,2176,2176,2176,2176,2176
3,173,73,136,136,136,136,136
3,173,74,2184,2184,2184,2184,2184
3,173,75,2176,2176,2176,2176,2176
3,173,76,136,136,136,136,136
3,173,77,2184,2184,2184,2184,2184
3,173,78,2176,2176,2176,2176,2176
3,173,79,136,136,136,136,136
3,173,80,2184,2184,2184,2184,2184
3,174,0,2176,2176,2176,2176,2176
3,174,1,136,136,136,136,136
3,174,2,2184,2184,2184,2184,2184
3,174,3,2176,2176,2176,2176,2176
3,174,4,136,136,136,136,136
3,174,5,2184,2184,2184,2184,2184
3,174,6,2176,2176,2176,2176,2176
3,174,7,136,136,136,136,136
3,174,8,2184,2184,2184,2184,2184
3,174,9,2176,2176,2176,2176,2176
3,174,10,136,136,136,136,136
3,174,11,2184,2184,2184,2184,2184
3,174,12,2176,2176,2176,2176,2176
3,174,13,136,136,136,136,136
3,174,14,2184,2184,2184,2184,2184
3,174,15,2176,2176,2176,2176,2176
3,174,16,136,136,136,136,136
3,174,17,2184,2184,2184,2184,2184
3,174,18,2176,2176,2176,2176,2176
3,174,19,136,136,136,136,136
3,174,20,2184,2184,2184,2184,2184
3,174,21,2176,2176,2176,2176,2176
3,174,22,136,136,136,136,136
3,174,23,2184,2184,2184,2184,2184
3,174,24,2176,2176,2176,2176,2176
3,174,25,136,136,136,136,136
3,174,26,2184,2184,2184,2184,2184
3,174,27,2176,2176,2176,2176,2176
3,174,28,136,136,136,136,136
3,174,29,2184,2184,2184,2184,2184
3,174,30,2176,2176,2176,2176,2176
3,174,31,136,136,136,136,136
3,174,32,2184,2184,2184,2184,2184
3,174,33,2176,2176,2176,2176,2176
3,174,34,136,136,136,136,136
3,174,35,2184,2184,2184,2184,2184
3,174,36,2176,2176,2176,2176,2176
3,174,37,136,136,136,136,136
3,174,38,2184,2184,2184,2184,2184
3,174,39,2176,2176,2176,2176,2176
3,174,40,136,136,136,136,136
3,174,41,2184,2184,2184,2184,2184
3,174,42,2176,2176,2176,2176,2176
3,174,43,136,136,136,136,136
3,174,44,2184,2184,2184,2184,2184
3,174,45,2176,2176,2176,2176,2176
3,174,46,136,136,136,136,136
3,174,47,2184,2184,2184,2184,2184
3,174,48,2176,2176,2176,2176,2176
3,174,49,136,136,136,136,136
3,174,50,2184,2184,2184,2184,2184
3,174,51,2176,2176,2176,2176,2176
3,174,52,136,136,136,136,136
3,174,53,2184,2184,2184,2184,2184
3,174,54,2176,2176,2176,2176,2176
3,174,55,136,136,136,136,136
3,174,56,2184,2184,2184,2184,2184
3,174,57,2176,2176,2176,2176,2176
3,174,58,136,136,136,136,136
3,174,59,2184,2184,2184,2184,2184
3,174,60,2176,2176,2176,2176,2176
3,174,61,136,136,136,136,136
3,174,62,2184,2184,2184,2184,2184
3,174,63,2176,2176,2176,2176,2176
3,174,64,136,136,136,136,136
3,174,65,2184,2184,2184,2184,2184
3,174,66,2176,2176,2176,2176,2176
3,174,67,136,136,136,136,136
3,174,68,2184,2184,2184,2184,2184
3,174,69,2176,2176,2176,2176,2176
3,174,70,136,136,136,136,136
3,174,71,2184,2184,2184,2184,2184
3,174,72,2176,2176,2176,2176,2176
3,174,73,136,136,136,136,136
3,174,74,2184,2184,2184,2184,2184
3,174,75,2176,2176,2176,2176,2176
3,174,76,136,136,136,136,136
3,174,77,2184,2184,2184,2184,2184
3,174,78,2176,2176,2176,2176,2176
3,174,79,136,136,136,136,136
3,174,80,2184,2184,2184,2184,2184
3,175,0,2176,2176,2176,2176,2176
3,175,1,136,136,136,136,136
3,175,2,2184,2184,2184,2184,2184
3,175,3,2176,2176,2176,2176,2176
3,175,4,136,136,136,136,136
3,175,5,2184,2184,2184,2184,2184
3,175,6,2176,2176,2176,2176,2176
3,175,7,136,136,136,136,136
3,175,8,2184,2184,2184,2184,2184
3,175,9,2176,2176,2176,2176,2176
3,175,10,136,136,136,136,136
3,175,11,2184,2184,2184,2184,2184
3,175,12,2176,2176,2176,2176,2176
3,175,13,136,136,136,136,136
3,175,14,2184,2184,2184,2184,2184
3,175,15,2176,2176,2176,2176,2176
3,175,16,136,136,136,136,136
3,175,17,2184,2184,2184,2184,2184
3,175,18,2176,2176,2176,2176,2176
3,175,19,136,136,136,136,136
3,175,20,2184,2184,2184,2184,2184
3,175,21,2176,2176,2176,2176,2176
3,175,22,136,136,136,136,136
3,175,23,2184,2184,2184,2184,2184
3,175,24,2176,2176,2176,2176,2176
3,175,25,136,136,136,136,136
3,175,26,2184,2184,2184,2184,2184
3,175,27,2176,2176,2176,2176,2176
3,175,28,136,136,136,136,136
3,175,29,2184,2184,2184,2184,2184
3,175,30,2176,2176,2176,2176,2176
3,175,31,136,136,136,136,136
3,175,32,2184,2184,2184,2184,2184
3,175,33,2176,2176,2176,2176,2176
3,175,34,136,136,136,136,136
3,175,35,2184,2184,2184,2184,2184
3,175,36,2176,2176,2176,2176,2176
3,175,37,136,136,136,136,136
3,175,38,2184,2184,2184,2184,2184
3,175,39,2176,2176,2176,2176,2176
3,175,40,136,136,136,136,136
3,175,41,2184,2184,2184,2184,2184
3,175,42,2176,2176,2176,2176,2176
3,175,43,136,136,136,136,136
3,175,44,2184,2184,2184,2184,2184
3,175,45,2176,2176,2176,2176,2176
3,175,46,136,136,136,136,136
3,175,47,2184,2184,2184,2184,2184
3,175,48,2176,2176,2176,2176,2176
3,175,49,136,136,136,136,136
3,175,50,2184,2184,2184,2184,2184
3,175,51,2176,2176,2176,2176,2176
3,175,52,136,136,136,136,136
3,175,53,2184,2184,2184,2184,2184
3,175,54,2176,2176,2176,2176,2176
3,175,55,136,136,136,136,136
3,175,56,2184,2184,2184,2184,2184
3,175,57,2176,2176,2176,2176,2176
3,175,58,136,136,136,136,136
3,175,59,2184,2184,2184,2184,2184
3,175,60,2176,2176,2176,2176,2176
3,175,61,136,136,136,136,136
3,175,62,2184,2184,2184,2184,2184
3,175,63,2176,2176,2176,2176,2176
3,175,64,136,136,136,136,136
3,175,65,2184,2184,2184,2184,2184
3,175,66,2176,2176,2176,2176,2176
3,175,67,136,136,136,136,136
3,175,68,2184,2184,2184,2184,2184
3,175,69,2176,2176,2176,2176,2176
3,175,70,136,136,136,136,136
3,175,71,2184,2184,2184,2184,2184
3,175,72,2176,2176,2176,2176,2176
3,175,73,136,136,136,136,136
3,175,74,2184,2184,2184,2184,2184
3,175,75,2176,2176,2176,2176,2176
3,175,76,136,136,136,136,136
3,175,77,2184,2184,2184,2184,2184
3,175,78,2176,2176,2176,2176,2176
3,175,79,136,136,136,136,136
3,175,80,2184,2184,2184,2184,2184
3,176,0,128,128,128,128,128
3,176,1,128,128,128,128,128
3,176,2,128,128,128,128,128
3,176,3,128,128,128,128,128
3,176,4,128,128,128,128,128
3,176,5,128,128,128,128,128
3,176,6,128,128,128,128,128
3,176,7,128,128,128,128,128
3,176,8,128,128,128,128,128
3,176,9,128,128,128,128,128
3,176,10,128,128,128,128,128
3,176,11,128,128,128,128,128
3,176,12,128,128,128,128,128
3,176,13,128,128,128,128,128
3,176,14,128,128,128,128,128
3,176,15,128,128,128,128,128
3,176,16,128,128,128,128,128
3,176,17,128,128,128,128,128
3,176,18,128,128,128,128,128
3,176,19,128,128,128,128,128
3,176,20,128,128,128,128,128
3,176,21,128,128,128,128,128
3,176,22,128,128,128,128,128
3,176,23,128,128,128,128,128
3,176,24,128,128,128,128,128
3,176,25,128,128,128,128,128
3,176,26,128,128,128,128,128
3,176,27,128,128,128,128,128
3,176,28,128,128,128,128,128
3,176,29,128,128,128,128,128
3,176,30,128,128,128,128,128
3,176,31,128,128,128,128,128
3,176,32,128,128,128,128,128
3,176,33,128,128,128,128,128
3,176,34,128,128,128,128,128
3,176,35,128,128,128,128,128
3,176,36,128,128,128,128,128
3,176,37,128,128,128,128,128
3,176,38,128,128,128,128,128
3,176,39,128,128,128,128,128
3,176,40,128,128,128,128,128
3,176,41,128,128,128,128,128
3,176,42,128,128,128,128,128
3,176,43,128,128,128,128,128
3,176,44,128,128,128,128,128
3,176,45,128,128,128,128,128
3,176,46,128,128,128,128,128
3,176,47,128,128,128,128,128
3,176,48,128,128,128,128,128
3,176,49,128,128,128,128,128
3,176,50,128,128,128,128,128
3,176,51,128,128,128,128,128
3,176,52,128,128,128,128,128
3,176,53,128,128,128,128,128
3,176,54,128,128,128,128,128
3,176,55,128,128,128,128,128
3,176,56,128,128,128,128,128
3,176,57,128,128,128,128,128
3,176,58,128,128,128,128,128
3,176,59,128,128,128,128,128
3,176,60,128,128,128,128,128
3,176,61,128,128,128,128,128
3,176,62,128,128,128,128,128
3,176,63,128,128,128,128,128
3,176,64,128,128,128,128,128
3,176,65,128,128,128,128,128
3,176,66,128,128,128,128,128
3,176,67,128,128,128,128,128
3,176,68,128,128,128,128,128
3,176,69,128,128,128,128,128
3,176,70,128,128,128,128,128
3,176,71,128,128,128,128,128
3,176,72,128,128,128,128,128
3,176,73,128,128,128,128,128
3,176,74,128,128,128,128,128
3,176,75,128,128,128,128,128
3,176,76,128,128,128,128,128
3,176,77,128,128,128,128,128
3,176,78,128,128,128,128,128
3,176,79,128,128,128,128,128
3,176,80,128,128,128,128,128
3,177,0,2176,2176,2176,2176,2176
3,177,1,136,136,136,136,136
3,177,2,2184,2184,2184,2184,2184
3,177,3,2176,2176,2176,2176,2176
3,177,4,136,136,136,136,136
3,177,5,2184,2184,2184,2184,2184
3,177,6,2176,2176,2176,2176,2176
3,177,7,136,136,136,136,136
3,177,8,2184,2184,2184,2184,2184
3,177,9,2176,2176,2176,2176,2176
3,177,10,136,136,136,136,136
3,177,11,2184,2184,2184,2184,2184
3,177,12,2176,2176,2176,2176,2176
3,177,13,136,136,136,136,136
3,177,14,2184,2184,2184,2184,2184
3,177,15,2176,2176,2176,2176,2176
3,177,16,136,136,136,136,136
3,177,17,2184,2184,2184,2184,2184
3,177,18,2176,2176,2176,2176,2176
3,177,19,136,136,136,136,136
3,177,20,2184,2184,2184,2184,2184
3,177,21,2176,2176,2176,2176,2176
3,177,22,136,136,136,136,136
3,177,23,2184,2184,2184,2184,2184
3,177,24,2176,2176,2176,2176,2176
3,177,25,136,136,136,136,136
3,177,26,2184,2184,2184,2184,2184
3,177,27,2176,2176,2176,2176,2176
3,177,28,136,136,136,136,136
3,177,29,2184,2184,2184,2184,2184
3,177,30,2176,2176,2176,2176,2176
3,177,31,136,136,136,136,136
3,177,32,2184,2184,2184,2184,2184
3,177,33,2176,2176,2176,2176,2176
3,177,34,136,136,136,136,136
3,177,35,2184,2184,2184,2184,2184
3,177,36,2176,2176,2176,2176,2176
3,177,37,136,136,136,136,136
3,177,38,2184,2184,2184,2184,2184
3,177,39,2176,2176,2176,2176,2176
3,177,40,136,136,136,136,136
3,177,41,2184,2184,2184,2184,2184
3,177,42,2176,2176,2176,2176,2176
3,177,43,136,136,136,136,136
3,177,44,2184,2184,2184,2184,2184
3,177,45,2176,2176,2176,2176,2176
3,177,46,136,136,136,136,136
3,177,47,2184,2184,2184,2184,2184
3,177,48,2176,2176,2176,2176,2176
3,177,49,136,136,136,136,136
3,177,50,2184,2184,2184,2184,2184
3,177,51,2176,2176,2176,2176,2176
3,177,52,136,136,136,136,136
3,177,53,2184,2184,2184,2184,2184
3,177,54,2176,2176,2176,2176,2176
3,177,55,136,136,136,136,136
3,177,56,2184,2184,2184,2184,2184
3,177,57,2176,2176,2176,2176,2176
3,177,58,136,136,136,136,136
3,177,59,2184,2184,2184,2184,2184
3,177,60,2176,2176,2176,2176,2176
3,177,61,136,136,136,136,136
3,177,62,2184,2184,2184,2184,2184
3,177,63,2176,2176,2176,2176,2176
3,177,64,136,136,136,136,136
3,177,65,2184,2184,2184,2184,2184
3,177,66,2176,2176,2176,2176,2176
3,177,67,136,136,136,136,136
3,177,68,2184,2184,2184,2184,2184
3,177,69,2176,2176,2176,2176,2176
3,177,70,136,136,136,136,136
3,177,71,2184,2184,2184,2184,2184
3,177,72,2176,2176,2176,2176,2176
3,177,73,136,136,136,136,136
3,177,74,2184,2184,2184,2184,2184
3,177,75,2176,2176,2176,2176,2176
3,177,76,136,136,136,136,136
3,177,77,2184,2184,2184,2184,2184
3,177,78,2176,2176,2176,2176,2176
3,177,79,136,136,136,136,136
3,177,80,2184,2184,2184,2184,2184
3,178,0,2176,2176,2176,2176,2176
3,178,1,136,136,136,136,136
3,178,2,2184,2184,2184,2184,2184
3,178,3,2176,2176,2176,2176,2176
3,178,4,136,136,136,136,136
3,178,5,2184,2184,2184,2184,2184
3,178,6,2176,2176,2176,2176,2176
3,178,7,136,136,136,136,136
3,178,8,2184,2184,2184,2184,2184
3,178,9,2176,2176,2176,2176,2176
3,178,10,136,136,136,136,136
3,178,11,2184,2184,2184,2184,2184
3,178,12,2176,2176,2176,2176,2176
3,178,13,136,136,136,136,136
3,178,14,2184,2184,2184,2184,2184
3,178,15,2176,2176,2176,2176,2176
3,178,16,136,136,136,136,136
3,178,17,2184,2184,2184,2184,2184
3,178,18,2176,2176,2176,2176,2176
3,178,19,136,136,136,136,136
3,178,20,2184,2184,2184,2184,2184
3,178,21,2176,2176,2176,2176,2176
3,178,22,136,136,136,136,136
3,178,23,2184,2184,2184,2184,2184
3,178,24,2176,2176,2176,2176,2176
3,178,25,136,136,136,136,136
3,178,26,2184,2184,2184,2184,2184
3,178,27,2176,2176,2176,2176,2176
3,178,28,136,136,136,136,136
3,178,29,2184,2184,2184,2184,2184
3,178,30,2176,2176,2176,2176,2176
3,178,31,136,136,136,136,136
3,178,32,2184,2184,2184,2184,2184
3,178,33,2176,2176,2176,2176,2176
3,178,34,136,136,136,136,136
3,178,35,2184,2184,2184,2184,2184
3,178,36,2176,2176,2176,2176,2176
3,178,37,136,136,136,136,136
3,178,38,2184,2184,2184,2184,2184
3,178,39,2176,2176,2176,2176,2176
3,178,40,136,136,136,136,136
3,178,41,2184,2184,2184,2184,2184
3,178,42,2176,2176,2176,2176,2176
3,178,43,136,136,136,136,136
3,178,44,2184,2184,2184,2184,2184
3,178,45,2176,2176,2176,2176,2176
3,178,46,136,136,136,136,136
3,178,47,2184,2184,2184,2184,2184
3,178,48,2176,2176,2176,2176,2176
3,178,49,136,136,136,136,136
3,178,50,2184,2184,2184,2184,2184
3,178,51,2176,2176,2176,2176,2176
3,178,52,136,136,136,136,136
3,178,53,2184,2184,2184,2184,2184
3,178,54,2176,2176,2176,2176,2176
3,178,55,136,136,136,136,136
3,178,56,2184,2184,2184,2184,2184
3,178,57,2176,2176,2176,2176,2176
3,178,58,136,136,136,136,136
3,178,59,2184,2184,2184,2184,2184
3,178,60,2176,2176,2176,2176,2176
3,178,61,136,136,136,136,136
3,178,62,2184,2184,2184,2184,2184
3,178,63,2176,2176,2176,2176,2176
3,178,64,136,136,136,136,136
3,178,65,2184,2184,2184,2184,2184
3,178,66,2176,2176,2176,2176,2176
3,178,67,136,136,136,136,136
3,178,68,2184,2184,2184,2184,2184
3,178,69,2176,2176,2176,2176,2176
3,178,70,136,136,136,136,136
3,178,71,2184,2184,2184,2184,2184
3,178,72,2176,2176,2176,2176,2176
3,178,73,136,136,136,136,136
3,178,74,2184,2184,2184,2184,2184
3,178,75,2176,2176,2176,2176,2176
3,178,76,136,136,136,136,136
3,178,77,2184,2184,2184,2184,2184
3,178,78,2176,2176,2176,2176,2176
3,178,79,136,136,136,136,136
3,178,80,2184,2184,2184,2184,2184
3,179,0,2176,2176,2176,2176,2176
3,179,1,136,136,136,136,136
3,179,2,2184,2184,2184,2184,2184
3,179,3,2176,2176,2176,2176,2176
3,179,4,136,136,136,136,136
3,179,5,2184,2184,2184,2184,2184
3,179,6,2176,2176,2176,2176,2176
3,179,7,136,136,136,136,136
3,179,8,2184,2184,2184,2184,2184
3,179,9,2176,2176,2176,2176,2176
3,179,10,136,136,136,136,136
3,179,11,2184,2184,2184,2184,2184
3,179,12,2176,2176,2176,2176,2176
3,179,13,136,136,136,136,136
3,179,14,2184,2184,2184,2184,2184
3,179,15,2176,2176,2176,2176,2176
3,179,16,136,136,136,136,136
3,179,17,2184,2184,2184,2184,2184
3,179,18,2176,2176,2176,2176,2176
3,179,19,136,136,136,136,136
3,179,20,2184,2184,2184,2184,2184
3,179,21,2176,2176,2176,2176,2176
3,179,22,136,136,136,136,136
3,179,23,2184,2184,2184,2184,2184
3,179,24,2176,2176,2176,2176,2176
3,179,25,136,136,136,136,136
3,179,26,2184,2184,2184,2184,2184
3,179,27,2176,2176,2176,2176,2176
3,179,28,136,136,136,136,136
3,179,29,2184,2184,2184,2184,2184
3,179,30,2176,2176,2176,2176,2176
3,179,31,136,136,136,136,136
3,179,32,2184,2184,2184,2184,2184
3,179,33,2176,2176,2176,2176,2176
3,179,34,136,136,136,136,136
3,179,35,2184,2184,2184,2184,2184
3,179,36,2176,2176,2176,2176,2176
3,179,37,136,136,136,136,136
3,179,38,2184,2184,2184,2184,2184
3,179,39,2176,2176,2176,2176,2176
3,179,40,136,136,136,136,136
3,179,41,2184,2184,2184,2184,2184
3,179,42,2176,2176,2176,2176,2176
3,179,43,136,136,136,136,136
3,179,44,2184,2184,2184,2184,2184
3,179,45,2176,2176,2176,2176,2176
3,179,46,136,136,136,136,136
3,179,47,2184,2184,2184,2184,2184
3,179,48,2176,2176,2176,2176,2176
3,179,49,136,136,136,136,136
3,179,50,2184,2184,2184,2184,2184
3,179,51,2176,2176,2176,2176,2176
3,179,52,136,136,136,136,136
3,179,53,2184,2184,2184,2184,2184
3,179,54,2176,2176,2176,2176,2176
3,179,55,136,136,136,136,136
3,179,56,2184,2184,2184,2184,2184
3,179,57,2176,2176,2176,2176,2176
3,179,58,136,136,136,136,136
3,179,59,2184,2184,2184,2184,2184
3,179,60,2176,2176,2176,2176,2176
3,179,61,136,136,136,136,136
3,179,62,2184,2184,2184,2184,2184
3,179,63,2176,2176,2176,2176,2176
3,179,64,136,136,136,136,136
3,179,65,2184,2184,2184,2184,2184
3,179,66,2176,2176,2176,2176,2176
3,179,67,136,136,136,136,136
3,179,68,2184,2184,2184,2184,2184
3,179,69,2176,2176,2176,2176,2176
3,179,70,136,136,136,136,136
3,179,71,2184,2184,2184,2184,2184
3,179,72,2176,2176,2176,2176,2176
3,179,73,136,136,136,136,136
3,179,74,2184,2184,2184,2184,2184
3,179,75,2176,2176,2176,2176,2176
3,179,76,136,136,136,136,136
3,179,77,2184,2184,2184,2184,2184
3,179,78,2176,2176,2176,2176,2176
3,179,79,136,136,136,136,136
3,179,80,2184,2184,2184,2184,2184
3,180,0,2176,2176,2176,2176,2176
3,180,1,136,136,136,136,136
3,180,2,2184,2184,2184,2184,2184
3,180,3,2176,2176,2176,2176,2176
3,180,4,136,136,136,136,136
3,180,5,2184,2184,2184,2184,2184
3,180,6,2176,2176,2176,2176,2176
3,180,7,136,136,136,136,136
3,180,8,2184,2184,2184,2184,2184
3,180,9,2176,2176,2176,2176,2176
3,180,10,136,136,136,136,136
3,180,11,2184,2184,2184,2184,2184
3,180,12,2176,2176,2176,2176,2176
3,180,13,136,136,136,136,136
3,180,14,2184,2184,2184,2184,2184
3,180,15,2176,2176,2176,2176,2176
3,180,16,136,136,136,136,136
3,180,17,2184,2184,2184,2184,2184
3,180,18,2176,2176,2176,2176,2176
3,180,19,136,136,136,136,136
3,180,20,2184,2184,2184,2184,2184
3,180,21,2176,2176,2176,2176,2176
3,180,22,136,136,136,136,136
3,180,23,2184,2184,2184,2184,2184
3,180,24,2176,2176,2176,2176,2176
3,180,25,136,136,136,136,136
3,180,26,2184,2184,2184,2184,2184
3,180,27,2176,2176,2176,2176,2176
3,180,28,136,136,136,136,136
3,180,29,2184,2184,2184,2184,2184
3,180,30,2176,2176,2176,2176,2176
3,180,31,136,136,136,136,136
3,180,32,2184,2184,2184,2184,2184
3,180,33,2176,2176,2176,2176,2176
3,180,34,136,136,136,136,136
3,180,35,2184,2184,2184,2184,2184
3,180,36,2176,2176,2176,2176,2176
3,180,37,136,136,136,136,136
3,180,38,2184,2184,2184,2184,2184
3,180,39,2176,2176,2176,2176,2176
3,180,40,136,136,136,136,136
3,180,41,2184,2184,2184,2184,2184
3,180,42,2176,2176,2176,2176,2176
3,180,43,136,136,136,136,136
3,180,44,2184,2184,2184,2184,2184
3,180,45,2176,2176,2176,2176,2176
3,180,46,136,136,136,136,136
3,180,47,2184,2184,2184,2184,2184
3,180,48,2176,2176,2176,2176,2176
3,180,49,136,136,136,136,136
3,180,50,2184,2184,2184,2184,2184
3,180,51,2176,2176,2176,2176,2176
3,180,52,136,136,136,136,136
3,180,53,2184,2184,2184,2184,2184
3,180,54,2176,2176,2176,2176,2176
3,180,55,136,136,136,136,136
3,180,56,2184,2184,2184,2184,2184
3,180,57,2176,2176,2176,2176,2176
3,180,58,136,136,136,136,136
3,180,59,2184,2184,2184,2184,2184
3,180,60,2176,2176,2176,2176,2176
3,180,61,136,136,136,136,136
3,180,62,2184,2184,2184,2184,2184
3,180,63,2176,2176,2176,2176,2176
3,180,64,136,136,136,136,136
3,180,65,2184,2184,2184,2184,2184
3,180,66,2176,2176,2176,2176,2176
3,180,67,136,136,136,136,136
3,180,68,2184,2184,2184,2184,2184
3,180,69,2176,2176,2176,2176,2176
3,180,70,136,136,136,136,136
3,180,71,2184,2184,2184,2184,2184
3,180,72,2176,2176,2176,2176,2176
3,180,73,136,136,136,136,136
3,180,74,2184,2184,2184,2184,2184
3,180,75,2176,2176,2176,2176,2176
3,180,76,136,136,136,136,136
3,180,77,2184,2184,2184,2184,2184
3,180,78,2176,2176,2176,2176,2176
3,180,79,136,136,136,136,136
3,180,80,2184,2184,2184,2184,2184
3,181,0,2176,2176,2176,2176,2176
3,181,1,136,136,136,136,136
3,181,2,2184,2184,2184,2184,2184
3,181,3,2176,2176,2176,2176,2176
3,181,4,136,136,136,136,136
3,181,5,2184,2184,2184,2184,2184
3,181,6,2176,2176,2176,2176,2176
3,181,7,136,136,136,136,136
3,181,8,2184,2184,2184,2184,2184
3,181,9,2176,2176,2176,2176,2176
3,181,10,136,136,136,136,136
3,181,11,2184,2184,2184,2184,2184
3,181,12,2176,2176,2176,2176,2176
3,181,13,136,136,136,136,136
3,181,14,2184,2184,2184,2184,2184
3,181,15,2176,2176,2176,2176,2176
3,181,16,136,136,136,136,136
3,181,17,2184,2184,2184,2184,2184
3,181,18,2176,2176,2176,2176,2176
3,181,19,136,136,136,136,136
3,181,20,2184,2184,2184,2184,2184
3,181,21,2176,2176,2176,2176,2176
3,181,22,136,136,136,136,136
3,181,23,2184,2184,2184,2184,2184
3,181,24,2176,2176,2176,2176,2176
3,181,25,136,136,136,136,136
3,181,26,2184,2184,2184,2184,2184
3,181,27,2176,2176,2176,2176,2176
3,181,28,136,136,136,136,136
3,181,29,2184,2184,2184,2184,2184
3,181,30,2176,2176,2176,2176,2176
3,181,31,136,136,136,136,136
3,181,32,2184,2184,2184,2184,2184
3,181,33,2176,2176,2176,2176,2176
3,181,34,136,136,136,136,136
3,181,35,2184,2184,2184,2184,2184
3,181,36,2176,2176,2176,2176,2176
3,181,37,136,136,136,136,136
3,181,38,2184,2184,2184,2184,2184
3,181,39,2176,2176,2176,2176,2176
3,181,40,136,136,136,136,136
3,181,41,2184,2184,2184,2184,2184
3,181,42,2176,2176,2176,2176,2176
3,181,43,136,136,136,136,136
3,181,44,2184,2184,2184,2184,2184
3,181,45,2176,2176,2176,2176,2176
3,181,46,136,136,136,136,136
3,181,47,2184,2184,2184,2184,2184
3,181,48,2176,2176,2176,2176,2176
3,181,49,136,136,136,136,136
3,181,50,2184,2184,2184,2184,2184
3,181,51,2176,2176,2176,2176,2176
3,181,52,136,136,136,136,136
3,181,53,2184,2184,2184,2184,2184
3,181,54,2176,2176,2176,2176,2176
3,181,55,136,136,136,136,136
3,181,56,2184,2184,2184,2184,2184
3,181,57,2176,2176,2176,2176,2176
3,181,58,136,136,136,136,136
3,181,59,2184,2184,2184,2184,2184
3,181,60,2176,2176,2176,2176,2176
3,181,61,136,136,136,136,136
3,181,62,2184,2184,2184,2184,2184
3,181,63,2176,2176,2176,2176,2176
3,181,64,136,136,136,136,136
3,181,65,2184,2184,2184,2184,2184
3,181,66,2176,2176,2176,2176,2176
3,181,67,136,136,136,136,136
3,181,68,2184,2184,2184,2184,2184
3,181,69,2176,2176,2176,2176,2176
3,181,70,136,136,136,136,136
3,181,71,2184,2184,2184,2184,2184
3,181,72,2176,2176,2176,2176,2176
3,181,73,136,136,136,136,136
3,181,74,2184,2184,2184,2184,2184
3,181,75,2176,2176,2176,2176,2176
3,181,76,136,136,136,136,136
3,181,77,2184,2184,2184,2184,2184
3,181,78,2176,2176,2176,2176,2176
3,181,79,136,136,136,136,136
3,181,80,2184,2184,2184,2184,2184
3,182,0,2176,2176,2176,2176,2176
3,182,1,136,136,136,136,136
3,182,2,2184,2184,2184,2184,2184
3,182,3,2176,2176,2176,2176,2176
3,182,4,136,136,136,136,136
3,182,5,2184,2184,2184,2184,2184
3,182,6,2176,2176,2176,2176,2176
3,182,7,136,136,136,136,136
3,182,8,2184,2184,2184,2184,2184
3,182,9,2176,2176,2176,2176,2176
3,182,10,136,136,136,136,136
3,182,11,2184,2184,2184,2184,2184
3,182,12,2176,2176,2176,2176,2176
3,182,13,136,136,136,136,136
3,182,14,2184,2184,2184,2184,2184
3,182,15,2176,2176,2176,2176,2176
3,182,16,136,136,136,136,136
3,182,17,2184,2184,2184,2184,2184
3,182,18,2176,2176,2176,2176,2176
3,182,19,136,136,136,136,136
3,182,20,2184,2184,2184,2184,2184
3,182,21,2176,2176,2176,2176,2176
3,182,22,136,136,136,136,136
3,182,23,2184,2184,2184,2184,2184
3,182,24,2176,2176,2176,2176,2176
3,182,25,136,136,136,136,136
3,182,26,2184,2184,2184,2184,2184
3,182,27,2176,2176,2176,2176,2176
3,182,28,136,136,136,136,136
3,182,29,2184,2184,2184,2184,2184
3,182,30,2176,2176,2176,2176,2176
3,182,31,136,136,136,136,136
3,182,32,2184,2184,2184,2184,2184
3,182,33,2176,2176,2176,2176,2176
3,182,34,136,136,136,136,136
3,182,35,2184,2184,2184,2184,2184
3,182,36,2176,2176,2176,2176,2176
3,182,37,136,136,136,136,136
3,182,38,2184,2184,2184,2184,2184
3,182,39,2176,2176,2176,2176,2176
3,182,40,136,136,136,136,136
3,182,41,2184,2184,2184,2184,2184
3,182,42,2176,2176,2176,2176,2176
3,182,43,136,136,136,136,136
3,182,44,2184,2184,2184,2184,2184
3,182,45,2176,2176,2176,2176,2176
3,182,46,136,136,136,136,136
3,182,47,2184,2184,2184,2184,2184
3,182,48,2176,2176,2176,2176,2176
3,182,49,136,136,136,136,136
3,182,50,2184,2184,2184,2184,2184
3,182,51,2176,2176,2176,2176,2176
3,182,52,136,136,136,136,136
3,182,53,2184,2184,2184,2184,2184
3,182,54,2176,2176,2176,2176,2176
3,182,55,136,136,136,136,136
3,182,56,2184,2184,2184,2184,2184
3,182,57,2176,2176,2176,2176,2176
3,182,58,136,136,136,136,136
3,182,59,2184,2184,2184,2184,2184
3,182,60,2176,2176,2176,2176,2176
3,182,61,136,136,136,136,136
3,182,62,2184,2184,2184,2184,2184
3,182,63,2176,2176,2176,2176,2176
3,182,64,136,136,136,136,136
3,182,65,2184,2184,2184,2184,2184
3,182,66,2176,2176,2176,2176,2176
3,182,67,136,136,136,136,136
3,182,68,2184,2184,2184,2184,2184
3,182,69,2176,2176,2176,2176,2176
3,182,70,136,136,136,136,136
3,182,71,2184,2184,2184,2184,2184
3,182,72,2176,2176,2176,2176,2176
3,182,73,136,136,136,136,136
3,182,74,2184,2184,2184,2184,2184
3,182,75,2176,2176,2176,2176,2176
3,182,76,136,136,136,136,136
3,182,77,2184,2184,2184,2184,2184
3,182,78,2176,2176,2176,2176,2176
3,182,79,136,136,136,136,136
3,182,80,2184,2184,2184,2184,2184
3,183,0,2176,2176,2176,2176,2176
3,183,1,136,136,136,136,136
3,183,2,2184,2184,2184,2184,2184
3,183,3,2176,2176,2176,2176,2176
3,183,4,136,136,136,136,136
3,183,5,2184,2184,2184,2184,2184
3,183,6,2176,2176,2176,2176,2176
3,183,7,136,136,136,136,136
3,183,8,2184,2184,2184,2184,2184
3,183,9,2176,2176,2176,2176,2176
3,183,10,136,136,136,136,136
3,183,11,2184,2184,2184,2184,2184
3,183,12,2176,2176,2176,2176,2176
3,183,13,136,136,136,136,136
3,183,14,2184,2184,2184,2184,2184
3,183,15,2176,2176,2176,2176,2176
3,183,16,136,136,136,136,136
3,183,17,2184,2184,2184,2184,2184
3,183,18,2176,2176,2176,2176,2176
3,183,19,136,136,136,136,136
3,183,20,2184,2184,2184,2184,2184
3,183,21,2176,2176,2176,2176,2176
3,183,22,136,136,136,136,136
3,183,23,2184,2184,2184,2184,2184
3,183,24,2176,2176,2176,2176,2176
3,183,25,136,136,136,136,136
3,183,26,2184,2184,2184,2184,2184
3,183,27,2176,2176,2176,2176,2176
3,183,28,136,136,136,136,136
3,183,29,2184,2184,2184,2184,2184
3,183,30,2176,2176,2176,2176,2176
3,183,31,136,136,136,136,136
3,183,32,2184,2184,2184,2184,2184
3,183,33,2176,2176,2176,2176,2176
3,183,34,136,136,136,136,136
3,183,35,2184,2184,2184,2184,2184
3,183,36,2176,2176,2176,2176,2176
3,183,37,136,136,136,136,136
3,183,38,2184,2184,2184,2184,2184
3,183,39,2176,2176,2176,2176,2176
3,183,40,136,136,136,136,136
3,183,41,2184,2184,2184,2184,2184
3,183,42,2176,2176,2176,2176,2176
3,183,43,136,136,136,136,136
3,183,44,2184,2184,2184,2184,2184
3,183,45,2176,2176,2176,2176,2176
3,183,46,136,136,136,136,136
3,183,47,2184,2184,2184,2184,2184
3,183,48,2176,2176,2176,2176,2176
3,183,49,136,136,136,136,136
3,183,50,2184,2184,2184,2184,2184
3,183,51,2176,2176,2176,2176,2176
3,183,52,136,136,136,136,136
3,183,53,2184,2184,2184,2184,2184
3,183,54,2176,2176,2176,2176,2176
3,183,55,136,136,136,136,136
3,183,56,2184,2184,2184,2184,2184
3,183,57,2176,2176,2176,2176,2176
3,183,58,136,136,136,136,136
3,183,59,2184,2184,2184,2184,2184
3,183,60,2176,2176,2176,2176,2176
3,183,61,136,136,136,136,136
3,183,62,2184,2184,2184,2184,2184
3,183,63,2176,2176,2176,2176,2176
3,183,64,136,136,136,136,136
3,183,65,2184,2184,2184,2184,2184
3,183,66,2176,2176,2176,2176,2176
3,183,67,136,136,136,136,136
3,183,68,2184,2184,2184,2184,2184
3,183,69,2176,2176,2176,2176,2176
3,183,70,136,136,136,136,136
3,183,71,2184,2184,2184,2184,2184
3,183,72,2176,2176,2176,2176,2176
3,183,73,136,136,136,136,136
3,183,74,2184,2184,2184,2184,2184
3,183,75,2176,2176,2176,2176,2176
3,183,76,136,136,136,136,136
3,183,77,2184,2184,2184,2184,2184
3,183,78,2176,2176,2176,2176,2176
3,183,79,136,136,136,136,136
3,183,80,2184,2184,2184,2184,2184
3,184,0,2176,2176,2176,2176,2176
3,184,1,136,136,136,136,136
3,184,2,2184,2184,2184,2184,2184
3,184,3,2176,2176,2176,2176,2176
3,184,4,136,136,136,136,136
3,184,5,2184,2184,2184,2184,2184
3,184,6,2176,2176,2176,2176,2176
3,184,7,136,136,136,136,136
3,184,8,2184,2184,2184,2184,2184
3,184,9,2176,2176,2176,2176,2176
3,184,10,136,136,136,136,136
3,184,11,2184,2184,2184,2184,2184
3,184,12,2176,2176,2176,2176,2176
3,184,13,136,136,136,136,136
3,184,14,2184,2184,2184,2184,2184
3,184,15,2176,2176,2176,2176,2176
3,184,16,136,136,136,136,136
3,184,17,2184,2184,2184,2184,2184
3,184,18,2176,2176,2176,2176,2176
3,184,19,136,136,136,136,136
3,184,20,2184,2184,2184,2184,2184
3,184,21,2176,2176,2176,2176,2176
3,184,22,136,136,136,136,136
3,184,23,2184,2184,2184,2184,2184
3,184,24,2176,2176,2176,2176,2176
3,184,25,136,136,136,136,136
3,184,26,2184,2184,2184,2184,2184
3,184,27,2176,2176,2176,2176,2176
3,184,28,136,136,136,136,136
3,184,29,2184,2184,2184,2184,2184
3,184,30,2176,2176,2176,2176,2176
3,184,31,136,136,136,136,136
3,184,32,2184,2184,2184,2184,2184
3,184,33,2176,2176,2176,2176,2176
3,184,34,136,136,136,136,136
3,184,35,2184,2184,2184,2184,2184
3,184,36,2176,2176,2176,2176,2176
3,184,37,136,136,136,136,136
3,184,38,2184,2184,2184,2184,2184
3,184,39,2176,2176,2176,2176,2176
3,184,40,136,136,136,136,136
3,184,41,2184,2184,2184,2184,2184
3,184,42,2176,2176,2176,2176,2176
3,184,43,136,136,136,136,136
3,184,44,2184,2184,2184,2184,2184
3,184,45,2176,2176,2176,2176,2176
3,184,46,136,136,136,136,136
3,184,47,2184,2184,2184,2184,2184
3,184,48,2176,2176,2176,2176,2176
3,184,49,136,136,136,136,136
3,184,50,2184,2184,2184,2184,2184
3,184,51,2176,2176,2176,2176,2176
3,184,52,136,136,136,136,136
3,184,53,2184,2184,2184,2184,2184
3,184,54,2176,2176,2176,2176,2176
3,184,55,136,136,136,136,136
3,184,56,2184,2184,2184,2184,2184
3,184,57,2176,2176,2176,2176,2176
3,184,58,136,136,136,136,136
3,184,59,2184,2184,2184,2184,2184
3,184,60,2176,2176,2176,2176,2176
3,184,61,136,136,136,136,136
3,184,62,2184,2184,2184,2184,2184
3,184,63,2176,2176,2176,2176,2176
3,184,64,136,136,136,136,136
3,184,65,2184,2184,2184,2184,2184
3,184,66,2176,2176,2176,2176,2176
3,184,67,136,136,136,136,136
3,184,68,2184,2184,2184,2184,2184
3,184,69,2176,2176,2176,2176,2176
3,184,70,136,136,136,136,136
3,184,71,2184,2184,2184,2184,2184
3,184,72,2176,2176,2176,2176,2176
3,184,73,136,136,136,136,136
3,184,74,2184,2184,2184,2184,2184
3,184,75,2176,2176,2176,2176,2176
3,184,76,136,136,136,136,136
3,184,77,2184,2184,2184,2184,2184
3,184,78,2176,2176,2176,2176,2176
3,184,79,136,136,136,136,136
3,184,80,2184,2184,2184,2184,2184
3,185,0,2176,2176,2176,2176,2176
3,185,1,136,136,136,136,136
3,185,2,2184,2184,2184,2184,2184
3,185,3,2176,2176,2176,2176,2176
3,185,4,136,136,136,136,136
3,185,5,2184,2184,2184,2184,2184
3,185,6,2176,2176,2176,2176,2176
3,185,7,136,136,136,136,136
3,185,8,2184,2184,2184,2184,2184
3,185,9,2176,2176,2176,2176,2176
3,185,10,136,136,136,136,136
3,185,11,2184,2184,2184,2184,2184
3,185,12,2176,2176,2176,2176,2176
3,185,13,136,136,136,136,136
3,185,14,2184,2184,2184,2184,2184
3,185,15,2176,2176,2176,2176,2176
3,185,16,136,136,136,136,136
3,185,17,2184,2184,2184,2184,2184
3,185,18,2176,2176,2176,2176,2176
3,185,19,136,136,136,136,136
3,185,20,2184,2184,2184,2184,2184
3,185,21,2176,2176,2176,2176,2176
3,185,22,136,136,136,136,136
3,185,23,2184,2184,2184,2184,2184
3,185,24,2176,2176,2176,2176,2176
3,185,25,136,136,136,136,136
3,185,26,2184,2184,2184,2184,2184
3,185,27,2176,2176,2176,2176,2176
3,185,28,136,136,136,136,136
3,185,29,2184,2184,2184,2184,2184
3,185,30,2176,2176,2176,2176,2176
3,185,31,136,136,136,136,136
3,185,32,2184,2184,2184,2184,2184
3,185,33,2176,2176,2176,2176,2176
3,185,34,136,136,136,136,136
3,185,35,2184,2184,2184,2184,2184
3,185,36,2176,2176,2176,2176,2176
3,185,37,136,136,136,136,136
3,185,38,2184,2184,2184,2184,2184
3,185,39,2176,2176,2176,2176,2176
3,185,40,136,136,136,136,136
3,185,41,2184,2184,2184,2184,2184
3,185,42,2176,2176,2176,2176,2176
3,185,43,136,136,136,136,136
3,185,44,2184,2184,2184,2184,2184
3,185,45,2176,2176,2176,2176,2176
3,185,46,136,136,136,136,136
3,185,47,2184,2184,2184,2184,2184
3,185,48,2176,2176,2176,2176,2176
3,185,49,136,136,136,136,136
3,185,50,2184,2184,2184,2184,2184
3,185,51,2176,2176,2176,2176,2176
3,185,52,136,136,136,136,136
3,185,53,2184,2184,2184,2184,2184
3,185,54,2176,2176,2176,2176,2176
3,185,55,136,136,136,136,136
3,185,56,2184,2184,2184,2184,2184
3,185,57,2176,2176,2176,2176,2176
3,185,58,136,136,136,136,136
3,185,59,2184,2184,2184,2184,2184
3,185,60,2176,2176,2176,2176,2176
3,185,61,136,136,136,136,136
3,185,62,2184,2184,2184,2184,2184
3,185,63,2176,2176,2176,2176,2176
3,185,64,136,136,136,136,136
3,185,65,2184,2184,2184,2184,2184
3,185,66,2176,2176,2176,2176,2176
3,185,67,136,136,136,136,136
3,185,68,2184,2184,2184,2184,2184
3,185,69,2176,2176,2176,2176,2176
3,185,70,136,136,136,136,136
3,185,71,2184,2184,2184,2184,2184
3,185,72,2176,2176,2176,2176,2176
3,185,73,136,136,136,136,136
3,185,74,2184,2184,2184,2184,2184
3,185,75,2176,2176,2176,2176,2176
3,185,76,136,136,136,136,136
3,185,77,2184,2184,2184,2184,2184
3,185,78,2176,2176,2176,2176,2176
3,185,79,136,136,136,136,136
3,185,80,2184,2184,2184,2184,2184
3,186,0,2176,2176,2176,2176,2176
3,186,1,136,136,136,136,136
3,186,2,2184,2184,2184,2184,2184
3,186,3,2176,2176,2176,2176,2176
3,186,4,136,136,136,136,136
3,186,5,2184,2184,2184,2184,2184
3,186,6,2176,2176,2176,2176,2176
3,186,7,136,136,136,136,136
3,186,8,2184,2184,2184,2184,2184
3,186,9,2176,2176,2176,2176,2176
3,186,10,136,136,136,136,136
3,186,11,2184,2184,2184,2184,2184
3,186,12,2176,2176,2176,2176,2176
3,186,13,136,136,136,136,136
3,186,14,2184,2184,2184,2184,2184
3,186,15,2176,2176,2176,2176,2176
3,186,16,136,136,136,136,136
3,186,17,2184,2184,2184,2184,2184
3,186,18,2176,2176,2176,2176,2176
3,186,19,136,136,136,136,136
3,186,20,2184,2184,2184,2184,2184
3,186,21,2176,2176,2176,2176,2176
3,186,22,136,136,136,136,136
3,186,23,2184,2184,2184,2184,2184
3,186,24,2176,2176,2176,2176,2176
3,186,25,136,136,136,136,136
3,186,26,2184,2184,2184,2184,2184
3,186,27,2176,2176,2176,2176,2176
3,186,28,136,136,136,136,136
3,186,29,2184,2184,2184,2184,2184
3,186,30,2176,2176,2176,2176,2176
3,186,31,136,136,136,136,136
3,186,32,2184,2184,2184,2184,2184
3,186,33,2176,2176,2176,2176,2176
3,186,34,136,136,136,136,136
3,186,35,2184,2184,2184,2184,2184
3,186,36,2176,2176,2176,2176,2176
3,186,37,136,136,136,136,136
3,186,38,2184,2184,2184,2184,2184
3,186,39,2176,2176,2176,2176,2176
3,186,40,136,136,136,136,136
3,186,41,2184,2184,2184,2184,2184
3,186,42,2176,2176,2176,2176,2176
3,186,43,136,136,136,136,136
3,186,44,2184,2184,2184,2184,2184
3,186,45,2176,2176,2176,2176,2176
3,186,46,136,136,136,136,136
3,186,47,2184,2184,2184,2184,2184
3,186,48,2176,2176,2176,2176,2176
3,186,49,136,136,136,136,136
3,186,50,2184,2184,2184,2184,2184
3,186,51,2176,2176,2176,2176,2176
3,186,52,136,136,136,136,136
3,186,53,2184,2184,2184,2184,2184
3,186,54,2176,2176,2176,2176,2176
3,186,55,136,136,136,136,136
3,186,56,2184,2184,2184,2184,2184
3,186,57,2176,2176,2176,2176,2176
3,186,58,136,136,136,136,136
3,186,59,2184,2184,2184,2184,2184
3,186,60,2176,2176,2176,2176,2176
3,186,61,136,136,136,136,136
3,186,62,2184,2184,2184,2184,2184
3,186,63,2176,2176,2176,2176,2176
3,186,64,136,136,136,136,136
3,186,65,2184,2184,2184,2184,2184
3,186,66,2176,2176,2176,2176,2176
3,186,67,136,136,136,136,136
3,186,68,2184,2184,2184,2184,2184
3,186,69,2176,2176,2176,2176,2176
3,186,70,136,136,136,136,136
3,186,71,2184,2184,2184,2184,2184
3,186,72,2176,2176,2176,2176,2176
3,186,73,136,136,136,136,136
3,186,74,2184,2184,2184,2184,2184
3,186,75,2176,2176,2176,2176,2176
3,186,76,136,136,136,136,136
3,186,77,2184,2184,2184,2184,2184
3,186,78,2176,2176,2176,2176,2176
3,186,79,136,136,136,136,136
3,186,80,2184,2184,2184,2184,2184
3,187,0,2176,2176,2176,2176,2176
3,187,1,136,136,136,136,136
3,187,2,2184,2184,2184,2184,2184
3,187,3,2176,2176,2176,2176,2176
3,187,4,136,136,136,136,136
3,187,5,2184,2184,2184,2184,2184
3,187,6,2176,2176,2176,2176,2176
3,187,7,136,136,136,136,136
3,187,8,2184,2184,2184,2184,2184
3,187,9,2176,2176,2176,2176,2176
3,187,10,136,136,136,136,136
3,187,11,2184,2184,2184,2184,2184
3,187,12,2176,2176,2176,2176,2176
3,187,13,136,136,136,136,136
3,187,14,2184,2184,2184,2184,2184
3,187,15,2176,2176,2176,2176,2176
3,187,16,136,136,136,136,136
3,187,17,2184,2184,2184,2184,2184
3,187,18,2176,2176,2176,2176,2176
3,187,19,136,136,136,136,136
3,187,20,2184,2184,2184,2184,2184
3,187,21,2176,2176,2176,2176,2176
3,187,22,136,136,136,136,136
3,187,23,2184,2184,2184,2184,2184
3,187,24,2176,2176,2176,2176,2176
3,187,25,136,136,136,136,136
3,187,26,2184,2184,2184,2184,2184
3,187,27,2176,2176,2176,2176,2176
3,187,28,136,136,136,136,136
3,187,29,2184,2184,2184,2184,2184
3,187,30,2176,2176,2176,2176,2176
3,187,31,136,136,136,136,136
3,187,32,2184,2184,2184,2184,2184
3,187,33,2176,2176,2176,2176,2176
3,187,34,136,136,136,136,136
3,187,35,2184,2184,2184,2184,2184
3,187,36,2176,2176,2176,2176,2176
3,187,37,136,136,136,136,136
3,187,38,2184,2184,2184,2184,2184
3,187,39,2176,2176,2176,2176,2176
3,187,40,136,136,136,136,136
3,187,41,2184,2184,2184,2184,2184
3,187,42,2176,2176,2176,2176,2176
3,187,43,136,136,136,136,136
3,187,44,2184,2184,2184,2184,2184
3,187,45,2176,2176,2176,2176,2176
3,187,46,136,136,136,136,136
3,187,47,2184,2184,2184,2184,2184
3,187,48,2176,2176,2176,2176,2176
3,187,49,136,136,136,136,136
3,187,50,2184,2184,2184,2184,2184
3,187,51,2176,2176,2176,2176,2176
3,187,52,136,136,136,136,136
3,187,53,2184,2184,2184,2184,2184
3,187,54,2176,2176,2176,2176,2176
3,187,55,136,136,136,136,136
3,187,56,2184,2184,2184,2184,2184
3,187,57,2176,2176,2176,2176,2176
3,187,58,136,136,136,136,136
3,187,59,2184,2184,2184,2184,2184
3,187,60,2176,2176,2176,2176,2176
3,187,61,136,136,136,136,136
3,187,62,2184,2184,2184,2184,2184
3,187,63,2176,2176,2176,2176,2176
3,187,64,136,136,136,136,136
3,187,65,2184,2184,2184,2184,2184
3,187,66,2176,2176,2176,2176,2176
3,187,67,136,136,136,136,136
3,187,68,2184,2184,2184,2184,2184
3,187,69,2176,2176,2176,2176,2176
3,187,70,136,136,136,136,136
3,187,71,2184,2184,2184,2184,2184
3,187,72,2176,2176,2176,2176,2176
3,187,73,136,136,136,136,136
3,187,74,2184,2184,2184,2184,2184
3,187,75,2176,2176,2176,2176,2176
3,187,76,136,136,136,136,136
3,187,77,2184,2184,2184,2184,2184
3,187,78,2176,2176,2176,2176,2176
3,187,79,136,136,136,136,136
3,187,80,2184,2184,2184,2184,2184
3,188,0,2176,2176,2176,2176,2176
3,188,1,136,136,136,136,136
3,188,2,2184,2184,2184,2184,2184
3,188,3,2176,2176,2176,2176,2176
3,188,4,136,136,136,136,136
3,188,5,2184,2184,2184,2184,2184
3,188,6,2176,2176,2176,2176,2176
3,188,7,136,136,136,136,136
3,188,8,2184,2184,2184,2184,2184
3,188,9,2176,2176,2176,2176,2176
3,188,10,136,136,136,136,136
3,188,11,2184,2184,2184,2184,2184
3,188,12,2176,2176,2176,2176,2176
3,188,13,136,136,136,136,136
3,188,14,2184,2184,2184,2184,2184
3,188,15,2176,2176,2176,2176,2176
3,188,16,136,136,136,136,136
3,188,17,2184,2184,2184,2184,2184
3,188,18,2176,2176,2176,2176,2176
3,188,19,136,136,136,136,136
3,188,20,2184,2184,2184,2184,2184
3,188,21,2176,2176,2176,2176,2176
3,188,22,136,136,136,136,136
3,188,23,2184,2184,2184,2184,2184
3,188,24,2176,2176,2176,2176,2176
3,188,25,136,136,136,136,136
3,188,26,2184,2184,2184,2184,2184
3,188,27,2176,2176,2176,2176,2176
3,188,28,136,136,136,136,136
3,188,29,2184,2184,2184,2184,2184
3,188,30,2176,2176,2176,2176,2176
3,188,31,136,136,136,136,136
3,188,32,2184,2184,2184,2184,2184
3,188,33,2176,2176,2176,2176,2176
3,188,34,136,136,136,136,136
3,188,35,2184,2184,2184,2184,2184
3,188,36,2176,2176,2176,2176,2176
3,188,37,136,136,136,136,136
3,188,38,2184,2184,2184,2184,2184
3,188,39,2176,2176,2176,2176,2176
3,188,40,136,136,136,136,136
3,188,41,2184,2184,2184,2184,2184
3,188,42,2176,2176,2176,2176,2176
3,188,43,136,136,136,136,136
3,188,44,2184,2184,2184,2184,2184
3,188,45,2176,2176,2176,2176,2176
3,188,46,136,136,136,136,136
3,188,47,2184,2184,2184,2184,2184
3,188,48,2176,2176,2176,2176,2176
3,188,49,136,136,136,136,136
3,188,50,2184,2184,2184,2184,2184
3,188,51,2176,2176,2176,2176,2176
3,188,52,136,136,136,136,136
3,188,53,2184,2184,2184,2184,2184
3,188,54,2176,2176,2176,2176,2176
3,188,55,136,136,136,136,136
3,188,56,2184,2184,2184,2184,2184
3,188,57,2176,2176,2176,2176,2176
3,188,58,136,136,136,136,136
3,188,59,2184,2184,2184,2184,2184
3,188,60,2176,2176,2176,2176,2176
3,188,61,136,136,136,136,136
3,188,62,2184,2184,2184,2184,2184
3,188,63,2176,2176,2176,2176,2176
3,188,64,136,136,136,136,136
3,188,65,2184,2184,2184,2184,2184
3,188,66,2176,2176,2176,2176,2176
3,188,67,136,136,136,136,136
3,188,68,2184,2184,2184,2184,2184
3,188,69,2176,2176,2176,2176,2176
3,188,70,136,136,136,136,136
3,188,71,2184,2184,2184,2184,2184
3,188,72,2176,2176,2176,2176,2176
3,188,73,136,136,136,136,136
3,188,74,2184,2184,2184,2184,2184
3,188,75,2176,2176,2176,2176,2176
3,188,76,136,136,136,136,136
3,188,77,2184,2184,2184,2184,2184
3,188,78,2176,2176,2176,2176,2176
3,188,79,136,136,136,136,136
3,188,80,2184,2184,2184,2184,2184
3,189,0,2176,2176,2176,2176,2176
3,189,1,136,136,136,136,136
3,189,2,2184,2184,2184,2184,2184
3,189,3,2176,2176,2176,2176,2176
3,189,4,136,136,136,136,136
3,189,5,2184,2184,2184,2184,2184
3,189,6,2176,2176,2176,2176,2176
3,189,7,136,136,136,136,136
3,189,8,2184,2184,2184,2184,2184
3,189,9,2176,2176,2176,2176,2176
3,189,10,136,136,136,136,136
3,189,11,2184,2184,2184,2184,2184
3,189,12,2176,2176,2176,2176,2176
3,189,13,136,136,136,136,136
3,189,14,2184,2184,2184,2184,2184
3,189,15,2176,2176,2176,2176,2176
3,189,16,136,136,136,136,136
3,189,17,2184,2184,2184,2184,2184
3,189,18,2176,2176,2176,2176,2176
3,189,19,136,136,136,136,136
3,189,20,2184,2184,2184,2184,2184
3,189,21,2176,2176,2176,2176,2176
3,189,22,136,136,136,136,136
3,189,23,2184,2184,2184,2184,2184
3,189,24,2176,2176,2176,2176,2176
3,189,25,136,136,136,136,136
3,189,26,2184,2184,2184,2184,2184
3,189,27,2176,2176,2176,2176,2176
3,189,28,136,136,136,136,136
3,189,29,2184,2184,2184,2184,2184
3,189,30,2176,2176,2176,2176,2176
3,189,31,136,136,136,136,136
3,189,32,2184,2184,2184,2184,2184
3,189,33,2176,2176,2176,2176,2176
3,189,34,136,136,136,136,136
3,189,35,2184,2184,2184,2184,2184
3,189,36,2176,2176,2176,2176,2176
3,189,37,136,136,136,136,136
3,189,38,2184,2184,2184,2184,2184
3,189,39,2176,2176,2176,2176,2176
3,189,40,136,136,136,136,136
3,189,41,2184,2184,2184,2184,2184
3,189,42,2176,2176,2176,2176,2176
3,189,43,136,136,136,136,136
3,189,44,2184,2184,2184,2184,2184
3,189,45,2176,2176,2176,2176,2176
3,189,46,136,136,136,136,136
3,189,47,2184,2184,2184,2184,2184
3,189,48,2176,2176,2176,2176,2176
3,189,49,136,136,136,136,136
3,189,50,2184,2184,2184,2184,2184
3,189,51,2176,2176,2176,2176,2176
3,189,52,136,136,136,136,136
3,189,53,2184,2184,2184,2184,2184
3,189,54,2176,2176,2176,2176,2176
3,189,55,136,136,136,136,136
3,189,56,2184,2184,2184,2184,2184
3,189,57,2176,2176,2176,2176,2176
3,189,58,136,136,136,136,136
3,189,59,2184,2184,2184,2184,2184
3,189,60,2176,2176,2176,2176,2176
3,189,61,136,136,136,136,136
3,189,62,2184,2184,2184,2184,2184
3,189,63,2176,2176,2176,2176,2176
3,189,64,136,136,136,136,136
3,189,65,2184,2184,2184,2184,2184
3,189,66,2176,2176,2176,2176,2176
3,189,67,136,136,136,136,136
3,189,68,2184,2184,2184,2184,2184
3,189,69,2176,2176,2176,2176,2176
3,189,70,136,136,136,136,136
3,189,71,2184,2184,2184,2184,2184
3,189,72,2176,2176,2176,2176,2176
3,189,73,136,136,136,136,136
3,189,74,2184,2184,2184,2184,2184
3,189,75,2176,2176,2176,2176,2176
3,189,76,136,136,136,136,136
3,189,77,2184,2184,2184,2184,2184
3,189,78,2176,2176,2176,2176,2176
3,189,79,136,136,136,136,136
3,189,80,2184,2184,2184,2184,2184
3,190,0,2176,2176,2176,2176,2176
3,190,1,136,136,136,136,136
3,190,2,2184,2184,2184,2184,2184
3,190,3,2176,2176,2176,2176,2176
3,190,4,136,136,136,136,136
3,190,5,2184,2184,2184,2184,2184
3,190,6,2176,2176,2176,2176,2176
3,190,7,136,136,136,136,136
3,190,8,2184,2184,2184,2184,2184
3,190,9,2176,2176,2176,2176,2176
3,190,10,136,136,136,136,136
3,190,11,2184,2184,2184,2184,2184
3,190,12,2176,2176,2176,2176,2176
3,190,13,136,136,136,136,136
3,190,14,2184,2184,2184,2184,2184
3,190,15,2176,2176,2176,2176,2176
3,190,16,136,136,136,136,136
3,190,17,2184,2184,2184,2184,2184
3,190,18,2176,2176,2176,2176,2176
3,190,19,136,136,136,136,136
3,190,20,2184,2184,2184,2184,2184
3,190,21,2176,2176,2176,2176,2176
3,190,22,136,136,136,136,136
3,190,23,2184,2184,2184,2184,2184
3,190,24,2176,2176,2176,2176,2176
3,190,25,136,136,136,136,136
3,190,26,2184,2184,2184,2184,2184
3,190,27,2176,2176,2176,2176,2176
3,190,28,136,136,136,136,136
3,190,29,2184,2184,2184,2184,2184
3,190,30,2176,2176,2176,2176,2176
3,190,31,136,136,136,136,136
3,190,32,2184,2184,2184,2184,2184
3,190,33,2176,2176,2176,2176,2176
3,190,34,136,136,136,136,136
3,190,35,2184,2184,2184,2184,2184
3,190,36,2176,2176,2176,2176,2176
3,190,37,136,136,136,136,136
3,190,38,2184,2184,2184,2184,2184
3,190,39,2176,2176,2176,2176,2176
3,190,40,136,136,136,136,136
3,190,41,2184,2184,2184,2184,2184
3,190,42,2176,2176,2176,2176,2176
3,190,43,136,136,136,136,136
3,190,44,2184,2184,2184,2184,2184
3,190,45,2176,2176,2176,2176,2176
3,190,46,136,136,136,136,136
3,190,47,2184,2184,2184,2184,2184
3,190,48,2176,2176,2176,2176,2176
3,190,49,136,136,136,136,136
3,190,50,2184,2184,2184,2184,2184
3,190,51,2176,2176,2176,2176,2176
3,190,52,136,136,136,136,136
3,190,53,2184,2184,2184,2184,2184
3,190,54,2176,2176,2176,2176,2176
3,190,55,136,136,136,136,136
3,190,56,2184,2184,2184,2184,2184
3,190,57,2176,2176,2176,2176,2176
3,190,58,136,136,136,136,136
3,190,59,2184,2184,2184,2184,2184
3,190,60,2176,2176,2176,2176,2176
3,190,61,136,136,136,136,136
3,190,62,2184,2184,2184,2184,2184
3,190,63,2176,2176,2176,2176,2176
3,190,64,136,136,136,136,136
3,190,65,2184,2184,2184,2184,2184
3,190,66,2176,2176,2176,2176,2176
3,190,67,136,136,136,136,136
3,190,68,2184,2184,2184,2184,2184
3,190,69,2176,2176,2176,2176,2176
3,190,70,136,136,136,136,136
3,190,71,2184,2184,2184,2184,2184
3,190,72,2176,2176,2176,2176,2176
3,190,73,136,136,136,136,136
3,190,74,2184,2184,2184,2184,2184
3,190,75,2176,2176,2176,2176,2176
3,190,76,136,136,136,136,136
3,190,77,2184,2184,2184,2184,2184
3,190,78,2176,2176,2176,2176,2176
3,190,79,136,136,136,136,136
3,190,80,2184,2184,2184,2184,2184
3,191,0,2176,2176,2176,2176,2176
3,191,1,136,136,136,136,136
3,191,2,2184,2184,2184,2184,2184
3,191,3,2176,2176,2176,2176,2176
3,191,4,136,136,136,136,136
3,191,5,2184,2184,2184,2184,2184
3,191,6,2176,2176,2176,2176,2176
3,191,7,136,136,136,136,136
3,191,8,2184,2184,2184,2184,2184
3,191,9,2176,2176,2176,2176,2176
3,191,10,136,136,136,136,136
3,191,11,2184,2184,2184,2184,2184
3,191,12,2176,2176,2176,2176,2176
3,191,13,136,136,136,136,136
3,191,14,2184,2184,2184,2184,2184
3,191,15,2176,2176,2176,2176,2176
3,191,16,136,136,136,136,136
3,191,17,2184,2184,2184,2184,2184
3,191,18,2176,2176,2176,2176,2176
3,191,19,136,136,136,136,136
3,191,20,2184,2184,2184,2184,2184
3,191,21,2176,2176,2176,2176,2176
3,191,22,136,136,136,136,136
3,191,23,2184,2184,2184,2184,2184
3,191,24,2176,2176,2176,2176,2176
3,191,25,136,136,136,136,136
3,191,26,2184,2184,2184,2184,2184
3,191,27,2176,2176,2176,2176,2176
3,191,28,136,136,136,136,136
3,191,29,2184,2184,2184,2184,2184
3,191,30,2176,2176,2176,2176,2176
3,191,31,136,136,136,136,136
3,191,32,2184,2184,2184,2184,2184
3,191,33,2176,2176,2176,2176,2176
3,191,34,136,136,136,136,136
3,191,35,2184,2184,2184,2184,2184
3,191,36,2176,2176,2176,2176,2176
3,191,37,136,136,136,136,136
3,191,38,2184,2184,2184,2184,2184
3,191,39,2176,2176,2176,2176,2176
3,191,40,136,136,136,136,136
3,191,41,2184,2184,2184,2184,2184
3,191,42,2176,2176,2176,2176,2176
3,191,43,136,136,136,136,136
3,191,44,2184,2184,2184,2184,2184
3,191,45,2176,2176,2176,2176,2176
3,191,46,136,136,136,136,136
3,191,47,2184,2184,2184,2184,2184
3,191,48,2176,2176,2176,2176,2176
3,191,49,136,136,136,136,136
3,191,50,2184,2184,2184,2184,2184
3,191,51,2176,2176,2176,2176,2176
3,191,52,136,136,136,136,136
3,191,53,2184,2184,2184,2184,2184
3,191,54,2176,2176,2176,2176,2176
3,191,55,136,136,136,136,136
3,191,56,2184,2184,2184,2184,2184
3,191,57,2176,2176,2176,2176,2176
3,191,58,136,136,136,136,136
3,191,59,2184,2184,2184,2184,2184
3,191,60,2176,2176,2176,2176,2176
3,191,61,136,136,136,136,136
3,191,62,2184,2184,2184,2184,2184
3,191,63,2176,2176,2176,2176,2176
3,191,64,136,136,136,136,136
3,191,65,2184,2184,2184,2184,2184
3,191,66,2176,2176,2176,2176,2176
3,191,67,136,136,136,136,136
3,191,68,2184,2184,2184,2184,2184
3,191,69,2176,2176,2176,2176,2176
3,191,70,136,136,136,136,136
3,191,71,2184,2184,2184,2184,2184
3,191,72,2176,2176,2176,2176,2176
3,191,73,136,136,136,136,136
3,191,74,2184,2184,2184,2184,2184
3,191,75,2176,2176,2176,2176,2176
3,191,76,136,136,136,136,136
3,191,77,2184,2184,2184,2184,2184
3,191,78,2176,2176,2176,2176,2176
3,191,79,136,136,136,136,136
3,191,80,2184,2184,2184,2184,2184
3,192,0,128,128,128,128,128
3,192,1,128,128,128,128,128
3,192,2,128,128,128,128,128
3,192,3,128,128,128,128,128
3,192,4,128,128,128,128,128
3,192,5,128,128,128,128,128
3,192,6,128,128,128,128,128
3,192,7,128,128,128,128,128
3,192,8,128,128,128,128,128
3,192,9,128,128,128,128,128
3,192,10,128,128,128,128,128
3,192,11,128,128,128,128,128
3,192,12,128,128,128,128,128
3,192,13,128,128,128,128,128
3,192,14,128,128,128,128,128
3,192,15,128,128,128,128,128
3,192,16,128,128,128,128,128
3,192,17,128,128,128,128,128
3,192,18,128,128,128,128,128
3,192,19,128,128,128,128,128
3,192,20,128,128,128,128,128
3,192,21,128,128,128,128,128
3,192,22,128,128,128,128,128
3,192,23,128,128,128,128,128
3,192,24,128,128,128,128,128
3,192,25,128,128,128,128,128
3,192,26,128,128,128,128,128
3,192,27,128,128,128,128,128
3,192,28,128,128,128,128,128
3,192,29,128,128,128,128,128
3,192,30,128,128,128,128,128
3,192,31,128,128,128,128,128
3,192,32,128,128,128,128,128
3,192,33,128,128,128,128,128
3,192,34,128,128,128,128,128
3,192,35,128,128,128,128,128
3,192,36,128,128,128,128,128
3,192,37,128,128,128,128,128
3,192,38,128,128,128,128,128
3,192,39,128,128,128,128,128
3,192,40,128,128,128,128,128
3,192,41,128,128,128,128,128
3,192,42,128,128,128,128,128
3,192,43,128,128,128,128,128
3,192,44,128,128,128,128,128
3,192,45,128,128,128,128,128
3,192,46,128,128,128,128,128
3,192,47,128,128,128,128,128
3,192,48,128,128,128,128,128
3,192,49,128,128,128,128,128
3,192,50,128,128,128,128,128
3,192,51,128,128,128,128,128
3,192,52,128,128,128,128,128
3,192,53,128,128,128,128,128
3,192,54,128,128,128,128,128
3,192,55,128,128,128,128,128
3,192,56,128,128,128,128,128
3,192,57,128,128,128,128,128
3,192,58,128,128,128,128,128
3,192,59,128,128,128,128,128
3,192,60,128,128,128,128,128
3,192,61,128,128,128,128,128
3,192,62,128,128,128,128,128
3,192,63,128,128,128,128,128
3,192,64,128,128,128,128,128
3,192,65,128,128,128,128,128
3,192,66,128,128,128,128,128
3,192,67,128,128,128,128,128
3,192,68,128,128,128,128,128
3,192,69,128,128,128,128,128
3,192,70,128,128,128,128,128
3,192,71,128,128,128,128,128
3,192,72,128,128,128,128,128
3,192,73,128,128,128,128,128
3,192,74,128,128,128,128,128
3,192,75,128,128,128,128,128
3,192,76,128,128,128,128,128
3,192,77,128,128,128,128,128
3,192,78,128,128,128,128,128
3,192,79,128,128,128,128,128
3,192,80,128,128,128,128,128
3,193,0,2176,2176,2176,2176,2176
3,193,1,136,136,136,136,136
3,193,2,2184,2184,2184,2184,2184
3,193,3,2176,2176,2176,2176,2176
3,193,4,136,136,136,136,136
3,193,5,2184,2184,2184,2184,2184
3,193,6,2176,2176,2176,2176,2176
3,193,7,136,136,136,136,136
3,193,8,2184,2184,2184,2184,2184
3,193,9,2176,2176,2176,2176,2176
3,193,10,136,136,136,136,136
3,193,11,2184,2184,2184,2184,2184
3,193,12,2176,2176,2176,2176,2176
3,193,13,136,136,136,136,136
3,193,14,2184,2184,2184,2184,2184
3,193,15,2176,2176,2176,2176,2176
3,193,16,136,136,136,136,136
3,193,17,2184,2184,2184,2184,2184
3,193,18,2176,2176,2176,2176,2176
3,193,19,136,136,136,136,136
3,193,20,2184,2184,2184,2184,2184
3,193,21,2176,2176,2176,2176,2176
3,193,22,136,136,136,136,136
3,193,23,2184,2184,2184,2184,2184
3,193,24,2176,2176,2176,2176,2176
3,193,25,136,136,136,136,136
3,193,26,2184,2184,2184,2184,2184
3,193,27,2176,2176,2176,2176,2176
3,193,28,136,136,136,136,136
3,193,29,2184,2184,2184,2184,2184
3,193,30,2176,2176,2176,2176,2176
3,193,31,136,136,136,136,136
3,193,32,2184,2184,2184,2184,2184
3,193,33,2176,2176,2176,2176,2176
3,193,34,136,136,136,136,136
3,193,35,2184,2184,2184,2184,2184
3,193,36,2176,2176,2176,2176,2176
3,193,37,136,136,136,136,136
3,193,38,2184,2184,2184,2184,2184
3,193,39,2176,2176,2176,2176,2176
3,193,40,136,136,136,136,136
3,193,41,2184,2184,2184,2184,2184
3,193,42,2176,2176,2176,2176,2176
3,193,43,136,136,136,136,136
3,193,44,2184,2184,2184,2184,2184
3,193,45,2176,2176,2176,2176,2176
3,193,46,136,136,136,136,136
3,193,47,2184,2184,2184,2184,2184
3,193,48,2176,2176,2176,2176,2176
3,193,49,136,136,136,136,136
3,193,50,2184,2184,2184,2184,2184
3,193,51,2176,2176,2176,2176,2176
3,193,52,136,136,136,136,136
3,193,53,2184,2184,2184,2184,2184
3,193,54,2176,2176,2176,2176,2176
3,193,55,136,136,136,136,136
3,193,56,2184,2184,2184,2184,2184
3,193,57,2176,2176,2176,2176,2176
3,193,58,136,136,136,136,136
3,193,59,2184,2184,2184,2184,2184
3,193,60,2176,2176,2176,2176,2176
3,193,61,136,136,136,136,136
3,193,62,2184,2184,2184,2184,2184
3,193,63,2176,2176,2176,2176,2176
3,193,64,136,136,136,136,136
3,193,65,2184,2184,2184,2184,2184
3,193,66,2176,2176,2176,2176,2176
3,193,67,136,136,136,136,136
3,193,68,2184,2184,2184,2184,2184
3,193,69,2176,2176,2176,2176,2176
3,193,70,136,136,136,136,136
3,193,71,2184,2184,2184,2184,2184
3,193,72,2176,2176,2176,2176,2176
3,193,73,136,136,136,136,136
3,193,74,2184,2184,2184,2184,2184
3,193,75,2176,2176,2176,2176,2176
3,193,76,136,136,136,136,136
3,193,77,2184,2184,2184,2184,2184
3,193,78,2176,2176,2176,2176,2176
3,193,79,136,136,136,136,136
3,193,80,2184,2184,2184,2184,2184
3,194,0,2176,2176,2176,2176,2176
3,194,1,136,136,136,136,136
3,194,2,2184,2184,2184,2184,2184
3,194,3,2176,2176,2176,2176,2176
3,194,4,136,136,136,136,136
3,194,5,2184,2184,2184,2184,2184
3,194,6,2176,2176,2176,2176,2176
3,194,7,136,136,136,136,136
3,194,8,2184,2184,2184,2184,2184
3,194,9,2176,2176,2176,2176,2176
3,194,10,136,136,136,136,136
3,194,11,2184,2184,2184,2184,2184
3,194,12,2176,2176,2176,2176,2176
3,194,13,136,136,136,136,136
3,194,14,2184,2184,2184,2184,2184
3,194,15,2176,2176,2176,2176,2176
3,194,16,136,136,136,136,136
3,194,17,2184,2184,2184,2184,2184
3,194,18,2176,2176,2176,2176,2176
3,194,19,136,136,136,136,136
3,194,20,2184,2184,2184,2184,2184
3,194,21,2176,2176,2176,2176,2176
3,194,22,136,136,136,136,136
3,194,23,2184,2184,2184,2184,2184
3,194,24,2176,2176,2176,2176,2176
3,194,25,136,136,136,136,136
3,194,26,2184,2184,2184,2184,2184
3,194,27,2176,2176,2176,2176,2176
3,194,28,136,136,136,136,136
3,194,29,2184,2184,2184,2184,2184
3,194,30,2176,2176,2176,2176,2176
3,194,31,136,136,136,136,136
3,194,32,2184,2184,2184,2184,2184
3,194,33,2176,2176,2176,2176,2176
3,194,34,136,136,136,136,136
3,194,35,2184,2184,2184,2184,2184
3,194,36,2176,2176,2176,2176,2176
3,194,37,136,136,136,136,136
3,194,38,2184,2184,2184,2184,2184
3,194,39,2176,2176,2176,2176,2176
3,194,40,136,136,136,136,136
3,194,41,2184,2184,2184,2184,2184
3,194,42,2176,2176,2176,2176,2176
3,194,43,136,136,136,136,136
3,194,44,2184,2184,2184,2184,2184
3,194,45,2176,2176,2176,2176,2176
3,194,46,136,136,136,136,136
3,194,47,2184,2184,2184,2184,2184
3,194,48,2176,2176,2176,2176,2176
3,194,49,136,136,136,136,136
3,194,50,2184,2184,2184,2184,2184
3,194,51,2176,2176,2176,2176,2176
3,194,52,136,136,136,136,136
3,194,53,2184,2184,2184,2184,2184
3,194,54,2176,2176,2176,2176,2176
3,194,55,136,136,136,136,136
3,194,56,2184,2184,2184,2184,2184
3,194,57,2176,2176,2176,2176,2176
3,194,58,136,136,136,136,136
3,194,59,2184,2184,2184,2184,2184
3,194,60,2176,2176,2176,2176,2176
3,194,61,136,136,136,136,136
3,194,62,2184,2184,2184,2184,2184
3,194,63,2176,2176,2176,2176,2176
3,194,64,136,136,136,136,136
3,194,65,2184,2184,2184,2184,2184
3,194,66,2176,2176,2176,2176,2176
3,194,67,136,136,136,136,136
3,194,68,2184,2184,2184,2184,2184
3,194,69,2176,2176,2176,2176,2176
3,194,70,136,136,136,136,136
3,194,71,2184,2184,2184,2184,2184
3,194,72,2176,2176,2176,2176,2176
3,194,73,136,136,136,136,136
3,194,74,2184,2184,2184,2184,2184
3,194,75,2176,2176,2176,2176,2176
3,194,76,136,136,136,136,136
3,194,77,2184,2184,2184,2184,2184
3,194,78,2176,2176,2176,2176,2176
3,194,79,136,136,136,136,136
3,194,80,2184,2184,2184,2184,2184
3,195,0,2176,2176,2176,2176,2176
3,195,1,136,136,136,136,136
3,195,2,2184,2184,2184,2184,2184
3,195,3,2176,2176,2176,2176,2176
3,195,4,136,136,136,136,136
3,195,5,2184,2184,2184,2184,2184
3,195,6,2176,2176,2176,2176,2176
3,195,7,136,136,136,136,136
3,195,8,2184,2184,2184,2184,2184
3,195,9,2176,2176,2176,2176,2176
3,195,10,136,136,136,136,136
3,195,11,2184,2184,2184,2184,2184
3,195,12,2176,2176,2176,2176,2176
3,195,13,136,136,136,136,136
3,195,14,2184,2184,2184,2184,2184
3,195,15,2176,2176,2176,2176,2176
3,195,16,136,136,136,136,136
3,195,17,2184,2184,2184,2184,2184
3,195,18,2176,2176,2176,2176,2176
3,195,19,136,136,136,136,136
3,195,20,2184,2184,2184,2184,2184
3,195,21,2176,2176,2176,2176,2176
3,195,22,136,136,136,136,136
3,195,23,2184,2184,2184,2184,2184
3,195,24,2176,2176,2176,2176,2176
3,195,25,136,136,136,136,136
3,195,26,2184,2184,2184,2184,2184
3,195,27,2176,2176,2176,2176,2176
3,195,28,136,136,136,136,136
3,195,29,2184,2184,2184,2184,2184
3,195,30,2176,2176,2176,2176,2176
3,195,31,136,136,136,136,136
3,195,32,2184,2184,2184,2184,2184
3,195,33,2176,2176,2176,2176,2176
3,195,34,136,136,136,136,136
3,195,35,2184,2184,2184,2184,2184
3,195,36,2176,2176,2176,2176,2176
3,195,37,136,136,136,136,136
3,195,38,2184,2184,2184,2184,2184
3,195,39,2176,2176,2176,2176,2176
3,195,40,136,136,136,136,136
3,195,41,2184,2184,2184,2184,2184
3,195,42,2176,2176,2176,2176,2176
3,195,43,136,136,136,136,136
3,195,44,2184,2184,2184,2184,2184
3,195,45,2176,2176,2176,2176,2176
3,195,46,136,136,136,136,136
3,195,47,2184,2184,2184,2184,2184
3,195,48,2176,2176,2176,2176,2176
3,195,49,136,136,136,136,136
3,195,50,2184,2184,2184,2184,2184
3,195,51,2176,2176,2176,2176,2176
3,195,52,136,136,136,136,136
3,195,53,2184,2184,2184,2184,2184
3,195,54,2176,2176,2176,2176,2176
3,195,55,136,136,136,136,136
3,195,56,2184,2184,2184,2184,2184
3,195,57,2176,2176,2176,2176,2176
3,195,58,136,136,136,136,136
3,195,59,2184,2184,2184,2184,2184
3,195,60,2176,2176,2176,2176,2176
3,195,61,136,136,136,136,136
3,195,62,2184,2184,2184,2184,2184
3,195,63,2176,2176,2176,2176,2176
3,195,64,136,136,136,136,136
3,195,65,2184,2184,2184,2184,2184
3,195,66,2176,2176,2176,2176,2176
3,195,67,136,136,136,136,136
3,195,68,2184,2184,2184,2184,2184
3,195,69,2176,2176,2176,2176,2176
3,195,70,136,136,136,136,136
3,195,71,2184,2184,2184,2184,2184
3,195,72,2176,2176,2176,2176,2176
3,195,73,136,136,136,136,136
3,195,74,2184,2184,2184,2184,2184
3,195,75,2176,2176,2176,2176,2176
3,195,76,136,136,136,136,136
3,195,77,2184,2184,2184,2184,2184
3,195,78,2176,2176,2176,2176,2176
3,195,79,136,136,136,136,136
3,195,80,2184,2184,2184,2184,2184
3,196,0,2176,2176,2176,2176,2176
3,196,1,136,136,136,136,136
3,196,2,2184,2184,2184,2184,2184
3,196,3,2176,2176,2176,2176,2176
3,196,4,136,136,136,136,136
3,196,5,2184,2184,2184,2184,2184
3,196,6,2176,2176,2176,2176,2176
3,196,7,136,136,136,136,136
3,196,8,2184,2184,2184,2184,2184
3,196,9,2176,2176,2176,2176,2176
3,196,10,136,136,136,136,136
3,196,11,2184,2184,2184,2184,2184
3,196,12,2176,2176,2176,2176,2176
3,196,13,136,136,136,136,136
3,196,14,2184,2184,2184,2184,2184
3,196,15,2176,2176,2176,2176,2176
3,196,16,136,136,136,136,136
3,196,17,2184,2184,2184,2184,2184
3,196,18,2176,2176,2176,2176,2176
3,196,19,136,136,136,136,136
3,196,20,2184,2184,2184,2184,2184
3,196,21,2176,2176,2176,2176,2176
3,196,22,136,136,136,136,136
3,196,23,2184,2184,2184,2184,2184
3,196,24,2176,2176,2176,2176,2176
3,196,25,136,136,136,136,136
3,196,26,2184,2184,2184,2184,2184
3,196,27,2176,2176,2176,2176,2176
3,196,28,136,136,136,136,136
3,196,29,2184,2184,2184,2184,2184
3,196,30,2176,2176,2176,2176,2176
3,196,31,136,136,136,136,136
3,196,32,2184,2184,2184,2184,2184
3,196,33,2176,2176,2176,2176,2176
3,196,34,136,136,136,136,136
3,196,35,2184,2184,2184,2184,2184
3,196,36,2176,2176,2176,2176,2176
3,196,37,136,136,136,136,136
3,196,38,2184,2184,2184,2184,2184
3,196,39,2176,2176,2176,2176,2176
3,196,40,136,136,136,136,136
3,196,41,2184,2184,2184,2184,2184
3,196,42,2176,2176,2176,2176,2176
3,196,43,136,136,136,136,136
3,196,44,2184,2184,2184,2184,2184
3,196,45,2176,2176,2176,2176,2176
3,196,46,136,136,136,136,136
3,196,47,2184,2184,2184,2184,2184
3,196,48,2176,2176,2176,2176,2176
3,196,49,136,136,136,136,136
3,196,50,2184,2184,2184,2184,2184
3,196,51,2176,2176,2176,2176,2176
3,196,52,136,136,136,136,136
3,196,53,2184,2184,2184,2184,2184
3,196,54,2176,2176,2176,2176,2176
3,196,55,136,136,136,136,136
3,196,56,2184,2184,2184,2184,2184
3,196,57,2176,2176,2176,2176,2176
3,196,58,136,136,136,136,136
3,196,59,2184,2184,2184,2184,2184
3,196,60,2176,2176,2176,2176,2176
3,196,61,136,136,136,136,136
3,196,62,2184,2184,2184,2184,2184
3,196,63,2176,2176,2176,2176,2176
3,196,64,136,136,136,136,136
3,196,65,2184,2184,2184,2184,2184
3,196,66,2176,2176,2176,2176,2176
3,196,67,136,136,136,136,136
3,196,68,2184,2184,2184,2184,2184
3,196,69,2176,2176,2176,2176,2176
3,196,70,136,136,136,136,136
3,196,71,2184,2184,2184,2184,2184
3,196,72,2176,2176,2176,2176,2176
3,196,73,136,136,136,136,136
3,196,74,2184,2184,2184,2184,2184
3,196,75,2176,2176,2176,2176,2176
3,196,76,136,136,136,136,136
3,196,77,2184,2184,2184,2184,2184
3,196,78,2176,2176,2176,2176,2176
3,196,79,136,136,136,136,136
3,196,80,2184,2184,2184,2184,2184
3,197,0,2176,2176,2176,2176,2176
3,197,1,136,136,136,136,136
3,197,2,2184,2184,2184,2184,2184
3,197,3,2176,2176,2176,2176,2176
3,197,4,136,136,136,136,136
3,197,5,2184,2184,2184,2184,2184
3,197,6,2176,2176,2176,2176,2176
3,197,7,136,136,136,136,136
3,197,8,2184,2184,2184,2184,2184
3,197,9,2176,2176,2176,2176,2176
3,197,10,136,136,136,136,136
3,197,11,2184,2184,2184,2184,2184
3,197,12,2176,2176,2176,2176,2176
3,197,13,136,136,136,136,136
3,197,14,2184,2184,2184,2184,2184
3,197,15,2176,2176,2176,2176,2176
3,197,16,136,136,136,136,136
3,197,17,2184,2184,2184,2184,2184
3,197,18,2176,2176,2176,2176,2176
3,197,19,136,136,136,136,136
3,197,20,2184,2184,2184,2184,2184
3,197,21,2176,2176,2176,2176,2176
3,197,22,136,136,136,136,136
3,197,23,2184,2184,2184,2184,2184
3,197,24,2176,2176,2176,2176,2176
3,197,25,136,136,136,136,136
3,197,26,2184,2184,2184,2184,2184
3,197,27,2176,2176,2176,2176,2176
3,197,28,136,136,136,136,136
3,197,29,2184,2184,2184,2184,2184
3,197,30,2176,2176,2176,2176,2176
3,197,31,136,136,136,136,136
3,197,32,2184,2184,2184,2184,2184
3,197,33,2176,2176,2176,2176,2176
3,197,34,136,136,136,136,136
3,197,35,2184,2184,2184,2184,2184
3,197,36,2176,2176,2176,2176,2176
3,197,37,136,136,136,136,136
3,197,38,2184,2184,2184,2184,2184
3,197,39,2176,2176,2176,2176,2176
3,197,40,136,136,136,136,136
3,197,41,2184,2184,2184,2184,2184
3,197,42,2176,2176,2176,2176,2176
3,197,43,136,136,136,136,136
3,197,44,2184,2184,2184,2184,2184
3,197,45,2176,2176,2176,2176,2176
3,197,46,136,136,136,136,136
3,197,47,2184,2184,2184,2184,2184
3,197,48,2176,2176,2176,2176,2176
3,197,49,136,136,136,136,136
3,197,50,2184,2184,2184,2184,2184
3,197,51,2176,2176,2176,2176,2176
3,197,52,136,136,136,136,136
3,197,53,2184,2184,2184,2184,2184
3,197,54,2176,2176,2176,2176,2176
3,197,55,136,136,136,136,136
3,197,56,2184,2184,2184,2184,2184
3,197,57,2176,2176,2176,2176,2176
3,197,58,136,136,136,136,136
3,197,59,2184,2184,2184,2184,2184
3,197,60,2176,2176,2176,2176,2176
3,197,61,136,136,136,136,136
3,197,62,2184,2184,2184,2184,2184
3,197,63,2176,2176,2176,2176,2176
3,197,64,136,136,136,136,136
3,197,65,2184,2184,2184,2184,2184
3,197,66,2176,2176,2176,2176,2176
3,197,67,136,136,136,136,136
3,197,68,2184,2184,2184,2184,2184
3,197,69,2176,2176,2176,2176,2176
3,197,70,136,136,136,136,136
3,197,71,2184,2184,2184,2184,2184
3,197,72,2176,2176,2176,2176,2176
3,197,73,136,136,136,136,136
3,197,74,2184,2184,2184,2184,2184
3,197,75,2176,2176,2176,2176,2176
3,197,76,136,136,136,136,136
3,197,77,2184,2184,2184,2184,2184
3,197,78,2176,2176,2176,2176,2176
3,197,79,136,136,136,136,136
3,197,80,2184,2184,2184,2184,2184
3,198,0,2176,2176,2176,2176,2176
3,198,1,136,136,136,136,136
3,198,2,2184,2184,2184,2184,2184
3,198,3,2176,2176,2176,2176,2176
3,198,4,136,136,136,136,136
3,198,5,2184,2184,2184,2184,2184
3,198,6,2176,2176,2176,2176,2176
3,198,7,136,136,136,136,136
3,198,8,2184,2184,2184,2184,2184
3,198,9,2176,2176,2176,2176,2176
3,198,10,136,136,136,136,136
3,198,11,2184,2184,2184,2184,2184
3,198,12,2176,2176,2176,2176,2176
3,198,13,136,136,136,136,136
3,198,14,2184,2184,2184,2184,2184
3,198,15,2176,2176,2176,2176,2176
3,198,16,136,136,136,136,136
3,198,17,2184,2184,2184,2184,2184
3,198,18,2176,2176,2176,2176,2176
3,198,19,136,136,136,136,136
3,198,20,2184,2184,2184,2184,2184
3,198,21,2176,2176,2176,2176,2176
3,198,22,136,136,136,136,136
3,198,23,2184,2184,2184,2184,2184
3,198,24,2176,2176,2176,2176,2176
3,198,25,136,136,136,136,136
3,198,26,2184,2184,2184,2184,2184
3,198,27,2176,2176,2176,2176,2176
3,198,28,136,136,136,136,136
3,198,29,2184,2184,2184,2184,2184
3,198,30,2176,2176,2176,2176,2176
3,198,31,136,136,136,136,136
3,198,32,2184,2184,2184,2184,2184
3,198,33,2176,2176,2176,2176,2176
3,198,34,136,136,136,136,136
3,198,35,2184,2184,2184,2184,2184
3,198,36,2176,2176,2176,2176,2176
3,198,37,136,136,136,136,136
3,198,38,2184,2184,2184,2184,2184
3,198,39,2176,2176,2176,2176,2176
3,198,40,136,136,136,136,136
3,198,41,2184,2184,2184,2184,2184
3,198,42,2176,2176,2176,2176,2176
3,198,43,136,136,136,136,136
3,198,44,2184,2184,2184,2184,2184
3,198,45,2176,2176,2176,2176,2176
3,198,46,136,136,136,136,136
3,198,47,2184,2184,2184,2184,2184
3,198,48,2176,2176,2176,2176,2176
3,198,49,136,136,136,136,136
3,198,50,2184,2184,2184,2184,2184
3,198,51,2176,2176,2176,2176,2176
3,198,52,136,136,136,136,136
3,198,53,2184,2184,2184,2184,2184
3,198,54,2176,2176,2176,2176,2176
3,198,55,136,136,136,136,136
3,198,56,2184,2184,2184,2184,2184
3,198,57,2176,2176,2176,2176,2176
3,198,58,136,136,136,136,136
3,198,59,2184,2184,2184,2184,2184
3,198,60,2176,2176,2176,2176,2176
3,198,61,136,136,136,136,136
3,198,62,2184,2184,2184,2184,2184
3,198,63,2176,2176,2176,2176,2176
3,198,64,136,136,136,136,136
3,198,65,2184,2184,2184,2184,2184
3,198,66,2176,2176,2176,2176,2176
3,198,67,136,136,136,136,136
3,198,68,2184,2184,2184,2184,2184
3,198,69,2176,2176,2176,2176,2176
3,198,70,136,136,136,136,136
3,198,71,2184,2184,2184,2184,2184
3,198,72,2176,2176,2176,2176,2176
3,198,73,136,136,136,136,136
3,198,74,2184,2184,2184,2184,2184
3,198,75,2176,2176,2176,2176,2176
3,198,76,136,136,136,136,136
3,198,77,2184,2184,2184,2184,2184
3,198,78,2176,2176,2176,2176,2176
3,198,79,136,136,136,136,136
3,198,80,2184,2184,2184,2184,2184
3,199,0,2176,2176,2176,2176,2176
3,199,1,136,136,136,136,136
3,199,2,2184,2184,2184,2184,2184
3,199,3,2176,2176,2176,2176,2176
3,199,4,136,136,136,136,136
3,199,5,2184,2184,2184,2184,2184
3,199,6,2176,2176,2176,2176,2176
3,199,7,136,136,136,136,136
3,199,8,2184,2184,2184,2184,2184
3,199,9,2176,2176,2176,2176,2176
3,199,10,136,136,136,136,136
3,199,11,2184,2184,2184,2184,2184
3,199,12,2176,2176,2176,2176,2176
3,199,13,136,136,136,136,136
3,199,14,2184,2184,2184,2184,2184
3,199,15,2176,2176,2176,2176,2176
3,199,16,136,136,136,136,136
3,199,17,2184,2184,2184,2184,2184
3,199,18,2176,2176,2176,2176,2176
3,199,19,136,136,136,136,136
3,199,20,2184,2184,2184,2184,2184
3,199,21,2176,2176,2176,2176,2176
3,199,22,136,136,136,136,136
3,199,23,2184,2184,2184,2184,2184
3,199,24,2176,2176,2176,2176,2176
3,199,25,136,136,136,136,136
3,199,26,2184,2184,2184,2184,2184
3,199,27,2176,2176,2176,2176,2176
3,199,28,136,136,136,136,136
3,199,29,2184,2184,2184,2184,2184
3,199,30,2176,2176,2176,2176,2176
3,199,31,136,136,136,136,136
3,199,32,2184,2184,2184,2184,2184
3,199,33,2176,2176,2176,2176,2176
3,199,34,136,136,136,136,136
3,199,35,2184,2184,2184,2184,2184
3,199,36,2176,2176,2176,2176,2176
3,199,37,136,136,136,136,136
3,199,38,2184,2184,2184,2184,2184
3,199,39,2176,2176,2176,2176,2176
3,199,40,136,136,136,136,136
3,199,41,2184,2184,2184,2184,2184
3,199,42,2176,2176,2176,2176,2176
3,199,43,136,136,136,136,136
3,199,44,2184,2184,2184,2184,2184
3,199,45,2176,2176,2176,2176,2176
3,199,46,136,136,136,136,136
3,199,47,2184,2184,2184,2184,2184
3,199,48,2176,2176,2176,2176,2176
3,199,49,136,136,136,136,136
3,199,50,2184,2184,2184,2184,2184
3,199,51,2176,2176,2176,2176,2176
3,199,52,136,136,136,136,136
3,199,53,2184,2184,2184,2184,2184
3,199,54,2176,2176,2176,2176,2176
3,199,55,136,136,136,136,136
3,199,56,2184,2184,2184,2184,2184
3,199,57,2176,2176,2176,2176,2176
3,199,58,136,136,136,136,136
3,199,59,2184,2184,2184,2184,2184
3,199,60,2176,2176,2176,2176,2176
3,199,61,136,136,136,136,136
3,199,62,2184,2184,2184,2184,2184
3,199,63,2176,2176,2176,2176,2176
3,199,64,136,136,136,136,136
3,199,65,2184,2184,2184,2184,2184
3,199,66,2176,2176,2176,2176,2176
3,199,67,136,136,136,136,136
3,199,68,2184,2184,2184,2184,2184
3,199,69,2176,2176,2176,2176,2176
3,199,70,136,136,136,136,136
3,199,71,2184,2184,2184,2184,2184
3,199,72,2176,2176,2176,2176,2176
3,199,73,136,136,136,136,136
3,199,74,2184,2184,2184,2184,2184
3,199,75,2176,2176,2176,2176,2176
3,199,76,136,136,136,136,136
3,199,77,2184,2184,2184,2184,2184
3,199,78,2176,2176,2176,2176,2176
3,199,79,136,136,136,136,136
3,199,80,2184,2184,2184,2184,2184
3,200,0,2176,2176,2176,2176,2176
3,200,1,136,136,136,136,136
3,200,2,2184,2184,2184,2184,2184
3,200,3,2176,2176,2176,2176,2176
3,200,4,136,136,136,136,136
3,200,5,2184,2184,2184,2184,2184
3,200,6,2176,2176,2176,2176,2176
3,200,7,136,136,136,136,136
3,200,8,2184,2184,2184,2184,2184
3,200,9,2176,2176,2176,2176,2176
3,200,10,136,136,136,136,136
3,200,11,2184,2184,2184,2184,2184
3,200,12,2176,2176,2176,2176,2176
3,200,13,136,136,136,136,136
3,200,14,2184,2184,2184,2184,2184
3,200,15,2176,2176,2176,2176,2176
3,200,16,136,136,136,136,136
3,200,17,2184,2184,2184,2184,2184
3,200,18,2176,2176,2176,2176,2176
3,200,19,136,136,136,136,136
3,200,20,2184,2184,2184,2184,2184
3,200,21,2176,2176,2176,2176,2176
3,200,22,136,136,136,136,136
3,200,23,2184,2184,2184,2184,2184
3,200,24,2176,2176,2176,2176,2176
3,200,25,136,136,136,136,136
3,200,26,2184,2184,2184,2184,2184
3,200,27,2176,2176,2176,2176,2176
3,200,28,136,136,136,136,136
3,200,29,2184,2184,2184,2184,2184
3,200,30,2176,2176,2176,2176,2176
3,200,31,136,136,136,136,136
3,200,32,2184,2184,2184,2184,2184
3,200,33,2176,2176,2176,2176,2176
3,200,34,136,136,136,136,136
3,200,35,2184,2184,2184,2184,2184
3,200,36,2176,2176,2176,2176,2176
3,200,37,136,136,136,136,136
3,200,38,2184,2184,2184,2184,2184
3,200,39,2176,2176,2176,2176,2176
3,200,40,136,136,136,136,136
3,200,41,2184,2184,2184,2184,2184
3,200,42,2176,2176,2176,2176,2176
3,200,43,136,136,136,136,136
3,200,44,2184,2184,2184,2184,2184
3,200,45,2176,2176,2176,2176,2176
3,200,46,136,136,136,136,136
3,200,47,2184,2184,2184,2184,2184
3,200,48,2176,2176,2176,2176,2176
3,200,49,136,136,136,136,136
3,200,50,2184,2184,2184,2184,2184
3,200,51,2176,2176,2176,2176,2176
3,200,52,136,136,136,136,136
3,200,53,2184,2184,2184,2184,2184
3,200,54,2176,2176,2176,2176,2176
3,200,55,136,136,136,136,136
3,200,56,2184,2184,2184,2184,2184
3,200,57,2176,2176,2176,2176,2176
3,200,58,136,136,136,136,136
3,200,59,2184,2184,2184,2184,2184
3,200,60,2176,2176,2176,2176,2176
3,200,61,136,136,136,136,136
3,200,62,2184,2184,2184,2184,2184
3,200,63,2176,2176,2176,2176,2176
3,200,64,136,136,136,136,136
3,200,65,2184,2184,2184,2184,2184
3,200,66,2176,2176,2176,2176,2176
3,200,67,136,136,136,136,136
3,200,68,2184,2184,2184,2184,2184
3,200,69,2176,2176,2176,2176,2176
3,200,70,136,136,136,136,136
3,200,71,2184,2184,2184,2184,2184
3,200,72,2176,2176,2176,2176,2176
3,200,73,136,136,136,136,136
3,200,74,2184,2184,2184,2184,2184
3,200,75,2176,2176,2176,2176,2176
3,200,76,136,136,136,136,136
3,200,77,2184,2184,2184,2184,2184
3,200,78,2176,2176,2176,2176,2176
3,200,79,136,136,136,136,136
3,200,80,2184,2184,2184,2184,2184
3,201,0,2176,2176,2176,2176,2176
3,201,1,136,136,136,136,136
3,201,2,2184,2184,2184,2184,2184
3,201,3,2176,2176,2176,2176,2176
3,201,4,136,136,136,136,136
3,201,5,2184,2184,2184,2184,2184
3,201,6,2176,2176,2176,2176,2176
3,201,7,136,136,136,136,136
3,201,8,2184,2184,2184,2184,2184
3,201,9,2176,2176,2176,2176,2176
3,201,10,136,136,136,136,136
3,201,11,2184,2184,2184,2184,2184
3,201,12,2176,2176,2176,2176,2176
3,201,13,136,136,136,136,136
3,201,14,2184,2184,2184,2184,2184
3,201,15,2176,2176,2176,2176,2176
3,201,16,136,136,136,136,136
3,201,17,2184,2184,2184,2184,2184
3,201,18,2176,2176,2176,2176,2176
3,201,19,136,136,136,136,136
3,201,20,2184,2184,2184,2184,2184
3,201,21,2176,2176,2176,2176,2176
3,201,22,136,136,136,136,136
3,201,23,2184,2184,2184,2184,2184
3,201,24,2176,2176,2176,2176,2176
3,201,25,136,136,136,136,136
3,201,26,2184,2184,2184,2184,2184
3,201,27,2176,2176,2176,2176,2176
3,201,28,136,136,136,136,136
3,201,29,2184,2184,2184,2184,2184
3,201,30,2176,2176,2176,2176,2176
3,201,31,136,136,136,136,136
3,201,32,2184,2184,2184,2184,2184
3,201,33,2176,2176,2176,2176,2176
3,201,34,136,136,136,136,136
3,201,35,2184,2184,2184,2184,2184
3,201,36,2176,2176,2176,2176,2176
3,201,37,136,136,136,136,136
3,201,38,2184,2184,2184,2184,2184
3,201,39,2176,2176,2176,2176,2176
3,201,40,136,136,136,136,136
3,201,41,2184,2184,2184,2184,2184
3,201,42,2176,2176,2176,2176,2176
3,201,43,136,136,136,136,136
3,201,44,2184,2184,2184,2184,2184
3,201,45,2176,2176,2176,2176,2176
3,201,46,136,136,136,136,136
3,201,47,2184,2184,2184,2184,2184
3,201,48,2176,2176,2176,2176,2176
3,201,49,136,136,136,136,136
3,201,50,2184,2184,2184,2184,2184
3,201,51,2176,2176,2176,2176,2176
3,201,52,136,136,136,136,136
3,201,53,2184,2184,2184,2184,2184
3,201,54,2176,2176,2176,2176,2176
3,201,55,136,136,136,136,136
3,201,56,2184,2184,2184,2184,2184
3,201,57,2176,2176,2176,2176,2176
3,201,58,136,136,136,136,136
3,201,59,2184,2184,2184,2184,2184
3,201,60,2176,2176,2176,2176,2176
3,201,61,136,136,136,136,136
3,201,62,2184,2184,2184,2184,2184
3,201,63,2176,2176,2176,2176,2176
3,201,64,136,136,136,136,136
3,201,65,2184,2184,2184,2184,2184
3,201,66,2176,2176,2176,2176,2176
3,201,67,136,136,136,136,136
3,201,68,2184,2184,2184,2184,2184
3,201,69,2176,2176,2176,2176,2176
3,201,70,136,136,136,136,136
3,201,71,2184,2184,2184,2184,2184
3,201,72,2176,2176,2176,2176,2176
3,201,73,136,136,136,136,136
3,201,74,2184,2184,2184,2184,2184
3,201,75,2176,2176,2176,2176,2176
3,201,76,136,136,136,136,136
3,201,77,2184,2184,2184,2184,2184
3,201,78,2176,2176,2176,2176,2176
3,201,79,136,136,136,136,136
3,201,80,2184,2184,2184,2184,2184
3,202,0,2176,2176,2176,2176,2176
3,202,1,136,136,136,136,136
3,202,2,2184,2184,2184,2184,2184
3,202,3,2176,2176,2176,2176,2176
3,202,4,136,136,136,136,136
3,202,5,2184,2184,2184,2184,2184
3,202,6,2176,2176,2176,2176,2176
3,202,7,136,136,136,136,136
3,202,8,2184,2184,2184,2184,2184
3,202,9,2176,2176,2176,2176,2176
3,202,10,136,136,136,136,136
3,202,11,2184,2184,2184,2184,2184
3,202,12,2176,2176,2176,2176,2176
3,202,13,136,136,136,136,136
3,202,14,2184,2184,2184,2184,2184
3,202,15,2176,2176,2176,2176,2176
3,202,16,136,136,136,136,136
3,202,17,2184,2184,2184,2184,2184
3,202,18,2176,2176,2176,2176,2176
3,202,19,136,136,136,136,136
3,202,20,2184,2184,2184,2184,2184
3,202,21,2176,2176,2176,2176,2176
3,202,22,136,136,136,136,136
3,202,23,2184,2184,2184,2184,2184
3,202,24,2176,2176,2176,2176,2176
3,202,25,136,136,136,136,136
3,202,26,2184,2184,2184,2184,2184
3,202,27,2176,2176,2176,2176,2176
3,202,28,136,136,136,136,136
3,202,29,2184,2184,2184,2184,2184
3,202,30,2176,2176,2176,2176,2176
3,202,31,136,136,136,136,136
3,202,32,2184,2184,2184,2184,2184
3,202,33,2176,2176,2176,2176,2176
3,202,34,136,136,136,136,136
3,202,35,2184,2184,2184,2184,2184
3,202,36,2176,2176,2176,2176,2176
3,202,37,136,136,136,136,136
3,202,38,2184,2184,2184,2184,2184
3,202,39,2176,2176,2176,2176,2176
3,202,40,136,136,136,136,136
3,202,41,2184,2184,2184,2184,2184
3,202,42,2176,2176,2176,2176,2176
3,202,43,136,136,136,136,136
3,202,44,2184,2184,2184,2184,2184
3,202,45,2176,2176,2176,2176,2176
3,202,46,136,136,136,136,136
3,202,47,2184,2184,2184,2184,2184
3,202,48,2176,2176,2176,2176,2176
3,202,49,136,136,136,136,136
3,202,50,2184,2184,2184,2184,2184
3,202,51,2176,2176,2176,2176,2176
3,202,52,136,136,136,136,136
3,202,53,2184,2184,2184,2184,2184
3,202,54,2176,2176,2176,2176,2176
3,202,55,136,136,136,136,136
3,202,56,2184,2184,2184,2184,2184
3,202,57,2176,2176,2176,2176,2176
3,202,58,136,136,136,136,136
3,202,59,2184,2184,2184,2184,2184
3,202,60,2176,2176,2176,2176,2176
3,202,61,136,136,136,136,136
3,202,62,2184,2184,2184,2184,2184
3,202,63,2176,2176,2176,2176,2176
3,202,64,136,136,136,136,136
3,202,65,2184,2184,2184,2184,2184
3,202,66,2176,2176,2176,2176,2176
3,202,67,136,136,136,136,136
3,202,68,2184,2184,2184,2184,2184
3,202,69,2176,2176,2176,2176,2176
3,202,70,136,136,136,136,136
3,202,71,2184,2184,2184,2184,2184
3,202,72,2176,2176,2176,2176,2176
3,202,73,136,136,136,136,136
3,202,74,2184,2184,2184,2184,2184
3,202,75,2176,2176,2176,2176,2176
3,202,76,136,136,136,136,136
3,202,77,2184,2184,2184,2184,2184
3,202,78,2176,2176,2176,2176,2176
3,202,79,136,136,136,136,136
3,202,80,2184,2184,2184,2184,2184
3,203,0,2176,2176,2176,2176,2176
3,203,1,136,136,136,136,136
3,203,2,2184,2184,2184,2184,2184
3,203,3,2176,2176,2176,2176,2176
3,203,4,136,136,136,136,136
3,203,5,2184,2184,2184,2184,2184
3,203,6,2176,2176,2176,2176,2176
3,203,7,136,136,136,136,136
3,203,8,2184,2184,2184,2184,2184
3,203,9,2176,2176,2176,2176,2176
3,203,10,136,136,136,136,136
3,203,11,2184,2184,2184,2184,2184
3,203,12,2176,2176,2176,2176,2176
3,203,13,136,136,136,136,136
3,203,14,2184,2184,2184,2184,2184
3,203,15,2176,2176,2176,2176,2176
3,203,16,136,136,136,136,136
3,203,17,2184,2184,2184,2184,2184
3,203,18,2176,2176,2176,2176,2176
3,203,19,136,136,136,136,136
3,203,20,2184,2184,2184,2184,2184
3,203,21,2176,2176,2176,2176,2176
3,203,22,136,136,136,136,136
3,203,23,2184,2184,2184,2184,2184
3,203,24,2176,2176,2176,2176,2176
3,203,25,136,136,136,136,136
3,203,26,2184,2184,2184,2184,2184
3,203,27,2176,2176,2176,2176,2176
3,203,28,136,136,136,136,136
3,203,29,2184,2184,2184,2184,2184
3,203,30,2176,2176,2176,2176,2176
3,203,31,136,136,136,136,136
3,203,32,2184,2184,2184,2184,2184
3,203,33,2176,2176,2176,2176,2176
3,203,34,136,136,136,136,136
3,203,35,2184,2184,2184,2184,2184
3,203,36,2176,2176,2176,2176,2176
3,203,37,136,136,136,136,136
3,203,38,2184,2184,2184,2184,2184
3,203,39,2176,2176,2176,2176,2176
3,203,40,136,136,136,136,136
3,203,41,2184,2184,2184,2184,2184
3,203,42,2176,2176,2176,2176,2176
3,203,43,136,136,136,136,136
3,203,44,2184,2184,2184,2184,2184
3,203,45,2176,2176,2176,2176,2176
3,203,46,136,136,136,136,136
3,203,47,2184,2184,2184,2184,2184
3,203,48,2176,2176,2176,2176,2176
3,203,49,136,136,136,136,136
3,203,50,2184,2184,2184,2184,2184
3,203,51,2176,2176,2176,2176,2176
3,203,52,136,136,136,136,136
3,203,53,2184,2184,2184,2184,2184
3,203,54,2176,2176,2176,2176,2176
3,203,55,136,136,136,136,136
3,203,56,2184,2184,2184,2184,2184
3,203,57,2176,2176,2176,2176,2176
3,203,58,136,136,136,136,136
3,203,59,2184,2184,2184,2184,2184
3,203,60,2176,2176,2176,2176,2176
3,203,61,136,136,136,136,136
3,203,62,2184,2184,2184,2184,2184
3,203,63,2176,2176,2176,2176,2176
3,203,64,136,136,136,136,136
3,203,65,2184,2184,2184,2184,2184
3,203,66,2176,2176,2176,2176,2176
3,203,67,136,136,136,136,136
3,203,68,2184,2184,2184,2184,2184
3,203,69,2176,2176,2176,2176,2176
3,203,70,136,136,136,136,136
3,203,71,2184,2184,2184,2184,2184
3,203,72,2176,2176,2176,2176,2176
3,203,73,136,136,136,136,136
3,203,74,2184,2184,2184,2184,2184
3,203,75,2176,2176,2176,2176,2176
3,203,76,136,136,136,136,136
3,203,77,2184,2184,2184,2184,2184
3,203,78,2176,2176,2176,2176,2176
3,203,79,136,136,136,136,136
3,203,80,2184,2184,2184,2184,2184
3,204,0,2176,2176,2176,2176,2176
3,204,1,136,136,136,136,136
3,204,2,2184,2184,2184,2184,2184
3,204,3,2176,2176,2176,2176,2176
3,204,4,136,136,136,136,136
3,204,5,2184,2184,2184,2184,2184
3,204,6,2176,2176,2176,2176,2176
3,204,7,136,136,136,136,136
3,204,8,2184,2184,2184,2184,2184
3,204,9,2176,2176,2176,2176,2176
3,204,10,136,136,136,136,136
3,204,11,2184,2184,2184,2184,2184
3,204,12,2176,2176,2176,2176,2176
3,204,13,136,136,136,136,136
3,204,14,2184,2184,2184,2184,2184
3,204,15,2176,2176,2176,2176,2176
3,204,16,136,136,136,136,136
3,204,17,2184,2184,2184,2184,2184
3,204,18,2176,2176,2176,2176,2176
3,204,19,136,136,136,136,136
3,204,20,2184,2184,2184,2184,2184
3,204,21,2176,2176,2176,2176,2176
3,204,22,136,136,136,136,136
3,204,23,2184,2184,2184,2184,2184
3,204,24,2176,2176,2176,2176,2176
3,204,25,136,136,136,136,136
3,204,26,2184,2184,2184,2184,2184
3,204,27,2176,2176,2176,2176,2176
3,204,28,136,136,136,136,136
3,204,29,2184,2184,2184,2184,2184
3,204,30,2176,2176,2176,2176,2176
3,204,31,136,136,136,136,136
3,204,32,2184,2184,2184,2184,2184
3,204,33,2176,2176,2176,2176,2176
3,204,34,136,136,136,136,136
3,204,35,2184,2184,2184,2184,2184
3,204,36,2176,2176,2176,2176,2176
3,204,37,136,136,136,136,136
3,204,38,2184,2184,2184,2184,2184
3,204,39,2176,2176,2176,2176,2176
3,204,40,136,136,136,136,136
3,204,41,2184,2184,2184,2184,2184
3,204,42,2176,2176,2176,2176,2176
3,204,43,136,136,136,136,136
3,204,44,2184,2184,2184,2184,2184
3,204,45,2176,2176,2176,2176,2176
3,204,46,136,136,136,136,136
3,204,47,2184,2184,2184,2184,2184
3,204,48,2176,2176,2176,2176,2176
3,204,49,136,136,136,136,136
3,204,50,2184,2184,2184,2184,2184
3,204,51,2176,2176,2176,2176,2176
3,204,52,136,136,136,136,136
3,204,53,2184,2184,2184,2184,2184
3,204,54,2176,2176,2176,2176,2176
3,204,55,136,136,136,136,136
3,204,56,2184,2184,2184,2184,2184
3,204,57,2176,2176,2176,2176,2176
3,204,58,136,136,136,136,136
3,204,59,2184,2184,2184,2184,2184
3,204,60,2176,2176,2176,2176,2176
3,204,61,136,136,136,136,136
3,204,62,2184,2184,2184,2184,2184
3,204,63,2176,2176,2176,2176,2176
3,204,64,136,136,136,136,136
3,204,65,2184,2184,2184,2184,2184
3,204,66,2176,2176,2176,2176,2176
3,204,67,136,136,136,136,136
3,204,68,2184,2184,2184,2184,2184
3,204,69,2176,2176,2176,2176,2176
3,204,70,136,136,136,136,136
3,204,71,2184,2184,2184,2184,2184
3,204,72,2176,2176,2176,2176,2176
3,204,73,136,136,136,136,136
3,204,74,2184,2184,2184,2184,2184
3,204,75,2176,2176,2176,2176,2176
3,204,76,136,136,136,136,136
3,204,77,2184,2184,2184,2184,2184
3,204,78,2176,2176,2176,2176,2176
3,204,79,136,136,136,136,136
3,204,80,2184,2184,2184,2184,2184
3,205,0,2176,2176,2176,2176,2176
3,205,1,136,136,136,136,136
3,205,2,2184,2184,2184,2184,2184
3,205,3,2176,2176,2176,2176,2176
3,205,4,136,136,136,136,136
3,205,5,2184,2184,2184,2184,2184
3,205,6,2176,2176,2176,2176,2176
3,205,7,136,136,136,136,136
3,205,8,2184,2184,2184,2184,2184
3,205,9,2176,2176,2176,2176,2176
3,205,10,136,136,136,136,136
3,205,11,2184,2184,2184,2184,2184
3,205,12,2176,2176,2176,2176,2176
3,205,13,136,136,136,136,136
3,205,14,2184,2184,2184,2184,2184
3,205,15,2176,2176,2176,2176,2176
3,205,16,136,136,136,136,136
3,205,17,2184,2184,2184,2184,2184
3,205,18,2176,2176,2176,2176,2176
3,205,19,136,136,136,136,136
3,205,20,2184,2184,2184,2184,2184
3,205,21,2176,2176,2176,2176,2176
3,205,22,136,136,136,136,136
3,205,23,2184,2184,2184,2184,2184
3,205,24,2176,2176,2176,2176,2176
3,205,25,136,136,136,136,136
3,205,26,2184,2184,2184,2184,2184
3,205,27,2176,2176,2176,2176,2176
3,205,28,136,136,136,136,136
3,205,29,2184,2184,2184,2184,2184
3,205,30,2176,2176,2176,2176,2176
3,205,31,136,136,136,136,136
3,205,32,2184,2184,2184,2184,2184
3,205,33,2176,2176,2176,2176,2176
3,205,34,136,136,136,136,136
3,205,35,2184,2184,2184,2184,2184
3,205,36,2176,2176,2176,2176,2176
3,205,37,136,136,136,136,136
3,205,38,2184,2184,2184,2184,2184
3,205,39,2176,2176,2176,2176,2176
3,205,40,136,136,136,136,136
3,205,41,2184,2184,2184,2184,2184
3,205,42,2176,2176,2176,2176,2176
3,205,43,136,136,136,136,136
3,205,44,2184,2184,2184,2184,2184
3,205,45,2176,2176,2176,2176,2176
3,205,46,136,136,136,136,136
3,205,47,2184,2184,2184,2184,2184
3,205,48,2176,2176,2176,2176,2176
3,205,49,136,136,136,136,136
3,205,50,2184,2184,2184,2184,2184
3,205,51,2176,2176,2176,2176,2176
3,205,52,136,136,136,136,136
3,205,53,2184,2184,2184,2184,2184
3,205,54,2176,2176,2176,2176,2176
3,205,55,136,136,136,136,136
3,205,56,2184,2184,2184,2184,2184
3,205,57,2176,2176,2176,2176,2176
3,205,58,136,136,136,136,136
3,205,59,2184,2184,2184,2184,2184
3,205,60,2176,2176,2176,2176,2176
3,205,61,136,136,136,136,136
3,205,62,2184,2184,2184,2184,2184
3,205,63,2176,2176,2176,2176,2176
3,205,64,136,136,136,136,136
3,205,65,2184,2184,2184,2184,2184
3,205,66,2176,2176,2176,2176,2176
3,205,67,136,136,136,136,136
3,205,68,2184,2184,2184,2184,2184
3,205,69,2176,2176,2176,2176,2176
3,205,70,136,136,136,136,136
3,205,71,2184,2184,2184,2184,2184
3,205,72,2176,2176,2176,2176,2176
3,205,73,136,136,136,136,136
3,205,74,2184,2184,2184,2184,2184
3,205,75,2176,2176,2176,2176,2176
3,205,76,136,136,136,136,136
3,205,77,2184,2184,2184,2184,2184
3,205,78,2176,2176,2176,2176,2176
3,205,79,136,136,136,136,136
3,205,80,2184,2184,2184,2184,2184
3,206,0,2176,2176,2176,2176,2176
3,206,1,136,136,136,136,136
3,206,2,2184,2184,2184,2184,2184
3,206,3,2176,2176,2176,2176,2176
3,206,4,136,136,136,136,136
3,206,5,2184,2184,2184,2184,2184
3,206,6,2176,2176,2176,2176,2176
3,206,7,136,136,136,136,136
3,206,8,2184,2184,2184,2184,2184
3,206,9,2176,2176,2176,2176,2176
3,206,10,136,136,136,136,136
3,206,11,2184,2184,2184,2184,2184
3,206,12,2176,2176,2176,2176,2176
3,206,13,136,136,136,136,136
3,206,14,2184,2184,2184,2184,2184
3,206,15,2176,2176,2176,2176,2176
3,206,16,136,136,136,136,136
3,206,17,2184,2184,2184,2184,2184
3,206,18,2176,2176,2176,2176,2176
3,206,19,136,136,136,136,136
3,206,20,2184,2184,2184,2184,2184
3,206,21,2176,2176,2176,2176,2176
3,206,22,136,136,136,136,136
3,206,23,2184,2184,2184,2184,2184
3,206,24,2176,2176,2176,2176,2176
3,206,25,136,136,136,136,136
3,206,26,2184,2184,2184,2184,2184
3,206,27,2176,2176,2176,2176,2176
3,206,28,136,136,136,136,136
3,206,29,2184,2184,2184,2184,2184
3,206,30,2176,2176,2176,2176,2176
3,206,31,136,136,136,136,136
3,206,32,2184,2184,2184,2184,2184
3,206,33,2176,2176,2176,2176,2176
3,206,34,136,136,136,136,136
3,206,35,2184,2184,2184,2184,2184
3,206,36,2176,2176,2176,2176,2176
3,206,37,136,136,136,136,136
3,206,38,2184,2184,2184,2184,2184
3,206,39,2176,2176,2176,2176,2176
3,206,40,136,136,136,136,136
3,206,41,2184,2184,2184,2184,2184
3,206,42,2176,2176,2176,2176,2176
3,206,43,136,136,136,136,136
3,206,44,2184,2184,2184,2184,2184
3,206,45,2176,2176,2176,2176,2176
3,206,46,136,136,136,136,136
3,206,47,2184,2184,2184,2184,2184
3,206,48,2176,2176,2176,2176,2176
3,206,49,136,136,136,136,136
3,206,50,2184,2184,2184,2184,2184
3,206,51,2176,2176,2176,2176,2176
3,206,52,136,136,136,136,136
3,206,53,2184,2184,2184,2184,2184
3,206,54,2176,2176,2176,2176,2176
3,206,55,136,136,136,136,136
3,206,56,2184,2184,2184,2184,2184
3,206,57,2176,2176,2176,2176,2176
3,206,58,136,136,136,136,136
3,206,59,2184,2184,2184,2184,2184
3,206,60,2176,2176,2176,2176,2176
3,206,61,136,136,136,136,136
3,206,62,2184,2184,2184,2184,2184
3,206,63,2176,2176,2176,2176,2176
3,206,64,136,136,136,136,136
3,206,65,2184,2184,2184,2184,2184
3,206,66,2176,2176,2176,2176,2176
3,206,67,136,136,136,136,136
3,206,68,2184,2184,2184,2184,2184
3,206,69,2176,2176,2176,2176,2176
3,206,70,136,136,136,136,136
3,206,71,2184,2184,2184,2184,2184
3,206,72,2176,2176,2176,2176,2176
3,206,73,136,136,136,136,136
3,206,74,2184,2184,2184,2184,2184
3,206,75,2176,2176,2176,2176,2176
3,206,76,136,136,136,136,136
3,206,77,2184,2184,2184,2184,2184
3,206,78,2176,2176,2176,2176,2176
3,206,79,136,136,136,136,136
3,206,80,2184,2184,2184,2184,2184
3,207,0,2176,2176,2176,2176,2176
3,207,1,136,136,136,136,136
3,207,2,2184,2184,2184,2184,2184
3,207,3,2176,2176,2176,2176,2176
3,207,4,136,136,136,136,136
3,207,5,2184,2184,2184,2184,2184
3,207,6,2176,2176,2176,2176,2176
3,207,7,136,136,136,136,136
3,207,8,2184,2184,2184,2184,2184
3,207,9,2176,2176,2176,2176,2176
3,207,10,136,136,136,136,136
3,207,11,2184,2184,2184,2184,2184
3,207,12,2176,2176,2176,2176,2176
3,207,13,136,136,136,136,136
3,207,14,2184,2184,2184,2184,2184
3,207,15,2176,2176,2176,2176,2176
3,207,16,136,136,136,136,136
3,207,17,2184,2184,2184,2184,2184
3,207,18,2176,2176,2176,2176,2176
3,207,19,136,136,136,136,136
3,207,20,2184,2184,2184,2184,2184
3,207,21,2176,2176,2176,2176,2176
3,207,22,136,136,136,136,136
3,207,23,2184,2184,2184,2184,2184
3,207,24,2176,2176,2176,2176,2176
3,207,25,136,136,136,136,136
3,207,26,2184,2184,2184,2184,2184
3,207,27,2176,2176,2176,2176,2176
3,207,28,136,136,136,136,136
3,207,29,2184,2184,2184,2184,2184
3,207,30,2176,2176,2176,2176,2176
3,207,31,136,136,136,136,136
3,207,32,2184,2184,2184,2184,2184
3,207,33,2176,2176,2176,2176,2176
3,207,34,136,136,136,136,136
3,207,35,2184,2184,2184,2184,2184
3,207,36,2176,2176,2176,2176,2176
3,207,37,136,136,136,136,136
3,207,38,2184,2184,2184,2184,2184
3,207,39,2176,2176,2176,2176,2176
3,207,40,136,136,136,136,136
3,207,41,2184,2184,2184,2184,2184
3,207,42,2176,2176,2176,2176,2176
3,207,43,136,136,136,136,136
3,207,44,2184,2184,2184,2184,2184
3,207,45,2176,2176,2176,2176,2176
3,207,46,136,136,136,136,136
3,207,47,2184,2184,2184,2184,2184
3,207,48,2176,2176,2176,2176,2176
3,207,49,136,136,136,136,136
3,207,50,2184,2184,2184,2184,2184
3,207,51,2176,2176,2176,2176,2176
3,207,52,136,136,136,136,136
3,207,53,2184,2184,2184,2184,2184
3,207,54,2176,2176,2176,2176,2176
3,207,55,136,136,136,136,136
3,207,56,2184,2184,2184,2184,2184
3,207,57,2176,2176,2176,2176,2176
3,207,58,136,136,136,136,136
3,207,59,2184,2184,2184,2184,2184
3,207,60,2176,2176,2176,2176,2176
3,207,61,136,136,136,136,136
3,207,62,2184,2184,2184,2184,2184
3,207,63,2176,2176,2176,2176,2176
3,207,64,136,136,136,136,136
3,207,65,2184,2184,2184,2184,2184
3,207,66,2176,2176,2176,2176,2176
3,207,67,136,136,136,136,136
3,207,68,2184,2184,2184,2184,2184
3,207,69,2176,2176,2176,2176,2176
3,207,70,136,136,136,136,136
3,207,71,2184,2184,2184,2184,2184
3,207,72,2176,2176,2176,2176,2176
3,207,73,136,136,136,136,136
3,207,74,2184,2184,2184,2184,2184
3,207,75,2176,2176,2176,2176,2176
3,207,76,136,136,136,136,136
3,207,77,2184,2184,2184,2184,2184
3,207,78,2176,2176,2176,2176,2176
3,207,79,136,136,136,136,136
3,207,80,2184,2184,2184,2184,2184
3,208,0,128,128,128,128,128
3,208,1,128,128,128,128,128
3,208,2,128,128,128,128,128
3,208,3,128,128,128,128,128
3,208,4,128,128,128,128,128
3,208,5,128,128,128,128,128
3,208,6,128,128,128,128,128
3,208,7,128,128,128,128,128
3,208,8,128,128,128,128,128
3,208,9,128,128,128,128,128
3,208,10,128,128,128,128,128
3,208,11,128,128,128,128,128
3,208,12,128,128,128,128,128
3,208,13,128,128,128,128,128
3,208,14,128,128,128,128,128
3,208,15,128,128,128,128,128
3,208,16,128,128,128,128,128
3,208,17,128,128,128,128,128
3,208,18,128,128,128,128,128
3,208,19,128,128,128,128,128
3,208,20,128,128,128,128,128
3,208,21,128,128,128,128,128
3,208,22,128,128,128,128,128
3,208,23,128,128,128,128,128
3,208,24,128,128,128,128,128
3,208,25,128,128,128,128,128
3,208,26,128,128,128,128,128
3,208,27,128,128,128,128,128
3,208,28,128,128,128,128,128
3,208,29,128,128,128,128,128
3,208,30,128,128,128,128,128
3,208,31,128,128,128,128,128
3,208,32,128,128,128,128,128
3,208,33,128,128,128,128,128
3,208,34,128,128,128,128,128
3,208,35,128,128,128,128,128
3,208,36,128,128,128,128,128
3,208,37,128,128,128,128,128
3,208,38,128,128,128,128,128
3,208,39,128,128,128,128,128
3,208,40,128,128,128,128,128
3,208,41,128,128,128,128,128
3,208,42,128,128,128,128,128
3,208,43,128,128,128,128,128
3,208,44,128,128,128,128,128
3,208,45,128,128,128,128,128
3,208,46,128,128,128,128,128
3,208,47,128,128,128,128,128
3,208,48,128,128,128,128,128
3,208,49,128,128,128,128,128
3,208,50,128,128,128,128,128
3,208,51,128,128,128,128,128
3,208,52,128,128,128,128,128
3,208,53,128,128,128,128,128
3,208,54,128,128,128,128,128
3,208,55,128,128,128,128,128
3,208,56,128,128,128,128,128
3,208,57,128,128,128,128,128
3,208,58,128,128,128,128,128
3,208,59,128,128,128,128,128
3,208,60,128,128,128,128,128
3,208,61,128,128,128,128,128
3,208,62,128,128,128,128,128
3,208,63,128,128,128,128,128
3,208,64,128,128,128,128,128
3,208,65,128,128,128,128,128
3,208,66,128,128,128,128,128
3,208,67,128,128,128,128,128
3,208,68,128,128,128,128,128
3,208,69,128,128,128,128,128
3,208,70,128,128,128,128,128
3,208,71,128,128,128,128,128
3,208,72,128,128,128,128,128
3,208,73,128,128,128,128,128
3,208,74,128,128,128,128,128
3,208,75,128,128,128,128,128
3,208,76,128,128,128,128,128
3,208,77,128,128,128,128,128
3,208,78,128,128,128,128,128
3,208,79,128,128,128,128,128
3,208,80,128,128,128,128,128
3,209,0,2176,2176,2176,2176,2176
3,209,1,136,136,136,136,136
3,209,2,2184,2184,2184,2184,2184
3,209,3,2176,2176,2176,2176,2176
3,209,4,136,136,136,136,136
3,209,5,2184,2184,2184,2184,2184
3,209,6,2176,2176,2176,2176,2176
3,209,7,136,136,136,136,136
3,209,8,2184,2184,2184,2184,2184
3,209,9,2176,2176,2176,2176,2176
3,209,10,136,136,136,136,136
3,209,11,2184,2184,2184,2184,2184
3,209,12,2176,2176,2176,2176,2176
3,209,13,136,136,136,136,136
3,209,14,2184,2184,2184,2184,2184
3,209,15,2176,2176,2176,2176,2176
3,209,16,136,136,136,136,136
3,209,17,2184,2184,2184,2184,2184
3,209,18,2176,2176,2176,2176,2176
3,209,19,136,136,136,136,136
3,209,20,2184,2184,2184,2184,2184
3,209,21,2176,2176,2176,2176,2176
3,209,22,136,136,136,136,136
3,209,23,2184,2184,2184,2184,2184
3,209,24,2176,2176,2176,2176,2176
3,209,25,136,136,136,136,136
3,209,26,2184,2184,2184,2184,2184
3,209,27,2176,2176,2176,2176,2176
3,209,28,136,136,136,136,136
3,209,29,2184,2184,2184,2184,2184
3,209,30,2176,2176,2176,2176,2176
3,209,31,136,136,136,136,136
3,209,32,2184,2184,2184,2184,2184
3,209,33,2176,2176,2176,2176,2176
3,209,34,136,136,136,136,136
3,209,35,2184,2184,2184,2184,2184
3,209,36,2176,2176,2176,2176,2176
3,209,37,136,136,136,136,136
3,209,38,2184,2184,2184,2184,2184
3,209,39,2176,2176,2176,2176,2176
3,209,40,136,136,136,136,136
3,209,41,2184,2184,2184,2184,2184
3,209,42,2176,2176,2176,2176,2176
3,209,43,136,136,136,136,136
3,209,44,2184,2184,2184,2184,2184
3,209,45,2176,2176,2176,2176,2176
3,209,46,136,136,136,136,136
3,209,47,2184,2184,2184,2184,2184
3,209,48,2176,2176,2176,2176,2176
3,209,49,136,136,136,136,136
3,209,50,2184,2184,2184,2184,2184
3,209,51,2176,2176,2176,2176,2176
3,209,52,136,136,136,136,136
3,209,53,2184,2184,2184,2184,2184
3,209,54,2176,2176,2176,2176,2176
3,209,55,136,136,136,136,136
3,209,56,2184,2184,2184,2184,2184
3,209,57,2176,2176,2176,2176,2176
3,209,58,136,136,136,136,136
3,209,59,2184,2184,2184,2184,2184
3,209,60,2176,2176,2176,2176,2176
3,209,61,136,136,136,136,136
3,209,62,2184,2184,2184,2184,2184
3,209,63,2176,2176,2176,2176,2176
3,209,64,136,136,136,136,136
3,209,65,2184,2184,2184,2184,2184
3,209,66,2176,2176,2176,2176,2176
3,209,67,136,136,136,136,136
3,209,68,2184,2184,2184,2184,2184
3,209,69,2176,2176,2176,2176,2176
3,209,70,136,136,136,136,136
3,209,71,2184,2184,2184,2184,2184
3,209,72,2176,2176,2176,2176,2176
3,209,73,136,136,136,136,136
3,209,74,2184,2184,2184,2184,2184
3,209,75,2176,2176,2176,2176,2176
3,209,76,136,136,136,136,136
3,209,77,2184,2184,2184,2184,2184
3,209,78,2176,2176,2176,2176,2176
3,209,79,136,136,136,136,136
3,209,80,2184,2184,2184,2184,2184
3,210,0,2176,2176,2176,2176,2176
3,210,1,136,136,136,136,136
3,210,2,2184,2184,2184,2184,2184
3,210,3,2176,2176,2176,2176,2176
3,210,4,136,136,136,136,136
3,210,5,2184,2184,2184,2184,2184
3,210,6,2176,2176,2176,2176,2176
3,210,7,136,136,136,136,136
3,210,8,2184,2184,2184,2184,2184
3,210,9,2176,2176,2176,2176,2176
3,210,10,136,136,136,136,136
3,210,11,2184,2184,2184,2184,2184
3,210,12,2176,2176,2176,2176,2176
3,210,13,136,136,136,136,136
3,210,14,2184,2184,2184,2184,2184
3,210,15,2176,2176,2176,2176,2176
3,210,16,136,136,136,136,136
3,210,17,2184,2184,2184,2184,2184
3,210,18,2176,2176,2176,2176,2176
3,210,19,136,136,136,136,136
3,210,20,2184,2184,2184,2184,2184
3,210,21,2176,2176,2176,2176,2176
3,210,22,136,136,136,136,136
3,210,23,2184,2184,2184,2184,2184
3,210,24,2176,2176,2176,2176,2176
3,210,25,136,136,136,136,136
3,210,26,2184,2184,2184,2184,2184
3,210,27,2176,2176,2176,2176,2176
3,210,28,136,136,136,136,136
3,210,29,2184,2184,2184,2184,2184
3,210,30,2176,2176,2176,2176,2176
3,210,31,136,136,136,136,136
3,210,32,2184,2184,2184,2184,2184
3,210,33,2176,2176,2176,2176,2176
3,210,34,136,136,136,136,136
3,210,35,2184,2184,2184,2184,2184
3,210,36,2176,2176,2176,2176,2176
3,210,37,136,136,136,136,136
3,210,38,2184,2184,2184,2184,2184
3,210,39,2176,2176,2176,2176,2176
3,210,40,136,136,136,136,136
3,210,41,2184,2184,2184,2184,2184
3,210,42,2176,2176,2176,2176,2176
3,210,43,136,136,136,136,136
3,210,44,2184,2184,2184,2184,2184
3,210,45,2176,2176,2176,2176,2176
3,210,46,136,136,136,136,136
3,210,47,2184,2184,2184,2184,2184
3,210,48,2176,2176,2176,2176,2176
3,210,49,136,136,136,136,136
3,210,50,2184,2184,2184,2184,2184
3,210,51,2176,2176,2176,2176,2176
3,210,52,136,136,136,136,136
3,210,53,2184,2184,2184,2184,2184
3,210,54,2176,2176,2176,2176,2176
3,210,55,136,136,136,136,136
3,210,56,2184,2184,2184,2184,2184
3,210,57,2176,2176,2176,2176,2176
3,210,58,136,136,136,136,136
3,210,59,2184,2184,2184,2184,2184
3,210,60,2176,2176,2176,2176,2176
3,210,61,136,136,136,136,136
3,210,62,2184,2184,2184,2184,2184
3,210,63,2176,2176,2176,2176,2176
3,210,64,136,136,136,136,136
3,210,65,2184,2184,2184,2184,2184
3,210,66,2176,2176,2176,2176,2176
3,210,67,136,136,136,136,136
3,210,68,2184,2184,2184,2184,2184
3,210,69,2176,2176,2176,2176,2176
3,210,70,136,136,136,136,136
3,210,71,2184,2184,2184,2184,2184
3,210,72,2176,2176,2176,2176,2176
3,210,73,136,136,136,136,136
3,210,74,2184,2184,2184,2184,2184
3,210,75,2176,2176,2176,2176,2176
3,210,76,136,136,136,136,136
3,210,77,2184,2184,2184,2184,2184
3,210,78,2176,2176,2176,2176,2176
3,210,79,136,136,136,136,136
3,210,80,2184,2184,2184,2184,2184
3,211,0,2176,2176,2176,2176,2176
3,211,1,136,136,136,136,136
3,211,2,2184,2184,2184,2184,2184
3,211,3,2176,2176,2176,2176,2176
3,211,4,136,136,136,136,136
3,211,5,2184,2184,2184,2184,2184
3,211,6,2176,2176,2176,2176,2176
3,211,7,136,136,136,136,136
3,211,8,2184,2184,2184,2184,2184
3,211,9,2176,2176,2176,2176,2176
3,211,10,136,136,136,136,136
3,211,11,2184,2184,2184,2184,2184
3,211,12,2176,2176,2176,2176,2176
3,211,13,136,136,136,136,136
3,211,14,2184,2184,2184,2184,2184
3,211,15,2176,2176,2176,2176,2176
3,211,16,136,136,136,136,136
3,211,17,2184,2184,2184,2184,2184
3,211,18,2176,2176,2176,2176,2176
3,211,19,136,136,136,136,136
3,211,20,2184,2184,2184,2184,2184
3,211,21,2176,2176,2176,2176,2176
3,211,22,136,136,136,136,136
3,211,23,2184,2184,2184,2184,2184
3,211,24,2176,2176,2176,2176,2176
3,211,25,136,136,136,136,136
3,211,26,2184,2184,2184,2184,2184
3,211,27,2176,2176,2176,2176,2176
3,211,28,136,136,136,136,136
3,211,29,2184,2184,2184,2184,2184
3,211,30,2176,2176,2176,2176,2176
3,211,31,136,136,136,136,136
3,211,32,2184,2184,2184,2184,2184
3,211,33,2176,2176,2176,2176,2176
3,211,34,136,136,136,136,136
3,211,35,2184,2184,2184,2184,2184
3,211,36,2176,2176,2176,2176,2176
3,211,37,136,136,136,136,136
3,211,38,2184,2184,2184,2184,2184
3,211,39,2176,2176,2176,2176,2176
3,211,40,136,136,136,136,136
3,211,41,2184,2184,2184,2184,2184
3,211,42,2176,2176,2176,2176,2176
3,211,43,136,136,136,136,136
3,211,44,2184,2184,2184,2184,2184
3,211,45,2176,2176,2176,2176,2176
3,211,46,136,136,136,136,136
3,211,47,2184,2184,2184,2184,2184
3,211,48,2176,2176,2176,2176,2176
3,211,49,136,136,136,136,136
3,211,50,2184,2184,2184,2184,2184
3,211,51,2176,2176,2176,2176,2176
3,211,52,136,136,136,136,136
3,211,53,2184,2184,2184,2184,2184
3,211,54,2176,2176,2176,2176,2176
3,211,55,136,136,136,136,136
3,211,56,2184,2184,2184,2184,2184
3,211,57,2176,2176,2176,2176,2176
3,211,58,136,136,136,136,136
3,211,59,2184,2184,2184,2184,2184
3,211,60,2176,2176,2176,2176,2176
3,211,61,136,136,136,136,136
3,211,62,2184,2184,2184,2184,2184
3,211,63,2176,2176,2176,2176,2176
3,211,64,136,136,136,136,136
3,211,65,2184,2184,2184,2184,2184
3,211,66,2176,2176,2176,2176,2176
3,211,67,136,136,136,136,136
3,211,68,2184,2184,2184,2184,2184
3,211,69,2176,2176,2176,2176,2176
3,211,70,136,136,136,136,136
3,211,71,2184,2184,2184,2184,2184
3,211,72,2176,2176,2176,2176,2176
3,211,73,136,136,136,136,136
3,211,74,2184,2184,2184,2184,2184
3,211,75,2176,2176,2176,2176,2176
3,211,76,136,136,136,136,136
3,211,77,2184,2184,2184,2184,2184
3,211,78,2176,2176,2176,2176,2176
3,211,79,136,136,136,136,136
3,211,80,2184,2184,2184,2184,2184
3,212,0,2176,2176,2176,2176,2176
3,212,1,136,136,136,136,136
3,212,2,2184,2184,2184,2184,2184
3,212,3,2176,2176,2176,2176,2176
3,212,4,136,136,136,136,136
3,212,5,2184,2184,2184,2184,2184
3,212,6,2176,2176,2176,2176,2176
3,212,7,136,136,136,136,136
3,212,8,2184,2184,2184,2184,2184
3,212,9,2176,2176,2176,2176,2176
3,212,10,136,136,136,136,136
3,212,11,2184,2184,2184,2184,2184
3,212,12,2176,2176,2176,2176,2176
3,212,13,136,136,136,136,136
3,212,14,2184,2184,2184,2184,2184
3,212,15,2176,2176,2176,2176,2176
3,212,16,136,136,136,136,136
3,212,17,2184,2184,2184,2184,2184
3,212,18,2176,2176,2176,2176,2176
3,212,19,136,136,136,136,136
3,212,20,2184,2184,2184,2184,2184
3,212,21,2176,2176,2176,2176,2176
3,212,22,136,136,136,136,136
3,212,23,2184,2184,2184,2184,2184
3,212,24,2176,2176,2176,2176,2176
3,212,25,136,136,136,136,136
3,212,26,2184,2184,2184,2184,2184
3,212,27,2176,2176,2176,2176,2176
3,212,28,136,136,136,136,136
3,212,29,2184,2184,2184,2184,2184
3,212,30,2176,2176,2176,2176,2176
3,212,31,136,136,136,136,136
3,212,32,2184,2184,2184,2184,2184
3,212,33,2176,2176,2176,2176,2176
3,212,34,136,136,136,136,136
3,212,35,2184,2184,2184,2184,2184
3,212,36,2176,2176,2176,2176,2176
3,212,37,136,136,136,136,136
3,212,38,2184,2184,2184,2184,2184
3,212,39,2176,2176,2176,2176,2176
3,212,40,136,136,136,136,136
3,212,41,2184,2184,2184,2184,2184
3,212,42,2176,2176,2176,2176,2176
3,212,43,136,136,136,136,136
3,212,44,2184,2184,2184,2184,2184
3,212,45,2176,2176,2176,2176,2176
3,212,46,136,136,136,136,136
3,212,47,2184,2184,2184,2184,2184
3,212,48,2176,2176,2176,2176,2176
3,212,49,136,136,136,136,136
3,212,50,2184,2184,2184,2184,2184
3,212,51,2176,2176,2176,2176,2176
3,212,52,136,136,136,136,136
3,212,53,2184,2184,2184,2184,2184
3,212,54,2176,2176,2176,2176,2176
3,212,55,136,136,136,136,136
3,212,56,2184,2184,2184,2184,2184
3,212,57,2176,2176,2176,2176,2176
3,212,58,136,136,136,136,136
3,212,59,2184,2184,2184,2184,2184
3,212,60,2176,2176,2176,2176,2176
3,212,61,136,136,136,136,136
3,212,62,2184,2184,2184,2184,2184
3,212,63,2176,2176,2176,2176,2176
3,212,64,136,136,136,136,136
3,212,65,2184,2184,2184,2184,2184
3,212,66,2176,2176,2176,2176,2176
3,212,67,136,136,136,136,136
3,212,68,2184,2184,2184,2184,2184
3,212,69,2176,2176,2176,2176,2176
3,212,70,136,136,136,136,136
3,212,71,2184,2184,2184,2184,2184
3,212,72,2176,2176,2176,2176,2176
3,212,73,136,136,136,136,136
3,212,74,2184,2184,2184,2184,2184
3,212,75,2176,2176,2176,2176,2176
3,212,76,136,136,136,136,136
3,212,77,2184,2184,2184,2184,2184
3,212,78,2176,2176,2176,2176,2176
3,212,79,136,136,136,136,136
3,212,80,2184,2184,2184,2184,2184
3,213,0,2176,2176,2176,2176,2176
3,213,1,136,136,136,136,136
3,213,2,2184,2184,2184,2184,2184
3,213,3,2176,2176,2176,2176,2176
3,213,4,136,136,136,136,136
3,213,5,2184,2184,2184,2184,2184
3,213,6,2176,2176,2176,2176,2176
3,213,7,136,136,136,136,136
3,213,8,2184,2184,2184,2184,2184
3,213,9,2176,2176,2176,2176,2176
3,213,10,136,136,136,136,136
3,213,11,2184,2184,2184,2184,2184
3,213,12,2176,2176,2176,2176,2176
3,213,13,136,136,136,136,136
3,213,14,2184,2184,2184,2184,2184
3,213,15,2176,2176,2176,2176,2176
3,213,16,136,136,136,136,136
3,213,17,2184,2184,2184,2184,2184
3,213,18,2176,2176,2176,2176,2176
3,213,19,136,136,136,136,136
3,213,20,2184,2184,2184,2184,2184
3,213,21,2176,2176,2176,2176,2176
3,213,22,136,136,136,136,136
3,213,23,2184,2184,2184,2184,2184
3,213,24,2176,2176,2176,2176,2176
3,213,25,136,136,136,136,136
3,213,26,2184,2184,2184,2184,2184
3,213,27,2176,2176,2176,2176,2176
3,213,28,136,136,136,136,136
3,213,29,2184,2184,2184,2184,2184
3,213,30,2176,2176,2176,2176,2176
3,213,31,136,136,136,136,136
3,213,32,2184,2184,2184,2184,2184
3,213,33,2176,2176,2176,2176,2176
3,213,34,136,136,136,136,136
3,213,35,2184,2184,2184,2184,2184
3,213,36,2176,2176,2176,2176,2176
3,213,37,136,136,136,136,136
3,213,38,2184,2184,2184,2184,2184
3,213,39,2176,2176,2176,2176,2176
3,213,40,136,136,136,136,136
3,213,41,2184,2184,2184,2184,2184
3,213,42,2176,2176,2176,2176,2176
3,213,43,136,136,136,136,136
3,213,44,2184,2184,2184,2184,2184
3,213,45,2176,2176,2176,2176,2176
3,213,46,136,136,136,136,136
3,213,47,2184,2184,2184,2184,2184
3,213,48,2176,2176,2176,2176,2176
3,213,49,136,136,136,136,136
3,213,50,2184,2184,2184,2184,2184
3,213,51,2176,2176,2176,2176,2176
3,213,52,136,136,136,136,136
3,213,53,2184,2184,2184,2184,2184
3,213,54,2176,2176,2176,2176,2176
3,213,55,136,136,136,136,136
3,213,56,2184,2184,2184,2184,2184
3,213,57,2176,2176,2176,2176,2176
3,213,58,136,136,136,136,136
3,213,59,2184,2184,2184,2184,2184
3,213,60,2176,2176,2176,2176,2176
3,213,61,136,136,136,136,136
3,213,62,2184,2184,2184,2184,2184
3,213,63,2176,2176,2176,2176,2176
3,213,64,136,136,136,136,136
3,213,65,2184,2184,2184,2184,2184
3,213,66,2176,2176,2176,2176,2176
3,213,67,136,136,136,136,136
3,213,68,2184,2184,2184,2184,2184
3,213,69,2176,2176,2176,2176,2176
3,213,70,136,136,136,136,136
3,213,71,2184,2184,2184,2184,2184
3,213,72,2176,2176,2176,2176,2176
3,213,73,136,136,136,136,136
3,213,74,2184,2184,2184,2184,2184
3,213,75,2176,2176,2176,2176,2176
3,213,76,136,136,136,136,136
3,213,77,2184,2184,2184,2184,2184
3,213,78,2176,2176,2176,2176,2176
3,213,79,136,136,136,136,136
3,213,80,2184,2184,2184,2184,2184
3,214,0,2176,2176,2176,2176,2176
3,214,1,136,136,136,136,136
3,214,2,2184,2184,2184,2184,2184
3,214,3,2176,2176,2176,2176,2176
3,214,4,136,136,136,136,136
3,214,5,2184,2184,2184,2184,2184
3,214,6,2176,2176,2176,2176,2176
3,214,7,136,136,136,136,136
3,214,8,2184,2184,2184,2184,2184
3,214,9,2176,2176,2176,2176,2176
3,214,10,136,136,136,136,136
3,214,11,2184,2184,2184,2184,2184
3,214,12,2176,2176,2176,2176,2176
3,214,13,136,136,136,136,136
3,214,14,2184,2184,2184,2184,2184
3,214,15,2176,2176,2176,2176,2176
3,214,16,136,136,136,136,136
3,214,17,2184,2184,2184,2184,2184
3,214,18,2176,2176,2176,2176,2176
3,214,19,136,136,136,136,136
3,214,20,2184,2184,2184,2184,2184
3,214,21,2176,2176,2176,2176,2176
3,214,22,136,136,136,136,136
3,214,23,2184,2184,2184,2184,2184
3,214,24,2176,2176,2176,2176,2176
3,214,25,136,136,136,136,136
3,214,26,2184,2184,2184,2184,2184
3,214,27,2176,2176,2176,2176,2176
3,214,28,136,136,136,136,136
3,214,29,2184,2184,2184,2184,2184
3,214,30,2176,2176,2176,2176,2176
3,214,31,136,136,136,136,136
3,214,32,2184,2184,2184,2184,2184
3,214,33,2176,2176,2176,2176,2176
3,214,34,136,136,136,136,136
3,214,35,2184,2184,2184,2184,2184
3,214,36,2176,2176,2176,2176,2176
3,214,37,136,136,136,136,136
3,214,38,2184,2184,2184,2184,2184
3,214,39,2176,2176,2176,2176,2176
3,214,40,136,136,136,136,136
3,214,41,2184,2184,2184,2184,2184
3,214,42,2176,2176,2176,2176,2176
3,214,43,136,136,136,136,136
3,214,44,2184,2184,2184,2184,2184
3,214,45,2176,2176,2176,2176,2176
3,214,46,136,136,136,136,136
3,214,47,2184,2184,2184,2184,2184
3,214,48,2176,2176,2176,2176,2176
3,214,49,136,136,136,136,136
3,214,50,2184,2184,2184,2184,2184
3,214,51,2176,2176,2176,2176,2176
3,214,52,136,136,136,136,136
3,214,53,2184,2184,2184,2184,2184
3,214,54,2176,2176,2176,2176,2176
3,214,55,136,136,136,136,136
3,214,56,2184,2184,2184,2184,2184
3,214,57,2176,2176,2176,2176,2176
3,214,58,136,136,136,136,136
3,214,59,2184,2184,2184,2184,2184
3,214,60,2176,2176,2176,2176,2176
3,214,61,136,136,136,136,136
3,214,62,2184,2184,2184,2184,2184
3,214,63,2176,2176,2176,2176,2176
3,214,64,136,136,136,136,136
3,214,65,2184,2184,2184,2184,2184
3,214,66,2176,2176,2176,2176,2176
3,214,67,136,136,136,136,136
3,214,68,2184,2184,2184,2184,2184
3,214,69,2176,2176,2176,2176,2176
3,214,70,136,136,136,136,136
3,214,71,2184,2184,2184,2184,2184
3,214,72,2176,2176,2176,2176,2176
3,214,73,136,136,136,136,136
3,214,74,2184,2184,2184,2184,2184
3,214,75,2176,2176,2176,2176,2176
3,214,76,136,136,136,136,136
3,214,77,2184,2184,2184,2184,2184
3,214,78,2176,2176,2176,2176,2176
3,214,79,136,136,136,136,136
3,214,80,2184,2184,2184,2184,2184
3,215,0,2176,2176,2176,2176,2176
3,215,1,136,136,136,136,136
3,215,2,2184,2184,2184,2184,2184
3,215,3,2176,2176,2176,2176,2176
3,215,4,136,136,136,136,136
3,215,5,2184,2184,2184,2184,2184
3,215,6,2176,2176,2176,2176,2176
3,215,7,136,136,136,136,136
3,215,8,2184,2184,2184,2184,2184
3,215,9,2176,2176,2176,2176,2176
3,215,10,136,136,136,136,136
3,215,11,2184,2184,2184,2184,2184
3,215,12,2176,2176,2176,2176,2176
3,215,13,136,136,136,136,136
3,215,14,2184,2184,2184,2184,2184
3,215,15,2176,2176,2176,2176,2176
3,215,16,136,136,136,136,136
3,215,17,2184,2184,2184,2184,2184
3,215,18,2176,2176,2176,2176,2176
3,215,19,136,136,136,136,136
3,215,20,2184,2184,2184,2184,2184
3,215,21,2176,2176,2176,2176,2176
3,215,22,136,136,136,136,136
3,215,23,2184,2184,2184,2184,2184
3,215,24,2176,2176,2176,2176,2176
3,215,25,136,136,136,136,136
3,215,26,2184,2184,2184,2184,2184
3,215,27,2176,2176,2176,2176,2176
3,215,28,136,136,136,136,136
3,215,29,2184,2184,2184,2184,2184
3,215,30,2176,2176,2176,2176,2176
3,215,31,136,136,136,136,136
3,215,32,2184,2184,2184,2184,2184
3,215,33,2176,2176,2176,2176,2176
3,215,34,136,136,136,136,136
3,215,35,2184,2184,2184,2184,2184
3,215,36,2176,2176,2176,2176,2176
3,215,37,136,136,136,136,136
3,215,38,2184,2184,2184,2184,2184
3,215,39,2176,2176,2176,2176,2176
3,215,40,136,136,136,136,136
3,215,41,2184,2184,2184,2184,2184
3,215,42,2176,2176,2176,2176,2176
3,215,43,136,136,136,136,136
3,215,44,2184,2184,2184,2184,2184
3,215,45,2176,2176,2176,2176,2176
3,215,46,136,136,136,136,136
3,215,47,2184,2184,2184,2184,2184
3,215,48,2176,2176,2176,2176,2176
3,215,49,136,136,136,136,136
3,215,50,2184,2184,2184,2184,2184
3,215,51,2176,2176,2176,2176,2176
3,215,52,136,136,136,136,136
3,215,53,2184,2184,2184,2184,2184
3,215,54,2176,2176,2176,2176,2176
3,215,55,136,136,136,136,136
3,215,56,2184,2184,2184,2184,2184
3,215,57,2176,2176,2176,2176,2176
3,215,58,136,136,136,136,136
3,215,59,2184,2184,2184,2184,2184
3,215,60,2176,2176,2176,2176,2176
3,215,61,136,136,136,136,136
3,215,62,2184,2184,2184,2184,2184
3,215,63,2176,2176,2176,2176,2176
3,215,64,136,136,136,136,136
3,215,65,2184,2184,2184,2184,2184
3,215,66,2176,2176,2176,2176,2176
3,215,67,136,136,136,136,136
3,215,68,2184,2184,2184,2184,2184
3,215,69,2176,2176,2176,2176,2176
3,215,70,136,136,136,136,136
3,215,71,2184,2184,2184,2184,2184
3,215,72,2176,2176,2176,2176,2176
3,215,73,136,136,136,136,136
3,215,74,2184,2184,2184,2184,2184
3,215,75,2176,2176,2176,2176,2176
3,215,76,136,136,136,136,136
3,215,77,2184,2184,2184,2184,2184
3,215,78,2176,2176,2176,2176,2176
3,215,79,136,136,136,136,136
3,215,80,2184,2184,2184,2184,2184
3,216,0,2176,2176,2176,2176,2176
3,216,1,136,136,136,136,136
3,216,2,2184,2184,2184,2184,2184
3,216,3,2176,2176,2176,2176,2176
3,216,4,136,136,136,136,136
3,216,5,2184,2184,2184,2184,2184
3,216,6,2176,2176,2176,2176,2176
3,216,7,136,136,136,136,136
3,216,8,2184,2184,2184,2184,2184
3,216,9,2176,2176,2176,2176,2176
3,216,10,136,136,136,136,136
3,216,11,2184,2184,2184,2184,2184
3,216,12,2176,2176,2176,2176,2176
3,216,13,136,136,136,136,136
3,216,14,2184,2184,2184,2184,2184
3,216,15,2176,2176,2176,2176,2176
3,216,16,136,136,136,136,136
3,216,17,2184,2184,2184,2184,2184
3,216,18,2176,2176,2176,2176,2176
3,216,19,136,136,136,136,136
3,216,20,2184,2184,2184,2184,2184
3,216,21,2176,2176,2176,2176,2176
3,216,22,136,136,136,136,136
3,216,23,2184,2184,2184,2184,2184
3,216,24,2176,2176,2176,2176,2176
3,216,25,136,136,136,136,136
3,216,26,2184,2184,2184,2184,2184
3,216,27,2176,2176,2176,2176,2176
3,216,28,136,136,136,136,136
3,216,29,2184,2184,2184,2184,2184
3,216,30,2176,2176,2176,2176,2176
3,216,31,136,136,136,136,136
3,216,32,2184,2184,2184,2184,2184
3,216,33,2176,2176,2176,2176,2176
3,216,34,136,136,136,136,136
3,216,35,2184,2184,2184,2184,2184
3,216,36,2176,2176,2176,2176,2176
3,216,37,136,136,136,136,136
3,216,38,2184,2184,2184,2184,2184
3,216,39,2176,2176,2176,2176,2176
3,216,40,136,136,136,136,136
3,216,41,2184,2184,2184,2184,2184
3,216,42,2176,2176,2176,2176,2176
3,216,43,136,136,136,136,136
3,216,44,2184,2184,2184,2184,2184
3,216,45,2176,2176,2176,2176,2176
3,216,46,136,136,136,136,136
3,216,47,2184,2184,2184,2184,2184
3,216,48,2176,2176,2176,2176,2176
3,216,49,136,136,136,136,136
3,216,50,2184,2184,2184,2184,2184
3,216,51,2176,2176,2176,2176,2176
3,216,52,136,136,136,136,136
3,216,53,2184,2184,2184,2184,2184
3,216,54,2176,2176,2176,2176,2176
3,216,55,136,136,136,136,136
3,216,56,2184,2184,2184,2184,2184
3,216,57,2176,2176,2176,2176,2176
3,216,58,136,136,136,136,136
3,216,59,2184,2184,2184,2184,2184
3,216,60,2176,2176,2176,2176,2176
3,216,61,136,136,136,136,136
3,216,62,2184,2184,2184,2184,2184
3,216,63,2176,2176,2176,2176,2176
3,216,64,136,136,136,136,136
3,216,65,2184,2184,2184,2184,2184
3,216,66,2176,2176,2176,2176,2176
3,216,67,136,136,136,136,136
3,216,68,2184,2184,2184,2184,2184
3,216,69,2176,2176,2176,2176,2176
3,216,70,136,136,136,136,136
3,216,71,2184,2184,2184,2184,2184
3,216,72,2176,2176,2176,2176,2176
3,216,73,136,136,136,136,136
3,216,74,2184,2184,2184,2184,2184
3,216,75,2176,2176,2176,2176,2176
3,216,76,136,136,136,136,136
3,216,77,2184,2184,2184,2184,2184
3,216,78,2176,2176,2176,2176,2176
3,216,79,136,136,136,136,136
3,216,80,2184,2184,2184,2184,2184
3,217,0,2176,2176,2176,2176,2176
3,217,1,136,136,136,136,136
3,217,2,2184,2184,2184,2184,2184
3,217,3,2176,2176,2176,2176,2176
3,217,4,136,136,136,136,136
3,217,5,2184,2184,2184,2184,2184
3,217,6,2176,2176,2176,2176,2176
3,217,7,136,136,136,136,136
3,217,8,2184,2184,2184,2184,2184
3,217,9,2176,2176,2176,2176,2176
3,217,10,136,136,136,136,136
3,217,11,2184,2184,2184,2184,2184
3,217,12,2176,2176,2176,2176,2176
3,217,13,136,136,136,136,136
3,217,14,2184,2184,2184,2184,2184
3,217,15,2176,2176,2176,2176,2176
3,217,16,136,136,136,136,136
3,217,17,2184,2184,2184,2184,2184
3,217,18,2176,2176,2176,2176,2176
3,217,19,136,136,136,136,136
3,217,20,2184,2184,2184,2184,2184
3,217,21,2176,2176,2176,2176,2176
3,217,22,136,136,136,136,136
3,217,23,2184,2184,2184,2184,2184
3,217,24,2176,2176,2176,2176,2176
3,217,25,136,136,136,136,136
3,217,26,2184,2184,2184,2184,2184
3,217,27,2176,2176,2176,2176,2176
3,217,28,136,136,136,136,136
3,217,29,2184,2184,2184,2184,2184
3,217,30,2176,2176,2176,2176,2176
3,217,31,136,136,136,136,136
3,217,32,2184,2184,2184,2184,2184
3,217,33,2176,2176,2176,2176,2176
3,217,34,136,136,136,136,136
3,217,35,2184,2184,2184,2184,2184
3,217,36,2176,2176,2176,2176,2176
3,217,37,136,136,136,136,136
3,217,38,2184,2184,2184,2184,2184
3,217,39,2176,2176,2176,2176,2176
3,217,40,136,136,136,136,136
3,217,41,2184,2184,2184,2184,2184
3,217,42,2176,2176,2176,2176,2176
3,217,43,136,136,136,136,136
3,217,44,2184,2184,2184,2184,2184
3,217,45,2176,2176,2176,2176,2176
3,217,46,136,136,136,136,136
3,217,47,2184,2184,2184,2184,2184
3,217,48,2176,2176,2176,2176,2176
3,217,49,136,136,136,136,136
3,217,50,2184,2184,2184,2184,2184
3,217,51,2176,2176,2176,2176,2176
3,217,52,136,136,136,136,136
3,217,53,2184,2184,2184,2184,2184
3,217,54,2176,2176,2176,2176,2176
3,217,55,136,136,136,136,136
3,217,56,2184,2184,2184,2184,2184
3,217,57,2176,2176,2176,2176,2176
3,217,58,136,136,136,136,136
3,217,59,2184,2184,2184,2184,2184
3,217,60,2176,2176,2176,2176,2176
3,217,61,136,136,136,136,136
3,217,62,2184,2184,2184,2184,2184
3,217,63,2176,2176,2176,2176,2176
3,217,64,136,136,136,136,136
3,217,65,2184,2184,2184,2184,2184
3,217,66,2176,2176,2176,2176,2176
3,217,67,136,136,136,136,136
3,217,68,2184,2184,2184,2184,2184
3,217,69,2176,2176,2176,2176,2176
3,217,70,136,136,136,136,136
3,217,71,2184,2184,2184,2184,2184
3,217,72,2176,2176,2176,2176,2176
3,217,73,136,136,136,136,136
3,217,74,2184,2184,2184,2184,2184
3,217,75,2176,2176,2176,2176,2176
3,217,76,136,136,136,136,136
3,217,77,2184,2184,2184,2184,2184
3,217,78,2176,2176,2176,2176,2176
3,217,79,136,136,136,136,136
3,217,80,2184,2184,2184,2184,2184
3,218,0,2176,2176,2176,2176,2176
3,218,1,136,136,136,136,136
3,218,2,2184,2184,2184,2184,2184
3,218,3,2176,2176,2176,2176,2176
3,218,4,136,136,136,136,136
3,218,5,2184,2184,2184,2184,2184
3,218,6,2176,2176,2176,2176,2176
3,218,7,136,136,136,136,136
3,218,8,2184,2184,2184,2184,2184
3,218,9,2176,2176,2176,2176,2176
3,218,10,136,136,136,136,136
3,218,11,2184,2184,2184,2184,2184
3,218,12,2176,2176,2176,2176,2176
3,218,13,136,136,136,136,136
3,218,14,2184,2184,2184,2184,2184
3,218,15,2176,2176,2176,2176,2176
3,218,16,136,136,136,136,136
3,218,17,2184,2184,2184,2184,2184
3,218,18,2176,2176,2176,2176,2176
3,218,19,136,136,136,136,136
3,218,20,2184,2184,2184,2184,2184
3,218,21,2176,2176,2176,2176,2176
3,218,22,136,136,136,136,136
3,218,23,2184,2184,2184,2184,2184
3,218,24,2176,2176,2176,2176,2176
3,218,25,136,136,136,136,136
3,218,26,2184,2184,2184,2184,2184
3,218,27,2176,2176,2176,2176,2176
3,218,28,136,136,136,136,136
3,218,29,2184,2184,2184,2184,2184
3,218,30,2176,2176,2176,2176,2176
3,218,31,136,136,136,136,136
3,218,32,2184,2184,2184,2184,2184
3,218,33,2176,2176,2176,2176,2176
3,218,34,136,136,136,136,136
3,218,35,2184,2184,2184,2184,2184
3,218,36,2176,2176,2176,2176,2176
3,218,37,136,136,136,136,136
3,218,38,2184,2184,2184,2184,2184
3,218,39,2176,2176,2176,2176,2176
3,218,40,136,136,136,136,136
3,218,41,2184,2184,2184,2184,2184
3,218,42,2176,2176,2176,2176,2176
3,218,43,136,136,136,136,136
3,218,44,2184,2184,2184,2184,2184
3,218,45,2176,2176,2176,2176,2176
3,218,46,136,136,136,136,136
3,218,47,2184,2184,2184,2184,2184
3,218,48,2176,2176,2176,2176,2176
3,218,49,136,136,136,136,136
3,218,50,2184,2184,2184,2184,2184
3,218,51,2176,2176,2176,2176,2176
3,218,52,136,136,136,136,136
3,218,53,2184,2184,2184,2184,2184
3,218,54,2176,2176,2176,2176,2176
3,218,55,136,136,136,136,136
3,218,56,2184,2184,2184,2184,2184
3,218,57,2176,2176,2176,2176,2176
3,218,58,136,136,136,136,136
3,218,59,2184,2184,2184,2184,2184
3,218,60,2176,2176,2176,2176,2176
3,218,61,136,136,136,136,136
3,218,62,2184,2184,2184,2184,2184
3,218,63,2176,2176,2176,2176,2176
3,218,64,136,136,136,136,136
3,218,65,2184,2184,2184,2184,2184
3,218,66,2176,2176,2176,2176,2176
3,218,67,136,136,136,136,136
3,218,68,2184,2184,2184,2184,2184
3,218,69,2176,2176,2176,2176,2176
3,218,70,136,136,136,136,136
3,218,71,2184,2184,2184,2184,2184
3,218,72,2176,2176,2176,2176,2176
3,218,73,136,136,136,136,136
3,218,74,2184,2184,2184,2184,2184
3,218,75,2176,2176,2176,2176,2176
3,218,76,136,136,136,136,136
3,218,77,2184,2184,2184,2184,2184
3,218,78,2176,2176,2176,2176,2176
3,218,79,136,136,136,136,136
3,218,80,2184,2184,2184,2184,2184
3,219,0,2176,2176,2176,2176,2176
3,219,1,136,136,136,136,136
3,219,2,2184,2184,2184,2184,2184
3,219,3,2176,2176,2176,2176,2176
3,219,4,136,136,136,136,136
3,219,5,2184,2184,2184,2184,2184
3,219,6,2176,2176,2176,2176,2176
3,219,7,136,136,136,136,136
3,219,8,2184,2184,2184,2184,2184
3,219,9,2176,2176,2176,2176,2176
3,219,10,136,136,136,136,136
3,219,11,2184,2184,2184,2184,2184
3,219,12,2176,2176,2176,2176,2176
3,219,13,136,136,136,136,136
3,219,14,2184,2184,2184,2184,2184
3,219,15,2176,2176,2176,2176,2176
3,219,16,136,136,136,136,136
3,219,17,2184,2184,2184,2184,2184
3,219,18,2176,2176,2176,2176,2176
3,219,19,136,136,136,136,136
3,219,20,2184,2184,2184,2184,2184
3,219,21,2176,2176,2176,2176,2176
3,219,22,136,136,136,136,136
3,219,23,2184,2184,2184,2184,2184
3,219,24,2176,2176,2176,2176,2176
3,219,25,136,136,136,136,136
3,219,26,2184,2184,2184,2184,2184
3,219,27,2176,2176,2176,2176,2176
3,219,28,136,136,136,136,136
3,219,29,2184,2184,2184,2184,2184
3,219,30,2176,2176,2176,2176,2176
3,219,31,136,136,136,136,136
3,219,32,2184,2184,2184,2184,2184
3,219,33,2176,2176,2176,2176,2176
3,219,34,136,136,136,136,136
3,219,35,2184,2184,2184,2184,2184
3,219,36,2176,2176,2176,2176,2176
3,219,37,136,136,136,136,136
3,219,38,2184,2184,2184,2184,2184
3,219,39,2176,2176,2176,2176,2176
3,219,40,136,136,136,136,136
3,219,41,2184,2184,2184,2184,2184
3,219,42,2176,2176,2176,2176,2176
3,219,43,136,136,136,136,136
3,219,44,2184,2184,2184,2184,2184
3,219,45,2176,2176,2176,2176,2176
3,219,46,136,136,136,136,136
3,219,47,2184,2184,2184,2184,2184
3,219,48,2176,2176,2176,2176,2176
3,219,49,136,136,136,136,136
3,219,50,2184,2184,2184,2184,2184
3,219,51,2176,2176,2176,2176,2176
3,219,52,136,136,136,136,136
3,219,53,2184,2184,2184,2184,2184
3,219,54,2176,2176,2176,2176,2176
3,219,55,136,136,136,136,136
3,219,56,2184,2184,2184,2184,2184
3,219,57,2176,2176,2176,2176,2176
3,219,58,136,136,136,136,136
3,219,59,2184,2184,2184,2184,2184
3,219,60,2176,2176,2176,2176,2176
3,219,61,136,136,136,136,136
3,219,62,2184,2184,2184,2184,2184
3,219,63,2176,2176,2176,2176,2176
3,219,64,136,136,136,136,136
3,219,65,2184,2184,2184,2184,2184
3,219,66,2176,2176,2176,2176,2176
3,219,67,136,136,136,136,136
3,219,68,2184,2184,2184,2184,2184
3,219,69,2176,2176,2176,2176,2176
3,219,70,136,136,136,136,136
3,219,71,2184,2184,2184,2184,2184
3,219,72,2176,2176,2176,2176,2176
3,219,73,136,136,136,136,136
3,219,74,2184,2184,2184,2184,2184
3,219,75,2176,2176,2176,2176,2176
3,219,76,136,136,136,136,136
3,219,77,2184,2184,2184,2184,2184
3,219,78,2176,2176,2176,2176,2176
3,219,79,136,136,136,136,136
3,219,80,2184,2184,2184,2184,2184
3,220,0,2176,2176,2176,2176,2176
3,220,1,136,136,136,136,136
3,220,2,2184,2184,2184,2184,2184
3,220,3,2176,2176,2176,2176,2176
3,220,4,136,136,136,136,136
3,220,5,2184,2184,2184,2184,2184
3,220,6,2176,2176,2176,2176,2176
3,220,7,136,136,136,136,136
3,220,8,2184,2184,2184,2184,2184
3,220,9,2176,2176,2176,2176,2176
3,220,10,136,136,136,136,136
3,220,11,2184,2184,2184,2184,2184
3,220,12,2176,2176,2176,2176,2176
3,220,13,136,136,136,136,136
3,220,14,2184,2184,2184,2184,2184
3,220,15,2176,2176,2176,2176,2176
3,220,16,136,136,136,136,136
3,220,17,2184,2184,2184,2184,2184
3,220,18,2176,2176,2176,2176,2176
3,220,19,136,136,136,136,136
3,220,20,2184,2184,2184,2184,2184
3,220,21,2176,2176,2176,2176,2176
3,220,22,136,136,136,136,136
3,220,23,2184,2184,2184,2184,2184
3,220,24,2176,2176,2176,2176,2176
3,220,25,136,136,136,136,136
3,220,26,2184,2184,2184,2184,2184
3,220,27,2176,2176,2176,2176,2176
3,220,28,136,136,136,136,136
3,220,29,2184,2184,2184,2184,2184
3,220,30,2176,2176,2176,2176,2176
3,220,31,136,136,136,136,136
3,220,32,2184,2184,2184,2184,2184
3,220,33,2176,2176,2176,2176,2176
3,220,34,136,136,136,136,136
3,220,35,2184,2184,2184,2184,2184
3,220,36,2176,2176,2176,2176,2176
3,220,37,136,136,136,136,136
3,220,38,2184,2184,2184,2184,2184
3,220,39,2176,2176,2176,2176,2176
3,220,40,136,136,136,136,136
3,220,41,2184,2184,2184,2184,2184
3,220,42,2176,2176,2176,2176,2176
3,220,43,136,136,136,136,136
3,220,44,2184,2184,2184,2184,2184
3,220,45,2176,2176,2176,2176,2176
3,220,46,136,136,136,136,136
3,220,47,2184,2184,2184,2184,2184
3,220,48,2176,2176,2176,2176,2176
3,220,49,136,136,136,136,136
3,220,50,2184,2184,2184,2184,2184
3,220,51,2176,2176,2176,2176,2176
3,220,52,136,136,136,136,136
3,220,53,2184,2184,2184,2184,2184
3,220,54,2176,2176,2176,2176,2176
3,220,55,136,136,136,136,136
3,220,56,2184,2184,2184,2184,2184
3,220,57,2176,2176,2176,2176,2176
3,220,58,136,136,136,136,136
3,220,59,2184,2184,2184,2184,2184
3,220,60,2176,2176,2176,2176,2176
3,220,61,136,136,136,136,136
3,220,62,2184,2184,2184,2184,2184
3,220,63,2176,2176,2176,2176,2176
3,220,64,136,136,136,136,136
3,220,65,2184,2184,2184,2184,2184
3,220,66,2176,2176,2176,2176,2176
3,220,67,136,136,136,136,136
3,220,68,2184,2184,2184,2184,2184
3,220,69,2176,2176,2176,2176,2176
3,220,70,136,136,136,136,136
3,220,71,2184,2184,2184,2184,2184
3,220,72,2176,2176,2176,2176,2176
3,220,73,136,136,136,136,136
3,220,74,2184,2184,2184,2184,2184
3,220,75,2176,2176,2176,2176,2176
3,220,76,136,136,136,136,136
3,220,77,2184,2184,2184,2184,2184
3,220,78,2176,2176,2176,2176,2176
3,220,79,136,136,136,136,136
3,220,80,2184,2184,2184,2184,2184
3,221,0,2176,2176,2176,2176,2176
3,221,1,136,136,136,136,136
3,221,2,2184,2184,2184,2184,2184
3,221,3,2176,2176,2176,2176,2176
3,221,4,136,136,136,136,136
3,221,5,2184,2184,2184,2184,2184
3,221,6,2176,2176,2176,2176,2176
3,221,7,136,136,136,136,136
3,221,8,2184,2184,2184,2184,2184
3,221,9,2176,2176,2176,2176,2176
3,221,10,136,136,136,136,136
3,221,11,2184,2184,2184,2184,2184
3,221,12,2176,2176,2176,2176,2176
3,221,13,136,136,136,136,136
3,221,14,2184,2184,2184,2184,2184
3,221,15,2176,2176,2176,2176,2176
3,221,16,136,136,136,136,136
3,221,17,2184,2184,2184,2184,2184
3,221,18,2176,2176,2176,2176,2176
3,221,19,136,136,136,136,136
3,221,20,2184,2184,2184,2184,2184
3,221,21,2176,2176,2176,2176,2176
3,221,22,136,136,136,136,136
3,221,23,2184,2184,2184,2184,2184
3,221,24,2176,2176,2176,2176,2176
3,221,25,136,136,136,136,136
3,221,26,2184,2184,2184,2184,2184
3,221,27,2176,2176,2176,2176,2176
3,221,28,136,136,136,136,136
3,221,29,2184,2184,2184,2184,2184
3,221,30,2176,2176,2176,2176,2176
3,221,31,136,136,136,136,136
3,221,32,2184,2184,2184,2184,2184
3,221,33,2176,2176,2176,2176,2176
3,221,34,136,136,136,136,136
3,221,35,2184,2184,2184,2184,2184
3,221,36,2176,2176,2176,2176,2176
3,221,37,136,136,136,136,136
3,221,38,2184,2184,2184,2184,2184
3,221,39,2176,2176,2176,2176,2176
3,221,40,136,136,136,136,136
3,221,41,2184,2184,2184,2184,2184
3,221,42,2176,2176,2176,2176,2176
3,221,43,136,136,136,136,136
3,221,44,2184,2184,2184,2184,2184
3,221,45,2176,2176,2176,2176,2176
3,221,46,136,136,136,136,136
3,221,47,2184,2184,2184,2184,2184
3,221,48,2176,2176,2176,2176,2176
3,221,49,136,136,136,136,136
3,221,50,2184,2184,2184,2184,2184
3,221,51,2176,2176,2176,2176,2176
3,221,52,136,136,136,136,136
3,221,53,2184,2184,2184,2184,2184
3,221,54,2176,2176,2176,2176,2176
3,221,55,136,136,136,136,136
3,221,56,2184,2184,2184,2184,2184
3,221,57,2176,2176,2176,2176,2176
3,221,58,136,136,136,136,136
3,221,59,2184,2184,2184,2184,2184
3,221,60,2176,2176,2176,2176,2176
3,221,61,136,136,136,136,136
3,221,62,2184,2184,2184,2184,2184
3,221,63,2176,2176,2176,2176,2176
3,221,64,136,136,136,136,136
3,221,65,2184,2184,2184,2184,2184
3,221,66,2176,2176,2176,2176,2176
3,221,67,136,136,136,136,136
3,221,68,2184,2184,2184,2184,2184
3,221,69,2176,2176,2176,2176,2176
3,221,70,136,136,136,136,136
3,221,71,2184,2184,2184,2184,2184
3,221,72,2176,2176,2176,2176,2176
3,221,73,136,136,136,136,136
3,221,74,2184,2184,2184,2184,2184
3,221,75,2176,2176,2176,2176,2176
3,221,76,136,136,136,136,136
3,221,77,2184,2184,2184,2184,2184
3,221,78,2176,2176,2176,2176,2176
3,221,79,136,136,136,136,136
3,221,80,2184,2184,2184,2184,2184
3,222,0,2176,2176,2176,2176,2176
3,222,1,136,136,136,136,136
3,222,2,2184,2184,2184,2184,2184
3,222,3,2176,2176,2176,2176,2176
3,222,4,136,136,136,136,136
3,222,5,2184,2184,2184,2184,2184
3,222,6,2176,2176,2176,2176,2176
3,222,7,136,136,136,136,136
3,222,8,2184,2184,2184,2184,2184
3,222,9,2176,2176,2176,2176,2176
3,222,10,136,136,136,136,136
3,222,11,2184,2184,2184,2184,2184
3,222,12,2176,2176,2176,2176,2176
3,222,13,136,136,136,136,136
3,222,14,2184,2184,2184,2184,2184
3,222,15,2176,2176,2176,2176,2176
3,222,16,136,136,136,136,136
3,222,17,2184,2184,2184,2184,2184
3,222,18,2176,2176,2176,2176,2176
3,222,19,136,136,136,136,136
3,222,20,2184,2184,2184,2184,2184
3,222,21,2176,2176,2176,2176,2176
3,222,22,136,136,136,136,136
3,222,23,2184,2184,2184,2184,2184
3,222,24,2176,2176,2176,2176,2176
3,222,25,136,136,136,136,136
3,222,26,2184,2184,2184,2184,2184
3,222,27,2176,2176,2176,2176,2176
3,222,28,136,136,136,136,136
3,222,29,2184,2184,2184,2184,2184
3,222,30,2176,2176,2176,2176,2176
3,222,31,136,136,136,136,136
3,222,32,2184,2184,2184,2184,2184
3,222,33,2176,2176,2176,2176,2176
3,222,34,136,136,136,136,136
3,222,35,2184,2184,2184,2184,2184
3,222,36,2176,2176,2176,2176,2176
3,222,37,136,136,136,136,136
3,222,38,2184,2184,2184,2184,2184
3,222,39,2176,2176,2176,2176,2176
3,222,40,136,136,136,136,136
3,222,41,2184,2184,2184,2184,2184
3,222,42,2176,2176,2176,2176,2176
3,222,43,136,136,136,136,136
3,222,44,2184,2184,2184,2184,2184
3,222,45,2176,2176,2176,2176,2176
3,222,46,136,136,136,136,136
3,222,47,2184,2184,2184,2184,2184
3,222,48,2176,2176,2176,2176,2176
3,222,49,136,136,136,136,136
3,222,50,2184,2184,2184,2184,2184
3,222,51,2176,2176,2176,2176,2176
3,222,52,136,136,136,136,136
3,222,53,2184,2184,2184,2184,2184
3,222,54,2176,2176,2176,2176,2176
3,222,55,136,136,136,136,136
3,222,56,2184,2184,2184,2184,2184
3,222,57,2176,2176,2176,2176,2176
3,222,58,136,136,136,136,136
3,222,59,2184,2184,2184,2184,2184
3,222,60,2176,2176,2176,2176,2176
3,222,61,136,136,136,136,136
3,222,62,2184,2184,2184,2184,2184
3,222,63,2176,2176,2176,2176,2176
3,222,64,136,136,136,136,136
3,222,65,2184,2184,2184,2184,2184
3,222,66,2176,2176,2176,2176,2176
3,222,67,136,136,136,136,136
3,222,68,2184,2184,2184,2184,2184
3,222,69,2176,2176,2176,2176,2176
3,222,70,136,136,136,136,136
3,222,71,2184,2184,2184,2184,2184
3,222,72,2176,2176,2176,2176,2176
3,222,73,136,136,136,136,136
3,222,74,2184,2184,2184,2184,2184
3,222,75,2176,2176,2176,2176,2176
3,222,76,136,136,136,136,136
3,222,77,2184,2184,2184,2184,2184
3,222,78,2176,2176,2176,2176,2176
3,222,79,136,136,136,136,136
3,222,80,2184,2184,2184,2184,2184
3,223,0,2176,2176,2176,2176,2176
3,223,1,136,136,136,136,136
3,223,2,2184,2184,2184,2184,2184
3,223,3,2176,2176,2176,2176,2176
3,223,4,136,136,136,136,136
3,223,5,2184,2184,2184,2184,2184
3,223,6,2176,2176,2176,2176,2176
3,223,7,136,136,136,136,136
3,223,8,2184,2184,2184,2184,2184
3,223,9,2176,2176,2176,2176,2176
3,223,10,136,136,136,136,136
3,223,11,2184,2184,2184,2184,2184
3,223,12,2176,2176,2176,2176,2176
3,223,13,136,136,136,136,136
3,223,14,2184,2184,2184,2184,2184
3,223,15,2176,2176,2176,2176,2176
3,223,16,136,136,136,136,136
3,223,17,2184,2184,2184,2184,2184
3,223,18,2176,2176,2176,2176,2176
3,223,19,136,136,136,136,136
3,223,20,2184,2184,2184,2184,2184
3,223,21,2176,2176,2176,2176,2176
3,223,22,136,136,136,136,136
3,223,23,2184,2184,2184,2184,2184
3,223,24,2176,2176,2176,2176,2176
3,223,25,136,136,136,136,136
3,223,26,2184,2184,2184,2184,2184
3,223,27,2176,2176,2176,2176,2176
3,223,28,136,136,136,136,136
3,223,29,2184,2184,2184,2184,2184
3,223,30,2176,2176,2176,2176,2176
3,223,31,136,136,136,136,136
3,223,32,2184,2184,2184,2184,2184
3,223,33,2176,2176,2176,2176,2176
3,223,34,136,136,136,136,136
3,223,35,2184,2184,2184,2184,2184
3,223,36,2176,2176,2176,2176,2176
3,223,37,136,136,136,136,136
3,223,38,2184,2184,2184,2184,2184
3,223,39,2176,2176,2176,2176,2176
3,223,40,136,136,136,136,136
3,223,41,2184,2184,2184,2184,2184
3,223,42,2176,2176,2176,2176,2176
3,223,43,136,136,136,136,136
3,223,44,2184,2184,2184,2184,2184
3,223,45,2176,2176,2176,2176,2176
3,223,46,136,136,136,136,136
3,223,47,2184,2184,2184,2184,2184
3,223,48,2176,2176,2176,2176,2176
3,223,49,136,136,136,136,136
3,223,50,2184,2184,2184,2184,2184
3,223,51,2176,2176,2176,2176,2176
3,223,52,136,136,136,136,136
3,223,53,2184,2184,2184,2184,2184
3,223,54,2176,2176,2176,2176,2176
3,223,55,136,136,136,136,136
3,223,56,2184,2184,2184,2184,2184
3,223,57,2176,2176,2176,2176,2176
3,223,58,136,136,136,136,136
3,223,59,2184,2184,2184,2184,2184
3,223,60,2176,2176,2176,2176,2176
3,223,61,136,136,136,136,136
3,223,62,2184,2184,2184,2184,2184
3,223,63,2176,2176,2176,2176,2176
3,223,64,136,136,136,136,136
3,223,65,2184,2184,2184,2184,2184
3,223,66,2176,2176,2176,2176,2176
3,223,67,136,136,136,136,136
3,223,68,2184,2184,2184,2184,2184
3,223,69,2176,2176,2176,2176,2176
3,223,70,136,136,136,136,136
3,223,71,2184,2184,2184,2184,2184
3,223,72,2176,2176,2176,2176,2176
3,223,73,136,136,136,136,136
3,223,74,2184,2184,2184,2184,2184
3,223,75,2176,2176,2176,2176,2176
3,223,76,136,136,136,136,136
3,223,77,2184,2184,2184,2184,2184
3,223,78,2176,2176,2176,2176,2176
3,223,79,136,136,136,136,136
3,223,80,2184,2184,2184,2184,2184
3,224,0,128,128,128,128,128
3,224,1,128,128,128,128,128
3,224,2,128,128,128,128,128
3,224,3,128,128,128,128,128
3,224,4,128,128,128,128,128
3,224,5,128,128,128,128,128
3,224,6,128,128,128,128,128
3,224,7,128,128,128,128,128
3,224,8,128,128,128,128,128
3,224,9,128,128,128,128,128
3,224,10,128,128,128,128,128
3,224,11,128,128,128,128,128
3,224,12,128,128,128,128,128
3,224,13,128,128,128,128,128
3,224,14,128,128,128,128,128
3,224,15,128,128,128,128,128
3,224,16,128,128,128,128,128
3,224,17,128,128,128,128,128
3,224,18,128,128,128,128,128
3,224,19,128,128,128,128,128
3,224,20,128,128,128,128,128
3,224,21,128,128,128,128,128
3,224,22,128,128,128,128,128
3,224,23,128,128,128,128,128
3,224,24,128,128,128,128,128
3,224,25,128,128,128,128,128
3,224,26,128,128,128,128,128
3,224,27,128,128,128,128,128
3,224,28,128,128,128,128,128
3,224,29,128,128,128,128,128
3,224,30,128,128,128,128,128
3,224,31,128,128,128,128,128
3,224,32,128,128,128,128,128
3,224,33,128,128,128,128,128
3,224,34,128,128,128,128,128
3,224,35,128,128,128,128,128
3,224,36,128,128,128,128,128
3,224,37,128,128,128,128,128
3,224,38,128,128,128,128,128
3,224,39,128,128,128,128,128
3,224,40,128,128,128,128,128
3,224,41,128,128,128,128,128
3,224,42,128,128,128,128,128
3,224,43,128,128,128,128,128
3,224,44,128,128,128,128,128
3,224,45,128,128,128,128,128
3,224,46,128,128,128,128,128
3,224,47,128,128,128,128,128
3,224,48,128,128,128,128,128
3,224,49,128,128,128,128,128
3,224,50,128,128,128,128,128
3,224,51,128,128,128,128,128
3,224,52,128,128,128,128,128
3,224,53,128,128,128,128,128
3,224,54,128,128,128,128,128
3,224,55,128,128,128,128,128
3,224,56,128,128,128,128,128
3,224,57,128,128,128,128,128
3,224,58,128,128,128,128,128
3,224,59,128,128,128,128,128
3,224,60,128,128,128,128,128
3,224,61,128,128,128,128,128
3,224,62,128,128,128,128,128
3,224,63,128,128,128,128,128
3,224,64,128,128,128,128,128
3,224,65,128,128,128,128,128
3,224,66,128,128,128,128,128
3,224,67,128,128,128,128,128
3,224,68,128,128,128,128,128
3,224,69,128,128,128,128,128
3,224,70,128,128,128,128,128
3,224,71,128,128,128,128,128
3,224,72,128,128,128,128,128
3,224,73,128,128,128,128,128
3,224,74,128,128,128,128,128
3,224,75,128,128,128,128,128
3,224,76,128,128,128,128,128
3,224,77,128,128,128,128,128
3,224,78,128,128,128,128,128
3,224,79,128,128,128,128,128
3,224,80,128,128,128,128,128
3,225,0,2176,2176,2176,2176,2176
3,225,1,136,136,136,136,136
3,225,2,2184,2184,2184,2184,2184
3,225,3,2176,2176,2176,2176,2176
3,225,4,136,136,136,136,136
3,225,5,2184,2184,2184,2184,2184
3,225,6,2176,2176,2176,2176,2176
3,225,7,136,136,136,136,136
3,225,8,2184,2184,2184,2184,2184
3,225,9,2176,2176,2176,2176,2176
3,225,10,136,136,136,136,136
3,225,11,2184,2184,2184,2184,2184
3,225,12,2176,2176,2176,2176,2176
3,225,13,136,136,136,136,136
3,225,14,2184,2184,2184,2184,2184
3,225,15,2176,2176,2176,2176,2176
3,225,16,136,136,136,136,136
3,225,17,2184,2184,2184,2184,2184
3,225,18,2176,2176,2176,2176,2176
3,225,19,136,136,136,136,136
3,225,20,2184,2184,2184,2184,2184
3,225,21,2176,2176,2176,2176,2176
3,225,22,136,136,136,136,136
3,225,23,2184,2184,2184,2184,2184
3,225,24,2176,2176,2176,2176,2176
3,225,25,136,136,136,136,136
3,225,26,2184,2184,2184,2184,2184
3,225,27,2176,2176,2176,2176,2176
3,225,28,136,136,136,136,136
3,225,29,2184,2184,2184,2184,2184
3,225,30,2176,2176,2176,2176,2176
3,225,31,136,136,136,136,136
3,225,32,2184,2184,2184,2184,2184
3,225,33,2176,2176,2176,2176,2176
3,225,34,136,136,136,136,136
3,225,35,2184,2184,2184,2184,2184
3,225,36,2176,2176,2176,2176,2176
3,225,37,136,136,136,136,136
3,225,38,2184,2184,2184,2184,2184
3,225,39,2176,2176,2176,2176,2176
3,225,40,136,136,136,136,136
3,225,41,2184,2184,2184,2184,2184
3,225,42,2176,2176,2176,2176,2176
3,225,43,136,136,136,136,136
3,225,44,2184,2184,2184,2184,2184
3,225,45,2176,2176,2176,2176,2176
3,225,46,136,136,136,136,136
3,225,47,2184,2184,2184,2184,2184
3,225,48,2176,2176,2176,2176,2176
3,225,49,136,136,136,136,136
3,225,50,2184,2184,2184,2184,2184
3,225,51,2176,2176,2176,2176,2176
3,225,52,136,136,136,136,136
3,225,53,2184,2184,2184,2184,2184
3,225,54,2176,2176,2176,2176,2176
3,225,55,136,136,136,136,136
3,225,56,2184,2184,2184,2184,2184
3,225,57,2176,2176,2176,2176,2176
3,225,58,136,136,136,136,136
3,225,59,2184,2184,2184,2184,2184
3,225,60,2176,2176,2176,2176,2176
3,225,61,136,136,136,136,136
3,225,62,2184,2184,2184,2184,2184
3,225,63,2176,2176,2176,2176,2176
3,225,64,136,136,136,136,136
3,225,65,2184,2184,2184,2184,2184
3,225,66,2176,2176,2176,2176,2176
3,225,67,136,136,136,136,136
3,225,68,2184,2184,2184,2184,2184
3,225,69,2176,2176,2176,2176,2176
3,225,70,136,136,136,136,136
3,225,71,2184,2184,2184,2184,2184
3,225,72,2176,2176,2176,2176,2176
3,225,73,136,136,136,136,136
3,225,74,2184,2184,2184,2184,2184
3,225,75,2176,2176,2176,2176,2176
3,225,76,136,136,136,136,136
3,225,77,2184,2184,2184,2184,2184
3,225,78,2176,2176,2176,2176,2176
3,225,79,136,136,136,136,136
3,225,80,2184,2184,2184,2184,2184
3,226,0,2176,2176,2176,2176,2176
3,226,1,136,136,136,136,136
3,226,2,2184,2184,2184,2184,2184
3,226,3,2176,2176,2176,2176,2176
3,226,4,136,136,136,136,136
3,226,5,2184,2184,2184,2184,2184
3,226,6,2176,2176,2176,2176,2176
3,226,7,136,136,136,136,136
3,226,8,2184,2184,2184,2184,2184
3,226,9,2176,2176,2176,2176,2176
3,226,10,136,136,136,136,136
3,226,11,2184,2184,2184,2184,2184
3,226,12,2176,2176,2176,2176,2176
3,226,13,136,136,136,136,136
3,226,14,2184,2184,2184,2184,2184
3,226,15,2176,2176,2176,2176,2176
3,226,16,136,136,136,136,136
3,226,17,2184,2184,2184,2184,2184
3,226,18,2176,2176,2176,2176,2176
3,226,19,136,136,136,136,136
3,226,20,2184,2184,2184,2184,2184
3,226,21,2176,2176,2176,2176,2176
3,226,22,136,136,136,136,136
3,226,23,2184,2184,2184,2184,2184
3,226,24,2176,2176,2176,2176,2176
3,226,25,136,136,136,136,136
3,226,26,2184,2184,2184,2184,2184
3,226,27,2176,2176,2176,2176,2176
3,226,28,136,136,136,136,136
3,226,29,2184,2184,2184,2184,2184
3,226,30,2176,2176,2176,2176,2176
3,226,31,136,136,136,136,136
3,226,32,2184,2184,2184,2184,2184
3,226,33,2176,2176,2176,2176,2176
3,226,34,136,136,136,136,136
3,226,35,2184,2184,2184,2184,2184
3,226,36,2176,2176,2176,2176,2176
3,226,37,136,136,136,136,136
3,226,38,2184,2184,2184,2184,2184
3,226,39,2176,2176,2176,2176,2176
3,226,40,136,136,136,136,136
3,226,41,2184,2184,2184,2184,2184
3,226,42,2176,2176,2176,2176,2176
3,226,43,136,136,136,136,136
3,226,44,2184,2184,2184,2184,2184
3,226,45,2176,2176,2176,2176,2176
3,226,46,136,136,136,136,136
3,226,47,2184,2184,2184,2184,2184
3,226,48,2176,2176,2176,2176,2176
3,226,49,136,136,136,136,136
3,226,50,2184,2184,2184,2184,2184
3,226,51,2176,2176,2176,2176,2176
3,226,52,136,136,136,136,136
3,226,53,2184,2184,2184,2184,2184
3,226,54,2176,2176,2176,2176,2176
3,226,55,136,136,136,136,136
3,226,56,2184,2184,2184,2184,2184
3,226,57,2176,2176,2176,2176,2176
3,226,58,136,136,136,136,136
3,226,59,2184,2184,2184,2184,2184
3,226,60,2176,2176,2176,2176,2176
3,226,61,136,136,136,136,136
3,226,62,2184,2184,2184,2184,2184
3,226,63,2176,2176,2176,2176,2176
3,226,64,136,136,136,136,136
3,226,65,2184,2184,2184,2184,2184
3,226,66,2176,2176,2176,2176,2176
3,226,67,136,136,136,136,136
3,226,68,2184,2184,2184,2184,2184
3,226,69,2176,2176,2176,2176,2176
3,226,70,136,136,136,136,136
3,226,71,2184,2184,2184,2184,2184
3,226,72,2176,2176,2176,2176,2176
3,226,73,136,136,136,136,136
3,226,74,2184,2184,2184,2184,2184
3,226,75,2176,2176,2176,2176,2176
3,226,76,136,136,136,136,136
3,226,77,2184,2184,2184,2184,2184
3,226,78,2176,2176,2176,2176,2176
3,226,79,136,136,136,136,136
3,226,80,2184,2184,2184,2184,2184
3,227,0,2176,2176,2176,2176,2176
3,227,1,136,136,136,136,136
3,227,2,2184,2184,2184,2184,2184
3,227,3,2176,2176,2176,2176,2176
3,227,4,136,136,136,136,136
3,227,5,2184,2184,2184,2184,2184
3,227,6,2176,2176,2176,2176,2176
3,227,7,136,136,136,136,136
3,227,8,2184,2184,2184,2184,2184
3,227,9,2176,2176,2176,2176,2176
3,227,10,136,136,136,136,136
3,227,11,2184,2184,2184,2184,2184
3,227,12,2176,2176,2176,2176,2176
3,227,13,136,136,136,136,136
3,227,14,2184,2184,2184,2184,2184
3,227,15,2176,2176,2176,2176,2176
3,227,16,136,136,136,136,136
3,227,17,2184,2184,2184,2184,2184
3,227,18,2176,2176,2176,2176,2176
3,227,19,136,136,136,136,136
3,227,20,2184,2184,2184,2184,2184
3,227,21,2176,2176,2176,2176,2176
3,227,22,136,136,136,136,136
3,227,23,2184,2184,2184,2184,2184
3,227,24,2176,2176,2176,2176,2176
3,227,25,136,136,136,136,136
3,227,26,2184,2184,2184,2184,2184
3,227,27,2176,2176,2176,2176,2176
3,227,28,136,136,136,136,136
3,227,29,2184,2184,2184,2184,2184
3,227,30,2176,2176,2176,2176,2176
3,227,31,136,136,136,136,136
3,227,32,2184,2184,2184,2184,2184
3,227,33,2176,2176,2176,2176,2176
3,227,34,136,136,136,136,136
3,227,35,2184,2184,2184,2184,2184
3,227,36,2176,2176,2176,2176,2176
3,227,37,136,136,136,136,136
3,227,38,2184,2184,2184,2184,2184
3,227,39,2176,2176,2176,2176,2176
3,227,40,136,136,136,136,136
3,227,41,2184,2184,2184,2184,2184
3,227,42,2176,2176,2176,2176,2176
3,227,43,136,136,136,136,136
3,227,44,2184,2184,2184,2184,2184
3,227,45,2176,2176,2176,2176,2176
3,227,46,136,136,136,136,136
3,227,47,2184,2184,2184,2184,2184
3,227,48,2176,2176,2176,2176,2176
3,227,49,136,136,136,136,136
3,227,50,2184,2184,2184,2184,2184
3,227,51,2176,2176,2176,2176,2176
3,227,52,136,136,136,136,136
3,227,53,2184,2184,2184,2184,2184
3,227,54,2176,2176,2176,2176,2176
3,227,55,136,136,136,136,136
3,227,56,2184,2184,2184,2184,2184
3,227,57,2176,2176,2176,2176,2176
3,227,58,136,136,136,136,136
3,227,59,2184,2184,2184,2184,2184
3,227,60,2176,2176,2176,2176,2176
3,227,61,136,136,136,136,136
3,227,62,2184,2184,2184,2184,2184
3,227,63,2176,2176,2176,2176,2176
3,227,64,136,136,136,136,136
3,227,65,2184,2184,2184,2184,2184
3,227,66,2176,2176,2176,2176,2176
3,227,67,136,136,136,136,136
3,227,68,2184,2184,2184,2184,2184
3,227,69,2176,2176,2176,2176,2176
3,227,70,136,136,136,136,136
3,227,71,2184,2184,2184,2184,2184
3,227,72,2176,2176,2176,2176,2176
3,227,73,136,136,136,136,136
3,227,74,2184,2184,2184,2184,2184
3,227,75,2176,2176,2176,2176,2176
3,227,76,136,136,136,136,136
3,227,77,2184,2184,2184,2184,2184
3,227,78,2176,2176,2176,2176,2176
3,227,79,136,136,136,136,136
3,227,80,2184,2184,2184,2184,2184
3,228,0,2176,2176,2176,2176,2176
3,228,1,136,136,136,136,136
3,228,2,2184,2184,2184,2184,2184
3,228,3,2176,2176,2176,2176,2176
3,228,4,136,136,136,136,136
3,228,5,2184,2184,2184,2184,2184
3,228,6,2176,2176,2176,2176,2176
3,228,7,136,136,136,136,136
3,228,8,2184,2184,2184,2184,2184
3,228,9,2176,2176,2176,2176,2176
3,228,10,136,136,136,136,136
3,228,11,2184,2184,2184,2184,2184
3,228,12,2176,2176,2176,2176,2176
3,228,13,136,136,136,136,136
3,228,14,2184,2184,2184,2184,2184
3,228,15,2176,2176,2176,2176,2176
3,228,16,136,136,136,136,136
3,228,17,2184,2184,2184,2184,2184
3,228,18,2176,2176,2176,2176,2176
3,228,19,136,136,136,136,136
3,228,20,2184,2184,2184,2184,2184
3,228,21,2176,2176,2176,2176,2176
3,228,22,136,136,136,136,136
3,228,23,2184,2184,2184,2184,2184
3,228,24,2176,2176,2176,2176,2176
3,228,25,136,136,136,136,136
3,228,26,2184,2184,2184,2184,2184
3,228,27,2176,2176,2176,2176,2176
3,228,28,136,136,136,136,136
3,228,29,2184,2184,2184,2184,2184
3,228,30,2176,2176,2176,2176,2176
3,228,31,136,136,136,136,136
3,228,32,2184,2184,2184,2184,2184
3,228,33,2176,2176,2176,2176,2176
3,228,34,136,136,136,136,136
3,228,35,2184,2184,2184,2184,2184
3,228,36,2176,2176,2176,2176,2176
3,228,37,136,136,136,136,136
3,228,38,2184,2184,2184,2184,2184
3,228,39,2176,2176,2176,2176,2176
3,228,40,136,136,136,136,136
3,228,41,2184,2184,2184,2184,2184
3,228,42,2176,2176,2176,2176,2176
3,228,43,136,136,136,136,136
3,228,44,2184,2184,2184,2184,2184
3,228,45,2176,2176,2176,2176,2176
3,228,46,136,136,136,136,136
3,228,47,2184,2184,2184,2184,2184
3,228,48,2176,2176,2176,2176,2176
3,228,49,136,136,136,136,136
3,228,50,2184,2184,2184,2184,2184
3,228,51,2176,2176,2176,2176,2176
3,228,52,136,136,136,136,136
3,228,53,2184,2184,2184,2184,2184
3,228,54,2176,2176,2176,2176,2176
3,228,55,136,136,136,136,136
3,228,56,2184,2184,2184,2184,2184
3,228,57,2176,2176,2176,2176,2176
3,228,58,136,136,136,136,136
3,228,59,2184,2184,2184,2184,2184
3,228,60,2176,2176,2176,2176,2176
3,228,61,136,136,136,136,136
3,228,62,2184,2184,2184,2184,2184
3,228,63,2176,2176,2176,2176,2176
3,228,64,136,136,136,136,136
3,228,65,2184,2184,2184,2184,2184
3,228,66,2176,2176,2176,2176,2176
3,228,67,136,136,136,136,136
3,228,68,2184,2184,2184,2184,2184
3,228,69,2176,2176,2176,2176,2176
3,228,70,136,136,136,136,136
3,228,71,2184,2184,2184,2184,2184
3,228,72,2176,2176,2176,2176,2176
3,228,73,136,136,136,136,136
3,228,74,2184,2184,2184,2184,2184
3,228,75,2176,2176,2176,2176,2176
3,228,76,136,136,136,136,136
3,228,77,2184,2184,2184,2184,2184
3,228,78,2176,2176,2176,2176,2176
3,228,79,136,136,136,136,136
3,228,80,2184,2184,2184,2184,2184
3,229,0,2176,2176,2176,2176,2176
3,229,1,136,136,136,136,136
3,229,2,2184,2184,2184,2184,2184
3,229,3,2176,2176,2176,2176,2176
3,229,4,136,136,136,136,136
3,229,5,2184,2184,2184,2184,2184
3,229,6,2176,2176,2176,2176,2176
3,229,7,136,136,136,136,136
3,229,8,2184,2184,2184,2184,2184
3,229,9,2176,2176,2176,2176,2176
3,229,10,136,136,136,136,136
3,229,11,2184,2184,2184,2184,2184
3,229,12,2176,2176,2176,2176,2176
3,229,13,136,136,136,136,136
3,229,14,2184,2184,2184,2184,2184
3,229,15,2176,2176,2176,2176,2176
3,229,16,136,136,136,136,136
3,229,17,2184,2184,2184,2184,2184
3,229,18,2176,2176,2176,2176,2176
3,229,19,136,136,136,136,136
3,229,20,2184,2184,2184,2184,2184
3,229,21,2176,2176,2176,2176,2176
3,229,22,136,136,136,136,136
3,229,23,2184,2184,2184,2184,2184
3,229,24,2176,2176,2176,2176,2176
3,229,25,136,136,136,136,136
3,229,26,2184,2184,2184,2184,2184
3,229,27,2176,2176,2176,2176,2176
3,229,28,136,136,136,136,136
3,229,29,2184,2184,2184,2184,2184
3,229,30,2176,2176,2176,2176,2176
3,229,31,136,136,136,136,136
3,229,32,2184,2184,2184,2184,2184
3,229,33,2176,2176,2176,2176,2176
3,229,34,136,136,136,136,136
3,229,35,2184,2184,2184,2184,2184
3,229,36,2176,2176,2176,2176,2176
3,229,37,136,136,136,136,136
3,229,38,2184,2184,2184,2184,2184
3,229,39,2176,2176,2176,2176,2176
3,229,40,136,136,136,136,136
3,229,41,2184,2184,2184,2184,2184
3,229,42,2176,2176,2176,2176,2176
3,229,43,136,136,136,136,136
3,229,44,2184,2184,2184,2184,2184
3,229,45,2176,2176,2176,2176,2176
3,229,46,136,136,136,136,136
3,229,47,2184,2184,2184,2184,2184
3,229,48,2176,2176,2176,2176,2176
3,229,49,136,136,136,136,136
3,229,50,2184,2184,2184,2184,2184
3,229,51,2176,2176,2176,2176,2176
3,229,52,136,136,136,136,136
3,229,53,2184,2184,2184,2184,2184
3,229,54,2176,2176,2176,2176,2176
3,229,55,136,136,136,136,136
3,229,56,2184,2184,2184,2184,2184
3,229,57,2176,2176,2176,2176,2176
3,229,58,136,136,136,136,136
3,229,59,2184,2184,2184,2184,2184
3,229,60,2176,2176,2176,2176,2176
3,229,61,136,136,136,136,136
3,229,62,2184,2184,2184,2184,2184
3,229,63,2176,2176,2176,2176,2176
3,229,64,136,136,136,136,136
3,229,65,2184,2184,2184,2184,2184
3,229,66,2176,2176,2176,2176,2176
3,229,67,136,136,136,136,136
3,229,68,2184,2184,2184,2184,2184
3,229,69,2176,2176,2176,2176,2176
3,229,70,136,136,136,136,136
3,229,71,2184,2184,2184,2184,2184
3,229,72,2176,2176,2176,2176,2176
3,229,73,136,136,136,136,136
3,229,74,2184,2184,2184,2184,2184
3,229,75,2176,2176,2176,2176,2176
3,229,76,136,136,136,136,136
3,229,77,2184,2184,2184,2184,2184
3,229,78,2176,2176,2176,2176,2176
3,229,79,136,136,136,136,136
3,229,80,2184,2184,2184,2184,2184
3,230,0,2176,2176,2176,2176,2176
3,230,1,136,136,136,136,136
3,230,2,2184,2184,2184,2184,2184
3,230,3,2176,2176,2176,2176,2176
3,230,4,136,136,136,136,136
3,230,5,2184,2184,2184,2184,2184
3,230,6,2176,2176,2176,2176,2176
3,230,7,136,136,136,136,136
3,230,8,2184,2184,2184,2184,2184
3,230,9,2176,2176,2176,2176,2176
3,230,10,136,136,136,136,136
3,230,11,2184,2184,2184,2184,2184
3,230,12,2176,2176,2176,2176,2176
3,230,13,136,136,136,136,136
3,230,14,2184,2184,2184,2184,2184
3,230,15,2176,2176,2176,2176,2176
3,230,16,136,136,136,136,136
3,230,17,2184,2184,2184,2184,2184
3,230,18,2176,2176,2176,2176,2176
3,230,19,136,136,136,136,136
3,230,20,2184,2184,2184,2184,2184
3,230,21,2176,2176,2176,2176,2176
3,230,22,136,136,136,136,136
3,230,23,2184,2184,2184,2184,2184
3,230,24,2176,2176,2176,2176,2176
3,230,25,136,136,136,136,136
3,230,26,2184,2184,2184,2184,2184
3,230,27,2176,2176,2176,2176,2176
3,230,28,136,136,136,136,136
3,230,29,2184,2184,2184,2184,2184
3,230,30,2176,2176,2176,2176,2176
3,230,31,136,136,136,136,136
3,230,32,2184,2184,2184,2184,2184
3,230,33,2176,2176,2176,2176,2176
3,230,34,136,136,136,136,136
3,230,35,2184,2184,2184,2184,2184
3,230,36,2176,2176,2176,2176,2176
3,230,37,136,136,136,136,136
3,230,38,2184,2184,2184,2184,2184
3,230,39,2176,2176,2176,2176,2176
3,230,40,136,136,136,136,136
3,230,41,2184,2184,2184,2184,2184
3,230,42,2176,2176,2176,2176,2176
3,230,43,136,136,136,136,136
3,230,44,2184,2184,2184,2184,2184
3,230,45,2176,2176,2176,2176,2176
3,230,46,136,136,136,136,136
3,230,47,2184,2184,2184,2184,2184
3,230,48,2176,2176,2176,2176,2176
3,230,49,136,136,136,136,136
3,230,50,2184,2184,2184,2184,2184
3,230,51,2176,2176,2176,2176,2176
3,230,52,136,136,136,136,136
3,230,53,2184,2184,2184,2184,2184
3,230,54,2176,2176,2176,2176,2176
3,230,55,136,136,136,136,136
3,230,56,2184,2184,2184,2184,2184
3,230,57,2176,2176,2176,2176,2176
3,230,58,136,136,136,136,136
3,230,59,2184,2184,2184,2184,2184
3,230,60,2176,2176,2176,2176,2176
3,230,61,136,136,136,136,136
3,230,62,2184,2184,2184,2184,2184
3,230,63,2176,2176,2176,2176,2176
3,230,64,136,136,136,136,136
3,230,65,2184,2184,2184,2184,2184
3,230,66,2176,2176,2176,2176,2176
3,230,67,136,136,136,136,136
3,230,68,2184,2184,2184,2184,2184
3,230,69,2176,2176,2176,2176,2176
3,230,70,136,136,136,136,136
3,230,71,2184,2184,2184,2184,2184
3,230,72,2176,2176,2176,2176,2176
3,230,73,136,136,136,136,136
3,230,74,2184,2184,2184,2184,2184
3,230,75,2176,2176,2176,2176,2176
3,230,76,136,136,136,136,136
3,230,77,2184,2184,2184,2184,2184
3,230,78,2176,2176,2176,2176,2176
3,230,79,136,136,136,136,136
3,230,80,2184,2184,2184,2184,2184
3,231,0,2176,2176,2176,2176,2176
3,231,1,136,136,136,136,136
3,231,2,2184,2184,2184,2184,2184
3,231,3,2176,2176,2176,2176,2176
3,231,4,136,136,136,136,136
3,231,5,2184,2184,2184,2184,2184
3,231,6,2176,2176,2176,2176,2176
3,231,7,136,136,136,136,136
3,231,8,2184,2184,2184,2184,2184
3,231,9,2176,2176,2176,2176,2176
3,231,10,136,136,136,136,136
3,231,11,2184,2184,2184,2184,2184
3,231,12,2176,2176,2176,2176,2176
3,231,13,136,136,136,136,136
3,231,14,2184,2184,2184,2184,2184
3,231,15,2176,2176,2176,2176,2176
3,231,16,136,136,136,136,136
3,231,17,2184,2184,2184,2184,2184
3,231,18,2176,2176,2176,2176,2176
3,231,19,136,136,136,136,136
3,231,20,2184,2184,2184,2184,2184
3,231,21,2176,2176,2176,2176,2176
3,231,22,136,136,136,136,136
3,231,23,2184,2184,2184,2184,2184
3,231,24,2176,2176,2176,2176,2176
3,231,25,136,136,136,136,136
3,231,26,2184,2184,2184,2184,2184
3,231,27,2176,2176,2176,2176,2176
3,231,28,136,136,136,136,136
3,231,29,2184,2184,2184,2184,2184
3,231,30,2176,2176,2176,2176,2176
3,231,31,136,136,136,136,136
3,231,32,2184,2184,2184,2184,2184
3,231,33,2176,2176,2176,2176,2176
3,231,34,136,136,136,136,136
3,231,35,2184,2184,2184,2184,2184
3,231,36,2176,2176,2176,2176,2176
3,231,37,136,136,136,136,136
3,231,38,2184,2184,2184,2184,2184
3,231,39,2176,2176,2176,2176,2176
3,231,40,136,136,136,136,136
3,231,41,2184,2184,2184,2184,2184
3,231,42,2176,2176,2176,2176,2176
3,231,43,136,136,136,136,136
3,231,44,2184,2184,2184,2184,2184
3,231,45,2176,2176,2176,2176,2176
3,231,46,136,136,136,136,136
3,231,47,2184,2184,2184,2184,2184
3,231,48,2176,2176,2176,2176,2176
3,231,49,136,136,136,136,136
3,231,50,2184,2184,2184,2184,2184
3,231,51,2176,2176,2176,2176,2176
3,231,52,136,136,136,136,136
3,231,53,2184,2184,2184,2184,2184
3,231,54,2176,2176,2176,2176,2176
3,231,55,136,136,136,136,136
3,231,56,2184,2184,2184,2184,2184
3,231,57,2176,2176,2176,2176,2176
3,231,58,136,136,136,136,136
3,231,59,2184,2184,2184,2184,2184
3,231,60,2176,2176,2176,2176,2176
3,231,61,136,136,136,136,136
3,231,62,2184,2184,2184,2184,2184
3,231,63,2176,2176,2176,2176,2176
3,231,64,136,136,136,136,136
3,231,65,2184,2184,2184,2184,2184
3,231,66,2176,2176,2176,2176,2176
3,231,67,136,136,136,136,136
3,231,68,2184,2184,2184,2184,2184
3,231,69,2176,2176,2176,2176,2176
3,231,70,136,136,136,136,136
3,231,71,2184,2184,2184,2184,2184
3,231,72,2176,2176,2176,2176,2176
3,231,73,136,136,136,136,136
3,231,74,2184,2184,2184,2184,2184
3,231,75,2176,2176,2176,2176,2176
3,231,76,136,136,136,136,136
3,231,77,2184,2184,2184,2184,2184
3,231,78,2176,2176,2176,2176,2176
3,231,79,136,136,136,136,136
3,231,80,2184,2184,2184,2184,2184
3,232,0,2176,2176,2176,2176,2176
3,232,1,136,136,136,136,136
3,232,2,2184,2184,2184,2184,2184
3,232,3,2176,2176,2176,2176,2176
3,232,4,136,136,136,136,136
3,232,5,2184,2184,2184,2184,2184
3,232,6,2176,2176,2176,2176,2176
3,232,7,136,136,136,136,136
3,232,8,2184,2184,2184,2184,2184
3,232,9,2176,2176,2176,2176,2176
3,232,10,136,136,136,136,136
3,232,11,2184,2184,2184,2184,2184
3,232,12,2176,2176,2176,2176,2176
3,232,13,136,136,136,136,136
3,232,14,2184,2184,2184,2184,2184
3,232,15,2176,2176,2176,2176,2176
3,232,16,136,136,136,136,136
3,232,17,2184,2184,2184,2184,2184
3,232,18,2176,2176,2176,2176,2176
3,232,19,136,136,136,136,136
3,232,20,2184,2184,2184,2184,2184
3,232,21,2176,2176,2176,2176,2176
3,232,22,136,136,136,136,136
3,232,23,2184,2184,2184,2184,2184
3,232,24,2176,2176,2176,2176,2176
3,232,25,136,136,136,136,136
3,232,26,2184,2184,2184,2184,2184
3,232,27,2176,2176,2176,2176,2176
3,232,28,136,136,136,136,136
3,232,29,2184,2184,2184,2184,2184
3,232,30,2176,2176,2176,2176,2176
3,232,31,136,136,136,136,136
3,232,32,2184,2184,2184,2184,2184
3,232,33,2176,2176,2176,2176,2176
3,232,34,136,136,136,136,136
3,232,35,2184,2184,2184,2184,2184
3,232,36,2176,2176,2176,2176,2176
3,232,37,136,136,136,136,136
3,232,38,2184,2184,2184,2184,2184
3,232,39,2176,2176,2176,2176,2176
3,232,40,136,136,136,136,136
3,232,41,2184,2184,2184,2184,2184
3,232,42,2176,2176,2176,2176,2176
3,232,43,136,136,136,136,136
3,232,44,2184,2184,2184,2184,2184
3,232,45,2176,2176,2176,2176,2176
3,232,46,136,136,136,136,136
3,232,47,2184,2184,2184,2184,2184
3,232,48,2176,2176,2176,2176,2176
3,232,49,136,136,136,136,136
3,232,50,2184,2184,2184,2184,2184
3,232,51,2176,2176,2176,2176,2176
3,232,52,136,136,136,136,136
3,232,53,2184,2184,2184,2184,2184
3,232,54,2176,2176,2176,2176,2176
3,232,55,136,136,136,136,136
3,232,56,2184,2184,2184,2184,2184
3,232,57,2176,2176,2176,2176,2176
3,232,58,136,136,136,136,136
3,232,59,2184,2184,2184,2184,2184
3,232,60,2176,2176,2176,2176,2176
3,232,61,136,136,136,136,136
3,232,62,2184,2184,2184,2184,2184
3,232,63,2176,2176,2176,2176,2176
3,232,64,136,136,136,136,136
3,232,65,2184,2184,2184,2184,2184
3,232,66,2176,2176,2176,2176,2176
3,232,67,136,136,136,136,136
3,232,68,2184,2184,2184,2184,2184
3,232,69,2176,2176,2176,2176,2176
3,232,70,136,136,136,136,136
3,232,71,2184,2184,2184,2184,2184
3,232,72,2176,2176,2176,2176,2176
3,232,73,136,136,136,136,136
3,232,74,2184,2184,2184,2184,2184
3,232,75,2176,2176,2176,2176,2176
3,232,76,136,136,136,136,136
3,232,77,2184,2184,2184,2184,2184
3,232,78,2176,2176,2176,2176,2176
3,232,79,136,136,136,136,136
3,232,80,2184,2184,2184,2184,2184
3,233,0,2176,2176,2176,2176,2176
3,233,1,136,136,136,136,136
3,233,2,2184,2184,2184,2184,2184
3,233,3,2176,2176,2176,2176,2176
3,233,4,136,136,136,136,136
3,233,5,2184,2184,2184,2184,2184
3,233,6,2176,2176,2176,2176,2176
3,233,7,136,136,136,136,136
3,233,8,2184,2184,2184,2184,2184
3,233,9,2176,2176,2176,2176,2176
3,233,10,136,136,136,136,136
3,233,11,2184,2184,2184,2184,2184
3,233,12,2176,2176,2176,2176,2176
3,233,13,136,136,136,136,136
3,233,14,2184,2184,2184,2184,2184
3,233,15,2176,2176,2176,2176,2176
3,233,16,136,136,136,136,136
3,233,17,2184,2184,2184,2184,2184
3,233,18,2176,2176,2176,2176,2176
3,233,19,136,136,136,136,136
3,233,20,2184,2184,2184,2184,2184
3,233,21,2176,2176,2176,2176,2176
3,233,22,136,136,136,136,136
3,233,23,2184,2184,2184,2184,2184
3,233,24,2176,2176,2176,2176,2176
3,233,25,136,136,136,136,136
3,233,26,2184,2184,2184,2184,2184
3,233,27,2176,2176,2176,2176,2176
3,233,28,136,136,136,136,136
3,233,29,2184,2184,2184,2184,2184
3,233,30,2176,2176,2176,2176,2176
3,233,31,136,136,136,136,136
3,233,32,2184,2184,2184,2184,2184
3,233,33,2176,2176,2176,2176,2176
3,233,34,136,136,136,136,136
3,233,35,2184,2184,2184,2184,2184
3,233,36,2176,2176,2176,2176,2176
3,233,37,136,136,136,136,136
3,233,38,2184,2184,2184,2184,2184
3,233,39,2176,2176,2176,2176,2176
3,233,40,136,136,136,136,136
3,233,41,2184,2184,2184,2184,2184
3,233,42,2176,2176,2176,2176,2176
3,233,43,136,136,136,136,136
3,233,44,2184,2184,2184,2184,2184
3,233,45,2176,2176,2176,2176,2176
3,233,46,136,136,136,136,136
3,233,47,2184,2184,2184,2184,2184
3,233,48,2176,2176,2176,2176,2176
3,233,49,136,136,136,136,136
3,233,50,2184,2184,2184,2184,2184
3,233,51,2176,2176,2176,2176,2176
3,233,52,136,136,136,136,136
3,233,53,2184,2184,2184,2184,2184
3,233,54,2176,2176,2176,2176,2176
3,233,55,136,136,136,136,136
3,233,56,2184,2184,2184,2184,2184
3,233,57,2176,2176,2176,2176,2176
3,233,58,136,136,136,136,136
3,233,59,2184,2184,2184,2184,2184
3,233,60,2176,2176,2176,2176,2176
3,233,61,136,136,136,136,136
3,233,62,2184,2184,2184,2184,2184
3,233,63,2176,2176,2176,2176,2176
3,233,64,136,136,136,136,136
3,233,65,2184,2184,2184,2184,2184
3,233,66,2176,2176,2176,2176,2176
3,233,67,136,136,136,136,136
3,233,68,2184,2184,2184,2184,2184
3,233,69,2176,2176,2176,2176,2176
3,233,70,136,136,136,136,136
3,233,71,2184,2184,2184,2184,2184
3,233,72,2176,2176,2176,2176,2176
3,233,73,136,136,136,136,136
3,233,74,2184,2184,2184,2184,2184
3,233,75,2176,2176,2176,2176,2176
3,233,76,136,136,136,136,136
3,233,77,2184,2184,2184,2184,2184
3,233,78,2176,2176,2176,2176,2176
3,233,79,136,136,136,136,136
3,233,80,2184,2184,2184,2184,2184
3,234,0,2176,2176,2176,2176,2176
3,234,1,136,136,136,136,136
3,234,2,2184,2184,2184,2184,2184
3,234,3,2176,2176,2176,2176,2176
3,234,4,136,136,136,136,136
3,234,5,2184,2184,2184,2184,2184
3,234,6,2176,2176,2176,2176,2176
3,234,7,136,136,136,136,136
3,234,8,2184,2184,2184,2184,2184
3,234,9,2176,2176,2176,2176,2176
3,234,10,136,136,136,136,136
3,234,11,2184,2184,2184,2184,2184
3,234,12,2176,2176,2176,2176,2176
3,234,13,136,136,136,136,136
3,234,14,2184,2184,2184,2184,2184
3,234,15,2176,2176,2176,2176,2176
3,234,16,136,136,136,136,136
3,234,17,2184,2184,2184,2184,2184
3,234,18,2176,2176,2176,2176,2176
3,234,19,136,136,136,136,136
3,234,20,2184,2184,2184,2184,2184
3,234,21,2176,2176,2176,2176,2176
3,234,22,136,136,136,136,136
3,234,23,2184,2184,2184,2184,2184
3,234,24,2176,2176,2176,2176,2176
3,234,25,136,136,136,136,136
3,234,26,2184,2184,2184,2184,2184
3,234,27,2176,2176,2176,2176,2176
3,234,28,136,136,136,136,136
3,234,29,2184,2184,2184,2184,2184
3,234,30,2176,2176,2176,2176,2176
3,234,31,136,136,136,136,136
3,234,32,2184,2184,2184,2184,2184
3,234,33,2176,2176,2176,2176,2176
3,234,34,136,136,136,136,136
3,234,35,2184,2184,2184,2184,2184
3,234,36,2176,2176,2176,2176,2176
3,234,37,136,136,136,136,136
3,234,38,2184,2184,2184,2184,2184
3,234,39,2176,2176,2176,2176,2176
3,234,40,136,136,136,136,136
3,234,41,2184,2184,2184,2184,2184
3,234,42,2176,2176,2176,2176,2176
3,234,43,136,136,136,136,136
3,234,44,2184,2184,2184,2184,2184
3,234,45,2176,2176,2176,2176,2176
3,234,46,136,136,136,136,136
3,234,47,2184,2184,2184,2184,2184
3,234,48,2176,2176,2176,2176,2176
3,234,49,136,136,136,136,136
3,234,50,2184,2184,2184,2184,2184
3,234,51,2176,2176,2176,2176,2176
3,234,52,136,136,136,136,136
3,234,53,2184,2184,2184,2184,2184
3,234,54,2176,2176,2176,2176,2176
3,234,55,136,136,136,136,136
3,234,56,2184,2184,2184,2184,2184
3,234,57,2176,2176,2176,2176,2176
3,234,58,136,136,136,136,136
3,234,59,2184,2184,2184,2184,2184
3,234,60,2176,2176,2176,2176,2176
3,234,61,136,136,136,136,136
3,234,62,2184,2184,2184,2184,2184
3,234,63,2176,2176,2176,2176,2176
3,234,64,136,136,136,136,136
3,234,65,2184,2184,2184,2184,2184
3,234,66,2176,2176,2176,2176,2176
3,234,67,136,136,136,136,136
3,234,68,2184,2184,2184,2184,2184
3,234,69,2176,2176,2176,2176,2176
3,234,70,136,136,136,136,136
3,234,71,2184,2184,2184,2184,2184
3,234,72,2176,2176,2176,2176,2176
3,234,73,136,136,136,136,136
3,234,74,2184,2184,2184,2184,2184
3,234,75,2176,2176,2176,2176,2176
3,234,76,136,136,136,136,136
3,234,77,2184,2184,2184,2184,2184
3,234,78,2176,2176,2176,2176,2176
3,234,79,136,136,136,136,136
3,234,80,2184,2184,2184,2184,2184
3,235,0,2176,2176,2176,2176,2176
3,235,1,136,136,136,136,136
3,235,2,2184,2184,2184,2184,2184
3,235,3,2176,2176,2176,2176,2176
3,235,4,136,136,136,136,136
3,235,5,2184,2184,2184,2184,2184
3,235,6,2176,2176,2176,2176,2176
3,235,7,136,136,136,136,136
3,235,8,2184,2184,2184,2184,2184
3,235,9,2176,2176,2176,2176,2176
3,235,10,136,136,136,136,136
3,235,11,2184,2184,2184,2184,2184
3,235,12,2176,2176,2176,2176,2176
3,235,13,136,136,136,136,136
3,235,14,2184,2184,2184,2184,2184
3,235,15,2176,2176,2176,2176,2176
3,235,16,136,136,136,136,136
3,235,17,2184,2184,2184,2184,2184
3,235,18,2176,2176,2176,2176,2176
3,235,19,136,136,136,136,136
3,235,20,2184,2184,2184,2184,2184
3,235,21,2176,2176,2176,2176,2176
3,235,22,136,136,136,136,136
3,235,23,2184,2184,2184,2184,2184
3,235,24,2176,2176,2176,2176,2176
3,235,25,136,136,136,136,136
3,235,26,2184,2184,2184,2184,2184
3,235,27,2176,2176,2176,2176,2176
3,235,28,136,136,136,136,136
3,235,29,2184,2184,2184,2184,2184
3,235,30,2176,2176,2176,2176,2176
3,235,31,136,136,136,136,136
3,235,32,2184,2184,2184,2184,2184
3,235,33,2176,2176,2176,2176,2176
3,235,34,136,136,136,136,136
3,235,35,2184,2184,2184,2184,2184
3,235,36,2176,2176,2176,2176,2176
3,235,37,136,136,136,136,136
3,235,38,2184,2184,2184,2184,2184
3,235,39,2176,2176,2176,2176,2176
3,235,40,136,136,136,136,136
3,235,41,2184,2184,2184,2184,2184
3,235,42,2176,2176,2176,2176,2176
3,235,43,136,136,136,136,136
3,235,44,2184,2184,2184,2184,2184
3,235,45,2176,2176,2176,2176,2176
3,235,46,136,136,136,136,136
3,235,47,2184,2184,2184,2184,2184
3,235,48,2176,2176,2176,2176,2176
3,235,49,136,136,136,136,136
3,235,50,2184,2184,2184,2184,2184
3,235,51,2176,2176,2176,2176,2176
3,235,52,136,136,136,136,136
3,235,53,2184,2184,2184,2184,2184
3,235,54,2176,2176,2176,2176,2176
3,235,55,136,136,136,136,136
3,235,56,2184,2184,2184,2184,2184
3,235,57,2176,2176,2176,2176,2176
3,235,58,136,136,136,136,136
3,235,59,2184,2184,2184,2184,2184
3,235,60,2176,2176,2176,2176,2176
3,235,61,136,136,136,136,136
3,235,62,2184,2184,2184,2184,2184
3,235,63,2176,2176,2176,2176,2176
3,235,64,136,136,136,136,136
3,235,65,2184,2184,2184,2184,2184
3,235,66,2176,2176,2176,2176,2176
3,235,67,136,136,136,136,136
3,235,68,2184,2184,2184,2184,2184
3,235,69,2176,2176,2176,2176,2176
3,235,70,136,136,136,136,136
3,235,71,2184,2184,2184,2184,2184
3,235,72,2176,2176,2176,2176,2176
3,235,73,136,136,136,136,136
3,235,74,2184,2184,2184,2184,2184
3,235,75,2176,2176,2176,2176,2176
3,235,76,136,136,136,136,136
3,235,77,2184,2184,2184,2184,2184
3,235,78,2176,2176,2176,2176,2176
3,235,79,136,136,136,136,136
3,235,80,2184,2184,2184,2184,2184
3,236,0,2176,2176,2176,2176,2176
3,236,1,136,136,136,136,136
3,236,2,2184,2184,2184,2184,2184
3,236,3,2176,2176,2176,2176,2176
3,236,4,136,136,136,136,136
3,236,5,2184,2184,2184,2184,2184
3,236,6,2176,2176,2176,2176,2176
3,236,7,136,136,136,136,136
3,236,8,2184,2184,2184,2184,2184
3,236,9,2176,2176,2176,2176,2176
3,236,10,136,136,136,136,136
3,236,11,2184,2184,2184,2184,2184
3,236,12,2176,2176,2176,2176,2176
3,236,13,136,136,136,136,136
3,236,14,2184,2184,2184,2184,2184
3,236,15,2176,2176,2176,2176,2176
3,236,16,136,136,136,136,136
3,236,17,2184,2184,2184,2184,2184
3,236,18,2176,2176,2176,2176,2176
3,236,19,136,136,136,136,136
3,236,20,2184,2184,2184,2184,2184
3,236,21,2176,2176,2176,2176,2176
3,236,22,136,136,136,136,136
3,236,23,2184,2184,2184,2184,2184
3,236,24,2176,2176,2176,2176,2176
3,236,25,136,136,136,136,136
3,236,26,2184,2184,2184,2184,2184
3,236,27,2176,2176,2176,2176,2176
3,236,28,136,136,136,136,136
3,236,29,2184,2184,2184,2184,2184
3,236,30,2176,2176,2176,2176,2176
3,236,31,136,136,136,136,136
3,236,32,2184,2184,2184,2184,2184
3,236,33,2176,2176,2176,2176,2176
3,236,34,136,136,136,136,136
3,236,35,2184,2184,2184,2184,2184
3,236,36,2176,2176,2176,2176,2176
3,236,37,136,136,136,136,136
3,236,38,2184,2184,2184,2184,2184
3,236,39,2176,2176,2176,2176,2176
3,236,40,136,136,136,136,136
3,236,41,2184,2184,2184,2184,2184
3,236,42,2176,2176,2176,2176,2176
3,236,43,136,136,136,136,136
3,236,44,2184,2184,2184,2184,2184
3,236,45,2176,2176,2176,2176,2176
3,236,46,136,136,136,136,136
3,236,47,2184,2184,2184,2184,2184
3,236,48,2176,2176,2176,2176,2176
3,236,49,136,136,136,136,136
3,236,50,2184,2184,2184,2184,2184
3,236,51,2176,2176,2176,2176,2176
3,236,52,136,136,136,136,136
3,236,53,2184,2184,2184,2184,2184
3,236,54,2176,2176,2176,2176,2176
3,236,55,136,136,136,136,136
3,236,56,2184,2184,2184,2184,2184
3,236,57,2176,2176,2176,2176,2176
3,236,58,136,136,136,136,136
3,236,59,2184,2184,2184,2184,2184
3,236,60,2176,2176,2176,2176,2176
3,236,61,136,136,136,136,136
3,236,62,2184,2184,2184,2184,2184
3,236,63,2176,2176,2176,2176,2176
3,236,64,136,136,136,136,136
3,236,65,2184,2184,2184,2184,2184
3,236,66,2176,2176,2176,2176,2176
3,236,67,136,136,136,136,136
3,236,68,2184,2184,2184,2184,2184
3,236,69,2176,2176,2176,2176,2176
3,236,70,136,136,136,136,136
3,236,71,2184,2184,2184,2184,2184
3,236,72,2176,2176,2176,2176,2176
3,236,73,136,136,136,136,136
3,236,74,2184,2184,2184,2184,2184
3,236,75,2176,2176,2176,2176,2176
3,236,76,136,136,136,136,136
3,236,77,2184,2184,2184,2184,2184
3,236,78,2176,2176,2176,2176,2176
3,236,79,136,136,136,136,136
3,236,80,2184,2184,2184,2184,2184
3,237,0,2176,2176,2176,2176,2176
3,237,1,136,136,136,136,136
3,237,2,2184,2184,2184,2184,2184
3,237,3,2176,2176,2176,2176,2176
3,237,4,136,136,136,136,136
3,237,5,2184,2184,2184,2184,2184
3,237,6,2176,2176,2176,2176,2176
3,237,7,136,136,136,136,136
3,237,8,2184,2184,2184,2184,2184
3,237,9,2176,2176,2176,2176,2176
3,237,10,136,136,136,136,136
3,237,11,2184,2184,2184,2184,2184
3,237,12,2176,2176,2176,2176,2176
3,237,13,136,136,136,136,136
3,237,14,2184,2184,2184,2184,2184
3,237,15,2176,2176,2176,2176,2176
3,237,16,136,136,136,136,136
3,237,17,2184,2184,2184,2184,2184
3,237,18,2176,2176,2176,2176,2176
3,237,19,136,136,136,136,136
3,237,20,2184,2184,2184,2184,2184
3,237,21,2176,2176,2176,2176,2176
3,237,22,136,136,136,136,136
3,237,23,2184,2184,2184,2184,2184
3,237,24,2176,2176,2176,2176,2176
3,237,25,136,136,136,136,136
3,237,26,2184,2184,2184,2184,2184
3,237,27,2176,2176,2176,2176,2176
3,237,28,136,136,136,136,136
3,237,29,2184,2184,2184,2184,2184
3,237,30,2176,2176,2176,2176,2176
3,237,31,136,136,136,136,136
3,237,32,2184,2184,2184,2184,2184
3,237,33,2176,2176,2176,2176,2176
3,237,34,136,136,136,136,136
3,237,35,2184,2184,2184,2184,2184
3,237,36,2176,2176,2176,2176,2176
3,237,37,136,136,136,136,136
3,237,38,2184,2184,2184,2184,2184
3,237,39,2176,2176,2176,2176,2176
3,237,40,136,136,136,136,136
3,237,41,2184,2184,2184,2184,2184
3,237,42,2176,2176,2176,2176,2176
3,237,43,136,136,136,136,136
3,237,44,2184,2184,2184,2184,2184
3,237,45,2176,2176,2176,2176,2176
3,237,46,136,136,136,136,136
3,237,47,2184,2184,2184,2184,2184
3,237,48,2176,2176,2176,2176,2176
3,237,49,136,136,136,136,136
3,237,50,2184,2184,2184,2184,2184
3,237,51,2176,2176,2176,2176,2176
3,237,52,136,136,136,136,136
3,237,53,2184,2184,2184,2184,2184
3,237,54,2176,2176,2176,2176,2176
3,237,55,136,136,136,136,136
3,237,56,2184,2184,2184,2184,2184
3,237,57,2176,2176,2176,2176,2176
3,237,58,136,136,136,136,136
3,237,59,2184,2184,2184,2184,2184
3,237,60,2176,2176,2176,2176,2176
3,237,61,136,136,136,136,136
3,237,62,2184,2184,2184,2184,2184
3,237,63,2176,2176,2176,2176,2176
3,237,64,136,136,136,136,136
3,237,65,2184,2184,2184,2184,2184
3,237,66,2176,2176,2176,2176,2176
3,237,67,136,136,136,136,136
3,237,68,2184,2184,2184,2184,2184
3,237,69,2176,2176,2176,2176,2176
3,237,70,136,136,136,136,136
3,237,71,2184,2184,2184,2184,2184
3,237,72,2176,2176,2176,2176,2176
3,237,73,136,136,136,136,136
3,237,74,2184,2184,2184,2184,2184
3,237,75,2176,2176,2176,2176,2176
3,237,76,136,136,136,136,136
3,237,77,2184,2184,2184,2184,2184
3,237,78,2176,2176,2176,2176,2176
3,237,79,136,136,136,136,136
3,237,80,2184,2184,2184,2184,2184
3,238,0,2176,2176,2176,2176,2176
3,238,1,136,136,136,136,136
3,238,2,2184,2184,2184,2184,2184
3,238,3,2176,2176,2176,2176,2176
3,238,4,136,136,136,136,136
3,238,5,2184,2184,2184,2184,2184
3,238,6,2176,2176,2176,2176,2176
3,238,7,136,136,136,136,136
3,238,8,2184,2184,2184,2184,2184
3,238,9,2176,2176,2176,2176,2176
3,238,10,136,136,136,136,136
3,238,11,2184,2184,2184,2184,2184
3,238,12,2176,2176,2176,2176,2176
3,238,13,136,136,136,136,136
3,238,14,2184,2184,2184,2184,2184
3,238,15,2176,2176,2176,2176,2176
3,238,16,136,136,136,136,136
3,238,17,2184,2184,2184,2184,2184
3,238,18,2176,2176,2176,2176,2176
3,238,19,136,136,136,136,136
3,238,20,2184,2184,2184,2184,2184
3,238,21,2176,2176,2176,2176,2176
3,238,22,136,136,136,136,136
3,238,23,2184,2184,2184,2184,2184
3,238,24,2176,2176,2176,2176,2176
3,238,25,136,136,136,136,136
3,238,26,2184,2184,2184,2184,2184
3,238,27,2176,2176,2176,2176,2176
3,238,28,136,136,136,136,136
3,238,29,2184,2184,2184,2184,2184
3,238,30,2176,2176,2176,2176,2176
3,238,31,136,136,136,136,136
3,238,32,2184,2184,2184,2184,2184
3,238,33,2176,2176,2176,2176,2176
3,238,34,136,136,136,136,136
3,238,35,2184,2184,2184,2184,2184
3,238,36,2176,2176,2176,2176,2176
3,238,37,136,136,136,136,136
3,238,38,2184,2184,2184,2184,2184
3,238,39,2176,2176,2176,2176,2176
3,238,40,136,136,136,136,136
3,238,41,2184,2184,2184,2184,2184
3,238,42,2176,2176,2176,2176,2176
3,238,43,136,136,136,136,136
3,238,44,2184,2184,2184,2184,2184
3,238,45,2176,2176,2176,2176,2176
3,238,46,136,136,136,136,136
3,238,47,2184,2184,2184,2184,2184
3,238,48,2176,2176,2176,2176,2176
3,238,49,136,136,136,136,136
3,238,50,2184,2184,2184,2184,2184
3,238,51,2176,2176,2176,2176,2176
3,238,52,136,136,136,136,136
3,238,53,2184,2184,2184,2184,2184
3,238,54,2176,2176,2176,2176,2176
3,238,55,136,136,136,136,136
3,238,56,2184,2184,2184,2184,2184
3,238,57,2176,2176,2176,2176,2176
3,238,58,136,136,136,136,136
3,238,59,2184,2184,2184,2184,2184
3,238,60,2176,2176,2176,2176,2176
3,238,61,136,136,136,136,136
3,238,62,2184,2184,2184,2184,2184
3,238,63,2176,2176,2176,2176,2176
3,238,64,136,136,136,136,136
3,238,65,2184,2184,2184,2184,2184
3,238,66,2176,2176,2176,2176,2176
3,238,67,136,136,136,136,136
3,238,68,2184,2184,2184,2184,2184
3,238,69,2176,2176,2176,2176,2176
3,238,70,136,136,136,136,136
3,238,71,2184,2184,2184,2184,2184
3,238,72,2176,2176,2176,2176,2176
3,238,73,136,136,136,136,136
3,238,74,2184,2184,2184,2184,2184
3,238,75,2176,2176,2176,2176,2176
3,238,76,136,136,136,136,136
3,238,77,2184,2184,2184,2184,2184
3,238,78,2176,2176,2176,2176,2176
3,238,79,136,136,136,136,136
3,238,80,2184,2184,2184,2184,2184
3,239,0,2176,2176,2176,2176,2176
3,239,1,136,136,136,136,136
3,239,2,2184,2184,2184,2184,2184
3,239,3,2176,2176,2176,2176,2176
3,239,4,136,136,136,136,136
3,239,5,2184,2184,2184,2184,2184
3,239,6,2176,2176,2176,2176,2176
3,239,7,136,136,136,136,136
3,239,8,2184,2184,2184,2184,2184
3,239,9,2176,2176,2176,2176,2176
3,239,10,136,136,136,136,136
3,239,11,2184,2184,2184,2184,2184
3,239,12,2176,2176,2176,2176,2176
3,239,13,136,136,136,136,136
3,239,14,2184,2184,2184,2184,2184
3,239,15,2176,2176,2176,2176,2176
3,239,16,136,136,136,136,136
3,239,17,2184,2184,2184,2184,2184
3,239,18,2176,2176,2176,2176,2176
3,239,19,136,136,136,136,136
3,239,20,2184,2184,2184,2184,2184
3,239,21,2176,2176,2176,2176,2176
3,239,22,136,136,136,136,136
3,239,23,2184,2184,2184,2184,2184
3,239,24,2176,2176,2176,2176,2176
3,239,25,136,136,136,136,136
3,239,26,2184,2184,2184,2184,2184
3,239,27,2176,2176,2176,2176,2176
3,239,28,136,136,136,136,136
3,239,29,2184,2184,2184,2184,2184
3,239,30,2176,2176,2176,2176,2176
3,239,31,136,136,136,136,136
3,239,32,2184,2184,2184,2184,2184
3,239,33,2176,2176,2176,2176,2176
3,239,34,136,136,136,136,136
3,239,35,2184,2184,2184,2184,2184
3,239,36,2176,2176,2176,2176,2176
3,239,37,136,136,136,136,136
3,239,38,2184,2184,2184,2184,2184
3,239,39,2176,2176,2176,2176,2176
3,239,40,136,136,136,136,136
3,239,41,2184,2184,2184,2184,2184
3,239,42,2176,2176,2176,2176,2176
3,239,43,136,136,136,136,136
3,239,44,2184,2184,2184,2184,2184
3,239,45,2176,2176,2176,2176,2176
3,239,46,136,136,136,136,136
3,239,47,2184,2184,2184,2184,2184
3,239,48,2176,2176,2176,2176,2176
3,239,49,136,136,136,136,136
3,239,50,2184,2184,2184,2184,2184
3,239,51,2176,2176,2176,2176,2176
3,239,52,136,136,136,136,136
3,239,53,2184,2184,2184,2184,2184
3,239,54,2176,2176,2176,2176,2176
3,239,55,136,136,136,136,136
3,239,56,2184,2184,2184,2184,2184
3,239,57,2176,2176,2176,2176,2176
3,239,58,136,136,136,136,136
3,239,59,2184,2184,2184,2184,2184
3,239,60,2176,2176,2176,2176,2176
3,239,61,136,136,136,136,136
3,239,62,2184,2184,2184,2184,2184
3,239,63,2176,2176,2176,2176,2176
3,239,64,136,136,136,136,136
3,239,65,2184,2184,2184,2184,2184
3,239,66,2176,2176,2176,2176,2176
3,239,67,136,136,136,136,136
3,239,68,2184,2184,2184,2184,2184
3,239,69,2176,2176,2176,2176,2176
3,239,70,136,136,136,136,136
3,239,71,2184,2184,2184,2184,2184
3,239,72,2176,2176,2176,2176,2176
3,239,73,136,136,136,136,136
3,239,74,2184,2184,2184,2184,2184
3,239,75,2176,2176,2176,2176,2176
3,239,76,136,136,136,136,136
3,239,77,2184,2184,2184,2184,2184
3,239,78,2176,2176,2176,2176,2176
3,239,79,136,136,136,136,136
3,239,80,2184,2184,2184,2184,2184
3,240,0,128,128,128,128,128
3,240,1,128,128,128,128,128
3,240,2,128,128,128,128,128
3,240,3,128,128,128,128,128
3,240,4,128,128,128,128,128
3,240,5,128,128,128,128,128
3,240,6,128,128,128,128,128
3,240,7,128,128,128,128,128
3,240,8,128,128,128,128,128
3,240,9,128,128,128,128,128
3,240,10,128,128,128,128,128
3,240,11,128,128,128,128,128
3,240,12,128,128,128,128,128
3,240,13,128,128,128,128,128
3,240,14,128,128,128,128,128
3,240,15,128,128,128,128,128
3,240,16,128,128,128,128,128
3,240,17,128,128,128,128,128
3,240,18,128,128,128,128,128
3,240,19,128,128,128,128,128
3,240,20,128,128,128,128,128
3,240,21,128,128,128,128,128
3,240,22,128,128,128,128,128
3,240,23,128,128,128,128,128
3,240,24,128,128,128,128,128
3,240,25,128,128,128,128,128
3,240,26,128,128,128,128,128
3,240,27,128,128,128,128,128
3,240,28,128,128,128,128,128
3,240,29,128,128,128,128,128
3,240,30,128,128,128,128,128
3,240,31,128,128,128,128,128
3,240,32,128,128,128,128,128
3,240,33,128,128,128,128,128
3,240,34,128,128,128,128,128
3,240,35,128,128,128,128,128
3,240,36,128,128,128,128,128
3,240,37,128,128,128,128,128
3,240,38,128,128,128,128,128
3,240,39,128,128,128,128,128
3,240,40,128,128,128,128,128
3,240,41,128,128,128,128,128
3,240,42,128,128,128,128,128
3,240,43,128,128,128,128,128
3,240,44,128,128,128,128,128
3,240,45,128,128,128,128,128
3,240,46,128,128,128,128,128
3,240,47,128,128,128,128,128
3,240,48,128,128,128,128,128
3,240,49,128,128,128,128,128
3,240,50,128,128,128,128,128
3,240,51,128,128,128,128,128
3,240,52,128,128,128,128,128
3,240,53,128,128,128,128,128
3,240,54,128,128,128,128,128
3,240,55,128,128,128,128,128
3,240,56,128,128,128,128,128
3,240,57,128,128,128,128,128
3,240,58,128,128,128,128,128
3,240,59,128,128,128,128,128
3,240,60,128,128,128,128,128
3,240,61,128,128,128,128,128
3,240,62,128,128,128,128,128
3,240,63,128,128,128,128,128
3,240,64,128,128,128,128,128
3,240,65,128,128,128,128,128
3,240,66,128,128,128,128,128
3,240,67,128,128,128,128,128
3,240,68,128,128,128,128,128
3,240,69,128,128,128,128,128
3,240,70,128,128,128,128,128
3,240,71,128,128,128,128,128
3,240,72,128,128,128,128,128
3,240,73,128,128,128,128,128
3,240,74,128,128,128,128,128
3,240,75,128,128,128,128,128
3,240,76,128,128,128,128,128
3,240,77,128,128,128,128,128
3,240,78,128,128,128,128,128
3,240,79,128,128,128,128,128
3,240,80,128,128,128,128,128
3,241,0,2176,2176,2176,2176,2176
3,241,1,136,136,136,136,136
3,241,2,2184,2184,2184,2184,2184
3,241,3,2176,2176,2176,2176,2176
3,241,4,136,136,136,136,136
3,241,5,2184,2184,2184,2184,2184
3,241,6,2176,2176,2176,2176,2176
3,241,7,136,136,136,136,136
3,241,8,2184,2184,2184,2184,2184
3,241,9,2176,2176,2176,2176,2176
3,241,10,136,136,136,136,136
3,241,11,2184,2184,2184,2184,2184
3,241,12,2176,2176,2176,2176,2176
3,241,13,136,136,136,136,136
3,241,14,2184,2184,2184,2184,2184
3,241,15,2176,2176,2176,2176,2176
3,241,16,136,136,136,136,136
3,241,17,2184,2184,2184,2184,2184
3,241,18,2176,2176,2176,2176,2176
3,241,19,136,136,136,136,136
3,241,20,2184,2184,2184,2184,2184
3,241,21,2176,2176,2176,2176,2176
3,241,22,136,136,136,136,136
3,241,23,2184,2184,2184,2184,2184
3,241,24,2176,2176,2176,2176,2176
3,241,25,136,136,136,136,136
3,241,26,2184,2184,2184,2184,2184
3,241,27,2176,2176,2176,2176,2176
3,241,28,136,136,136,136,136
3,241,29,2184,2184,2184,2184,2184
3,241,30,2176,2176,2176,2176,2176
3,241,31,136,136,136,136,136
3,241,32,2184,2184,2184,2184,2184
3,241,33,2176,2176,2176,2176,2176
3,241,34,136,136,136,136,136
3,241,35,2184,2184,2184,2184,2184
3,241,36,2176,2176,2176,2176,2176
3,241,37,136,136,136,136,136
3,241,38,2184,2184,2184,2184,2184
3,241,39,2176,2176,2176,2176,2176
3,241,40,136,136,136,136,136
3,241,41,2184,2184,2184,2184,2184
3,241,42,2176,2176,2176,2176,2176
3,241,43,136,136,136,136,136
3,241,44,2184,2184,2184,2184,2184
3,241,45,2176,2176,2176,2176,2176
3,241,46,136,136,136,136,136
3,241,47,2184,2184,2184,2184,2184
3,241,48,2176,2176,2176,2176,2176
3,241,49,136,136,136,136,136
3,241,50,2184,2184,2184,2184,2184
3,241,51,2176,2176,2176,2176,2176
3,241,52,136,136,136,136,136
3,241,53,2184,2184,2184,2184,2184
3,241,54,2176,2176,2176,2176,2176
3,241,55,136,136,136,136,136
3,241,56,2184,2184,2184,2184,2184
3,241,57,2176,2176,2176,2176,2176
3,241,58,136,136,136,136,136
3,241,59,2184,2184,2184,2184,2184
3,241,60,2176,2176,2176,2176,2176
3,241,61,136,136,136,136,136
3,241,62,2184,2184,2184,2184,2184
3,241,63,2176,2176,2176,2176,2176
3,241,64,136,136,136,136,136
3,241,65,2184,2184,2184,2184,2184
3,241,66,2176,2176,2176,2176,2176
3,241,67,136,136,136,136,136
3,241,68,2184,2184,2184,2184,2184
3,241,69,2176,2176,2176,2176,2176
3,241,70,136,136,136,136,136
3,241,71,2184,2184,2184,2184,2184
3,241,72,2176,2176,2176,2176,2176
3,241,73,136,136,136,136,136
3,241,74,2184,2184,2184,2184,2184
3,241,75,2176,2176,2176,2176,2176
3,241,76,136,136,136,136,136
3,241,77,2184,2184,2184,2184,2184
3,241,78,2176,2176,2176,2176,2176
3,241,79,136,136,136,136,136
3,241,80,2184,2184,2184,2184,2184
3,242,0,2176,2176,2176,2176,2176
3,242,1,136,136,136,136,136
3,242,2,2184,2184,2184,2184,2184
3,242,3,2176,2176,2176,2176,2176
3,242,4,136,136,136,136,136
3,242,5,2184,2184,2184,2184,2184
3,242,6,2176,2176,2176,2176,2176
3,242,7,136,136,136,136,136
3,242,8,2184,2184,2184,2184,2184
3,242,9,2176,2176,2176,2176,2176
3,242,10,136,136,136,136,136
3,242,11,2184,2184,2184,2184,2184
3,242,12,2176,2176,2176,2176,2176
3,242,13,136,136,136,136,136
3,242,14,2184,2184,2184,2184,2184
3,242,15,2176,2176,2176,2176,2176
3,242,16,136,136,136,136,136
3,242,17,2184,2184,2184,2184,2184
3,242,18,2176,2176,2176,2176,2176
3,242,19,136,136,136,136,136
3,242,20,2184,2184,2184,2184,2184
3,242,21,2176,2176,2176,2176,2176
3,242,22,136,136,136,136,136
3,242,23,2184,2184,2184,2184,2184
3,242,24,2176,2176,2176,2176,2176
3,242,25,136,136,136,136,136
3,242,26,2184,2184,2184,2184,2184
3,242,27,2176,2176,2176,2176,2176
3,242,28,136,136,136,136,136
3,242,29,2184,2184,2184,2184,2184
3,242,30,2176,2176,2176,2176,2176
3,242,31,136,136,136,136,136
3,242,32,2184,2184,2184,2184,2184
3,242,33,2176,2176,2176,2176,2176
3,242,34,136,136,136,136,136
3,242,35,2184,2184,2184,2184,2184
3,242,36,2176,2176,2176,2176,2176
3,242,37,136,136,136,136,136
3,242,38,2184,2184,2184,2184,2184
3,242,39,2176,2176,2176,2176,2176
3,242,40,136,136,136,136,136
3,242,41,2184,2184,2184,2184,2184
3,242,42,2176,2176,2176,2176,2176
3,242,43,136,136,136,136,136
3,242,44,2184,2184,2184,2184,2184
3,242,45,2176,2176,2176,2176,2176
3,242,46,136,136,136,136,136
3,242,47,2184,2184,2184,2184,2184
3,242,48,2176,2176,2176,2176,2176
3,242,49,136,136,136,136,136
3,242,50,2184,2184,2184,2184,2184
3,242,51,2176,2176,2176,2176,2176
3,242,52,136,136,136,136,136
3,242,53,2184,2184,2184,2184,2184
3,242,54,2176,2176,2176,2176,2176
3,242,55,136,136,136,136,136
3,242,56,2184,2184,2184,2184,2184
3,242,57,2176,2176,2176,2176,2176
3,242,58,136,136,136,136,136
3,242,59,2184,2184,2184,2184,2184
3,242,60,2176,2176,2176,2176,2176
3,242,61,136,136,136,136,136
3,242,62,2184,2184,2184,2184,2184
3,242,63,2176,2176,2176,2176,2176
3,242,64,136,136,136,136,136
3,242,65,2184,2184,2184,2184,2184
3,242,66,2176,2176,2176,2176,2176
3,242,67,136,136,136,136,136
3,242,68,2184,2184,2184,2184,2184
3,242,69,2176,2176,2176,2176,2176
3,242,70,136,136,136,136,136
3,242,71,2184,2184,2184,2184,2184
3,242,72,2176,2176,2176,2176,2176
3,242,73,136,136,136,136,136
3,242,74,2184,2184,2184,2184,2184
3,242,75,2176,2176,2176,2176,2176
3,242,76,136,136,136,136,136
3,242,77,2184,2184,2184,2184,2184
3,242,78,2176,2176,2176,2176,2176
3,242,79,136,136,136,136,136
3,242,80,2184,2184,2184,2184,2184
3,243,0,2176,2176,2176,2176,2176
3,243,1,136,136,136,136,136
3,243,2,2184,2184,2184,2184,2184
3,243,3,2176,2176,2176,2176,2176
3,243,4,136,136,136,136,136
3,243,5,2184,2184,2184,2184,2184
3,243,6,2176,2176,2176,2176,2176
3,243,7,136,136,136,136,136
3,243,8,2184,2184,2184,2184,2184
3,243,9,2176,2176,2176,2176,2176
3,243,10,136,136,136,136,136
3,243,11,2184,2184,2184,2184,2184
3,243,12,2176,2176,2176,2176,2176
3,243,13,136,136,136,136,136
3,243,14,2184,2184,2184,2184,2184
3,243,15,2176,2176,2176,2176,2176
3,243,16,136,136,136,136,136
3,243,17,2184,2184,2184,2184,2184
3,243,18,2176,2176,2176,2176,2176
3,243,19,136,136,136,136,136
3,243,20,2184,2184,2184,2184,2184
3,243,21,2176,2176,2176,2176,2176
3,243,22,136,136,136,136,136
3,243,23,2184,2184,2184,2184,2184
3,243,24,2176,2176,2176,2176,2176
3,243,25,136,136,136,136,136
3,243,26,2184,2184,2184,2184,2184
3,243,27,2176,2176,2176,2176,2176
3,243,28,136,136,136,136,136
3,243,29,2184,2184,2184,2184,2184
3,243,30,2176,2176,2176,2176,2176
3,243,31,136,136,136,136,136
3,243,32,2184,2184,2184,2184,2184
3,243,33,2176,2176,2176,2176,2176
3,243,34,136,136,136,136,136
3,243,35,2184,2184,2184,2184,2184
3,243,36,2176,2176,2176,2176,2176
3,243,37,136,136,136,136,136
3,243,38,2184,2184,2184,2184,2184
3,243,39,2176,2176,2176,2176,2176
3,243,40,136,136,136,136,136
3,243,41,2184,2184,2184,2184,2184
3,243,42,2176,2176,2176,2176,2176
3,243,43,136,136,136,136,136
3,243,44,2184,2184,2184,2184,2184
3,243,45,2176,2176,2176,2176,2176
3,243,46,136,136,136,136,136
3,243,47,2184,2184,2184,2184,2184
3,243,48,2176,2176,2176,2176,2176
3,243,49,136,136,136,136,136
3,243,50,2184,2184,2184,2184,2184
3,243,51,2176,2176,2176,2176,2176
3,243,52,136,136,136,136,136
3,243,53,2184,2184,2184,2184,2184
3,243,54,2176,2176,2176,2176,2176
3,243,55,136,136,136,136,136
3,243,56,2184,2184,2184,2184,2184
3,243,57,2176,2176,2176,2176,2176
3,243,58,136,136,136,136,136
3,243,59,2184,2184,2184,2184,2184
3,243,60,2176,2176,2176,2176,2176
3,243,61,136,136,136,136,136
3,243,62,2184,2184,2184,2184,2184
3,243,63,2176,2176,2176,2176,2176
3,243,64,136,136,136,136,136
3,243,65,2184,2184,2184,2184,2184
3,243,66,2176,2176,2176,2176,2176
3,243,67,136,136,136,136,136
3,243,68,2184,2184,2184,2184,2184
3,243,69,2176,2176,2176,2176,2176
3,243,70,136,136,136,136,136
3,243,71,2184,2184,2184,2184,2184
3,243,72,2176,2176,2176,2176,2176
3,243,73,136,136,136,136,136
3,243,74,2184,2184,2184,2184,2184
3,243,75,2176,2176,2176,2176,2176
3,243,76,136,136,136,136,136
3,243,77,2184,2184,2184,2184,2184
3,243,78,2176,2176,2176,2176,2176
3,243,79,136,136,136,136,136
3,243,80,2184,2184,2184,2184,2184
3,244,0,2176,2176,2176,2176,2176
3,244,1,136,136,136,136,136
3,244,2,2184,2184,2184,2184,2184
3,244,3,2176,2176,2176,2176,2176
3,244,4,136,136,136,136,136
3,244,5,2184,2184,2184,2184,2184
3,244,6,2176,2176,2176,2176,2176
3,244,7,136,136,136,136,136
3,244,8,2184,2184,2184,2184,2184
3,244,9,2176,2176,2176,2176,2176
3,244,10,136,136,136,136,136
3,244,11,2184,2184,2184,2184,2184
3,244,12,2176,2176,2176,2176,2176
3,244,13,136,136,136,136,136
3,244,14,2184,2184,2184,2184,2184
3,244,15,2176,2176,2176,2176,2176
3,244,16,136,136,136,136,136
3,244,17,2184,2184,2184,2184,2184
3,244,18,2176,2176,2176,2176,2176
3,244,19,136,136,136,136,136
3,244,20,2184,2184,2184,2184,2184
3,244,21,2176,2176,2176,2176,2176
3,244,22,136,136,136,136,136
3,244,23,2184,2184,2184,2184,2184
3,244,24,2176,2176,2176,2176,2176
3,244,25,136,136,136,136,136
3,244,26,2184,2184,2184,2184,2184
3,244,27,2176,2176,2176,2176,2176
3,244,28,136,136,136,136,136
3,244,29,2184,2184,2184,2184,2184
3,244,30,2176,2176,2176,2176,2176
3,244,31,136,136,136,136,136
3,244,32,2184,2184,2184,2184,2184
3,244,33,2176,2176,2176,2176,2176
3,244,34,136,136,136,136,136
3,244,35,2184,2184,2184,2184,2184
3,244,36,2176,2176,2176,2176,2176
3,244,37,136,136,136,136,136
3,244,38,2184,2184,2184,2184,2184
3,244,39,2176,2176,2176,2176,2176
3,244,40,136,136,136,136,136
3,244,41,2184,2184,2184,2184,2184
3,244,42,2176,2176,2176,2176,2176
3,244,43,136,136,136,136,136
3,244,44,2184,2184,2184,2184,2184
3,244,45,2176,2176,2176,2176,2176
3,244,46,136,136,136,136,136
3,244,47,2184,2184,2184,2184,2184
3,244,48,2176,2176,2176,2176,2176
3,244,49,136,136,136,136,136
3,244,50,2184,2184,2184,2184,2184
3,244,51,2176,2176,2176,2176,2176
3,244,52,136,136,136,136,136
3,244,53,2184,2184,2184,2184,2184
3,244,54,2176,2176,2176,2176,2176
3,244,55,136,136,136,136,136
3,244,56,2184,2184,2184,2184,2184
3,244,57,2176,2176,2176,2176,2176
3,244,58,136,136,136,136,136
3,244,59,2184,2184,2184,2184,2184
3,244,60,2176,2176,2176,2176,2176
3,244,61,136,136,136,136,136
3,244,62,2184,2184,2184,2184,2184
3,244,63,2176,2176,2176,2176,2176
3,244,64,136,136,136,136,136
3,244,65,2184,2184,2184,2184,2184
3,244,66,2176,2176,2176,2176,2176
3,244,67,136,136,136,136,136
3,244,68,2184,2184,2184,2184,2184
3,244,69,2176,2176,2176,2176,2176
3,244,70,136,136,136,136,136
3,244,71,2184,2184,2184,2184,2184
3,244,72,2176,2176,2176,2176,2176
3,244,73,136,136,136,136,136
3,244,74,2184,2184,2184,2184,2184
3,244,75,2176,2176,2176,2176,2176
3,244,76,136,136,136,136,136
3,244,77,2184,2184,2184,2184,2184
3,244,78,2176,2176,2176,2176,2176
3,244,79,136,136,136,136,136
3,244,80,2184,2184,2184,2184,2184
3,245,0,2176,2176,2176,2176,2176
3,245,1,136,136,136,136,136
3,245,2,2184,2184,2184,2184,2184
3,245,3,2176,2176,2176,2176,2176
3,245,4,136,136,136,136,136
3,245,5,2184,2184,2184,2184,2184
3,245,6,2176,2176,2176,2176,2176
3,245,7,136,136,136,136,136
3,245,8,2184,2184,2184,2184,2184
3,245,9,2176,2176,2176,2176,2176
3,245,10,136,136,136,136,136
3,245,11,2184,2184,2184,2184,2184
3,245,12,2176,2176,2176,2176,2176
3,245,13,136,136,136,136,136
3,245,14,2184,2184,2184,2184,2184
3,245,15,2176,2176,2176,2176,2176
3,245,16,136,136,136,136,136
3,245,17,2184,2184,2184,2184,2184
3,245,18,2176,2176,2176,2176,2176
3,245,19,136,136,136,136,136
3,245,20,2184,2184,2184,2184,2184
3,245,21,2176,2176,2176,2176,2176
3,245,22,136,136,136,136,136
3,245,23,2184,2184,2184,2184,2184
3,245,24,2176,2176,2176,2176,2176
3,245,25,136,136,136,136,136
3,245,26,2184,2184,2184,2184,2184
3,245,27,2176,2176,2176,2176,2176
3,245,28,136,136,136,136,136
3,245,29,2184,2184,2184,2184,2184
3,245,30,2176,2176,2176,2176,2176
3,245,31,136,136,136,136,136
3,245,32,2184,2184,2184,2184,2184
3,245,33,2176,2176,2176,2176,2176
3,245,34,136,136,136,136,136
3,245,35,2184,2184,2184,2184,2184
3,245,36,2176,2176,2176,2176,2176
3,245,37,136,136,136,136,136
3,245,38,2184,2184,2184,2184,2184
3,245,39,2176,2176,2176,2176,2176
3,245,40,136,136,136,136,136
3,245,41,2184,2184,2184,2184,2184
3,245,42,2176,2176,2176,2176,2176
3,245,43,136,136,136,136,136
3,245,44,2184,2184,2184,2184,2184
3,245,45,2176,2176,2176,2176,2176
3,245,46,136,136,136,136,136
3,245,47,2184,2184,2184,2184,2184
3,245,48,2176,2176,2176,2176,2176
3,245,49,136,136,136,136,136
3,245,50,2184,2184,2184,2184,2184
3,245,51,2176,2176,2176,2176,2176
3,245,52,136,136,136,136,136
3,245,53,2184,2184,2184,2184,2184
3,245,54,2176,2176,2176,2176,2176
3,245,55,136,136,136,136,136
3,245,56,2184,2184,2184,2184,2184
3,245,57,2176,2176,2176,2176,2176
3,245,58,136,136,136,136,136
3,245,59,2184,2184,2184,2184,2184
3,245,60,2176,2176,2176,2176,2176
3,245,61,136,136,136,136,136
3,245,62,2184,2184,2184,2184,2184
3,245,63,2176,2176,2176,2176,2176
3,245,64,136,136,136,136,136
3,245,65,2184,2184,2184,2184,2184
3,245,66,2176,2176,2176,2176,2176
3,245,67,136,136,136,136,136
3,245,68,2184,2184,2184,2184,2184
3,245,69,2176,2176,2176,2176,2176
3,245,70,136,136,136,136,136
3,245,71,2184,2184,2184,2184,2184
3,245,72,2176,2176,2176,2176,2176
3,245,73,136,136,136,136,136
3,245,74,2184,2184,2184,2184,2184
3,245,75,2176,2176,2176,2176,2176
3,245,76,136,136,136,136,136
3,245,77,2184,2184,2184,2184,2184
3,245,78,2176,2176,2176,2176,2176
3,245,79,136,136,136,136,136
3,245,80,2184,2184,2184,2184,2184
3,246,0,2176,2176,2176,2176,2176
3,246,1,136,136,136,136,136
3,246,2,2184,2184,2184,2184,2184
3,246,3,2176,2176,2176,2176,2176
3,246,4,136,136,136,136,136
3,246,5,2184,2184,2184,2184,2184
3,246,6,2176,2176,2176,2176,2176
3,246,7,136,136,136,136,136
3,246,8,2184,2184,2184,2184,2184
3,246,9,2176,2176,2176,2176,2176
3,246,10,136,136,136,136,136
3,246,11,2184,2184,2184,2184,2184
3,246,12,2176,2176,2176,2176,2176
3,246,13,136,136,136,136,136
3,246,14,2184,2184,2184,2184,2184
3,246,15,2176,2176,2176,2176,2176
3,246,16,136,136,136,136,136
3,246,17,2184,2184,2184,2184,2184
3,246,18,2176,2176,2176,2176,2176
3,246,19,136,136,136,136,136
3,246,20,2184,2184,2184,2184,2184
3,246,21,2176,2176,2176,2176,2176
3,246,22,136,136,136,136,136
3,246,23,2184,2184,2184,2184,2184
3,246,24,2176,2176,2176,2176,2176
3,246,25,136,136,136,136,136
3,246,26,2184,2184,2184,2184,2184
3,246,27,2176,2176,2176,2176,2176
3,246,28,136,136,136,136,136
3,246,29,2184,2184,2184,2184,2184
3,246,30,2176,2176,2176,2176,2176
3,246,31,136,136,136,136,136
3,246,32,2184,2184,2184,2184,2184
3,246,33,2176,2176,2176,2176,2176
3,246,34,136,136,136,136,136
3,246,35,2184,2184,2184,2184,2184
3,246,36,2176,2176,2176,2176,2176
3,246,37,136,136,136,136,136
3,246,38,2184,2184,2184,2184,2184
3,246,39,2176,2176,2176,2176,2176
3,246,40,136,136,136,136,136
3,246,41,2184,2184,2184,2184,2184
3,246,42,2176,2176,2176,2176,2176
3,246,43,136,136,136,136,136
3,246,44,2184,2184,2184,2184,2184
3,246,45,2176,2176,2176,2176,2176
3,246,46,136,136,136,136,136
3,246,47,2184,2184,2184,2184,2184
3,246,48,2176,2176,2176,2176,2176
3,246,49,136,136,136,136,136
3,246,50,2184,2184,2184,2184,2184
3,246,51,2176,2176,2176,2176,2176
3,246,52,136,136,136,136,136
3,246,53,2184,2184,2184,2184,2184
3,246,54,2176,2176,2176,2176,2176
3,246,55,136,136,136,136,136
3,246,56,2184,2184,2184,2184,2184
3,246,57,2176,2176,2176,2176,2176
3,246,58,136,136,136,136,136
3,246,59,2184,2184,2184,2184,2184
3,246,60,2176,2176,2176,2176,2176
3,246,61,136,136,136,136,136
3,246,62,2184,2184,2184,2184,2184
3,246,63,2176,2176,2176,2176,2176
3,246,64,136,136,136,136,136
3,246,65,2184,2184,2184,2184,2184
3,246,66,2176,2176,2176,2176,2176
3,246,67,136,136,136,136,136
3,246,68,2184,2184,2184,2184,2184
3,246,69,2176,2176,2176,2176,2176
3,246,70,136,136,136,136,136
3,246,71,2184,2184,2184,2184,2184
3,246,72,2176,2176,2176,2176,2176
3,246,73,136,136,136,136,136
3,246,74,2184,2184,2184,2184,2184
3,246,75,2176,2176,2176,2176,2176
3,246,76,136,136,136,136,136
3,246,77,2184,2184,2184,2184,2184
3,246,78,2176,2176,2176,2176,2176
3,246,79,136,136,136,136,136
3,246,80,2184,2184,2184,2184,2184
3,247,0,2176,2176,2176,2176,2176
3,247,1,136,136,136,136,136
3,247,2,2184,2184,2184,2184,2184
3,247,3,2176,2176,2176,2176,2176
3,247,4,136,136,136,136,136
3,247,5,2184,2184,2184,2184,2184
3,247,6,2176,2176,2176,2176,2176
3,247,7,136,136,136,136,136
3,247,8,2184,2184,2184,2184,2184
3,247,9,2176,2176,2176,2176,2176
3,247,10,136,136,136,136,136
3,247,11,2184,2184,2184,2184,2184
3,247,12,2176,2176,2176,2176,2176
3,247,13,136,136,136,136,136
3,247,14,2184,2184,2184,2184,2184
3,247,15,2176,2176,2176,2176,2176
3,247,16,136,136,136,136,136
3,247,17,2184,2184,2184,2184,2184
3,247,18,2176,2176,2176,2176,2176
3,247,19,136,136,136,136,136
3,247,20,2184,2184,2184,2184,2184
3,247,21,2176,2176,2176,2176,2176
3,247,22,136,136,136,136,136
3,247,23,2184,2184,2184,2184,2184
3,247,24,2176,2176,2176,2176,2176
3,247,25,136,136,136,136,136
3,247,26,2184,2184,2184,2184,2184
3,247,27,2176,2176,2176,2176,2176
3,247,28,136,136,136,136,136
3,247,29,2184,2184,2184,2184,2184
3,247,30,2176,2176,2176,2176,2176
3,247,31,136,136,136,136,136
3,247,32,2184,2184,2184,2184,2184
3,247,33,2176,2176,2176,2176,2176
3,247,34,136,136,136,136,136
3,247,35,2184,2184,2184,2184,2184
3,247,36,2176,2176,2176,2176,2176
3,247,37,136,136,136,136,136
3,247,38,2184,2184,2184,2184,2184
3,247,39,2176,2176,2176,2176,2176
3,247,40,136,136,136,136,136
3,247,41,2184,2184,2184,2184,2184
3,247,42,2176,2176,2176,2176,2176
3,247,43,136,136,136,136,136
3,247,44,2184,2184,2184,2184,2184
3,247,45,2176,2176,2176,2176,2176
3,247,46,136,136,136,136,136
3,247,47,2184,2184,2184,2184,2184
3,247,48,2176,2176,2176,2176,2176
3,247,49,136,136,136,136,136
3,247,50,2184,2184,2184,2184,2184
3,247,51,2176,2176,2176,2176,2176
3,247,52,136,136,136,136,136
3,247,53,2184,2184,2184,2184,2184
3,247,54,2176,2176,2176,2176,2176
3,247,55,136,136,136,136,136
3,247,56,2184,2184,2184,2184,2184
3,247,57,2176,2176,2176,2176,2176
3,247,58,136,136,136,136,136
3,247,59,2184,2184,2184,2184,2184
3,247,60,2176,2176,2176,2176,2176
3,247,61,136,136,136,136,136
3,247,62,2184,2184,2184,2184,2184
3,247,63,2176,2176,2176,2176,2176
3,247,64,136,136,136,136,136
3,247,65,2184,2184,2184,2184,2184
3,247,66,2176,2176,2176,2176,2176
3,247,67,136,136,136,136,136
3,247,68,2184,2184,2184,2184,2184
3,247,69,2176,2176,2176,2176,2176
3,247,70,136,136,136,136,136
3,247,71,2184,2184,2184,2184,2184
3,247,72,2176,2176,2176,2176,2176
3,247,73,136,136,136,136,136
3,247,74,2184,2184,2184,2184,2184
3,247,75,2176,2176,2176,2176,2176
3,247,76,136,136,136,136,136
3,247,77,2184,2184,2184,2184,2184
3,247,78,2176,2176,2176,2176,2176
3,247,79,136,136,136,136,136
3,247,80,2184,2184,2184,2184,2184
3,248,0,2176,2176,2176,2176,2176
3,248,1,136,136,136,136,136
3,248,2,2184,2184,2184,2184,2184
3,248,3,2176,2176,2176,2176,2176
3,248,4,136,136,136,136,136
3,248,5,2184,2184,2184,2184,2184
3,248,6,2176,2176,2176,2176,2176
3,248,7,136,136,136,136,136
3,248,8,2184,2184,2184,2184,2184
3,248,9,2176,2176,2176,2176,2176
3,248,10,136,136,136,136,136
3,248,11,2184,2184,2184,2184,2184
3,248,12,2176,2176,2176,2176,2176
3,248,13,136,136,136,136,136
3,248,14,2184,2184,2184,2184,2184
3,248,15,2176,2176,2176,2176,2176
3,248,16,136,136,136,136,136
3,248,17,2184,2184,2184,2184,2184
3,248,18,2176,2176,2176,2176,2176
3,248,19,136,136,136,136,136
3,248,20,2184,2184,2184,2184,2184
3,248,21,2176,2176,2176,2176,2176
3,248,22,136,136,136,136,136
3,248,23,2184,2184,2184,2184,2184
3,248,24,2176,2176,2176,2176,2176
3,248,25,136,136,136,136,136
3,248,26,2184,2184,2184,2184,2184
3,248,27,2176,2176,2176,2176,2176
3,248,28,136,136,136,136,136
3,248,29,2184,2184,2184,2184,2184
3,248,30,2176,2176,2176,2176,2176
3,248,31,136,136,136,136,136
3,248,32,2184,2184,2184,2184,2184
3,248,33,2176,2176,2176,2176,2176
3,248,34,136,136,136,136,136
3,248,35,2184,2184,2184,2184,2184
3,248,36,2176,2176,2176,2176,2176
3,248,37,136,136,136,136,136
3,248,38,2184,2184,2184,2184,2184
3,248,39,2176,2176,2176,2176,2176
3,248,40,136,136,136,136,136
3,248,41,2184,2184,2184,2184,2184
3,248,42,2176,2176,2176,2176,2176
3,248,43,136,136,136,136,136
3,248,44,2184,2184,2184,2184,2184
3,248,45,2176,2176,2176,2176,2176
3,248,46,136,136,136,136,136
3,248,47,2184,2184,2184,2184,2184
3,248,48,2176,2176,2176,2176,2176
3,248,49,136,136,136,136,136
3,248,50,2184,2184,2184,2184,2184
3,248,51,2176,2176,2176,2176,2176
3,248,52,136,136,136,136,136
3,248,53,2184,2184,2184,2184,2184
3,248,54,2176,2176,2176,2176,2176
3,248,55,136,136,136,136,136
3,248,56,2184,2184,2184,2184,2184
3,248,57,2176,2176,2176,2176,2176
3,248,58,136,136,136,136,136
3,248,59,2184,2184,2184,2184,2184
3,248,60,2176,2176,2176,2176,2176
3,248,61,136,136,136,136,136
3,248,62,2184,2184,2184,2184,2184
3,248,63,2176,2176,2176,2176,2176
3,248,64,136,136,136,136,136
3,248,65,2184,2184,2184,2184,2184
3,248,66,2176,2176,2176,2176,2176
3,248,67,136,136,136,136,136
3,248,68,2184,2184,2184,2184,2184
3,248,69,2176,2176,2176,2176,2176
3,248,70,136,136,136,136,136
3,248,71,2184,2184,2184,2184,2184
3,248,72,2176,2176,2176,2176,2176
3,248,73,136,136,136,136,136
3,248,74,2184,2184,2184,2184,2184
3,248,75,2176,2176,2176,2176,2176
3,248,76,136,136,136,136,136
3,248,77,2184,2184,2184,2184,2184
3,248,78,2176,2176,2176,2176,2176
3,248,79,136,136,136,136,136
3,248,80,2184,2184,2184,2184,2184
3,249,0,2176,2176,2176,2176,2176
3,249,1,136,136,136,136,136
3,249,2,2184,2184,2184,2184,2184
3,249,3,2176,2176,2176,2176,2176
3,249,4,136,136,136,136,136
3,249,5,2184,2184,2184,2184,2184
3,249,6,2176,2176,2176,2176,2176
3,249,7,136,136,136,136,136
3,249,8,2184,2184,2184,2184,2184
3,249,9,2176,2176,2176,2176,2176
3,249,10,136,136,136,136,136
3,249,11,2184,2184,2184,2184,2184
3,249,12,2176,2176,2176,2176,2176
3,249,13,136,136,136,136,136
3,249,14,2184,2184,2184,2184,2184
3,249,15,2176,2176,2176,2176,2176
3,249,16,136,136,136,136,136
3,249,17,2184,2184,2184,2184,2184
3,249,18,2176,2176,2176,2176,2176
3,249,19,136,136,136,136,136
3,249,20,2184,2184,2184,2184,2184
3,249,21,2176,2176,2176,2176,2176
3,249,22,136,136,136,136,136
3,249,23,2184,2184,2184,2184,2184
3,249,24,2176,2176,2176,2176,2176
3,249,25,136,136,136,136,136
3,249,26,2184,2184,2184,2184,2184
3,249,27,2176,2176,2176,2176,2176
3,249,28,136,136,136,136,136
3,249,29,2184,2184,2184,2184,2184
3,249,30,2176,2176,2176,2176,2176
3,249,31,136,136,136,136,136
3,249,32,2184,2184,2184,2184,2184
3,249,33,2176,2176,2176,2176,2176
3,249,34,136,136,136,136,136
3,249,35,2184,2184,2184,2184,2184
3,249,36,2176,2176,2176,2176,2176
3,249,37,136,136,136,136,136
3,249,38,2184,2184,2184,2184,2184
3,249,39,2176,2176,2176,2176,2176
3,249,40,136,136,136,136,136
3,249,41,2184,2184,2184,2184,2184
3,249,42,2176,2176,2176,2176,2176
3,249,43,136,136,136,136,136
3,249,44,2184,2184,2184,2184,2184
3,249,45,2176,2176,2176,2176,2176
3,249,46,136,136,136,136,136
3,249,47,2184,2184,2184,2184,2184
3,249,48,2176,2176,2176,2176,2176
3,249,49,136,136,136,136,136
3,249,50,2184,2184,2184,2184,2184
3,249,51,2176,2176,2176,2176,2176
3,249,52,136,136,136,136,136
3,249,53,2184,2184,2184,2184,2184
3,249,54,2176,2176,2176,2176,2176
3,249,55,136,136,136,136,136
3,249,56,2184,2184,2184,2184,2184
3,249,57,2176,2176,2176,2176,2176
3,249,58,136,136,136,136,136
3,249,59,2184,2184,2184,2184,2184
3,249,60,2176,2176,2176,2176,2176
3,249,61,136,136,136,136,136
3,249,62,2184,2184,2184,2184,2184
3,249,63,2176,2176,2176,2176,2176
3,249,64,136,136,136,136,136
3,249,65,2184,2184,2184,2184,2184
3,249,66,2176,2176,2176,2176,2176
3,249,67,136,136,136,136,136
3,249,68,2184,2184,2184,2184,2184
3,249,69,2176,2176,2176,2176,2176
3,249,70,136,136,136,136,136
3,249,71,2184,2184,2184,2184,2184
3,249,72,2176,2176,2176,2176,2176
3,249,73,136,136,136,136,136
3,249,74,2184,2184,2184,2184,2184
3,249,75,2176,2176,2176,2176,2176
3,249,76,136,136,136,136,136
3,249,77,2184,2184,2184,2184,2184
3,249,78,2176,2176,2176,2176,2176
3,249,79,136,136,136,136,136
3,249,80,2184,2184,2184,2184,2184
3,250,0,2176,2176,2176,2176,2176
3,250,1,136,136,136,136,136
3,250,2,2184,2184,2184,2184,2184
3,250,3,2176,2176,2176,2176,2176
3,250,4,136,136,136,136,136
3,250,5,2184,2184,2184,2184,2184
3,250,6,2176,2176,2176,2176,2176
3,250,7,136,136,136,136,136
3,250,8,2184,2184,2184,2184,2184
3,250,9,2176,2176,2176,2176,2176
3,250,10,136,136,136,136,136
3,250,11,2184,2184,2184,2184,2184
3,250,12,2176,2176,2176,2176,2176
3,250,13,136,136,136,136,136
3,250,14,2184,2184,2184,2184,2184
3,250,15,2176,2176,2176,2176,2176
3,250,16,136,136,136,136,136
3,250,17,2184,2184,2184,2184,2184
3,250,18,2176,2176,2176,2176,2176
3,250,19,136,136,136,136,136
3,250,20,2184,2184,2184,2184,2184
3,250,21,2176,2176,2176,2176,2176
3,250,22,136,136,136,136,136
3,250,23,2184,2184,2184,2184,2184
3,250,24,2176,2176,2176,2176,2176
3,250,25,136,136,136,136,136
3,250,26,2184,2184,2184,2184,2184
3,250,27,2176,2176,2176,2176,2176
3,250,28,136,136,136,136,136
3,250,29,2184,2184,2184,2184,2184
3,250,30,2176,2176,2176,2176,2176
3,250,31,136,136,136,136,136
3,250,32,2184,2184,2184,2184,2184
3,250,33,2176,2176,2176,2176,2176
3,250,34,136,136,136,136,136
3,250,35,2184,2184,2184,2184,2184
3,250,36,2176,2176,2176,2176,2176
3,250,37,136,136,136,136,136
3,250,38,2184,2184,2184,2184,2184
3,250,39,2176,2176,2176,2176,2176
3,250,40,136,136,136,136,136
3,250,41,2184,2184,2184,2184,2184
3,250,42,2176,2176,2176,2176,2176
3,250,43,136,136,136,136,136
3,250,44,2184,2184,2184,2184,2184
3,250,45,2176,2176,2176,2176,2176
3,250,46,136,136,136,136,136
3,250,47,2184,2184,2184,2184,2184
3,250,48,2176,2176,2176,2176,2176
3,250,49,136,136,136,136,136
3,250,50,2184,2184,2184,2184,2184
3,250,51,2176,2176,2176,2176,2176
3,250,52,136,136,136,136,136
3,250,53,2184,2184,2184,2184,2184
3,250,54,2176,2176,2176,2176,2176
3,250,55,136,136,136,136,136
3,250,56,2184,2184,2184,2184,2184
3,250,57,2176,2176,2176,2176,2176
3,250,58,136,136,136,136,136
3,250,59,2184,2184,2184,2184,2184
3,250,60,2176,2176,2176,2176,2176
3,250,61,136,136,136,136,136
3,250,62,2184,2184,2184,2184,2184
3,250,63,2176,2176,2176,2176,2176
3,250,64,136,136,136,136,136
3,250,65,2184,2184,2184,2184,2184
3,250,66,2176,2176,2176,2176,2176
3,250,67,136,136,136,136,136
3,250,68,2184,2184,2184,2184,2184
3,250,69,2176,2176,2176,2176,2176
3,250,70,136,136,136,136,136
3,250,71,2184,2184,2184,2184,2184
3,250,72,2176,2176,2176,2176,2176
3,250,73,136,136,136,136,136
3,250,74,2184,2184,2184,2184,2184
3,250,75,2176,2176,2176,2176,2176
3,250,76,136,136,136,136,136
3,250,77,2184,2184,2184,2184,2184
3,250,78,2176,2176,2176,2176,2176
3,250,79,136,136,136,136,136
3,250,80,2184,2184,2184,2184,2184
3,251,0,2176,2176,2176,2176,2176
3,251,1,136,136,136,136,136
3,251,2,2184,2184,2184,2184,2184
3,251,3,2176,2176,2176,2176,2176
3,251,4,136,136,136,136,136
3,251,5,2184,2184,2184,2184,2184
3,251,6,2176,2176,2176,2176,2176
3,251,7,136,136,136,136,136
3,251,8,2184,2184,2184,2184,2184
3,251,9,2176,2176,2176,2176,2176
3,251,10,136,136,136,136,136
3,251,11,2184,2184,2184,2184,2184
3,251,12,2176,2176,2176,2176,2176
3,251,13,136,136,136,136,136
3,251,14,2184,2184,2184,2184,2184
3,251,15,2176,2176,2176,2176,2176
3,251,16,136,136,136,136,136
3,251,17,2184,2184,2184,2184,2184
3,251,18,2176,2176,2176,2176,2176
3,251,19,136,136,136,136,136
3,251,20,2184,2184,2184,2184,2184
3,251,21,2176,2176,2176,2176,2176
3,251,22,136,136,136,136,136
3,251,23,2184,2184,2184,2184,2184
3,251,24,2176,2176,2176,2176,2176
3,251,25,136,136,136,136,136
3,251,26,2184,2184,2184,2184,2184
3,251,27,2176,2176,2176,2176,2176
3,251,28,136,136,136,136,136
3,251,29,2184,2184,2184,2184,2184
3,251,30,2176,2176,2176,2176,2176
3,251,31,136,136,136,136,136
3,251,32,2184,2184,2184,2184,2184
3,251,33,2176,2176,2176,2176,2176
3,251,34,136,136,136,136,136
3,251,35,2184,2184,2184,2184,2184
3,251,36,2176,2176,2176,2176,2176
3,251,37,136,136,136,136,136
3,251,38,2184,2184,2184,2184,2184
3,251,39,2176,2176,2176,2176,2176
3,251,40,136,136,136,136,136
3,251,41,2184,2184,2184,2184,2184
3,251,42,2176,2176,2176,2176,2176
3,251,43,136,136,136,136,136
3,251,44,2184,2184,2184,2184,2184
3,251,45,2176,2176,2176,2176,2176
3,251,46,136,136,136,136,136
3,251,47,2184,2184,2184,2184,2184
3,251,48,2176,2176,2176,2176,2176
3,251,49,136,136,136,136,136
3,251,50,2184,2184,2184,2184,2184
3,251,51,2176,2176,2176,2176,2176
3,251,52,136,136,136,136,136
3,251,53,2184,2184,2184,2184,2184
3,251,54,2176,2176,2176,2176,2176
3,251,55,136,136,136,136,136
3,251,56,2184,2184,2184,2184,2184
3,251,57,2176,2176,2176,2176,2176
3,251,58,136,136,136,136,136
3,251,59,2184,2184,2184,2184,2184
3,251,60,2176,2176,2176,2176,2176
3,251,61,136,136,136,136,136
3,251,62,2184,2184,2184,2184,2184
3,251,63,2176,2176,2176,2176,2176
3,251,64,136,136,136,136,136
3,251,65,2184,2184,2184,2184,2184
3,251,66,2176,2176,2176,2176,2176
3,251,67,136,136,136,136,136
3,251,68,2184,2184,2184,2184,2184
3,251,69,2176,2176,2176,2176,2176
3,251,70,136,136,136,136,136
3,251,71,2184,2184,2184,2184,2184
3,251,72,2176,2176,2176,2176,2176
3,251,73,136,136,136,136,136
3,251,74,2184,2184,2184,2184,2184
3,251,75,2176,2176,2176,2176,2176
3,251,76,136,136,136,136,136
3,251,77,2184,2184,2184,2184,2184
3,251,78,2176,2176,2176,2176,2176
3,251,79,136,136,136,136,136
3,251,80,2184,2184,2184,2184,2184
3,252,0,2176,2176,2176,2176,2176
3,252,1,136,136,136,136,136
3,252,2,2184,2184,2184,2184,2184
3,252,3,2176,2176,2176,2176,2176
3,252,4,136,136,136,136,136
3,252,5,2184,2184,2184,2184,2184
3,252,6,2176,2176,2176,2176,2176
3,252,7,136,136,136,136,136
3,252,8,2184,2184,2184,2184,2184
3,252,9,2176,2176,2176,2176,2176
3,252,10,136,136,136,136,136
3,252,11,2184,2184,2184,2184,2184
3,252,12,2176,2176,2176,2176,2176
3,252,13,136,136,136,136,136
3,252,14,2184,2184,2184,2184,2184
3,252,15,2176,2176,2176,2176,2176
3,252,16,136,136,136,136,136
3,252,17,2184,2184,2184,2184,2184
3,252,18,2176,2176,2176,2176,2176
3,252,19,136,136,136,136,136
3,252,20,2184,2184,2184,2184,2184
3,252,21,2176,2176,2176,2176,2176
3,252,22,136,136,136,136,136
3,252,23,2184,2184,2184,2184,2184
3,252,24,2176,2176,2176,2176,2176
3,252,25,136,136,136,136,136
3,252,26,2184,2184,2184,2184,2184
3,252,27,2176,2176,2176,2176,2176
3,252,28,136,136,136,136,136
3,252,29,2184,2184,2184,2184,2184
3,252,30,2176,2176,2176,2176,2176
3,252,31,136,136,136,136,136
3,252,32,2184,2184,2184,2184,2184
3,252,33,2176,2176,2176,2176,2176
3,252,34,136,136,136,136,136
3,252,35,2184,2184,2184,2184,2184
3,252,36,2176,2176,2176,2176,2176
3,252,37,136,136,136,136,136
3,252,38,2184,2184,2184,2184,2184
3,252,39,2176,2176,2176,2176,2176
3,252,40,136,136,136,136,136
3,252,41,2184,2184,2184,2184,2184
3,252,42,2176,2176,2176,2176,2176
3,252,43,136,136,136,136,136
3,252,44,2184,2184,2184,2184,2184
3,252,45,2176,2176,2176,2176,2176
3,252,46,136,136,136,136,136
3,252,47,2184,2184,2184,2184,2184
3,252,48,2176,2176,2176,2176,2176
3,252,49,136,136,136,136,136
3,252,50,2184,2184,2184,2184,2184
3,252,51,2176,2176,2176,2176,2176
3,252,52,136,136,136,136,136
3,252,53,2184,2184,2184,2184,2184
3,252,54,2176,2176,2176,2176,2176
3,252,55,136,136,136,136,136
3,252,56,2184,2184,2184,2184,2184
3,252,57,2176,2176,2176,2176,2176
3,252,58,136,136,136,136,136
3,252,59,2184,2184,2184,2184,2184
3,252,60,2176,2176,2176,2176,2176
3,252,61,136,136,136,136,136
3,252,62,2184,2184,2184,2184,2184
3,252,63,2176,2176,2176,2176,2176
3,252,64,136,136,136,136,136
3,252,65,2184,2184,2184,2184,2184
3,252,66,2176,2176,2176,2176,2176
3,252,67,136,136,136,136,136
3,252,68,2184,2184,2184,2184,2184
3,252,69,2176,2176,2176,2176,2176
3,252,70,136,136,136,136,136
3,252,71,2184,2184,2184,2184,2184
3,252,72,2176,2176,2176,2176,2176
3,252,73,136,136,136,136,136
3,252,74,2184,2184,2184,2184,2184
3,252,75,2176,2176,2176,2176,2176
3,252,76,136,136,136,136,136
3,252,77,2184,2184,2184,2184,2184
3,252,78,2176,2176,2176,2176,2176
3,252,79,136,136,136,136,136
3,252,80,2184,2184,2184,2184,2184
3,253,0,2176,2176,2176,2176,2176
3,253,1,136,136,136,136,136
3,253,2,2184,2184,2184,2184,2184
3,253,3,2176,2176,2176,2176,2176
3,253,4,136,136,136,136,136
3,253,5,2184,2184,2184,2184,2184
3,253,6,2176,2176,2176,2176,2176
3,253,7,136,136,136,136,136
3,253,8,2184,2184,2184,2184,2184
3,253,9,2176,2176,2176,2176,2176
3,253,10,136,136,136,136,136
3,253,11,2184,2184,2184,2184,2184
3,253,12,2176,2176,2176,2176,2176
3,253,13,136,136,136,136,136
3,253,14,2184,2184,2184,2184,2184
3,253,15,2176,2176,2176,2176,2176
3,253,16,136,136,136,136,136
3,253,17,2184,2184,2184,2184,2184
3,253,18,2176,2176,2176,2176,2176
3,253,19,136,136,136,136,136
3,253,20,2184,2184,2184,2184,2184
3,253,21,2176,2176,2176,2176,2176
3,253,22,136,136,136,136,136
3,253,23,2184,2184,2184,2184,2184
3,253,24,2176,2176,2176,2176,2176
3,253,25,136,136,136,136,136
3,253,26,2184,2184,2184,2184,2184
3,253,27,2176,2176,2176,2176,2176
3,253,28,136,136,136,136,136
3,253,29,2184,2184,2184,2184,2184
3,253,30,2176,2176,2176,2176,2176
3,253,31,136,136,136,136,136
3,253,32,2184,2184,2184,2184,2184
3,253,33,2176,2176,2176,2176,2176
3,253,34,136,136,136,136,136
3,253,35,2184,2184,2184,2184,2184
3,253,36,2176,2176,2176,2176,2176
3,253,37,136,136,136,136,136
3,253,38,2184,2184,2184,2184,2184
3,253,39,2176,2176,2176,2176,2176
3,253,40,136,136,136,136,136
3,253,41,2184,2184,2184,2184,2184
3,253,42,2176,2176,2176,2176,2176
3,253,43,136,136,136,136,136
3,253,44,2184,2184,2184,2184,2184
3,253,45,2176,2176,2176,2176,2176
3,253,46,136,136,136,136,136
3,253,47,2184,2184,2184,2184,2184
3,253,48,2176,2176,2176,2176,2176
3,253,49,136,136,136,136,136
3,253,50,2184,2184,2184,2184,2184
3,253,51,2176,2176,2176,2176,2176
3,253,52,136,136,136,136,136
3,253,53,2184,2184,2184,2184,2184
3,253,54,2176,2176,2176,2176,2176
3,253,55,136,136,136,136,136
3,253,56,2184,2184,2184,2184,2184
3,253,57,2176,2176,2176,2176,2176
3,253,58,136,136,136,136,136
3,253,59,2184,2184,2184,2184,2184
3,253,60,2176,2176,2176,2176,2176
3,253,61,136,136,136,136,136
3,253,62,2184,2184,2184,2184,2184
3,253,63,2176,2176,2176,2176,2176
3,253,64,136,136,136,136,136
3,253,65,2184,2184,2184,2184,2184
3,253,66,2176,2176,2176,2176,2176
3,253,67,136,136,136,136,136
3,253,68,2184,2184,2184,2184,2184
3,253,69,2176,2176,2176,2176,2176
3,253,70,136,136,136,136,136
3,253,71,2184,2184,2184,2184,2184
3,253,72,2176,2176,2176,2176,2176
3,253,73,136,136,136,136,136
3,253,74,2184,2184,2184,2184,2184
3,253,75,2176,2176,2176,2176,2176
3,253,76,136,136,136,136,136
3,253,77,2184,2184,2184,2184,2184
3,253,78,2176,2176,2176,2176,2176
3,253,79,136,136,136,136,136
3,253,80,2184,2184,2184,2184,2184
3,254,0,2176,2176,2176,2176,2176
3,254,1,136,136,136,136,136
3,254,2,2184,2184,2184,2184,2184
3,254,3,2176,2176,2176,2176,2176
3,254,4,136,136,136,136,136
3,254,5,2184,2184,2184,2184,2184
3,254,6,2176,2176,2176,2176,2176
3,254,7,136,136,136,136,136
3,254,8,2184,2184,2184,2184,2184
3,254,9,2176,2176,2176,2176,2176
3,254,10,136,136,136,136,136
3,254,11,2184,2184,2184,2184,2184
3,254,12,2176,2176,2176,2176,2176
3,254,13,136,136,136,136,136
3,254,14,2184,2184,2184,2184,2184
3,254,15,2176,2176,2176,2176,2176
3,254,16,136,136,136,136,136
3,254,17,2184,2184,2184,2184,2184
3,254,18,2176,2176,2176,2176,2176
3,254,19,136,136,136,136,136
3,254,20,2184,2184,2184,2184,2184
3,254,21,2176,2176,2176,2176,2176
3,254,22,136,136,136,136,136
3,254,23,2184,2184,2184,2184,2184
3,254,24,2176,2176,2176,2176,2176
3,254,25,136,136,136,136,136
3,254,26,2184,2184,2184,2184,2184
3,254,27,2176,2176,2176,2176,2176
3,254,28,136,136,136,136,136
3,254,29,2184,2184,2184,2184,2184
3,254,30,2176,2176,2176,2176,2176
3,254,31,136,136,136,136,136
3,254,32,2184,2184,2184,2184,2184
3,254,33,2176,2176,2176,2176,2176
3,254,34,136,136,136,136,136
3,254,35,2184,2184,2184,2184,2184
3,254,36,2176,2176,2176,2176,2176
3,254,37,136,136,136,136,136
3,254,38,2184,2184,2184,2184,2184
3,254,39,2176,2176,2176,2176,2176
3,254,40,136,136,136,136,136
3,254,41,2184,2184,2184,2184,2184
3,254,42,2176,2176,2176,2176,2176
3,254,43,136,136,136,136,136
3,254,44,2184,2184,2184,2184,2184
3,254,45,2176,2176,2176,2176,2176
3,254,46,136,136,136,136,136
3,254,47,2184,2184,2184,2184,2184
3,254,48,2176,2176,2176,2176,2176
3,254,49,136,136,136,136,136
3,254,50,2184,2184,2184,2184,2184
3,254,51,2176,2176,2176,2176,2176
3,254,52,136,136,136,136,136
3,254,53,2184,2184,2184,2184,2184
3,254,54,2176,2176,2176,2176,2176
3,254,55,136,136,136,136,136
3,254,56,2184,2184,2184,2184,2184
3,254,57,2176,2176,2176,2176,2176
3,254,58,136,136,136,136,136
3,254,59,2184,2184,2184,2184,2184
3,254,60,2176,2176,2176,2176,2176
3,254,61,136,136,136,136,136
3,254,62,2184,2184,2184,2184,2184
3,254,63,2176,2176,2176,2176,2176
3,254,64,136,136,136,136,136
3,254,65,2184,2184,2184,2184,2184
3,254,66,2176,2176,2176,2176,2176
3,254,67,136,136,136,136,136
3,254,68,2184,2184,2184,2184,2184
3,254,69,2176,2176,2176,2176,2176
3,254,70,136,136,136,136,136
3,254,71,2184,2184,2184,2184,2184
3,254,72,2176,2176,2176,2176,2176
3,254,73,136,136,136,136,136
3,254,74,2184,2184,2184,2184,2184
3,254,75,2176,2176,2176,2176,2176
3,254,76,136,136,136,136,136
3,254,77,2184,2184,2184,2184,2184
3,254,78,2176,2176,2176,2176,2176
3,254,79,136,136,136,136,136
3,254,80,2184,2184,2184,2184,2184
3,255,0,2176,2176,2176,2176,2176
3,255,1,136,136,136,136,136
3,255,2,2184,2184,2184,2184,2184
3,255,3,2176,2176,2176,2176,2176
3,255,4,136,136,136,136,136
3,255,5,2184,2184,2184,2184,2184
3,255,6,2176,2176,2176,2176,2176
3,255,7,136,136,136,136,136
3,255,8,2184,2184,2184,2184,2184
3,255,9,2176,2176,2176,2176,2176
3,255,10,136,136,136,136,136
3,255,11,2184,2184,2184,2184,2184
3,255,12,2176,2176,2176,2176,2176
3,255,13,136,136,136,136,136
3,255,14,2184,2184,2184,2184,2184
3,255,15,2176,2176,2176,2176,2176
3,255,16,136,136,136,136,136
3,255,17,2184,2184,2184,2184,2184
3,255,18,2176,2176,2176,2176,2176
3,255,19,136,136,136,136,136
3,255,20,2184,2184,2184,2184,2184
3,255,21,2176,2176,2176,2176,2176
3,255,22,136,136,136,136,136
3,255,23,2184,2184,2184,2184,2184
3,255,24,2176,2176,2176,2176,2176
3,255,25,136,136,136,136,136
3,255,26,2184,2184,2184,2184,2184
3,255,27,2176,2176,2176,2176,2176
3,255,28,136,136,136,136,136
3,255,29,2184,2184,2184,2184,2184
3,255,30,2176,2176,2176,2176,2176
3,255,31,136,136,136,136,136
3,255,32,2184,2184,2184,2184,2184
3,255,33,2176,2176,2176,2176,2176
3,255,34,136,136,136,136,136
3,255,35,2184,2184,2184,2184,2184
3,255,36,2176,2176,2176,2176,2176
3,255,37,136,136,136,136,136
3,255,38,2184,2184,2184,2184,2184
3,255,39,2176,2176,2176,2176,2176
3,255,40,136,136,136,136,136
3,255,41,2184,2184,2184,2184,2184
3,255,42,2176,2176,2176,2176,2176
3,255,43,136,136,136,136,136
3,255,44,2184,2184,2184,2184,2184
3,255,45,2176,2176,2176,2176,2176
3,255,46,136,136,136,136,136
3,255,47,2184,2184,2184,2184,2184
3,255,48,2176,2176,2176,2176,2176
3,255,49,136,136,136,136,136
3,255,50,2184,2184,2184,2184,2184
3,255,51,2176,2176,2176,2176,2176
3,255,52,136,136,136,136,136
3,255,53,2184,2184,2184,2184,2184
3,255,54,2176,2176,2176,2176,2176
3,255,55,136,136,136,136,136
3,255,56,2184,2184,2184,2184,2184
3,255,57,2176,2176,2176,2176,2176
3,255,58,136,136,136,136,136
3,255,59,2184,2184,2184,2184,2184
3,255,60,2176,2176,2176,2176,2176
3,255,61,136,136,136,136,136
3,255,62,2184,2184,2184,2184,2184
3,255,63,2176,2176,2176,2176,2176
3,255,64,136,136,136,136,136
3,255,65,2184,2184,2184,2184,2184
3,255,66,2176,2176,2176,2176,2176
3,255,67,136,136,136,136,136
3,255,68,2184,2184,2184,2184,2184
3,255,69,2176,2176,2176,2176,2176
3,255,70,136,136,136,136,136
3,255,71,2184,2184,2184,2184,2184
3,255,72,2176,2176,2176,2176,2176
3,255,73,136,136,136,136,136
3,255,74,2184,2184,2184,2184,2184
3,255,75,2176,2176,2176,2176,2176
3,255,76,136,136,136,136,136
3,255,77,2184,2184,2184,2184,2184
3,255,78,2176,2176,2176,2176,2176
3,255,79,136,136,136,136,136
3,255,80,2184,2184,2184,2184,2184
